<?xml version='1.0' encoding='utf-8'?>
<!DOCTYPE PubmedArticleSet PUBLIC "-//NLM//DTD PubMedArticle, 1st January 2011//EN" "http://www.ncbi.nlm.nih.gov/entrez/query/DTD/pubmed_110101.dtd">
<pubmedarticleset>
 <pubmedarticle>
  <medlinecitation owner="NLM" status="MEDLINE">
   <pmid version="1">
    10053177
   </pmid>
   <datecreated>
    <year>
     1999
    </year>
    <month>
     03
    </month>
    <day>
     04
    </day>
   </datecreated>
   <datecompleted>
    <year>
     1999
    </year>
    <month>
     03
    </month>
    <day>
     04
    </day>
   </datecompleted>
   <daterevised>
    <year>
     2006
    </year>
    <month>
     11
    </month>
    <day>
     15
    </day>
   </daterevised>
   <article pubmodel="Print">
    <journal>
     <issn issntype="Print">
      0028-4793
     </issn>
     <journalissue citedmedium="Print">
      <volume>
       340
      </volume>
      <issue>
       9
      </issue>
      <pubdate>
       <year>
        1999
       </year>
       <month>
        Mar
       </month>
       <day>
        4
       </day>
      </pubdate>
     </journalissue>
     <title>
      The New England journal of medicine
     </title>
     <isoabbreviation>
      N. Engl. J. Med.
     </isoabbreviation>
    </journal>
    <articletitle>
     A controlled trial of sustained-release bupropion, a nicotine patch, or both for smoking cessation.
    </articletitle>
    <pagination>
     <medlinepgn>
      685-91
     </medlinepgn>
    </pagination>
    <abstract>
     <abstracttext label="BACKGROUND AND METHODS" nlmcategory="METHODS">
      Use of nicotine-replacement therapies and the antidepressant bupropion helps people stop smoking. We conducted a double-blind, placebo-controlled comparison of sustained-release bupropion (244 subjects), a nicotine patch (244 subjects), bupropion and a nicotine patch (245 subjects), and placebo (160 subjects) for smoking cessation. Smokers with clinical depression were excluded. Treatment consisted of nine weeks of bupropion (150 mg a day for the first three days, and then 150 mg twice daily) or placebo, as well as eight weeks of nicotine-patch therapy (21 mg per day during weeks 2 through 7, 14 mg per day during week 8, and 7 mg per day during week 9) or placebo. The target day for quitting smoking was usually day 8.
     </abstracttext>
     <abstracttext label="RESULTS" nlmcategory="RESULTS">
      The abstinence rates at 12 months were 15.6 percent in the placebo group, as compared with 16.4 percent in the nicotine-patch group, 30.3 percent in the bupropion group (P&lt;0.001), and 35.5 percent in the group given bupropion and the nicotine patch (P&lt;0.001). By week 7, subjects in the placebo group had gained an average of 2.1 kg, as compared with a gain of 1.6 kg in the nicotine-patch group, a gain of 1.7 kg in the bupropion group, and a gain of 1.1 kg in the combined-treatment group (P&lt;0.05). Weight gain at seven weeks was significantly less in the combined-treatment group than in the bupropion group and the placebo group (P&lt;0.05 for both comparisons). A total of 311 subjects (34.8 percent) discontinued one or both medications. Seventy-nine subjects stopped treatment because of adverse events: 6 in the placebo group (3.8 percent), 16 in the nicotine-patch group (6.6 percent), 29 in the bupropion group (11.9 percent), and 28 in the combined-treatment group (11.4 percent). The most common adverse events were insomnia and headache.
     </abstracttext>
     <abstracttext label="CONCLUSIONS" nlmcategory="CONCLUSIONS">
      Treatment with sustained-release bupropion alone or in combination with a nicotine patch resulted in significantly higher long-term rates of smoking cessation than use of either the nicotine patch alone or placebo. Abstinence rates were higher with combination therapy than with bupropion alone, but the difference was not statistically significant.
     </abstracttext>
    </abstract>
    <affiliation>
     Center for Tobacco Research and Intervention, University of Wisconsin Medical School, Madison, USA.
    </affiliation>
    <authorlist completeyn="Y">
     <author validyn="Y">
      <lastname>
       Jorenby
      </lastname>
      <forename>
       D E
      </forename>
      <initials>
       DE
      </initials>
     </author>
     <author validyn="Y">
      <lastname>
       Leischow
      </lastname>
      <forename>
       S J
      </forename>
      <initials>
       SJ
      </initials>
     </author>
     <author validyn="Y">
      <lastname>
       Nides
      </lastname>
      <forename>
       M A
      </forename>
      <initials>
       MA
      </initials>
     </author>
     <author validyn="Y">
      <lastname>
       Rennard
      </lastname>
      <forename>
       S I
      </forename>
      <initials>
       SI
      </initials>
     </author>
     <author validyn="Y">
      <lastname>
       Johnston
      </lastname>
      <forename>
       J A
      </forename>
      <initials>
       JA
      </initials>
     </author>
     <author validyn="Y">
      <lastname>
       Hughes
      </lastname>
      <forename>
       A R
      </forename>
      <initials>
       AR
      </initials>
     </author>
     <author validyn="Y">
      <lastname>
       Smith
      </lastname>
      <forename>
       S S
      </forename>
      <initials>
       SS
      </initials>
     </author>
     <author validyn="Y">
      <lastname>
       Muramoto
      </lastname>
      <forename>
       M L
      </forename>
      <initials>
       ML
      </initials>
     </author>
     <author validyn="Y">
      <lastname>
       Daughton
      </lastname>
      <forename>
       D M
      </forename>
      <initials>
       DM
      </initials>
     </author>
     <author validyn="Y">
      <lastname>
       Doan
      </lastname>
      <forename>
       K
      </forename>
      <initials>
       K
      </initials>
     </author>
     <author validyn="Y">
      <lastname>
       Fiore
      </lastname>
      <forename>
       M C
      </forename>
      <initials>
       MC
      </initials>
     </author>
     <author validyn="Y">
      <lastname>
       Baker
      </lastname>
      <forename>
       T B
      </forename>
      <initials>
       TB
      </initials>
     </author>
    </authorlist>
    <language>
     eng
    </language>
    <publicationtypelist>
     <publicationtype>
      Clinical Trial
     </publicationtype>
     <publicationtype>
      Journal Article
     </publicationtype>
     <publicationtype>
      Randomized Controlled Trial
     </publicationtype>
     <publicationtype>
      Research Support, Non-U.S. Gov't
     </publicationtype>
    </publicationtypelist>
   </article>
   <medlinejournalinfo>
    <country>
     UNITED STATES
    </country>
    <medlineta>
     N Engl J Med
    </medlineta>
    <nlmuniqueid>
     0255562
    </nlmuniqueid>
    <issnlinking>
     0028-4793
    </issnlinking>
   </medlinejournalinfo>
   <chemicallist>
    <chemical>
     <registrynumber>
      0
     </registrynumber>
     <nameofsubstance>
      Antidepressive Agents, Second-Generation
     </nameofsubstance>
    </chemical>
    <chemical>
     <registrynumber>
      0
     </registrynumber>
     <nameofsubstance>
      Delayed-Action Preparations
     </nameofsubstance>
    </chemical>
    <chemical>
     <registrynumber>
      34841-39-9
     </registrynumber>
     <nameofsubstance>
      Bupropion
     </nameofsubstance>
    </chemical>
    <chemical>
     <registrynumber>
      54-11-5
     </registrynumber>
     <nameofsubstance>
      Nicotine
     </nameofsubstance>
    </chemical>
   </chemicallist>
   <citationsubset>
    AIM
   </citationsubset>
   <citationsubset>
    IM
   </citationsubset>
   <commentscorrectionslist>
    <commentscorrections reftype="CommentIn">
     <refsource>
      ACP J Club. 1999 Jul-Aug;131(1):13
     </refsource>
    </commentscorrections>
    <commentscorrections reftype="CommentIn">
     <refsource>
      N Engl J Med. 1999 Aug 19;341(8):610-1
     </refsource>
     <pmid version="1">
      10475810
     </pmid>
    </commentscorrections>
    <commentscorrections reftype="CommentIn">
     <refsource>
      N Engl J Med. 1999 Oct 7;341(15):1157-8
     </refsource>
     <pmid version="1">
      10515763
     </pmid>
    </commentscorrections>
   </commentscorrectionslist>
   <meshheadinglist>
    <meshheading>
     <descriptorname majortopicyn="N">
      Administration, Cutaneous
     </descriptorname>
    </meshheading>
    <meshheading>
     <descriptorname majortopicyn="N">
      Adult
     </descriptorname>
    </meshheading>
    <meshheading>
     <descriptorname majortopicyn="N">
      Antidepressive Agents, Second-Generation
     </descriptorname>
     <qualifiername majortopicyn="N">
      adverse effects
     </qualifiername>
     <qualifiername majortopicyn="Y">
      therapeutic use
     </qualifiername>
    </meshheading>
    <meshheading>
     <descriptorname majortopicyn="N">
      Bupropion
     </descriptorname>
     <qualifiername majortopicyn="N">
      adverse effects
     </qualifiername>
     <qualifiername majortopicyn="Y">
      therapeutic use
     </qualifiername>
    </meshheading>
    <meshheading>
     <descriptorname majortopicyn="N">
      Delayed-Action Preparations
     </descriptorname>
    </meshheading>
    <meshheading>
     <descriptorname majortopicyn="N">
      Drug Therapy, Combination
     </descriptorname>
    </meshheading>
    <meshheading>
     <descriptorname majortopicyn="N">
      Female
     </descriptorname>
    </meshheading>
    <meshheading>
     <descriptorname majortopicyn="N">
      Humans
     </descriptorname>
    </meshheading>
    <meshheading>
     <descriptorname majortopicyn="N">
      Male
     </descriptorname>
    </meshheading>
    <meshheading>
     <descriptorname majortopicyn="N">
      Nicotine
     </descriptorname>
     <qualifiername majortopicyn="N">
      adverse effects
     </qualifiername>
     <qualifiername majortopicyn="Y">
      therapeutic use
     </qualifiername>
    </meshheading>
    <meshheading>
     <descriptorname majortopicyn="N">
      Smoking Cessation
     </descriptorname>
     <qualifiername majortopicyn="Y">
      methods
     </qualifiername>
     <qualifiername majortopicyn="N">
      psychology
     </qualifiername>
     <qualifiername majortopicyn="N">
      statistics &amp; numerical data
     </qualifiername>
    </meshheading>
    <meshheading>
     <descriptorname majortopicyn="N">
      Substance Withdrawal Syndrome
     </descriptorname>
    </meshheading>
    <meshheading>
     <descriptorname majortopicyn="N">
      Weight Gain
     </descriptorname>
    </meshheading>
   </meshheadinglist>
  </medlinecitation>
  <pubmeddata>
   <history>
    <pubmedpubdate pubstatus="pubmed">
     <year>
      1999
     </year>
     <month>
      3
     </month>
     <day>
      4
     </day>
     <hour>
      3
     </hour>
     <minute>
      24
     </minute>
    </pubmedpubdate>
    <pubmedpubdate pubstatus="medline">
     <year>
      2000
     </year>
     <month>
      3
     </month>
     <day>
      4
     </day>
     <hour>
      9
     </hour>
     <minute>
      0
     </minute>
    </pubmedpubdate>
    <pubmedpubdate pubstatus="entrez">
     <year>
      1999
     </year>
     <month>
      3
     </month>
     <day>
      4
     </day>
     <hour>
      3
     </hour>
     <minute>
      24
     </minute>
    </pubmedpubdate>
   </history>
   <publicationstatus>
    ppublish
   </publicationstatus>
   <articleidlist>
    <articleid idtype="pubmed">
     10053177
    </articleid>
    <articleid idtype="doi">
     10.1056/NEJM199903043400903
    </articleid>
   </articleidlist>
  </pubmeddata>
 </pubmedarticle>
</pubmedarticleset>

