<?xml version='1.0' encoding='utf-8'?>
<!DOCTYPE PubmedArticleSet PUBLIC "-//NLM//DTD PubMedArticle, 1st January 2011//EN" "http://www.ncbi.nlm.nih.gov/entrez/query/DTD/pubmed_110101.dtd">
<pubmedarticleset>
 <pubmedarticle>
  <medlinecitation owner="NLM" status="MEDLINE">
   <pmid version="1">
    10195491
   </pmid>
   <datecreated>
    <year>
     1999
    </year>
    <month>
     05
    </month>
    <day>
     20
    </day>
   </datecreated>
   <datecompleted>
    <year>
     1999
    </year>
    <month>
     05
    </month>
    <day>
     20
    </day>
   </datecompleted>
   <daterevised>
    <year>
     2004
    </year>
    <month>
     11
    </month>
    <day>
     17
    </day>
   </daterevised>
   <article pubmodel="Print">
    <journal>
     <issn issntype="Print">
      0736-4679
     </issn>
     <journalissue citedmedium="Print">
      <volume>
       17
      </volume>
      <issue>
       2
      </issue>
      <pubdate>
       <medlinedate>
        1999 Mar-Apr
       </medlinedate>
      </pubdate>
     </journalissue>
     <title>
      The Journal of emergency medicine
     </title>
     <isoabbreviation>
      J Emerg Med
     </isoabbreviation>
    </journal>
    <articletitle>
     Can noncontrast helical computed tomography replace intravenous urography for evaluation of patients with acute urinary tract colic?
    </articletitle>
    <pagination>
     <medlinepgn>
      299-303
     </medlinepgn>
    </pagination>
    <abstract>
     <abstracttext>
      The objective of this study was to determine whether helical computed tomography (CT) performed without oral or intravenous contrast agents is accurate in the evaluation of patients with suspected acute renal colic. One hundred consecutive patients with suspected renal colic or ureteral colic were referred by our institution's emergency department for unenhanced helical CT scans. We reviewed the original radiographic report for each patient and recorded the size and location of ureteral calculi and other concurrent urinary tract calculi, if any. We also recorded the presence or absence of hydronephrosis, hydroureter, perinephric edema, and periureteral edema. A total of 49 patients had ureteral calculi, 17 patients had only renal calculi, and 34 patients had no stones. Forty-nine patients had ureteral calculi, and 40 (82%) of these 49 patients had associated CT signs including hydroureter and periureteral edema. Calculi were present in the proximal ureter in 11 patients, the midureter in seven patients, and the distal ureter including ureterovesical junction in 31 patients. Calculi were seen elsewhere in the urinary tract and renal pelvis in 44 patients. Other diagnostic tests and stone passage were used to confirm the CT diagnosis of ureteral stones. The sensitivity and specificity of helical CT in evaluating ureteral calculi were 100% and 94%, respectively. Sixteen extraurinary lesions were detected in 34 patients who had no urinary calculi. Most extraurinary lesions (81%) were deemed the cause of acute flank pain. The room time for CT averaged 26 min, compared to 69 min for intravenous urography (IVU). The charge for CT was $600 compared to $400 for IVU in our institution. Unenhanced helical CT was fast and accurate in determining the cause of colic and proved to be highly accurate for emergency situations.
     </abstracttext>
    </abstract>
    <affiliation>
     Department of Radiology, Wake Forest University School of Medicine, Winston-Salem, North Carolina 27157-1088, USA.
    </affiliation>
    <authorlist completeyn="Y">
     <author validyn="Y">
      <lastname>
       Chen
      </lastname>
      <forename>
       M Y
      </forename>
      <initials>
       MY
      </initials>
     </author>
     <author validyn="Y">
      <lastname>
       Zagoria
      </lastname>
      <forename>
       R J
      </forename>
      <initials>
       RJ
      </initials>
     </author>
    </authorlist>
    <language>
     eng
    </language>
    <publicationtypelist>
     <publicationtype>
      Journal Article
     </publicationtype>
    </publicationtypelist>
   </article>
   <medlinejournalinfo>
    <country>
     UNITED STATES
    </country>
    <medlineta>
     J Emerg Med
    </medlineta>
    <nlmuniqueid>
     8412174
    </nlmuniqueid>
    <issnlinking>
     0736-4679
    </issnlinking>
   </medlinejournalinfo>
   <citationsubset>
    IM
   </citationsubset>
   <meshheadinglist>
    <meshheading>
     <descriptorname majortopicyn="N">
      Acute Disease
     </descriptorname>
    </meshheading>
    <meshheading>
     <descriptorname majortopicyn="N">
      Adolescent
     </descriptorname>
    </meshheading>
    <meshheading>
     <descriptorname majortopicyn="N">
      Adult
     </descriptorname>
    </meshheading>
    <meshheading>
     <descriptorname majortopicyn="N">
      Aged
     </descriptorname>
    </meshheading>
    <meshheading>
     <descriptorname majortopicyn="N">
      Aged, 80 and over
     </descriptorname>
    </meshheading>
    <meshheading>
     <descriptorname majortopicyn="N">
      Child
     </descriptorname>
    </meshheading>
    <meshheading>
     <descriptorname majortopicyn="N">
      Colic
     </descriptorname>
     <qualifiername majortopicyn="N">
      etiology
     </qualifiername>
     <qualifiername majortopicyn="Y">
      radiography
     </qualifiername>
    </meshheading>
    <meshheading>
     <descriptorname majortopicyn="N">
      Humans
     </descriptorname>
    </meshheading>
    <meshheading>
     <descriptorname majortopicyn="N">
      Kidney Calculi
     </descriptorname>
     <qualifiername majortopicyn="N">
      complications
     </qualifiername>
     <qualifiername majortopicyn="N">
      radiography
     </qualifiername>
    </meshheading>
    <meshheading>
     <descriptorname majortopicyn="N">
      Middle Aged
     </descriptorname>
    </meshheading>
    <meshheading>
     <descriptorname majortopicyn="N">
      Sensitivity and Specificity
     </descriptorname>
    </meshheading>
    <meshheading>
     <descriptorname majortopicyn="N">
      Technology Assessment, Biomedical
     </descriptorname>
    </meshheading>
    <meshheading>
     <descriptorname majortopicyn="N">
      Tomography, X-Ray Computed
     </descriptorname>
     <qualifiername majortopicyn="Y">
      methods
     </qualifiername>
    </meshheading>
    <meshheading>
     <descriptorname majortopicyn="N">
      Ureteral Calculi
     </descriptorname>
     <qualifiername majortopicyn="N">
      complications
     </qualifiername>
     <qualifiername majortopicyn="N">
      radiography
     </qualifiername>
    </meshheading>
    <meshheading>
     <descriptorname majortopicyn="N">
      Urography
     </descriptorname>
    </meshheading>
    <meshheading>
     <descriptorname majortopicyn="N">
      Urologic Diseases
     </descriptorname>
     <qualifiername majortopicyn="N">
      etiology
     </qualifiername>
     <qualifiername majortopicyn="Y">
      radiography
     </qualifiername>
    </meshheading>
   </meshheadinglist>
  </medlinecitation>
  <pubmeddata>
   <history>
    <pubmedpubdate pubstatus="pubmed">
     <year>
      1999
     </year>
     <month>
      4
     </month>
     <day>
      9
     </day>
    </pubmedpubdate>
    <pubmedpubdate pubstatus="medline">
     <year>
      1999
     </year>
     <month>
      4
     </month>
     <day>
      9
     </day>
     <hour>
      0
     </hour>
     <minute>
      1
     </minute>
    </pubmedpubdate>
    <pubmedpubdate pubstatus="entrez">
     <year>
      1999
     </year>
     <month>
      4
     </month>
     <day>
      9
     </day>
     <hour>
      0
     </hour>
     <minute>
      0
     </minute>
    </pubmedpubdate>
   </history>
   <publicationstatus>
    ppublish
   </publicationstatus>
   <articleidlist>
    <articleid idtype="pubmed">
     10195491
    </articleid>
    <articleid idtype="pii">
     S0736467998001668
    </articleid>
   </articleidlist>
  </pubmeddata>
 </pubmedarticle>
</pubmedarticleset>

