<?xml version='1.0' encoding='utf-8'?>
<!DOCTYPE PubmedArticleSet PUBLIC "-//NLM//DTD PubMedArticle, 1st January 2011//EN" "http://www.ncbi.nlm.nih.gov/entrez/query/DTD/pubmed_110101.dtd">
<pubmedarticleset>
 <pubmedarticle>
  <medlinecitation owner="NLM" status="MEDLINE">
   <pmid version="1">
    10319055
   </pmid>
   <datecreated>
    <year>
     1999
    </year>
    <month>
     05
    </month>
    <day>
     13
    </day>
   </datecreated>
   <datecompleted>
    <year>
     1999
    </year>
    <month>
     05
    </month>
    <day>
     13
    </day>
   </datecompleted>
   <daterevised>
    <year>
     2009
    </year>
    <month>
     11
    </month>
    <day>
     18
    </day>
   </daterevised>
   <article pubmodel="Print">
    <journal>
     <issn issntype="Print">
      0040-6376
     </issn>
     <journalissue citedmedium="Print">
      <volume>
       53
      </volume>
      <issue>
       9
      </issue>
      <pubdate>
       <year>
        1998
       </year>
       <month>
        Sep
       </month>
      </pubdate>
     </journalissue>
     <title>
      Thorax
     </title>
     <isoabbreviation>
      Thorax
     </isoabbreviation>
    </journal>
    <articletitle>
     Evaluation and outcome of patients with chronic non-productive cough using a comprehensive diagnostic protocol.
    </articletitle>
    <pagination>
     <medlinepgn>
      738-43
     </medlinepgn>
    </pagination>
    <abstract>
     <abstracttext label="BACKGROUND" nlmcategory="BACKGROUND">
      Asthma, post-nasal drip syndrome (PNDS), and gastro-oesophageal reflux (GOR) account for many cases of chronic non-productive cough (CNPC). Each may simultaneously contribute to cough even when clinically silent, and failure to recognise their contribution may lead to unsuccessful treatment.
     </abstracttext>
     <abstracttext label="METHODS" nlmcategory="METHODS">
      Patients (all lifetime non-smokers with normal chest radiographs and spirometric measurements) referred with CNPC persisting for more than three weeks as their sole respiratory symptom underwent histamine challenge, home peak flow measurements, ear, nose and throat (ENT) examination, sinus CT scanning, and 24 hour oesophageal pH monitoring. Treatment was prescribed on the basis of diagnoses informed by investigation results.
     </abstracttext>
     <abstracttext label="RESULTS" nlmcategory="RESULTS">
      Forty three patients (29 women) of mean age 47.5 years (range 18-77) and mean cough duration 67 months (range 2-240) were evaluated. On the basis of a successful response to treatment, a cause for the cough was identified in 35 patients (82%) as follows: cough variant asthma (CVA) (10 cases), PNDS (9 cases), GOR (8 cases), and dual aetiologies (8 cases). Histamine challenge correctly predicted CVA in 15 of 17 (88%) positive tests. ENT examination and sinus CT scans each had low positive predictive values for PNDS (10 of 16 (63%) and 12 of 18 (67%) positive cases, respectively), suggesting that upper airways disease frequently co-exists but does not always contribute to cough. When negative, histamine challenge and 24 hour oesophageal pH monitoring effectively ruled out CVA and GOR, respectively, as a cause for cough.
     </abstracttext>
     <abstracttext label="CONCLUSION" nlmcategory="CONCLUSIONS">
      This comprehensive approach aids the accurate direction of treatment and, while CVA, PNDS and GOR remain the most important causes of CNPC to consider, a group with no identifiable aetiology remains.
     </abstracttext>
    </abstract>
    <affiliation>
     Department of Respiratory Medicine, Belfast City Hospital, UK.
    </affiliation>
    <authorlist completeyn="Y">
     <author validyn="Y">
      <lastname>
       McGarvey
      </lastname>
      <forename>
       L P
      </forename>
      <initials>
       LP
      </initials>
     </author>
     <author validyn="Y">
      <lastname>
       Heaney
      </lastname>
      <forename>
       L G
      </forename>
      <initials>
       LG
      </initials>
     </author>
     <author validyn="Y">
      <lastname>
       Lawson
      </lastname>
      <forename>
       J T
      </forename>
      <initials>
       JT
      </initials>
     </author>
     <author validyn="Y">
      <lastname>
       Johnston
      </lastname>
      <forename>
       B T
      </forename>
      <initials>
       BT
      </initials>
     </author>
     <author validyn="Y">
      <lastname>
       Scally
      </lastname>
      <forename>
       C M
      </forename>
      <initials>
       CM
      </initials>
     </author>
     <author validyn="Y">
      <lastname>
       Ennis
      </lastname>
      <forename>
       M
      </forename>
      <initials>
       M
      </initials>
     </author>
     <author validyn="Y">
      <lastname>
       Shepherd
      </lastname>
      <forename>
       D R
      </forename>
      <initials>
       DR
      </initials>
     </author>
     <author validyn="Y">
      <lastname>
       MacMahon
      </lastname>
      <forename>
       J
      </forename>
      <initials>
       J
      </initials>
     </author>
    </authorlist>
    <language>
     eng
    </language>
    <publicationtypelist>
     <publicationtype>
      Journal Article
     </publicationtype>
     <publicationtype>
      Research Support, Non-U.S. Gov't
     </publicationtype>
    </publicationtypelist>
   </article>
   <medlinejournalinfo>
    <country>
     ENGLAND
    </country>
    <medlineta>
     Thorax
    </medlineta>
    <nlmuniqueid>
     0417353
    </nlmuniqueid>
    <issnlinking>
     0040-6376
    </issnlinking>
   </medlinejournalinfo>
   <chemicallist>
    <chemical>
     <registrynumber>
      404-86-4
     </registrynumber>
     <nameofsubstance>
      Capsaicin
     </nameofsubstance>
    </chemical>
   </chemicallist>
   <citationsubset>
    IM
   </citationsubset>
   <commentscorrectionslist>
    <commentscorrections reftype="Cites">
     <refsource>
      Thorax. 1991 Jul;46(7):479-83
     </refsource>
     <pmid version="1">
      1877035
     </pmid>
    </commentscorrections>
    <commentscorrections reftype="Cites">
     <refsource>
      Am Rev Respir Dis. 1990 Mar;141(3):640-7
     </refsource>
     <pmid version="1">
      2178528
     </pmid>
    </commentscorrections>
    <commentscorrections reftype="Cites">
     <refsource>
      J Allergy Clin Immunol. 1992 Sep;90(3 Pt 2):417-8
     </refsource>
     <pmid version="1">
      1527329
     </pmid>
    </commentscorrections>
    <commentscorrections reftype="Cites">
     <refsource>
      Br J Surg. 1992 Oct;79(10):1054-5
     </refsource>
     <pmid version="1">
      1422718
     </pmid>
    </commentscorrections>
    <commentscorrections reftype="Cites">
     <refsource>
      Am J Med. 1990 Sep;89(3):345-56
     </refsource>
     <pmid version="1">
      2203264
     </pmid>
    </commentscorrections>
    <commentscorrections reftype="Cites">
     <refsource>
      Chest. 1989 Apr;95(4):723-8
     </refsource>
     <pmid version="1">
      2924600
     </pmid>
    </commentscorrections>
    <commentscorrections reftype="Cites">
     <refsource>
      Am Rev Respir Dis. 1988 Aug;138(2):305-11
     </refsource>
     <pmid version="1">
      3057962
     </pmid>
    </commentscorrections>
    <commentscorrections reftype="Cites">
     <refsource>
      Am J Respir Crit Care Med. 1994 Aug;150(2):374-80
     </refsource>
     <pmid version="1">
      8049818
     </pmid>
    </commentscorrections>
    <commentscorrections reftype="Cites">
     <refsource>
      Ann Intern Med. 1993 Nov 15;119(10):977-83
     </refsource>
     <pmid version="1">
      8214994
     </pmid>
    </commentscorrections>
    <commentscorrections reftype="Cites">
     <refsource>
      South Med J. 1997 Mar;90(3):305-11
     </refsource>
     <pmid version="1">
      9076302
     </pmid>
    </commentscorrections>
    <commentscorrections reftype="Cites">
     <refsource>
      Clin Allergy. 1977 May;7(3):235-43
     </refsource>
     <pmid version="1">
      908121
     </pmid>
    </commentscorrections>
    <commentscorrections reftype="Cites">
     <refsource>
      Arch Intern Med. 1997 Sep 22;157(17):1981-7
     </refsource>
     <pmid version="1">
      9308510
     </pmid>
    </commentscorrections>
    <commentscorrections reftype="CommentIn">
     <refsource>
      Thorax. 1999 Jun;54(6):563
     </refsource>
     <pmid version="1">
      10866572
     </pmid>
    </commentscorrections>
    <commentscorrections reftype="CommentIn">
     <refsource>
      Thorax. 1998 Sep;53(9):723-4
     </refsource>
     <pmid version="1">
      10319051
     </pmid>
    </commentscorrections>
    <commentscorrections reftype="CommentIn">
     <refsource>
      Thorax. 1999 Jun;54(6):563
     </refsource>
     <pmid version="1">
      10866573
     </pmid>
    </commentscorrections>
   </commentscorrectionslist>
   <meshheadinglist>
    <meshheading>
     <descriptorname majortopicyn="N">
      Adolescent
     </descriptorname>
    </meshheading>
    <meshheading>
     <descriptorname majortopicyn="N">
      Adult
     </descriptorname>
    </meshheading>
    <meshheading>
     <descriptorname majortopicyn="N">
      Aged
     </descriptorname>
    </meshheading>
    <meshheading>
     <descriptorname majortopicyn="N">
      Aged, 80 and over
     </descriptorname>
    </meshheading>
    <meshheading>
     <descriptorname majortopicyn="N">
      Asthma
     </descriptorname>
     <qualifiername majortopicyn="N">
      complications
     </qualifiername>
    </meshheading>
    <meshheading>
     <descriptorname majortopicyn="N">
      Capsaicin
     </descriptorname>
     <qualifiername majortopicyn="N">
      diagnostic use
     </qualifiername>
    </meshheading>
    <meshheading>
     <descriptorname majortopicyn="N">
      Cough
     </descriptorname>
     <qualifiername majortopicyn="Y">
      etiology
     </qualifiername>
    </meshheading>
    <meshheading>
     <descriptorname majortopicyn="N">
      Diagnosis, Differential
     </descriptorname>
    </meshheading>
    <meshheading>
     <descriptorname majortopicyn="N">
      Female
     </descriptorname>
    </meshheading>
    <meshheading>
     <descriptorname majortopicyn="N">
      Gastroesophageal Reflux
     </descriptorname>
     <qualifiername majortopicyn="N">
      complications
     </qualifiername>
    </meshheading>
    <meshheading>
     <descriptorname majortopicyn="N">
      Humans
     </descriptorname>
    </meshheading>
    <meshheading>
     <descriptorname majortopicyn="N">
      Male
     </descriptorname>
    </meshheading>
    <meshheading>
     <descriptorname majortopicyn="N">
      Middle Aged
     </descriptorname>
    </meshheading>
    <meshheading>
     <descriptorname majortopicyn="N">
      Nose Diseases
     </descriptorname>
     <qualifiername majortopicyn="N">
      complications
     </qualifiername>
    </meshheading>
    <meshheading>
     <descriptorname majortopicyn="N">
      Physical Examination
     </descriptorname>
    </meshheading>
    <meshheading>
     <descriptorname majortopicyn="N">
      Prognosis
     </descriptorname>
    </meshheading>
    <meshheading>
     <descriptorname majortopicyn="N">
      Syndrome
     </descriptorname>
    </meshheading>
   </meshheadinglist>
   <otherid source="NLM">
    PMC1745317
   </otherid>
  </medlinecitation>
  <pubmeddata>
   <history>
    <pubmedpubdate pubstatus="pubmed">
     <year>
      1999
     </year>
     <month>
      5
     </month>
     <day>
      13
     </day>
    </pubmedpubdate>
    <pubmedpubdate pubstatus="medline">
     <year>
      1999
     </year>
     <month>
      5
     </month>
     <day>
      13
     </day>
     <hour>
      0
     </hour>
     <minute>
      1
     </minute>
    </pubmedpubdate>
    <pubmedpubdate pubstatus="entrez">
     <year>
      1999
     </year>
     <month>
      5
     </month>
     <day>
      13
     </day>
     <hour>
      0
     </hour>
     <minute>
      0
     </minute>
    </pubmedpubdate>
   </history>
   <publicationstatus>
    ppublish
   </publicationstatus>
   <articleidlist>
    <articleid idtype="pubmed">
     10319055
    </articleid>
    <articleid idtype="pmc">
     PMC1745317
    </articleid>
   </articleidlist>
  </pubmeddata>
 </pubmedarticle>
</pubmedarticleset>

