<?xml version='1.0' encoding='utf-8'?>
<!DOCTYPE PubmedArticleSet PUBLIC "-//NLM//DTD PubMedArticle, 1st January 2011//EN" "http://www.ncbi.nlm.nih.gov/entrez/query/DTD/pubmed_110101.dtd">
<pubmedarticleset>
 <pubmedarticle>
  <medlinecitation owner="NLM" status="MEDLINE">
   <pmid version="1">
    10335685
   </pmid>
   <datecreated>
    <year>
     1999
    </year>
    <month>
     06
    </month>
    <day>
     02
    </day>
   </datecreated>
   <datecompleted>
    <year>
     1999
    </year>
    <month>
     06
    </month>
    <day>
     02
    </day>
   </datecompleted>
   <daterevised>
    <year>
     2004
    </year>
    <month>
     11
    </month>
    <day>
     17
    </day>
   </daterevised>
   <article pubmodel="Print">
    <journal>
     <issn issntype="Print">
      0003-9926
     </issn>
     <journalissue citedmedium="Print">
      <volume>
       159
      </volume>
      <issue>
       10
      </issue>
      <pubdate>
       <year>
        1999
       </year>
       <month>
        May
       </month>
       <day>
        24
       </day>
      </pubdate>
     </journalissue>
     <title>
      Archives of internal medicine
     </title>
     <isoabbreviation>
      Arch. Intern. Med.
     </isoabbreviation>
    </journal>
    <articletitle>
     Diagnosing pneumonia by physical examination: relevant or relic?
    </articletitle>
    <pagination>
     <medlinepgn>
      1082-7
     </medlinepgn>
    </pagination>
    <abstract>
     <abstracttext label="BACKGROUND" nlmcategory="BACKGROUND">
      The reliability of chest physical examination and the degree of agreement among examiners in diagnosing pneumonia based on these findings are largely unknown.
     </abstracttext>
     <abstracttext label="OBJECTIVES" nlmcategory="OBJECTIVE">
      To determine the accuracy of various physical examination maneuvers in diagnosing pneumonia and to compare the interobserver reliability of the maneuvers among 3 examiners.
     </abstracttext>
     <abstracttext label="METHODS" nlmcategory="METHODS">
      Fifty-two male patients presenting to the emergency department of a university-affiliated Veterans Affairs medical center with symptoms of lower respiratory tract infection (cough and change in sputum) were prospectively examined. A comprehensive lung physical examination was performed sequentially by 3 physicians who were blind to clinical history, laboratory findings, and x-ray results. Examination findings by lung site and whether the examiner diagnosed pneumonia were recorded on a standard form. Chest x-ray films were read by a radiologist.
     </abstracttext>
     <abstracttext label="RESULTS" nlmcategory="RESULTS">
      Twenty-four patients had pneumonia confirmed by chest x-ray films. Twenty-eight patients did not have pneumonia. Abnormal lung sounds were common in both groups; the most frequently detected were rales in the upright seated position and bronchial breath sounds. Relatively high agreement among examiners (kappa approximately 0.5) occurred for rales in the lateral decubitus position and for wheezes. The 3 examiners' clinical diagnosis of pneumonia had a sensitivity of 47% to 69% and specificity of 58% to 75%.
     </abstracttext>
     <abstracttext label="CONCLUSIONS" nlmcategory="CONCLUSIONS">
      The degree of interobserver agreement was highly variable for different physical examination findings. The most valuable examination maneuvers in detecting pneumonia were unilateral rales and rales in the lateral decubitus position. The traditional chest physical examination is not sufficiently accurate on its own to confirm or exclude the diagnosis of pneumonia.
     </abstracttext>
    </abstract>
    <affiliation>
     Veterans Affairs Puget Sound Health Care System, Department of Medicine, University of Washington, Seattle 98108, USA. jwipf@washington.edu
    </affiliation>
    <authorlist completeyn="Y">
     <author validyn="Y">
      <lastname>
       Wipf
      </lastname>
      <forename>
       J E
      </forename>
      <initials>
       JE
      </initials>
     </author>
     <author validyn="Y">
      <lastname>
       Lipsky
      </lastname>
      <forename>
       B A
      </forename>
      <initials>
       BA
      </initials>
     </author>
     <author validyn="Y">
      <lastname>
       Hirschmann
      </lastname>
      <forename>
       J V
      </forename>
      <initials>
       JV
      </initials>
     </author>
     <author validyn="Y">
      <lastname>
       Boyko
      </lastname>
      <forename>
       E J
      </forename>
      <initials>
       EJ
      </initials>
     </author>
     <author validyn="Y">
      <lastname>
       Takasugi
      </lastname>
      <forename>
       J
      </forename>
      <initials>
       J
      </initials>
     </author>
     <author validyn="Y">
      <lastname>
       Peugeot
      </lastname>
      <forename>
       R L
      </forename>
      <initials>
       RL
      </initials>
     </author>
     <author validyn="Y">
      <lastname>
       Davis
      </lastname>
      <forename>
       C L
      </forename>
      <initials>
       CL
      </initials>
     </author>
    </authorlist>
    <language>
     eng
    </language>
    <publicationtypelist>
     <publicationtype>
      Journal Article
     </publicationtype>
    </publicationtypelist>
   </article>
   <medlinejournalinfo>
    <country>
     UNITED STATES
    </country>
    <medlineta>
     Arch Intern Med
    </medlineta>
    <nlmuniqueid>
     0372440
    </nlmuniqueid>
    <issnlinking>
     0003-9926
    </issnlinking>
   </medlinejournalinfo>
   <citationsubset>
    AIM
   </citationsubset>
   <citationsubset>
    IM
   </citationsubset>
   <meshheadinglist>
    <meshheading>
     <descriptorname majortopicyn="N">
      Adult
     </descriptorname>
    </meshheading>
    <meshheading>
     <descriptorname majortopicyn="N">
      Aged
     </descriptorname>
    </meshheading>
    <meshheading>
     <descriptorname majortopicyn="N">
      Aged, 80 and over
     </descriptorname>
    </meshheading>
    <meshheading>
     <descriptorname majortopicyn="Y">
      Auscultation
     </descriptorname>
    </meshheading>
    <meshheading>
     <descriptorname majortopicyn="N">
      Diagnosis, Differential
     </descriptorname>
    </meshheading>
    <meshheading>
     <descriptorname majortopicyn="N">
      Humans
     </descriptorname>
    </meshheading>
    <meshheading>
     <descriptorname majortopicyn="N">
      Male
     </descriptorname>
    </meshheading>
    <meshheading>
     <descriptorname majortopicyn="N">
      Middle Aged
     </descriptorname>
    </meshheading>
    <meshheading>
     <descriptorname majortopicyn="N">
      Observer Variation
     </descriptorname>
    </meshheading>
    <meshheading>
     <descriptorname majortopicyn="Y">
      Percussion
     </descriptorname>
    </meshheading>
    <meshheading>
     <descriptorname majortopicyn="N">
      Pneumonia
     </descriptorname>
     <qualifiername majortopicyn="Y">
      diagnosis
     </qualifiername>
     <qualifiername majortopicyn="N">
      physiopathology
     </qualifiername>
    </meshheading>
    <meshheading>
     <descriptorname majortopicyn="N">
      Prospective Studies
     </descriptorname>
    </meshheading>
    <meshheading>
     <descriptorname majortopicyn="N">
      Sensitivity and Specificity
     </descriptorname>
    </meshheading>
    <meshheading>
     <descriptorname majortopicyn="N">
      Single-Blind Method
     </descriptorname>
    </meshheading>
   </meshheadinglist>
  </medlinecitation>
  <pubmeddata>
   <history>
    <pubmedpubdate pubstatus="pubmed">
     <year>
      1999
     </year>
     <month>
      5
     </month>
     <day>
      21
     </day>
    </pubmedpubdate>
    <pubmedpubdate pubstatus="medline">
     <year>
      1999
     </year>
     <month>
      5
     </month>
     <day>
      21
     </day>
     <hour>
      0
     </hour>
     <minute>
      1
     </minute>
    </pubmedpubdate>
    <pubmedpubdate pubstatus="entrez">
     <year>
      1999
     </year>
     <month>
      5
     </month>
     <day>
      21
     </day>
     <hour>
      0
     </hour>
     <minute>
      0
     </minute>
    </pubmedpubdate>
   </history>
   <publicationstatus>
    ppublish
   </publicationstatus>
   <articleidlist>
    <articleid idtype="pubmed">
     10335685
    </articleid>
   </articleidlist>
  </pubmeddata>
 </pubmedarticle>
</pubmedarticleset>

