<?xml version='1.0' encoding='utf-8'?>
<!DOCTYPE PubmedArticleSet PUBLIC "-//NLM//DTD PubMedArticle, 1st January 2011//EN" "http://www.ncbi.nlm.nih.gov/entrez/query/DTD/pubmed_110101.dtd">
<pubmedarticleset>
 <pubmedarticle>
  <medlinecitation owner="NLM" status="MEDLINE">
   <pmid version="1">
    10350278
   </pmid>
   <datecreated>
    <year>
     1999
    </year>
    <month>
     06
    </month>
    <day>
     10
    </day>
   </datecreated>
   <datecompleted>
    <year>
     1999
    </year>
    <month>
     06
    </month>
    <day>
     10
    </day>
   </datecompleted>
   <daterevised>
    <year>
     2008
    </year>
    <month>
     02
    </month>
    <day>
     15
    </day>
   </daterevised>
   <article pubmodel="Print">
    <journal>
     <issn issntype="Print">
      0361-803X
     </issn>
     <journalissue citedmedium="Print">
      <volume>
       172
      </volume>
      <issue>
       6
      </issue>
      <pubdate>
       <year>
        1999
       </year>
       <month>
        Jun
       </month>
      </pubdate>
     </journalissue>
     <title>
      AJR. American journal of roentgenology
     </title>
     <isoabbreviation>
      AJR Am J Roentgenol
     </isoabbreviation>
    </journal>
    <articletitle>
     Radiologic investigation of renal colic: unenhanced helical CT compared with excretory urography.
    </articletitle>
    <pagination>
     <medlinepgn>
      1491-4
     </medlinepgn>
    </pagination>
    <abstract>
     <abstracttext label="OBJECTIVE" nlmcategory="OBJECTIVE">
      Our aim was to compare unenhanced helical CT and excretory urography in the assessment of patients with renal colic.
     </abstracttext>
     <abstracttext label="SUBJECTS AND METHODS" nlmcategory="METHODS">
      Fifty-three of 70 consecutive patients with acute signs of renal colic were prospectively examined with unenhanced helical CT, which was followed immediately by excretory urography. Two radiologists who were unaware of the findings independently interpreted these examinations to determine the presence or absence of ureteral obstruction. On all CT scans that had positive findings for ureteral stones or obstruction, we looked for secondary signs of obstruction (perinephric or periureteral fat stranding, ureteral wall edema, ureteral dilatation, and blurring of renal sinus fat).
     </abstracttext>
     <abstracttext label="RESULTS" nlmcategory="RESULTS">
      A stone was recovered in 45 of the 53 patients, nine before and 36 after imaging. The latter 36 patients had their stones identified on CT, whereas only 24 patients had their stones identified on excretory urography. Eight patients without stone disease had normal ureters on both CT and excretory urography. Of the 45 patients who had stone disease, 26 had ureteral dilatation on both CT and excretory urography, and 36 patients who recovered a stone after CT had secondary signs of obstruction. Of the nine patients who recovered a stone before CT, three had secondary signs of obstruction. Two patients had periureteral fat stranding, ureteral wall edema, and renal sinus fat blurring. One patient had only ureteral wall edema.
     </abstracttext>
     <abstracttext label="CONCLUSION" nlmcategory="CONCLUSIONS">
      Compared with excretory urography, unenhanced helical CT is better for identifying ureteral stones in patients with acute ureterolithiasis. Secondary CT signs of obstruction, including renal sinus fat blurring, were frequently present even when the stone was eliminated before imaging.
     </abstracttext>
    </abstract>
    <affiliation>
     Department of Radiology, Brugmann University Hospital, Brussels, Belgium.
    </affiliation>
    <authorlist completeyn="Y">
     <author validyn="Y">
      <lastname>
       Sourtzis
      </lastname>
      <forename>
       S
      </forename>
      <initials>
       S
      </initials>
     </author>
     <author validyn="Y">
      <lastname>
       Thibeau
      </lastname>
      <forename>
       J F
      </forename>
      <initials>
       JF
      </initials>
     </author>
     <author validyn="Y">
      <lastname>
       Damry
      </lastname>
      <forename>
       N
      </forename>
      <initials>
       N
      </initials>
     </author>
     <author validyn="Y">
      <lastname>
       Raslan
      </lastname>
      <forename>
       A
      </forename>
      <initials>
       A
      </initials>
     </author>
     <author validyn="Y">
      <lastname>
       Vandendris
      </lastname>
      <forename>
       M
      </forename>
      <initials>
       M
      </initials>
     </author>
     <author validyn="Y">
      <lastname>
       Bellemans
      </lastname>
      <forename>
       M
      </forename>
      <initials>
       M
      </initials>
     </author>
    </authorlist>
    <language>
     eng
    </language>
    <publicationtypelist>
     <publicationtype>
      Comparative Study
     </publicationtype>
     <publicationtype>
      Journal Article
     </publicationtype>
    </publicationtypelist>
   </article>
   <medlinejournalinfo>
    <country>
     UNITED STATES
    </country>
    <medlineta>
     AJR Am J Roentgenol
    </medlineta>
    <nlmuniqueid>
     7708173
    </nlmuniqueid>
    <issnlinking>
     0361-803X
    </issnlinking>
   </medlinejournalinfo>
   <citationsubset>
    AIM
   </citationsubset>
   <citationsubset>
    IM
   </citationsubset>
   <commentscorrectionslist>
    <commentscorrections reftype="CommentIn">
     <refsource>
      AJR Am J Roentgenol. 2000 Feb;174(2):568-9
     </refsource>
     <pmid version="1">
      10658744
     </pmid>
    </commentscorrections>
   </commentscorrectionslist>
   <meshheadinglist>
    <meshheading>
     <descriptorname majortopicyn="N">
      Acute Disease
     </descriptorname>
    </meshheading>
    <meshheading>
     <descriptorname majortopicyn="N">
      Adolescent
     </descriptorname>
    </meshheading>
    <meshheading>
     <descriptorname majortopicyn="N">
      Adult
     </descriptorname>
    </meshheading>
    <meshheading>
     <descriptorname majortopicyn="N">
      Aged
     </descriptorname>
    </meshheading>
    <meshheading>
     <descriptorname majortopicyn="N">
      Colic
     </descriptorname>
     <qualifiername majortopicyn="Y">
      radiography
     </qualifiername>
    </meshheading>
    <meshheading>
     <descriptorname majortopicyn="N">
      Diagnosis, Differential
     </descriptorname>
    </meshheading>
    <meshheading>
     <descriptorname majortopicyn="N">
      Female
     </descriptorname>
    </meshheading>
    <meshheading>
     <descriptorname majortopicyn="N">
      Humans
     </descriptorname>
    </meshheading>
    <meshheading>
     <descriptorname majortopicyn="N">
      Kidney Diseases
     </descriptorname>
     <qualifiername majortopicyn="Y">
      radiography
     </qualifiername>
    </meshheading>
    <meshheading>
     <descriptorname majortopicyn="N">
      Male
     </descriptorname>
    </meshheading>
    <meshheading>
     <descriptorname majortopicyn="N">
      Middle Aged
     </descriptorname>
    </meshheading>
    <meshheading>
     <descriptorname majortopicyn="N">
      Prospective Studies
     </descriptorname>
    </meshheading>
    <meshheading>
     <descriptorname majortopicyn="N">
      Sensitivity and Specificity
     </descriptorname>
    </meshheading>
    <meshheading>
     <descriptorname majortopicyn="N">
      Tomography, X-Ray Computed
     </descriptorname>
     <qualifiername majortopicyn="N">
      instrumentation
     </qualifiername>
     <qualifiername majortopicyn="Y">
      methods
     </qualifiername>
    </meshheading>
    <meshheading>
     <descriptorname majortopicyn="N">
      Ureteral Calculi
     </descriptorname>
     <qualifiername majortopicyn="N">
      radiography
     </qualifiername>
    </meshheading>
    <meshheading>
     <descriptorname majortopicyn="N">
      Urography
     </descriptorname>
     <qualifiername majortopicyn="Y">
      methods
     </qualifiername>
    </meshheading>
   </meshheadinglist>
  </medlinecitation>
  <pubmeddata>
   <history>
    <pubmedpubdate pubstatus="pubmed">
     <year>
      1999
     </year>
     <month>
      6
     </month>
     <day>
      1
     </day>
     <hour>
      10
     </hour>
     <minute>
      0
     </minute>
    </pubmedpubdate>
    <pubmedpubdate pubstatus="medline">
     <year>
      2000
     </year>
     <month>
      5
     </month>
     <day>
      8
     </day>
     <hour>
      9
     </hour>
     <minute>
      0
     </minute>
    </pubmedpubdate>
    <pubmedpubdate pubstatus="entrez">
     <year>
      1999
     </year>
     <month>
      6
     </month>
     <day>
      1
     </day>
     <hour>
      10
     </hour>
     <minute>
      0
     </minute>
    </pubmedpubdate>
   </history>
   <publicationstatus>
    ppublish
   </publicationstatus>
   <articleidlist>
    <articleid idtype="pubmed">
     10350278
    </articleid>
   </articleidlist>
  </pubmeddata>
 </pubmedarticle>
</pubmedarticleset>

