<?xml version='1.0' encoding='utf-8'?>
<!DOCTYPE PubmedArticleSet PUBLIC "-//NLM//DTD PubMedArticle, 1st January 2011//EN" "http://www.ncbi.nlm.nih.gov/entrez/query/DTD/pubmed_110101.dtd">
<pubmedarticleset>
 <pubmedarticle>
  <medlinecitation owner="NLM" status="MEDLINE">
   <pmid version="1">
    10463913
   </pmid>
   <datecreated>
    <year>
     1999
    </year>
    <month>
     10
    </month>
    <day>
     08
    </day>
   </datecreated>
   <datecompleted>
    <year>
     1999
    </year>
    <month>
     10
    </month>
    <day>
     08
    </day>
   </datecompleted>
   <daterevised>
    <year>
     2009
    </year>
    <month>
     11
    </month>
    <day>
     18
    </day>
   </daterevised>
   <article pubmodel="Print">
    <journal>
     <issn issntype="Print">
      0959-8138
     </issn>
     <journalissue citedmedium="Print">
      <volume>
       319
      </volume>
      <issue>
       7209
      </issue>
      <pubdate>
       <year>
        1999
       </year>
       <month>
        Aug
       </month>
       <day>
        28
       </day>
      </pubdate>
     </journalissue>
     <title>
      BMJ (Clinical research ed.)
     </title>
     <isoabbreviation>
      BMJ
     </isoabbreviation>
    </journal>
    <articletitle>
     Role of antioxidant vitamins in prevention of cardiovascular diseases. Meta-analysis seems to exclude benefit of vitamin C supplementation.
    </articletitle>
    <pagination>
     <medlinepgn>
      577
     </medlinepgn>
    </pagination>
    <authorlist completeyn="Y">
     <author validyn="Y">
      <lastname>
       Ness
      </lastname>
      <forename>
       A
      </forename>
      <initials>
       A
      </initials>
     </author>
     <author validyn="Y">
      <lastname>
       Egger
      </lastname>
      <forename>
       M
      </forename>
      <initials>
       M
      </initials>
     </author>
     <author validyn="Y">
      <lastname>
       Smith
      </lastname>
      <forename>
       G D
      </forename>
      <initials>
       GD
      </initials>
     </author>
    </authorlist>
    <language>
     eng
    </language>
    <publicationtypelist>
     <publicationtype>
      Comment
     </publicationtype>
     <publicationtype>
      Letter
     </publicationtype>
    </publicationtypelist>
   </article>
   <medlinejournalinfo>
    <country>
     ENGLAND
    </country>
    <medlineta>
     BMJ
    </medlineta>
    <nlmuniqueid>
     8900488
    </nlmuniqueid>
    <issnlinking>
     0959-535X
    </issnlinking>
   </medlinejournalinfo>
   <chemicallist>
    <chemical>
     <registrynumber>
      0
     </registrynumber>
     <nameofsubstance>
      Antioxidants
     </nameofsubstance>
    </chemical>
    <chemical>
     <registrynumber>
      50-81-7
     </registrynumber>
     <nameofsubstance>
      Ascorbic Acid
     </nameofsubstance>
    </chemical>
   </chemicallist>
   <citationsubset>
    AIM
   </citationsubset>
   <citationsubset>
    IM
   </citationsubset>
   <commentscorrectionslist>
    <commentscorrections reftype="Cites">
     <refsource>
      Gerontol Clin (Basel). 1975;17(4):236-43
     </refsource>
     <pmid version="1">
      1218741
     </pmid>
    </commentscorrections>
    <commentscorrections reftype="Cites">
     <refsource>
      BMJ. 1999 May 15;318(7194):1337-41
     </refsource>
     <pmid version="1">
      10323824
     </pmid>
    </commentscorrections>
    <commentscorrections reftype="Cites">
     <refsource>
      BMJ. 1998 Jan 10;316(7125):140-4
     </refsource>
     <pmid version="1">
      9462324
     </pmid>
    </commentscorrections>
    <commentscorrections reftype="Cites">
     <refsource>
      Age Ageing. 1973 Aug;2(3):163-71
     </refsource>
     <pmid version="1">
      4591257
     </pmid>
    </commentscorrections>
    <commentscorrections reftype="Cites">
     <refsource>
      Int J Vitam Nutr Res. 1984;54(1):65-74
     </refsource>
     <pmid version="1">
      6376396
     </pmid>
    </commentscorrections>
    <commentscorrections reftype="CommentOn">
     <refsource>
      BMJ. 1999 May 15;318(7194):1337-41
     </refsource>
     <pmid version="1">
      10323824
     </pmid>
    </commentscorrections>
   </commentscorrectionslist>
   <meshheadinglist>
    <meshheading>
     <descriptorname majortopicyn="N">
      Antioxidants
     </descriptorname>
    </meshheading>
    <meshheading>
     <descriptorname majortopicyn="N">
      Ascorbic Acid
     </descriptorname>
     <qualifiername majortopicyn="Y">
      administration &amp; dosage
     </qualifiername>
    </meshheading>
    <meshheading>
     <descriptorname majortopicyn="N">
      Cardiovascular Diseases
     </descriptorname>
     <qualifiername majortopicyn="Y">
      prevention &amp; control
     </qualifiername>
    </meshheading>
    <meshheading>
     <descriptorname majortopicyn="N">
      Humans
     </descriptorname>
    </meshheading>
    <meshheading>
     <descriptorname majortopicyn="N">
      Meta-Analysis as Topic
     </descriptorname>
    </meshheading>
    <meshheading>
     <descriptorname majortopicyn="N">
      Randomized Controlled Trials as Topic
     </descriptorname>
    </meshheading>
   </meshheadinglist>
   <otherid source="NLM">
    PMC1116451
   </otherid>
  </medlinecitation>
  <pubmeddata>
   <history>
    <pubmedpubdate pubstatus="pubmed">
     <year>
      1999
     </year>
     <month>
      8
     </month>
     <day>
      27
     </day>
    </pubmedpubdate>
    <pubmedpubdate pubstatus="medline">
     <year>
      1999
     </year>
     <month>
      8
     </month>
     <day>
      27
     </day>
     <hour>
      0
     </hour>
     <minute>
      1
     </minute>
    </pubmedpubdate>
    <pubmedpubdate pubstatus="entrez">
     <year>
      1999
     </year>
     <month>
      8
     </month>
     <day>
      27
     </day>
     <hour>
      0
     </hour>
     <minute>
      0
     </minute>
    </pubmedpubdate>
   </history>
   <publicationstatus>
    ppublish
   </publicationstatus>
   <articleidlist>
    <articleid idtype="pubmed">
     10463913
    </articleid>
    <articleid idtype="pmc">
     PMC1116451
    </articleid>
   </articleidlist>
  </pubmeddata>
 </pubmedarticle>
</pubmedarticleset>

