<?xml version='1.0' encoding='utf-8'?>
<!DOCTYPE PubmedArticleSet PUBLIC "-//NLM//DTD PubMedArticle, 1st January 2011//EN" "http://www.ncbi.nlm.nih.gov/entrez/query/DTD/pubmed_110101.dtd">
<pubmedarticleset>
 <pubmedarticle>
  <medlinecitation owner="NLM" status="MEDLINE">
   <pmid version="1">
    10485681
   </pmid>
   <datecreated>
    <year>
     1999
    </year>
    <month>
     09
    </month>
    <day>
     16
    </day>
   </datecreated>
   <datecompleted>
    <year>
     1999
    </year>
    <month>
     09
    </month>
    <day>
     16
    </day>
   </datecompleted>
   <daterevised>
    <year>
     2006
    </year>
    <month>
     11
    </month>
    <day>
     15
    </day>
   </daterevised>
   <article pubmodel="Print">
    <journal>
     <issn issntype="Print">
      0098-7484
     </issn>
     <journalissue citedmedium="Print">
      <volume>
       282
      </volume>
      <issue>
       10
      </issue>
      <pubdate>
       <year>
        1999
       </year>
       <month>
        Sep
       </month>
       <day>
        8
       </day>
      </pubdate>
     </journalissue>
     <title>
      JAMA : the journal of the American Medical Association
     </title>
     <isoabbreviation>
      JAMA
     </isoabbreviation>
    </journal>
    <articletitle>
     Traumatic brain injury in high school athletes.
    </articletitle>
    <pagination>
     <medlinepgn>
      958-63
     </medlinepgn>
    </pagination>
    <abstract>
     <abstracttext label="CONTEXT" nlmcategory="BACKGROUND">
      The potential seriousness of mild traumatic brain injury (MTBI) is increasingly recognized; however, information on the frequency of MTBI among high school athletes is limited.
     </abstracttext>
     <abstracttext label="OBJECTIVE" nlmcategory="OBJECTIVE">
      To identify the type, frequency, and severity of MTBI in selected high school sports activities.
     </abstracttext>
     <abstracttext label="DESIGN" nlmcategory="METHODS">
      Observational cohort study.
     </abstracttext>
     <abstracttext label="SETTING AND PARTICIPANTS" nlmcategory="METHODS">
      Two hundred forty-six certified athletic trainers recorded injury and exposure data for high school varsity athletes participating in boys' football, wrestling, baseball and field hockey, girls' volleyball and softball, boys' and girls' basketball, and boys' and girls' soccer at 235 US high schools during 1 or more of the 1995-1997 academic years.
     </abstracttext>
     <abstracttext label="MAIN OUTCOME MEASURES" nlmcategory="METHODS">
      Rates of reported MTBI, defined as a head-injured player who was removed from participation and evaluated by an athletic trainer or physician prior to returning to participation. National incidence figures for MTBI also were estimated.
     </abstracttext>
     <abstracttext label="RESULTS" nlmcategory="RESULTS">
      Of 23566 reported injuries in the 10 sports during the 3-year study period, 1219 (5.5%) were MTBIs. Of the MTBIs, football accounted for 773 (63.4%) of cases; wrestling, 128 (10.5%); girls' soccer, 76 (6.2%); boys' soccer, 69 (5.7%); girls' basketball, 63 (5.2%); boys' basketball, 51 (4.2%); softball, 25 (2.1%); baseball, 15 (1.2%); field hockey, 13 (1.1%); and volleyball, 6 (0.5%). The injury rates per 100 player-seasons were 3.66 for football, 1.58 for wrestling, 1.14 for girls' soccer, 1.04 for girls' basketball, 0.92 for boys' soccer, 0.75 for boys' basketball, 0.46 for softball, 0.46 for field hockey, 0.23 for baseball, and 0.14 for volleyball. The median time lost from participation for all MTBIs was 3 days. There were 6 cases of subdural hematoma and intracranial injury reported in football. Based on these data, an estimated 62816 cases of MTBI occur annually among high school varsity athletes participating in these sports, with football accounting for about 63% of cases.
     </abstracttext>
     <abstracttext label="CONCLUSIONS" nlmcategory="CONCLUSIONS">
      Rates of MTBI vary among sports and none of the 10 popular high school sports we studied is without the occurrence of an MTBI. Continued involvement of high school sports sponsors, researchers, medical professionals, coaches, and sports participants is essential to help minimize the risk of MTBI.
     </abstracttext>
    </abstract>
    <affiliation>
     Med Sports Systems, Iowa City, Iowa, USA. john@med-sports-systems.com
    </affiliation>
    <authorlist completeyn="Y">
     <author validyn="Y">
      <lastname>
       Powell
      </lastname>
      <forename>
       J W
      </forename>
      <initials>
       JW
      </initials>
     </author>
     <author validyn="Y">
      <lastname>
       Barber-Foss
      </lastname>
      <forename>
       K D
      </forename>
      <initials>
       KD
      </initials>
     </author>
    </authorlist>
    <language>
     eng
    </language>
    <publicationtypelist>
     <publicationtype>
      Journal Article
     </publicationtype>
     <publicationtype>
      Research Support, Non-U.S. Gov't
     </publicationtype>
    </publicationtypelist>
   </article>
   <medlinejournalinfo>
    <country>
     UNITED STATES
    </country>
    <medlineta>
     JAMA
    </medlineta>
    <nlmuniqueid>
     7501160
    </nlmuniqueid>
    <issnlinking>
     0098-7484
    </issnlinking>
   </medlinejournalinfo>
   <citationsubset>
    AIM
   </citationsubset>
   <citationsubset>
    IM
   </citationsubset>
   <commentscorrectionslist>
    <commentscorrections reftype="CommentIn">
     <refsource>
      JAMA. 1999 Sep 8;282(10):989-91
     </refsource>
     <pmid version="1">
      10485687
     </pmid>
    </commentscorrections>
   </commentscorrectionslist>
   <meshheadinglist>
    <meshheading>
     <descriptorname majortopicyn="N">
      Adolescent
     </descriptorname>
    </meshheading>
    <meshheading>
     <descriptorname majortopicyn="N">
      Athletic Injuries
     </descriptorname>
     <qualifiername majortopicyn="Y">
      epidemiology
     </qualifiername>
    </meshheading>
    <meshheading>
     <descriptorname majortopicyn="N">
      Baseball
     </descriptorname>
     <qualifiername majortopicyn="N">
      injuries
     </qualifiername>
    </meshheading>
    <meshheading>
     <descriptorname majortopicyn="N">
      Basketball
     </descriptorname>
     <qualifiername majortopicyn="N">
      injuries
     </qualifiername>
    </meshheading>
    <meshheading>
     <descriptorname majortopicyn="N">
      Brain Injuries
     </descriptorname>
     <qualifiername majortopicyn="Y">
      epidemiology
     </qualifiername>
    </meshheading>
    <meshheading>
     <descriptorname majortopicyn="N">
      Cohort Studies
     </descriptorname>
    </meshheading>
    <meshheading>
     <descriptorname majortopicyn="N">
      Female
     </descriptorname>
    </meshheading>
    <meshheading>
     <descriptorname majortopicyn="N">
      Football
     </descriptorname>
     <qualifiername majortopicyn="N">
      injuries
     </qualifiername>
    </meshheading>
    <meshheading>
     <descriptorname majortopicyn="N">
      Hockey
     </descriptorname>
     <qualifiername majortopicyn="N">
      injuries
     </qualifiername>
    </meshheading>
    <meshheading>
     <descriptorname majortopicyn="N">
      Humans
     </descriptorname>
    </meshheading>
    <meshheading>
     <descriptorname majortopicyn="N">
      Incidence
     </descriptorname>
    </meshheading>
    <meshheading>
     <descriptorname majortopicyn="N">
      Male
     </descriptorname>
    </meshheading>
    <meshheading>
     <descriptorname majortopicyn="N">
      Schools
     </descriptorname>
     <qualifiername majortopicyn="Y">
      statistics &amp; numerical data
     </qualifiername>
    </meshheading>
    <meshheading>
     <descriptorname majortopicyn="N">
      Soccer
     </descriptorname>
     <qualifiername majortopicyn="N">
      injuries
     </qualifiername>
    </meshheading>
    <meshheading>
     <descriptorname majortopicyn="N">
      Statistical Distributions
     </descriptorname>
    </meshheading>
    <meshheading>
     <descriptorname majortopicyn="N" type="Geographic">
      United States
     </descriptorname>
     <qualifiername majortopicyn="N">
      epidemiology
     </qualifiername>
    </meshheading>
    <meshheading>
     <descriptorname majortopicyn="N">
      Wrestling
     </descriptorname>
     <qualifiername majortopicyn="N">
      injuries
     </qualifiername>
    </meshheading>
   </meshheadinglist>
  </medlinecitation>
  <pubmeddata>
   <history>
    <pubmedpubdate pubstatus="pubmed">
     <year>
      1999
     </year>
     <month>
      9
     </month>
     <day>
      15
     </day>
     <hour>
      9
     </hour>
     <minute>
      0
     </minute>
    </pubmedpubdate>
    <pubmedpubdate pubstatus="medline">
     <year>
      2001
     </year>
     <month>
      8
     </month>
     <day>
      14
     </day>
     <hour>
      10
     </hour>
     <minute>
      1
     </minute>
    </pubmedpubdate>
    <pubmedpubdate pubstatus="entrez">
     <year>
      1999
     </year>
     <month>
      9
     </month>
     <day>
      15
     </day>
     <hour>
      9
     </hour>
     <minute>
      0
     </minute>
    </pubmedpubdate>
   </history>
   <publicationstatus>
    ppublish
   </publicationstatus>
   <articleidlist>
    <articleid idtype="pubmed">
     10485681
    </articleid>
    <articleid idtype="pii">
     joc81796
    </articleid>
   </articleidlist>
  </pubmeddata>
 </pubmedarticle>
</pubmedarticleset>

