<?xml version='1.0' encoding='utf-8'?>
<!DOCTYPE PubmedArticleSet PUBLIC "-//NLM//DTD PubMedArticle, 1st January 2011//EN" "http://www.ncbi.nlm.nih.gov/entrez/query/DTD/pubmed_110101.dtd">
<pubmedarticleset>
 <pubmedarticle>
  <medlinecitation owner="NLM" status="MEDLINE">
   <pmid version="1">
    10488875
   </pmid>
   <datecreated>
    <year>
     1999
    </year>
    <month>
     10
    </month>
    <day>
     21
    </day>
   </datecreated>
   <datecompleted>
    <year>
     1999
    </year>
    <month>
     10
    </month>
    <day>
     21
    </day>
   </datecompleted>
   <daterevised>
    <year>
     2004
    </year>
    <month>
     11
    </month>
    <day>
     17
    </day>
   </daterevised>
   <article pubmodel="Print">
    <journal>
     <issn issntype="Print">
      0271-6798
     </issn>
     <journalissue citedmedium="Print">
      <volume>
       19
      </volume>
      <issue>
       5
      </issue>
      <pubdate>
       <medlinedate>
        1999 Sep-Oct
       </medlinedate>
      </pubdate>
     </journalissue>
     <title>
      Journal of pediatric orthopedics
     </title>
     <isoabbreviation>
      J Pediatr Orthop
     </isoabbreviation>
    </journal>
    <articletitle>
     Electromyographic differentiation of diplegic cerebral palsy from idiopathic toe walking: involuntary coactivation of the quadriceps and gastrocnemius.
    </articletitle>
    <pagination>
     <medlinepgn>
      677-82
     </medlinepgn>
    </pagination>
    <abstract>
     <abstracttext>
      Clinical differentiation of patients with mild diplegic cerebral palsy (CP) and idiopathic toe walking (ITW) can be difficult. However, an involuntary extensor pattern may be a distinguishing sign. The purpose of this study was to determine if selected gait parameters or patterns of electromyogram (EMG) timing of quadriceps, gastrocnemius, and tibialis anterior during knee extension while sitting can distinguish between these patients. The hypothesis was that EMG testing for selective control of the quadriceps and gastrocnemius could differentiate patients with diplegic CP from normal controls and from patients with ITW. We evaluated 10 control, eight CP, and eight ITW subjects. Measurements included walking speed, energy expenditure index (EEI), ankle position during stance, and EMG of the quadriceps, gastrocnemius, and tibialis anterior during gait and during knee extension while sitting. Dynamic EMG timing during gait showed significant differences in the mean onset of the gastrocnemius between subjects with CP and ITW, but there was considerable overlap. More consistent differences were found during active and active-resisted knee extension while sitting. Mean values for gastrocnemius EMG timing recorded as a percentage of duration of quadriceps EMG while sitting were 0 and 0.4% for controls, 0 and 3.9% for ITW subjects, and 84.3% and 93.4% for CP subjects. Patterns of EMG timing of the quadriceps and gastrocnemius during knee extension while sitting can help to differentiate patients with mild diplegic CP from those with ITW.
     </abstracttext>
    </abstract>
    <affiliation>
     Packard Children's Hospital, Stanford University, Palo Alto, California 94304, USA. MA.jra@lpch.Stanford.edu
    </affiliation>
    <authorlist completeyn="Y">
     <author validyn="Y">
      <lastname>
       Rose
      </lastname>
      <forename>
       J
      </forename>
      <initials>
       J
      </initials>
     </author>
     <author validyn="Y">
      <lastname>
       Martin
      </lastname>
      <forename>
       J G
      </forename>
      <initials>
       JG
      </initials>
     </author>
     <author validyn="Y">
      <lastname>
       Torburn
      </lastname>
      <forename>
       L
      </forename>
      <initials>
       L
      </initials>
     </author>
     <author validyn="Y">
      <lastname>
       Rinsky
      </lastname>
      <forename>
       L A
      </forename>
      <initials>
       LA
      </initials>
     </author>
     <author validyn="Y">
      <lastname>
       Gamble
      </lastname>
      <forename>
       J G
      </forename>
      <initials>
       JG
      </initials>
     </author>
    </authorlist>
    <language>
     eng
    </language>
    <publicationtypelist>
     <publicationtype>
      Journal Article
     </publicationtype>
    </publicationtypelist>
   </article>
   <medlinejournalinfo>
    <country>
     UNITED STATES
    </country>
    <medlineta>
     J Pediatr Orthop
    </medlineta>
    <nlmuniqueid>
     8109053
    </nlmuniqueid>
    <issnlinking>
     0271-6798
    </issnlinking>
   </medlinejournalinfo>
   <citationsubset>
    IM
   </citationsubset>
   <meshheadinglist>
    <meshheading>
     <descriptorname majortopicyn="N">
      Cerebral Palsy
     </descriptorname>
     <qualifiername majortopicyn="Y">
      physiopathology
     </qualifiername>
    </meshheading>
    <meshheading>
     <descriptorname majortopicyn="N">
      Child
     </descriptorname>
    </meshheading>
    <meshheading>
     <descriptorname majortopicyn="N">
      Child, Preschool
     </descriptorname>
    </meshheading>
    <meshheading>
     <descriptorname majortopicyn="N">
      Electromyography
     </descriptorname>
    </meshheading>
    <meshheading>
     <descriptorname majortopicyn="N">
      Energy Metabolism
     </descriptorname>
    </meshheading>
    <meshheading>
     <descriptorname majortopicyn="N">
      Female
     </descriptorname>
    </meshheading>
    <meshheading>
     <descriptorname majortopicyn="N">
      Gait
     </descriptorname>
     <qualifiername majortopicyn="Y">
      physiology
     </qualifiername>
    </meshheading>
    <meshheading>
     <descriptorname majortopicyn="N">
      Humans
     </descriptorname>
    </meshheading>
    <meshheading>
     <descriptorname majortopicyn="N">
      Male
     </descriptorname>
    </meshheading>
    <meshheading>
     <descriptorname majortopicyn="N">
      Muscle, Skeletal
     </descriptorname>
     <qualifiername majortopicyn="Y">
      physiopathology
     </qualifiername>
    </meshheading>
    <meshheading>
     <descriptorname majortopicyn="N">
      Range of Motion, Articular
     </descriptorname>
    </meshheading>
   </meshheadinglist>
  </medlinecitation>
  <pubmeddata>
   <history>
    <pubmedpubdate pubstatus="pubmed">
     <year>
      1999
     </year>
     <month>
      9
     </month>
     <day>
      17
     </day>
    </pubmedpubdate>
    <pubmedpubdate pubstatus="medline">
     <year>
      1999
     </year>
     <month>
      9
     </month>
     <day>
      17
     </day>
     <hour>
      0
     </hour>
     <minute>
      1
     </minute>
    </pubmedpubdate>
    <pubmedpubdate pubstatus="entrez">
     <year>
      1999
     </year>
     <month>
      9
     </month>
     <day>
      17
     </day>
     <hour>
      0
     </hour>
     <minute>
      0
     </minute>
    </pubmedpubdate>
   </history>
   <publicationstatus>
    ppublish
   </publicationstatus>
   <articleidlist>
    <articleid idtype="pubmed">
     10488875
    </articleid>
   </articleidlist>
  </pubmeddata>
 </pubmedarticle>
</pubmedarticleset>

