<?xml version='1.0' encoding='utf-8'?>
<!DOCTYPE PubmedArticleSet PUBLIC "-//NLM//DTD PubMedArticle, 1st January 2011//EN" "http://www.ncbi.nlm.nih.gov/entrez/query/DTD/pubmed_110101.dtd">
<pubmedarticleset>
 <pubmedarticle>
  <medlinecitation owner="NLM" status="MEDLINE">
   <pmid version="1">
    10491060
   </pmid>
   <datecreated>
    <year>
     2000
    </year>
    <month>
     08
    </month>
    <day>
     15
    </day>
   </datecreated>
   <datecompleted>
    <year>
     2000
    </year>
    <month>
     08
    </month>
    <day>
     15
    </day>
   </datecompleted>
   <daterevised>
    <year>
     2006
    </year>
    <month>
     11
    </month>
    <day>
     15
    </day>
   </daterevised>
   <article pubmodel="Print">
    <journal>
     <issn issntype="Print">
      1076-0512
     </issn>
     <journalissue citedmedium="Print">
      <volume>
       25
      </volume>
      <issue>
       9
      </issue>
      <pubdate>
       <year>
        1999
       </year>
       <month>
        Sep
       </month>
      </pubdate>
     </journalissue>
     <title>
      Dermatologic surgery : official publication for American Society for Dermatologic Surgery [et al.]
     </title>
     <isoabbreviation>
      Dermatol Surg
     </isoabbreviation>
    </journal>
    <articletitle>
     Clinical benefits of lightweight compression: reduction of venous-related symptoms by ready-to-wear lightweight gradient compression hosiery.
    </articletitle>
    <pagination>
     <medlinepgn>
      701-4
     </medlinepgn>
    </pagination>
    <abstract>
     <abstracttext label="BACKGROUND" nlmcategory="BACKGROUND">
      Medical-grade compression of class I (20-30 mmHg) and class II (30-40 mmHg) have been shown to be beneficial against venous hypertension or congestion. Relatively few studies address the effects of ready-to-wear (RTW) lightweight gradient compression pantyhose on venous symptoms.
     </abstracttext>
     <abstracttext label="OBJECTIVE" nlmcategory="OBJECTIVE">
      To perform a study comparing the effects of two different compression RTW lightweight gradient compression stockings (8-15 mmHg and 15-20 mmHg) on the venous symptoms of flight attendants.
     </abstracttext>
     <abstracttext label="METHOD" nlmcategory="METHODS">
      A prospective crossover trial of symptom evaluation in 19 flight attendants was performed in which participants rated their symptoms on a visual analog scale. During the initial phase, participants wore no compression for 2 weeks. They then wore 8-15 mmHg and 15-20 mmHg gradient compression support hose while flying over a 4-week period. Symptoms before and after wearing the gradient compression stockings were compared and statistically analyzed.
     </abstracttext>
     <abstracttext label="RESULTS" nlmcategory="RESULTS">
      Wearing of 8-15 mmHg gradient hose resulted in statistically significant improvement of discomfort (P &lt; 0.01). Swelling, fatigue, aching, and tightness of the leg were all improved to a statistically significant degree (P &lt; 0.01). For 15-20 mmHg gradient hosiery, symptoms were improved to a statistically significant or almost significant level. The difference between the 8-15 mmHg and 15-20 mmHg compression was not statistically significant.
     </abstracttext>
     <abstracttext label="CONCLUSIONS" nlmcategory="CONCLUSIONS">
      Use of lightweight (low compression) RTW gradient compression hosiery is very effective in improving symptoms of discomfort (P &lt; 0.01), swelling (almost P &lt; 0. 05), fatigue (P &lt; 0.05), aching (P &lt; 0.01), as well as leg tightness. Improvement of symptoms is statistically significant compared to no compression when hosiery was worn regularly during waking hours for 4 weeks.
     </abstracttext>
    </abstract>
    <affiliation>
     Johns Hopkins University School of Medicine, Baltimore, MD, USA. rwderm@home.com
    </affiliation>
    <authorlist completeyn="Y">
     <author validyn="Y">
      <lastname>
       Weiss
      </lastname>
      <forename>
       R A
      </forename>
      <initials>
       RA
      </initials>
     </author>
     <author validyn="Y">
      <lastname>
       Duffy
      </lastname>
      <forename>
       D
      </forename>
      <initials>
       D
      </initials>
     </author>
    </authorlist>
    <language>
     eng
    </language>
    <publicationtypelist>
     <publicationtype>
      Clinical Trial
     </publicationtype>
     <publicationtype>
      Comparative Study
     </publicationtype>
     <publicationtype>
      Controlled Clinical Trial
     </publicationtype>
     <publicationtype>
      Journal Article
     </publicationtype>
    </publicationtypelist>
   </article>
   <medlinejournalinfo>
    <country>
     UNITED STATES
    </country>
    <medlineta>
     Dermatol Surg
    </medlineta>
    <nlmuniqueid>
     9504371
    </nlmuniqueid>
    <issnlinking>
     1076-0512
    </issnlinking>
   </medlinejournalinfo>
   <citationsubset>
    IM
   </citationsubset>
   <meshheadinglist>
    <meshheading>
     <descriptorname majortopicyn="N">
      Adult
     </descriptorname>
    </meshheading>
    <meshheading>
     <descriptorname majortopicyn="Y">
      Bandages
     </descriptorname>
    </meshheading>
    <meshheading>
     <descriptorname majortopicyn="N">
      Cross-Over Studies
     </descriptorname>
    </meshheading>
    <meshheading>
     <descriptorname majortopicyn="N">
      Edema
     </descriptorname>
     <qualifiername majortopicyn="N">
      prevention &amp; control
     </qualifiername>
    </meshheading>
    <meshheading>
     <descriptorname majortopicyn="N">
      Female
     </descriptorname>
    </meshheading>
    <meshheading>
     <descriptorname majortopicyn="N">
      Humans
     </descriptorname>
    </meshheading>
    <meshheading>
     <descriptorname majortopicyn="Y">
      Leg
     </descriptorname>
     <qualifiername majortopicyn="N">
      blood supply
     </qualifiername>
    </meshheading>
    <meshheading>
     <descriptorname majortopicyn="N">
      Middle Aged
     </descriptorname>
    </meshheading>
    <meshheading>
     <descriptorname majortopicyn="N">
      Patient Satisfaction
     </descriptorname>
    </meshheading>
    <meshheading>
     <descriptorname majortopicyn="N">
      Pressure
     </descriptorname>
    </meshheading>
    <meshheading>
     <descriptorname majortopicyn="N">
      Prospective Studies
     </descriptorname>
    </meshheading>
    <meshheading>
     <descriptorname majortopicyn="N">
      Telangiectasis
     </descriptorname>
     <qualifiername majortopicyn="N">
      therapy
     </qualifiername>
    </meshheading>
    <meshheading>
     <descriptorname majortopicyn="N">
      Varicose Veins
     </descriptorname>
    </meshheading>
    <meshheading>
     <descriptorname majortopicyn="N">
      Venous Insufficiency
     </descriptorname>
     <qualifiername majortopicyn="Y">
      therapy
     </qualifiername>
    </meshheading>
   </meshheadinglist>
  </medlinecitation>
  <pubmeddata>
   <history>
    <pubmedpubdate pubstatus="pubmed">
     <year>
      1999
     </year>
     <month>
      9
     </month>
     <day>
      22
     </day>
     <hour>
      9
     </hour>
     <minute>
      0
     </minute>
    </pubmedpubdate>
    <pubmedpubdate pubstatus="medline">
     <year>
      2000
     </year>
     <month>
      8
     </month>
     <day>
      19
     </day>
     <hour>
      11
     </hour>
     <minute>
      0
     </minute>
    </pubmedpubdate>
    <pubmedpubdate pubstatus="entrez">
     <year>
      1999
     </year>
     <month>
      9
     </month>
     <day>
      22
     </day>
     <hour>
      9
     </hour>
     <minute>
      0
     </minute>
    </pubmedpubdate>
   </history>
   <publicationstatus>
    ppublish
   </publicationstatus>
   <articleidlist>
    <articleid idtype="pubmed">
     10491060
    </articleid>
    <articleid idtype="pii">
     dsu99064
    </articleid>
   </articleidlist>
  </pubmeddata>
 </pubmedarticle>
</pubmedarticleset>

