<?xml version='1.0' encoding='utf-8'?>
<!DOCTYPE PubmedArticleSet PUBLIC "-//NLM//DTD PubMedArticle, 1st January 2011//EN" "http://www.ncbi.nlm.nih.gov/entrez/query/DTD/pubmed_110101.dtd">
<pubmedarticleset>
 <pubmedarticle>
  <medlinecitation owner="NLM" status="MEDLINE">
   <pmid version="1">
    10507956
   </pmid>
   <datecreated>
    <year>
     1999
    </year>
    <month>
     09
    </month>
    <day>
     28
    </day>
   </datecreated>
   <datecompleted>
    <year>
     1999
    </year>
    <month>
     09
    </month>
    <day>
     28
    </day>
   </datecompleted>
   <daterevised>
    <year>
     2007
    </year>
    <month>
     11
    </month>
    <day>
     14
    </day>
   </daterevised>
   <article pubmodel="Print">
    <journal>
     <issn issntype="Print">
      0003-4819
     </issn>
     <journalissue citedmedium="Print">
      <volume>
       131
      </volume>
      <issue>
       7
      </issue>
      <pubdate>
       <year>
        1999
       </year>
       <month>
        Oct
       </month>
       <day>
        5
       </day>
      </pubdate>
     </journalissue>
     <title>
      Annals of internal medicine
     </title>
     <isoabbreviation>
      Ann. Intern. Med.
     </isoabbreviation>
    </journal>
    <articletitle>
     Using the Berlin Questionnaire to identify patients at risk for the sleep apnea syndrome.
    </articletitle>
    <pagination>
     <medlinepgn>
      485-91
     </medlinepgn>
    </pagination>
    <abstract>
     <abstracttext label="BACKGROUND" nlmcategory="BACKGROUND">
      Although sleep apnea is common, it often goes undiagnosed in primary care encounters.
     </abstracttext>
     <abstracttext label="OBJECTIVE" nlmcategory="OBJECTIVE">
      To test the Berlin Questionnaire as a means of identifying patients with sleep apnea.
     </abstracttext>
     <abstracttext label="DESIGN" nlmcategory="METHODS">
      Survey followed by portable, unattended sleep studies in a subset of patients.
     </abstracttext>
     <abstracttext label="SETTING" nlmcategory="METHODS">
      Five primary care sites in Cleveland, Ohio.
     </abstracttext>
     <abstracttext label="PATIENTS" nlmcategory="METHODS">
      744 adults (of 1008 surveyed [74%]), of whom 100 underwent sleep studies.
     </abstracttext>
     <abstracttext label="MEASUREMENTS" nlmcategory="METHODS">
      Survey items addressed the presence and frequency of snoring behavior, waketime sleepiness or fatigue, and history of obesity or hypertension. Patients with persistent and frequent symptoms in any two of these three domains were considered to be at high risk for sleep apnea. Portable sleep monitoring was conducted to measure the number of respiratory events per hour in bed (respiratory disturbance index [RDI]).
     </abstracttext>
     <abstracttext label="RESULTS" nlmcategory="RESULTS">
      Questions about symptoms demonstrated internal consistency (Cronbach correlations, 0.86 to 0.92). Of the 744 respondents, 279 (37.5%) were in a high-risk group that was defined a priori. For the 100 patients who underwent sleep studies, risk grouping was useful in prediction of the RDI. For example, being in the high-risk group predicted an RDI greater than 5 with a sensitivity of 0.86, a specificity of 0.77, a positive predictive value of 0.89, and a likelihood ratio of 3.79.
     </abstracttext>
     <abstracttext label="CONCLUSION" nlmcategory="CONCLUSIONS">
      The Berlin Questionnaire provides a means of identifying patients who are likely to have sleep apnea.
     </abstracttext>
    </abstract>
    <affiliation>
     Center for Sleep Education and Research, Case Western Reserve University, Cleveland, Ohio, USA.
    </affiliation>
    <authorlist completeyn="Y">
     <author validyn="Y">
      <lastname>
       Netzer
      </lastname>
      <forename>
       N C
      </forename>
      <initials>
       NC
      </initials>
     </author>
     <author validyn="Y">
      <lastname>
       Stoohs
      </lastname>
      <forename>
       R A
      </forename>
      <initials>
       RA
      </initials>
     </author>
     <author validyn="Y">
      <lastname>
       Netzer
      </lastname>
      <forename>
       C M
      </forename>
      <initials>
       CM
      </initials>
     </author>
     <author validyn="Y">
      <lastname>
       Clark
      </lastname>
      <forename>
       K
      </forename>
      <initials>
       K
      </initials>
     </author>
     <author validyn="Y">
      <lastname>
       Strohl
      </lastname>
      <forename>
       K P
      </forename>
      <initials>
       KP
      </initials>
     </author>
    </authorlist>
    <language>
     eng
    </language>
    <grantlist completeyn="Y">
     <grant>
      <grantid>
       HL-03650
      </grantid>
      <acronym>
       HL
      </acronym>
      <agency>
       NHLBI NIH HHS
      </agency>
      <country>
       United States
      </country>
     </grant>
     <grant>
      <grantid>
       HL-42215
      </grantid>
      <acronym>
       HL
      </acronym>
      <agency>
       NHLBI NIH HHS
      </agency>
      <country>
       United States
      </country>
     </grant>
    </grantlist>
    <publicationtypelist>
     <publicationtype>
      Journal Article
     </publicationtype>
     <publicationtype>
      Research Support, Non-U.S. Gov't
     </publicationtype>
     <publicationtype>
      Research Support, U.S. Gov't, Non-P.H.S.
     </publicationtype>
     <publicationtype>
      Research Support, U.S. Gov't, P.H.S.
     </publicationtype>
    </publicationtypelist>
   </article>
   <medlinejournalinfo>
    <country>
     UNITED STATES
    </country>
    <medlineta>
     Ann Intern Med
    </medlineta>
    <nlmuniqueid>
     0372351
    </nlmuniqueid>
    <issnlinking>
     0003-4819
    </issnlinking>
   </medlinejournalinfo>
   <citationsubset>
    AIM
   </citationsubset>
   <citationsubset>
    IM
   </citationsubset>
   <commentscorrectionslist>
    <commentscorrections reftype="CommentIn">
     <refsource>
      Ann Intern Med. 2000 May 2;132(9):758-9
     </refsource>
     <pmid version="1">
      10787374
     </pmid>
    </commentscorrections>
    <commentscorrections reftype="CommentIn">
     <refsource>
      Ann Intern Med. 1999 Oct 5;131(7):535-6
     </refsource>
     <pmid version="1">
      10507964
     </pmid>
    </commentscorrections>
    <commentscorrections reftype="CommentIn">
     <refsource>
      Ann Intern Med. 2000 May 2;132(9):758; author reply 759
     </refsource>
     <pmid version="1">
      10787372
     </pmid>
    </commentscorrections>
    <commentscorrections reftype="CommentIn">
     <refsource>
      Ann Intern Med. 2000 May 2;132(9):758; author reply 759
     </refsource>
     <pmid version="1">
      10787373
     </pmid>
    </commentscorrections>
   </commentscorrectionslist>
   <meshheadinglist>
    <meshheading>
     <descriptorname majortopicyn="N">
      Female
     </descriptorname>
    </meshheading>
    <meshheading>
     <descriptorname majortopicyn="N">
      Humans
     </descriptorname>
    </meshheading>
    <meshheading>
     <descriptorname majortopicyn="N">
      Hypertension
     </descriptorname>
     <qualifiername majortopicyn="N">
      complications
     </qualifiername>
    </meshheading>
    <meshheading>
     <descriptorname majortopicyn="N">
      Logistic Models
     </descriptorname>
    </meshheading>
    <meshheading>
     <descriptorname majortopicyn="N">
      Male
     </descriptorname>
    </meshheading>
    <meshheading>
     <descriptorname majortopicyn="N">
      Middle Aged
     </descriptorname>
    </meshheading>
    <meshheading>
     <descriptorname majortopicyn="N">
      Monitoring, Physiologic
     </descriptorname>
    </meshheading>
    <meshheading>
     <descriptorname majortopicyn="N">
      Obesity
     </descriptorname>
     <qualifiername majortopicyn="N">
      complications
     </qualifiername>
    </meshheading>
    <meshheading>
     <descriptorname majortopicyn="Y">
      Questionnaires
     </descriptorname>
    </meshheading>
    <meshheading>
     <descriptorname majortopicyn="N">
      Reproducibility of Results
     </descriptorname>
    </meshheading>
    <meshheading>
     <descriptorname majortopicyn="N">
      Respiration Disorders
     </descriptorname>
     <qualifiername majortopicyn="N">
      etiology
     </qualifiername>
    </meshheading>
    <meshheading>
     <descriptorname majortopicyn="N">
      Risk Factors
     </descriptorname>
    </meshheading>
    <meshheading>
     <descriptorname majortopicyn="N">
      Sex Factors
     </descriptorname>
    </meshheading>
    <meshheading>
     <descriptorname majortopicyn="N">
      Sleep Apnea Syndromes
     </descriptorname>
     <qualifiername majortopicyn="N">
      complications
     </qualifiername>
     <qualifiername majortopicyn="Y">
      diagnosis
     </qualifiername>
     <qualifiername majortopicyn="N">
      physiopathology
     </qualifiername>
    </meshheading>
    <meshheading>
     <descriptorname majortopicyn="N">
      Snoring
     </descriptorname>
     <qualifiername majortopicyn="N">
      etiology
     </qualifiername>
    </meshheading>
   </meshheadinglist>
  </medlinecitation>
  <pubmeddata>
   <history>
    <pubmedpubdate pubstatus="pubmed">
     <year>
      1999
     </year>
     <month>
      10
     </month>
     <day>
      3
     </day>
     <hour>
      9
     </hour>
     <minute>
      0
     </minute>
    </pubmedpubdate>
    <pubmedpubdate pubstatus="medline">
     <year>
      2000
     </year>
     <month>
      6
     </month>
     <day>
      10
     </day>
     <hour>
      9
     </hour>
     <minute>
      0
     </minute>
    </pubmedpubdate>
    <pubmedpubdate pubstatus="entrez">
     <year>
      1999
     </year>
     <month>
      10
     </month>
     <day>
      3
     </day>
     <hour>
      9
     </hour>
     <minute>
      0
     </minute>
    </pubmedpubdate>
   </history>
   <publicationstatus>
    ppublish
   </publicationstatus>
   <articleidlist>
    <articleid idtype="pubmed">
     10507956
    </articleid>
    <articleid idtype="pii">
     199910050-00002
    </articleid>
   </articleidlist>
  </pubmeddata>
 </pubmedarticle>
</pubmedarticleset>

