<?xml version='1.0' encoding='utf-8'?>
<!DOCTYPE PubmedArticleSet PUBLIC "-//NLM//DTD PubMedArticle, 1st January 2011//EN" "http://www.ncbi.nlm.nih.gov/entrez/query/DTD/pubmed_110101.dtd">
<pubmedarticleset>
 <pubmedarticle>
  <medlinecitation owner="NLM" status="MEDLINE">
   <pmid version="1">
    10518812
   </pmid>
   <datecreated>
    <year>
     1999
    </year>
    <month>
     11
    </month>
    <day>
     18
    </day>
   </datecreated>
   <datecompleted>
    <year>
     1999
    </year>
    <month>
     11
    </month>
    <day>
     18
    </day>
   </datecompleted>
   <daterevised>
    <year>
     2007
    </year>
    <month>
     11
    </month>
    <day>
     15
    </day>
   </daterevised>
   <article pubmodel="Print">
    <journal>
     <issn issntype="Print">
      0091-6749
     </issn>
     <journalissue citedmedium="Print">
      <volume>
       104
      </volume>
      <issue>
       4 Pt 1
      </issue>
      <pubdate>
       <year>
        1999
       </year>
       <month>
        Oct
       </month>
      </pubdate>
     </journalissue>
     <title>
      The Journal of allergy and clinical immunology
     </title>
     <isoabbreviation>
      J. Allergy Clin. Immunol.
     </isoabbreviation>
    </journal>
    <articletitle>
     A review of the preclinical and clinical data of newer intranasal steroids used in the treatment of allergic rhinitis.
    </articletitle>
    <pagination>
     <medlinepgn>
      S150-8
     </medlinepgn>
    </pagination>
    <abstract>
     <abstracttext>
      The anti-inflammatory activity of corticosteroids has prompted the exploration of their use in the treatment of allergic rhinitis. The development of intranasal steroids has resulted in several agents with quick actions, localized effects, and great efficacy in the treatment of seasonal allergic rhinitis and the prophylactic management of perennial rhinitis. This article presents a concise review of the preclinical and clinical evidence with these new agents and provides data-based guidance for the selection of optimal agents. The survey reveals that mometasone furoate, a new inhaled steroid with topical activity, has the greatest binding affinity for the glucocorticoid receptor, followed by fluticasone propionate, budesonide, triamcinolone acetonide, and dexamethasone. Mometasone furoate also has strong anti-inflammatory activity, with IL-4 and IL-5 inhibition activities equivalent to those of fluticasone propionate. Clinically, both mometasone furoate and fluticasone propionate appear to be well tolerated, to have quick onsets of action, and to be equivalent in efficacy in the treatment of seasonal allergic and perennial rhinitis. Of the intranasal steroids currently available, mometasone furoate has been shown to have the least systemic availability and, consequently, is expected to have the fewest systemic side effects. Some suppression of overnight cortisol levels has been reported with fluticasone propionate (indicative of hypothalamic-pituitary-adrenal axis suppression).
     </abstracttext>
    </abstract>
    <affiliation>
     University of Texas Southwestern Medical School, Allergy and Asthma Research Association, Dallas, Texas, USA.
    </affiliation>
    <authorlist completeyn="Y">
     <author validyn="Y">
      <lastname>
       Lumry
      </lastname>
      <forename>
       W R
      </forename>
      <initials>
       WR
      </initials>
     </author>
    </authorlist>
    <language>
     eng
    </language>
    <publicationtypelist>
     <publicationtype>
      Journal Article
     </publicationtype>
     <publicationtype>
      Research Support, Non-U.S. Gov't
     </publicationtype>
     <publicationtype>
      Review
     </publicationtype>
    </publicationtypelist>
   </article>
   <medlinejournalinfo>
    <country>
     UNITED STATES
    </country>
    <medlineta>
     J Allergy Clin Immunol
    </medlineta>
    <nlmuniqueid>
     1275002
    </nlmuniqueid>
    <issnlinking>
     0091-6749
    </issnlinking>
   </medlinejournalinfo>
   <chemicallist>
    <chemical>
     <registrynumber>
      0
     </registrynumber>
     <nameofsubstance>
      Adrenal Cortex Hormones
     </nameofsubstance>
    </chemical>
    <chemical>
     <registrynumber>
      0
     </registrynumber>
     <nameofsubstance>
      Androstadienes
     </nameofsubstance>
    </chemical>
    <chemical>
     <registrynumber>
      0
     </registrynumber>
     <nameofsubstance>
      Pregnadienediols
     </nameofsubstance>
    </chemical>
    <chemical>
     <registrynumber>
      83919-23-7
     </registrynumber>
     <nameofsubstance>
      mometasone furoate
     </nameofsubstance>
    </chemical>
    <chemical>
     <registrynumber>
      90566-53-3
     </registrynumber>
     <nameofsubstance>
      fluticasone
     </nameofsubstance>
    </chemical>
   </chemicallist>
   <citationsubset>
    AIM
   </citationsubset>
   <citationsubset>
    IM
   </citationsubset>
   <commentscorrectionslist>
    <commentscorrections reftype="ErratumIn">
     <refsource>
      J Allergy Clin Immunol 2000 Feb;105(2 Pt 1):394
     </refsource>
    </commentscorrections>
   </commentscorrectionslist>
   <meshheadinglist>
    <meshheading>
     <descriptorname majortopicyn="N">
      Administration, Intranasal
     </descriptorname>
    </meshheading>
    <meshheading>
     <descriptorname majortopicyn="N">
      Adrenal Cortex Hormones
     </descriptorname>
     <qualifiername majortopicyn="Y">
      administration &amp; dosage
     </qualifiername>
    </meshheading>
    <meshheading>
     <descriptorname majortopicyn="N">
      Androstadienes
     </descriptorname>
     <qualifiername majortopicyn="N">
      administration &amp; dosage
     </qualifiername>
    </meshheading>
    <meshheading>
     <descriptorname majortopicyn="N">
      Biological Availability
     </descriptorname>
    </meshheading>
    <meshheading>
     <descriptorname majortopicyn="N">
      Clinical Trials as Topic
     </descriptorname>
    </meshheading>
    <meshheading>
     <descriptorname majortopicyn="N">
      Humans
     </descriptorname>
    </meshheading>
    <meshheading>
     <descriptorname majortopicyn="N">
      Pregnadienediols
     </descriptorname>
     <qualifiername majortopicyn="N">
      administration &amp; dosage
     </qualifiername>
    </meshheading>
    <meshheading>
     <descriptorname majortopicyn="N">
      Rhinitis, Allergic, Perennial
     </descriptorname>
     <qualifiername majortopicyn="Y">
      drug therapy
     </qualifiername>
    </meshheading>
    <meshheading>
     <descriptorname majortopicyn="N">
      Rhinitis, Allergic, Seasonal
     </descriptorname>
     <qualifiername majortopicyn="Y">
      drug therapy
     </qualifiername>
    </meshheading>
   </meshheadinglist>
   <numberofreferences>
    44
   </numberofreferences>
  </medlinecitation>
  <pubmeddata>
   <history>
    <pubmedpubdate pubstatus="pubmed">
     <year>
      1999
     </year>
     <month>
      10
     </month>
     <day>
      16
     </day>
     <hour>
      9
     </hour>
     <minute>
      0
     </minute>
    </pubmedpubdate>
    <pubmedpubdate pubstatus="medline">
     <year>
      2000
     </year>
     <month>
      4
     </month>
     <day>
      29
     </day>
     <hour>
      9
     </hour>
     <minute>
      0
     </minute>
    </pubmedpubdate>
    <pubmedpubdate pubstatus="entrez">
     <year>
      1999
     </year>
     <month>
      10
     </month>
     <day>
      16
     </day>
     <hour>
      9
     </hour>
     <minute>
      0
     </minute>
    </pubmedpubdate>
   </history>
   <publicationstatus>
    ppublish
   </publicationstatus>
   <articleidlist>
    <articleid idtype="pubmed">
     10518812
    </articleid>
    <articleid idtype="pii">
     S0091674999005795
    </articleid>
   </articleidlist>
  </pubmeddata>
 </pubmedarticle>
</pubmedarticleset>

