<?xml version='1.0' encoding='utf-8'?>
<!DOCTYPE PubmedArticleSet PUBLIC "-//NLM//DTD PubMedArticle, 1st January 2011//EN" "http://www.ncbi.nlm.nih.gov/entrez/query/DTD/pubmed_110101.dtd">
<pubmedarticleset>
 <pubmedarticle>
  <medlinecitation owner="NLM" status="MEDLINE">
   <pmid version="1">
    10513500
   </pmid>
   <datecreated>
    <year>
     1999
    </year>
    <month>
     10
    </month>
    <day>
     14
    </day>
   </datecreated>
   <datecompleted>
    <year>
     1999
    </year>
    <month>
     10
    </month>
    <day>
     14
    </day>
   </datecompleted>
   <daterevised>
    <year>
     2007
    </year>
    <month>
     11
    </month>
    <day>
     15
    </day>
   </daterevised>
   <article pubmodel="Print">
    <journal>
     <issn issntype="Print">
      0893-7524
     </issn>
     <journalissue citedmedium="Print">
      <volume>
       12
      </volume>
      <issue>
       2
      </issue>
      <pubdate>
       <year>
        1999
       </year>
       <month>
        Apr
       </month>
      </pubdate>
     </journalissue>
     <title>
      Arthritis care and research : the official journal of the Arthritis Health Professions Association
     </title>
     <isoabbreviation>
      Arthritis Care Res
     </isoabbreviation>
    </journal>
    <articletitle>
     A randomized, controlled trial of exercise and education for individuals with fibromyalgia.
    </articletitle>
    <pagination>
     <medlinepgn>
      120-8
     </medlinepgn>
    </pagination>
    <abstract>
     <abstracttext label="OBJECTIVE" nlmcategory="OBJECTIVE">
      To evaluate the efficacy of a 6-week exercise and educational program for patients with fibromyalgia.
     </abstracttext>
     <abstracttext label="METHODS" nlmcategory="METHODS">
      Forty-one subjects were randomly assigned to the program or served as waiting list controls. Program outcome was assessed with a 6-minute walk test, the Fibromyalgia Impact Questionnaire, a Self-Efficacy Scale, and a "knowledge" questionnaire (based on information provided during the educational sessions). Waiting list control subjects subsequently completed the program. Program outcome was reassessed 3 or 6 months post-program.
     </abstracttext>
     <abstracttext label="RESULTS" nlmcategory="RESULTS">
      The program produced significant improvements in 6-minute walk distance, well-being, fatigue, self-efficacy (for controlling pain and other symptoms), and knowledge. At followup, immediate gains in walk distance, well-being, and self-efficacy were maintained, but gains in fatigue and knowledge were lost.
     </abstracttext>
     <abstracttext label="CONCLUSION" nlmcategory="CONCLUSIONS">
      Short-term exercise and educational programs can produce immediate and sustained benefits for patients with fibromyalgia. The benefits of our program may be due to exercise or education since both interventions were given.
     </abstracttext>
    </abstract>
    <affiliation>
     Department of Rehabilitation Services, Toronto Hospital, Ontario, Canada.
    </affiliation>
    <authorlist completeyn="Y">
     <author validyn="Y">
      <lastname>
       Gowans
      </lastname>
      <forename>
       S E
      </forename>
      <initials>
       SE
      </initials>
     </author>
     <author validyn="Y">
      <lastname>
       deHueck
      </lastname>
      <forename>
       A
      </forename>
      <initials>
       A
      </initials>
     </author>
     <author validyn="Y">
      <lastname>
       Voss
      </lastname>
      <forename>
       S
      </forename>
      <initials>
       S
      </initials>
     </author>
     <author validyn="Y">
      <lastname>
       Richardson
      </lastname>
      <forename>
       M
      </forename>
      <initials>
       M
      </initials>
     </author>
    </authorlist>
    <language>
     eng
    </language>
    <publicationtypelist>
     <publicationtype>
      Clinical Trial
     </publicationtype>
     <publicationtype>
      Journal Article
     </publicationtype>
     <publicationtype>
      Randomized Controlled Trial
     </publicationtype>
    </publicationtypelist>
   </article>
   <medlinejournalinfo>
    <country>
     UNITED STATES
    </country>
    <medlineta>
     Arthritis Care Res
    </medlineta>
    <nlmuniqueid>
     8809082
    </nlmuniqueid>
    <issnlinking>
     0893-7524
    </issnlinking>
   </medlinejournalinfo>
   <citationsubset>
    N
   </citationsubset>
   <meshheadinglist>
    <meshheading>
     <descriptorname majortopicyn="N">
      Adult
     </descriptorname>
    </meshheading>
    <meshheading>
     <descriptorname majortopicyn="N">
      Aged
     </descriptorname>
    </meshheading>
    <meshheading>
     <descriptorname majortopicyn="N">
      Exercise Therapy
     </descriptorname>
     <qualifiername majortopicyn="Y">
      methods
     </qualifiername>
    </meshheading>
    <meshheading>
     <descriptorname majortopicyn="N">
      Female
     </descriptorname>
    </meshheading>
    <meshheading>
     <descriptorname majortopicyn="N">
      Fibromyalgia
     </descriptorname>
     <qualifiername majortopicyn="Y">
      rehabilitation
     </qualifiername>
    </meshheading>
    <meshheading>
     <descriptorname majortopicyn="N">
      Health Knowledge, Attitudes, Practice
     </descriptorname>
    </meshheading>
    <meshheading>
     <descriptorname majortopicyn="N">
      Humans
     </descriptorname>
    </meshheading>
    <meshheading>
     <descriptorname majortopicyn="N">
      Male
     </descriptorname>
    </meshheading>
    <meshheading>
     <descriptorname majortopicyn="N">
      Middle Aged
     </descriptorname>
    </meshheading>
    <meshheading>
     <descriptorname majortopicyn="N">
      Patient Education as Topic
     </descriptorname>
     <qualifiername majortopicyn="Y">
      methods
     </qualifiername>
    </meshheading>
    <meshheading>
     <descriptorname majortopicyn="N">
      Program Evaluation
     </descriptorname>
    </meshheading>
    <meshheading>
     <descriptorname majortopicyn="N">
      Questionnaires
     </descriptorname>
    </meshheading>
    <meshheading>
     <descriptorname majortopicyn="N">
      Self Efficacy
     </descriptorname>
    </meshheading>
    <meshheading>
     <descriptorname majortopicyn="N">
      Severity of Illness Index
     </descriptorname>
    </meshheading>
    <meshheading>
     <descriptorname majortopicyn="N">
      Sickness Impact Profile
     </descriptorname>
    </meshheading>
    <meshheading>
     <descriptorname majortopicyn="N">
      Treatment Outcome
     </descriptorname>
    </meshheading>
   </meshheadinglist>
  </medlinecitation>
  <pubmeddata>
   <history>
    <pubmedpubdate pubstatus="pubmed">
     <year>
      1999
     </year>
     <month>
      10
     </month>
     <day>
      8
     </day>
    </pubmedpubdate>
    <pubmedpubdate pubstatus="medline">
     <year>
      1999
     </year>
     <month>
      10
     </month>
     <day>
      8
     </day>
     <hour>
      0
     </hour>
     <minute>
      1
     </minute>
    </pubmedpubdate>
    <pubmedpubdate pubstatus="entrez">
     <year>
      1999
     </year>
     <month>
      10
     </month>
     <day>
      8
     </day>
     <hour>
      0
     </hour>
     <minute>
      0
     </minute>
    </pubmedpubdate>
   </history>
   <publicationstatus>
    ppublish
   </publicationstatus>
   <articleidlist>
    <articleid idtype="pubmed">
     10513500
    </articleid>
   </articleidlist>
  </pubmeddata>
 </pubmedarticle>
</pubmedarticleset>

