<?xml version='1.0' encoding='utf-8'?>
<!DOCTYPE PubmedArticleSet PUBLIC "-//NLM//DTD PubMedArticle, 1st January 2011//EN" "http://www.ncbi.nlm.nih.gov/entrez/query/DTD/pubmed_110101.dtd">
<pubmedarticleset>
 <pubmedarticle>
  <medlinecitation owner="NLM" status="MEDLINE">
   <pmid version="1">
    10527006
   </pmid>
   <datecreated>
    <year>
     1999
    </year>
    <month>
     10
    </month>
    <day>
     29
    </day>
   </datecreated>
   <datecompleted>
    <year>
     1999
    </year>
    <month>
     10
    </month>
    <day>
     29
    </day>
   </datecompleted>
   <daterevised>
    <year>
     2007
    </year>
    <month>
     11
    </month>
    <day>
     15
    </day>
   </daterevised>
   <article pubmodel="Print">
    <journal>
     <issn issntype="Print">
      0895-4356
     </issn>
     <journalissue citedmedium="Print">
      <volume>
       52
      </volume>
      <issue>
       11
      </issue>
      <pubdate>
       <year>
        1999
       </year>
       <month>
        Nov
       </month>
      </pubdate>
     </journalissue>
     <title>
      Journal of clinical epidemiology
     </title>
     <isoabbreviation>
      J Clin Epidemiol
     </isoabbreviation>
    </journal>
    <articletitle>
     Patient knowledge, awareness, and delay in seeking medical attention for malignant melanoma.
    </articletitle>
    <pagination>
     <medlinepgn>
      1111-6
     </medlinepgn>
    </pagination>
    <abstract>
     <abstracttext>
      We investigated the relationship between patient knowledge, awareness, and delay in seeking medical attention for melanoma. The study population was comprised of 255 cases with cutaneous melanoma newly diagnosed during January 15, 1987 to May 15, 1989, who were part of a population-based case control study. Personal interviews were conducted to obtain information on patient's knowledge of melanoma signs and symptoms, skin awareness, delay in seeking medical attention, and related covariates. The adjusted odds ratio for the association between skin awareness and delay was 0.30 (95% confidence interval 0.12-0.71). Odds ratios ranged from 0.43 to 0.81 for knowledge and delay. Awareness of skin changes was associated with a reduced Breslow depth for stage I melanomas. Individuals who are aware of skin changes and abnormalities appear to be less likely to delay seeking medical attention for melanoma. Knowledge of melanoma signs and symptoms may also contribute to a decreased delay in melanoma diagnosis.
     </abstracttext>
    </abstract>
    <affiliation>
     Department of Medicine, Memorial Sloan-Kettering Cancer Center, New York, New York 10021, USA.
    </affiliation>
    <authorlist completeyn="Y">
     <author validyn="Y">
      <lastname>
       Oliveria
      </lastname>
      <forename>
       S A
      </forename>
      <initials>
       SA
      </initials>
     </author>
     <author validyn="Y">
      <lastname>
       Christos
      </lastname>
      <forename>
       P J
      </forename>
      <initials>
       PJ
      </initials>
     </author>
     <author validyn="Y">
      <lastname>
       Halpern
      </lastname>
      <forename>
       A C
      </forename>
      <initials>
       AC
      </initials>
     </author>
     <author validyn="Y">
      <lastname>
       Fine
      </lastname>
      <forename>
       J A
      </forename>
      <initials>
       JA
      </initials>
     </author>
     <author validyn="Y">
      <lastname>
       Barnhill
      </lastname>
      <forename>
       R L
      </forename>
      <initials>
       RL
      </initials>
     </author>
     <author validyn="Y">
      <lastname>
       Berwick
      </lastname>
      <forename>
       M
      </forename>
      <initials>
       M
      </initials>
     </author>
    </authorlist>
    <language>
     eng
    </language>
    <grantlist completeyn="Y">
     <grant>
      <grantid>
       P01CA42101
      </grantid>
      <acronym>
       CA
      </acronym>
      <agency>
       NCI NIH HHS
      </agency>
      <country>
       United States
      </country>
     </grant>
    </grantlist>
    <publicationtypelist>
     <publicationtype>
      Comparative Study
     </publicationtype>
     <publicationtype>
      Journal Article
     </publicationtype>
     <publicationtype>
      Research Support, Non-U.S. Gov't
     </publicationtype>
     <publicationtype>
      Research Support, U.S. Gov't, P.H.S.
     </publicationtype>
    </publicationtypelist>
   </article>
   <medlinejournalinfo>
    <country>
     ENGLAND
    </country>
    <medlineta>
     J Clin Epidemiol
    </medlineta>
    <nlmuniqueid>
     8801383
    </nlmuniqueid>
    <issnlinking>
     0895-4356
    </issnlinking>
   </medlinejournalinfo>
   <citationsubset>
    IM
   </citationsubset>
   <meshheadinglist>
    <meshheading>
     <descriptorname majortopicyn="N">
      Adolescent
     </descriptorname>
    </meshheading>
    <meshheading>
     <descriptorname majortopicyn="N">
      Adult
     </descriptorname>
    </meshheading>
    <meshheading>
     <descriptorname majortopicyn="N">
      Aged
     </descriptorname>
    </meshheading>
    <meshheading>
     <descriptorname majortopicyn="Y">
      Awareness
     </descriptorname>
    </meshheading>
    <meshheading>
     <descriptorname majortopicyn="N" type="Geographic">
      Connecticut
     </descriptorname>
     <qualifiername majortopicyn="N">
      epidemiology
     </qualifiername>
    </meshheading>
    <meshheading>
     <descriptorname majortopicyn="N">
      Female
     </descriptorname>
    </meshheading>
    <meshheading>
     <descriptorname majortopicyn="N">
      Humans
     </descriptorname>
    </meshheading>
    <meshheading>
     <descriptorname majortopicyn="N">
      Incidence
     </descriptorname>
    </meshheading>
    <meshheading>
     <descriptorname majortopicyn="Y">
      Knowledge
     </descriptorname>
    </meshheading>
    <meshheading>
     <descriptorname majortopicyn="N">
      Male
     </descriptorname>
    </meshheading>
    <meshheading>
     <descriptorname majortopicyn="N">
      Melanoma
     </descriptorname>
     <qualifiername majortopicyn="N">
      diagnosis
     </qualifiername>
     <qualifiername majortopicyn="N">
      epidemiology
     </qualifiername>
     <qualifiername majortopicyn="Y">
      psychology
     </qualifiername>
    </meshheading>
    <meshheading>
     <descriptorname majortopicyn="N">
      Middle Aged
     </descriptorname>
    </meshheading>
    <meshheading>
     <descriptorname majortopicyn="N">
      Odds Ratio
     </descriptorname>
    </meshheading>
    <meshheading>
     <descriptorname majortopicyn="N">
      Patient Acceptance of Health Care
     </descriptorname>
     <qualifiername majortopicyn="Y">
      psychology
     </qualifiername>
    </meshheading>
    <meshheading>
     <descriptorname majortopicyn="Y">
      Patient Education as Topic
     </descriptorname>
    </meshheading>
    <meshheading>
     <descriptorname majortopicyn="N">
      Physician-Patient Relations
     </descriptorname>
    </meshheading>
    <meshheading>
     <descriptorname majortopicyn="N">
      Prognosis
     </descriptorname>
    </meshheading>
    <meshheading>
     <descriptorname majortopicyn="N">
      Questionnaires
     </descriptorname>
    </meshheading>
    <meshheading>
     <descriptorname majortopicyn="N">
      Retrospective Studies
     </descriptorname>
    </meshheading>
    <meshheading>
     <descriptorname majortopicyn="N">
      Self-Examination
     </descriptorname>
    </meshheading>
    <meshheading>
     <descriptorname majortopicyn="N">
      Skin Neoplasms
     </descriptorname>
     <qualifiername majortopicyn="N">
      epidemiology
     </qualifiername>
     <qualifiername majortopicyn="Y">
      psychology
     </qualifiername>
    </meshheading>
    <meshheading>
     <descriptorname majortopicyn="N">
      Time Factors
     </descriptorname>
    </meshheading>
   </meshheadinglist>
  </medlinecitation>
  <pubmeddata>
   <history>
    <pubmedpubdate pubstatus="pubmed">
     <year>
      1999
     </year>
     <month>
      10
     </month>
     <day>
      20
     </day>
    </pubmedpubdate>
    <pubmedpubdate pubstatus="medline">
     <year>
      1999
     </year>
     <month>
      10
     </month>
     <day>
      20
     </day>
     <hour>
      0
     </hour>
     <minute>
      1
     </minute>
    </pubmedpubdate>
    <pubmedpubdate pubstatus="entrez">
     <year>
      1999
     </year>
     <month>
      10
     </month>
     <day>
      20
     </day>
     <hour>
      0
     </hour>
     <minute>
      0
     </minute>
    </pubmedpubdate>
   </history>
   <publicationstatus>
    ppublish
   </publicationstatus>
   <articleidlist>
    <articleid idtype="pubmed">
     10527006
    </articleid>
    <articleid idtype="pii">
     S0895-4356(99)00083-9
    </articleid>
   </articleidlist>
  </pubmeddata>
 </pubmedarticle>
</pubmedarticleset>

