<?xml version='1.0' encoding='utf-8'?>
<!DOCTYPE PubmedArticleSet PUBLIC "-//NLM//DTD PubMedArticle, 1st January 2011//EN" "http://www.ncbi.nlm.nih.gov/entrez/query/DTD/pubmed_110101.dtd">
<pubmedarticleset>
 <pubmedarticle>
  <medlinecitation owner="NLM" status="MEDLINE">
   <pmid version="1">
    10540698
   </pmid>
   <datecreated>
    <year>
     1999
    </year>
    <month>
     11
    </month>
    <day>
     18
    </day>
   </datecreated>
   <datecompleted>
    <year>
     1999
    </year>
    <month>
     11
    </month>
    <day>
     18
    </day>
   </datecompleted>
   <daterevised>
    <year>
     2010
    </year>
    <month>
     09
    </month>
    <day>
     13
    </day>
   </daterevised>
   <article pubmodel="Print">
    <journal>
     <issn issntype="Print">
      0008-350X
     </issn>
     <journalissue citedmedium="Print">
      <volume>
       45
      </volume>
      <pubdate>
       <year>
        1999
       </year>
       <month>
        Oct
       </month>
      </pubdate>
     </journalissue>
     <title>
      Canadian family physician Médecin de famille canadien
     </title>
     <isoabbreviation>
      Can Fam Physician
     </isoabbreviation>
    </journal>
    <articletitle>
     Clinical effectiveness of pneumococcal vaccine. Meta-analysis.
    </articletitle>
    <pagination>
     <medlinepgn>
      2381-93
     </medlinepgn>
    </pagination>
    <abstract>
     <abstracttext label="OBJECTIVE" nlmcategory="OBJECTIVE">
      To determine the clinical effectiveness of pneumococcal vaccine.
     </abstracttext>
     <abstracttext label="DATA SOURCES" nlmcategory="METHODS">
      Computerized searches of MEDLINE, EMBASE, and SCISEARCH databases were performed, reference lists of retrieved articles were reviewed, and first authors of published studies were contacted.
     </abstracttext>
     <abstracttext label="STUDY SELECTION" nlmcategory="METHODS">
      Studies of use of pneumococcal vaccines in adults were included if the study design was a randomized or quasi-randomized controlled trial and at least one of the following clinical outcomes was reported: vaccine-type systemic pneumococcal infection, systemic pneumococcal infection, vaccine-type pneumococcal pneumonia, pneumococcal pneumonia, non-vaccine-type pneumococcal pneumonia.
     </abstracttext>
     <abstracttext label="SYNTHESIS" nlmcategory="RESULTS">
      Study quality was assessed and descriptive information concerning the study populations, interventions, and outcome measurements was extracted for 13 trials involving more than 65,000 patients. Estimates of vaccine efficacy, based on a meta-analysis of randomized and quasi-randomized trials, were determined for clinical outcomes.
     </abstracttext>
     <abstracttext label="CONCLUSIONS" nlmcategory="CONCLUSIONS">
      Vaccination with pneumococcal polysaccharide vaccine can be expected to reduce the risk of systemic infection due to pneumococcal types included in the vaccine by 83% and systemic infection due to all pneumococci by 73%. We found no evidence that the vaccine was less efficacious for the elderly, institutionalized people, or those with chronic disease.
     </abstracttext>
    </abstract>
    <affiliation>
     Department of Family Medicine, McMaster University in Hamilton, Ont. hutchb@fhs.mcmaster.ca
    </affiliation>
    <authorlist completeyn="Y">
     <author validyn="Y">
      <lastname>
       Hutchison
      </lastname>
      <forename>
       B G
      </forename>
      <initials>
       BG
      </initials>
     </author>
     <author validyn="Y">
      <lastname>
       Oxman
      </lastname>
      <forename>
       A D
      </forename>
      <initials>
       AD
      </initials>
     </author>
     <author validyn="Y">
      <lastname>
       Shannon
      </lastname>
      <forename>
       H S
      </forename>
      <initials>
       HS
      </initials>
     </author>
     <author validyn="Y">
      <lastname>
       Lloyd
      </lastname>
      <forename>
       S
      </forename>
      <initials>
       S
      </initials>
     </author>
     <author validyn="Y">
      <lastname>
       Altmayer
      </lastname>
      <forename>
       C A
      </forename>
      <initials>
       CA
      </initials>
     </author>
     <author validyn="Y">
      <lastname>
       Thomas
      </lastname>
      <forename>
       K
      </forename>
      <initials>
       K
      </initials>
     </author>
    </authorlist>
    <language>
     eng
    </language>
    <publicationtypelist>
     <publicationtype>
      Journal Article
     </publicationtype>
     <publicationtype>
      Meta-Analysis
     </publicationtype>
    </publicationtypelist>
   </article>
   <medlinejournalinfo>
    <country>
     CANADA
    </country>
    <medlineta>
     Can Fam Physician
    </medlineta>
    <nlmuniqueid>
     0120300
    </nlmuniqueid>
    <issnlinking>
     0008-350X
    </issnlinking>
   </medlinejournalinfo>
   <chemicallist>
    <chemical>
     <registrynumber>
      0
     </registrynumber>
     <nameofsubstance>
      Bacterial Vaccines
     </nameofsubstance>
    </chemical>
   </chemicallist>
   <citationsubset>
    IM
   </citationsubset>
   <commentscorrectionslist>
    <commentscorrections reftype="Cites">
     <refsource>
      J Infect Dis. 1975 Apr;131(4):474-84
     </refsource>
     <pmid version="1">
      234994
     </pmid>
    </commentscorrections>
    <commentscorrections reftype="Cites">
     <refsource>
      Ann Intern Med. 1970 Feb;72(2):183-7
     </refsource>
     <pmid version="1">
      5412485
     </pmid>
    </commentscorrections>
    <commentscorrections reftype="Cites">
     <refsource>
      J Exp Med. 1945 Nov 30;82(6):445-65
     </refsource>
     <pmid version="1">
      19871511
     </pmid>
    </commentscorrections>
    <commentscorrections reftype="Cites">
     <refsource>
      Clin Infect Dis. 1995 Aug;21 Suppl 1:S77-83
     </refsource>
     <pmid version="1">
      8547517
     </pmid>
    </commentscorrections>
    <commentscorrections reftype="Cites">
     <refsource>
      Can Commun Dis Rep. 1996 Nov 1;22(21):177-81
     </refsource>
     <pmid version="1">
      8972960
     </pmid>
    </commentscorrections>
    <commentscorrections reftype="Cites">
     <refsource>
      BMJ. 1996 Jun 15;312(7045):1521-5
     </refsource>
     <pmid version="1">
      8646147
     </pmid>
    </commentscorrections>
    <commentscorrections reftype="Cites">
     <refsource>
      Arch Intern Med. 1994 Feb 28;154(4):373-7
     </refsource>
     <pmid version="1">
      8117169
     </pmid>
    </commentscorrections>
    <commentscorrections reftype="Cites">
     <refsource>
      Arch Intern Med. 1994 Nov 28;154(22):2545-57
     </refsource>
     <pmid version="1">
      7979851
     </pmid>
    </commentscorrections>
    <commentscorrections reftype="Cites">
     <refsource>
      BMJ. 1995 Apr 22;310(6986):1060-2
     </refsource>
     <pmid version="1">
      7503844
     </pmid>
    </commentscorrections>
    <commentscorrections reftype="Cites">
     <refsource>
      Clin Infect Dis. 1995 May;20(5):1371-6
     </refsource>
     <pmid version="1">
      7620025
     </pmid>
    </commentscorrections>
    <commentscorrections reftype="Cites">
     <refsource>
      Arch Intern Med. 1994 Dec 12-26;154(23):2666-77
     </refsource>
     <pmid version="1">
      7993150
     </pmid>
    </commentscorrections>
    <commentscorrections reftype="Cites">
     <refsource>
      JAMA. 1994 Nov 2;272(17):1367-71
     </refsource>
     <pmid version="1">
      7933399
     </pmid>
    </commentscorrections>
    <commentscorrections reftype="Cites">
     <refsource>
      Semin Respir Infect. 1993 Dec;8(4):294-9
     </refsource>
     <pmid version="1">
      7938926
     </pmid>
    </commentscorrections>
    <commentscorrections reftype="Cites">
     <refsource>
      Semin Respir Infect. 1993 Dec;8(4):285-93
     </refsource>
     <pmid version="1">
      7938925
     </pmid>
    </commentscorrections>
    <commentscorrections reftype="Cites">
     <refsource>
      JAMA. 1993 Oct 20;270(15):1826-31
     </refsource>
     <pmid version="1">
      8411526
     </pmid>
    </commentscorrections>
    <commentscorrections reftype="Cites">
     <refsource>
      Aust N Z J Med. 1993 Jun;23(3):285-90
     </refsource>
     <pmid version="1">
      8352705
     </pmid>
    </commentscorrections>
    <commentscorrections reftype="Cites">
     <refsource>
      N Engl J Med. 1993 Apr 29;328(17):1252-8
     </refsource>
     <pmid version="1">
      8464436
     </pmid>
    </commentscorrections>
    <commentscorrections reftype="Cites">
     <refsource>
      Clin Geriatr Med. 1992 Nov;8(4):745-60
     </refsource>
     <pmid version="1">
      1423132
     </pmid>
    </commentscorrections>
    <commentscorrections reftype="Cites">
     <refsource>
      N Engl J Med. 1991 Nov 21;325(21):1453-60
     </refsource>
     <pmid version="1">
      1944423
     </pmid>
    </commentscorrections>
    <commentscorrections reftype="Cites">
     <refsource>
      Ann Intern Med. 1988 May;108(5):653-7
     </refsource>
     <pmid version="1">
      3358567
     </pmid>
    </commentscorrections>
    <commentscorrections reftype="Cites">
     <refsource>
      Rev Epidemiol Sante Publique. 1985;33(6):437-44
     </refsource>
     <pmid version="1">
      3914014
     </pmid>
    </commentscorrections>
    <commentscorrections reftype="Cites">
     <refsource>
      Chest. 1987 Aug;92(2):204-12
     </refsource>
     <pmid version="1">
      3608590
     </pmid>
    </commentscorrections>
    <commentscorrections reftype="Cites">
     <refsource>
      Am J Med. 1987 Sep;83(3):425-30
     </refsource>
     <pmid version="1">
      3661581
     </pmid>
    </commentscorrections>
    <commentscorrections reftype="Cites">
     <refsource>
      CMAJ. 1987 Feb 15;136(4):361-5
     </refsource>
     <pmid version="1">
      3545418
     </pmid>
    </commentscorrections>
    <commentscorrections reftype="Cites">
     <refsource>
      JAMA. 1987 May 8;257(18):2464-70
     </refsource>
     <pmid version="1">
      3106657
     </pmid>
    </commentscorrections>
    <commentscorrections reftype="Cites">
     <refsource>
      N Engl J Med. 1986 Nov 20;315(21):1318-27
     </refsource>
     <pmid version="1">
      3534568
     </pmid>
    </commentscorrections>
    <commentscorrections reftype="Cites">
     <refsource>
      J Infect Dis. 1987 Nov;156(5):732-5
     </refsource>
     <pmid version="1">
      3655402
     </pmid>
    </commentscorrections>
    <commentscorrections reftype="Cites">
     <refsource>
      Chest. 1987 Mar;91(3):436-43
     </refsource>
     <pmid version="1">
      3816320
     </pmid>
    </commentscorrections>
    <commentscorrections reftype="Cites">
     <refsource>
      Eur J Cancer Clin Oncol. 1986 Jul;22(7):807-13
     </refsource>
     <pmid version="1">
      3770039
     </pmid>
    </commentscorrections>
    <commentscorrections reftype="Cites">
     <refsource>
      Arch Intern Med. 1990 Jul;150(7):1401-5
     </refsource>
     <pmid version="1">
      2369239
     </pmid>
    </commentscorrections>
    <commentscorrections reftype="Cites">
     <refsource>
      Ann Intern Med. 1984 Sep;101(3):325-30
     </refsource>
     <pmid version="1">
      6380367
     </pmid>
    </commentscorrections>
    <commentscorrections reftype="Cites">
     <refsource>
      Rev Infect Dis. 1981 Mar-Apr;3 Suppl:S71-81
     </refsource>
     <pmid version="1">
      7280449
     </pmid>
    </commentscorrections>
    <commentscorrections reftype="Cites">
     <refsource>
      Trans Assoc Am Physicians. 1976;89:184-94
     </refsource>
     <pmid version="1">
      14433
     </pmid>
    </commentscorrections>
    <commentscorrections reftype="Cites">
     <refsource>
      Lancet. 1977 Jun 25;1(8026):1338-41
     </refsource>
     <pmid version="1">
      69058
     </pmid>
    </commentscorrections>
    <commentscorrections reftype="Cites">
     <refsource>
      J Infect Dis. 1977 Aug;136 Suppl:S38-42
     </refsource>
     <pmid version="1">
      19543
     </pmid>
    </commentscorrections>
    <commentscorrections reftype="Cites">
     <refsource>
      JAMA. 1977 Dec 12;238(24):2613-6
     </refsource>
     <pmid version="1">
      21973
     </pmid>
    </commentscorrections>
    <commentscorrections reftype="Cites">
     <refsource>
      Am Rev Respir Dis. 1971 Jun;103(6):845-8
     </refsource>
     <pmid version="1">
      4397407
     </pmid>
    </commentscorrections>
    <commentscorrections reftype="CommentIn">
     <refsource>
      Can Fam Physician. 1999 Oct;45:2271-2, 2275-7
     </refsource>
     <pmid version="1">
      10540680
     </pmid>
    </commentscorrections>
   </commentscorrectionslist>
   <meshheadinglist>
    <meshheading>
     <descriptorname majortopicyn="N">
      Adolescent
     </descriptorname>
    </meshheading>
    <meshheading>
     <descriptorname majortopicyn="N">
      Adult
     </descriptorname>
    </meshheading>
    <meshheading>
     <descriptorname majortopicyn="N">
      Age Factors
     </descriptorname>
    </meshheading>
    <meshheading>
     <descriptorname majortopicyn="N">
      Bacterial Vaccines
     </descriptorname>
     <qualifiername majortopicyn="Y">
      administration &amp; dosage
     </qualifiername>
    </meshheading>
    <meshheading>
     <descriptorname majortopicyn="N">
      Chronic Disease
     </descriptorname>
    </meshheading>
    <meshheading>
     <descriptorname majortopicyn="N">
      Humans
     </descriptorname>
    </meshheading>
    <meshheading>
     <descriptorname majortopicyn="N">
      Middle Aged
     </descriptorname>
    </meshheading>
    <meshheading>
     <descriptorname majortopicyn="N">
      Pneumococcal Infections
     </descriptorname>
     <qualifiername majortopicyn="N">
      immunology
     </qualifiername>
     <qualifiername majortopicyn="Y">
      prevention &amp; control
     </qualifiername>
    </meshheading>
    <meshheading>
     <descriptorname majortopicyn="N">
      Streptococcus pneumoniae
     </descriptorname>
     <qualifiername majortopicyn="N">
      pathogenicity
     </qualifiername>
    </meshheading>
    <meshheading>
     <descriptorname majortopicyn="Y">
      Vaccination
     </descriptorname>
    </meshheading>
   </meshheadinglist>
   <otherid source="NLM">
    PMC2328641
   </otherid>
  </medlinecitation>
  <pubmeddata>
   <history>
    <pubmedpubdate pubstatus="pubmed">
     <year>
      1999
     </year>
     <month>
      11
     </month>
     <day>
      30
     </day>
    </pubmedpubdate>
    <pubmedpubdate pubstatus="medline">
     <year>
      1999
     </year>
     <month>
      11
     </month>
     <day>
      30
     </day>
     <hour>
      0
     </hour>
     <minute>
      1
     </minute>
    </pubmedpubdate>
    <pubmedpubdate pubstatus="entrez">
     <year>
      1999
     </year>
     <month>
      11
     </month>
     <day>
      30
     </day>
     <hour>
      0
     </hour>
     <minute>
      0
     </minute>
    </pubmedpubdate>
   </history>
   <publicationstatus>
    ppublish
   </publicationstatus>
   <articleidlist>
    <articleid idtype="pubmed">
     10540698
    </articleid>
    <articleid idtype="pmc">
     PMC2328641
    </articleid>
   </articleidlist>
  </pubmeddata>
 </pubmedarticle>
</pubmedarticleset>

