<?xml version='1.0' encoding='utf-8'?>
<!DOCTYPE PubmedArticleSet PUBLIC "-//NLM//DTD PubMedArticle, 1st January 2011//EN" "http://www.ncbi.nlm.nih.gov/entrez/query/DTD/pubmed_110101.dtd">
<pubmedarticleset>
 <pubmedarticle>
  <medlinecitation owner="NLM" status="MEDLINE">
   <pmid version="1">
    10582925
   </pmid>
   <datecreated>
    <year>
     2000
    </year>
    <month>
     01
    </month>
    <day>
     14
    </day>
   </datecreated>
   <datecompleted>
    <year>
     2000
    </year>
    <month>
     01
    </month>
    <day>
     14
    </day>
   </datecompleted>
   <daterevised>
    <year>
     2009
    </year>
    <month>
     11
    </month>
    <day>
     18
    </day>
   </daterevised>
   <article pubmodel="Print">
    <journal>
     <issn issntype="Print">
      0959-8138
     </issn>
     <journalissue citedmedium="Print">
      <volume>
       319
      </volume>
      <issue>
       7223
      </issue>
      <pubdate>
       <year>
        1999
       </year>
       <month>
        Dec
       </month>
       <day>
        4
       </day>
      </pubdate>
     </journalissue>
     <title>
      BMJ (Clinical research ed.)
     </title>
     <isoabbreviation>
      BMJ
     </isoabbreviation>
    </journal>
    <articletitle>
     Babies sleeping with parents: case-control study of factors influencing the risk of the sudden infant death syndrome. CESDI SUDI research group.
    </articletitle>
    <pagination>
     <medlinepgn>
      1457-61
     </medlinepgn>
    </pagination>
    <abstract>
     <abstracttext label="OBJECTIVE" nlmcategory="OBJECTIVE">
      To investigate the risks of the sudden infant death syndrome and factors that may contribute to unsafe sleeping environments.
     </abstracttext>
     <abstracttext label="DESIGN" nlmcategory="METHODS">
      Three year, population based case-control study. Parental interviews were conducted for each sudden infant death and for four controls matched for age, locality, and time of sleep.
     </abstracttext>
     <abstracttext label="SETTING" nlmcategory="METHODS">
      Five regions in England with a total population of over 17 million people.
     </abstracttext>
     <abstracttext label="SUBJECTS" nlmcategory="METHODS">
      325 babies who died and 1300 control infants.
     </abstracttext>
     <abstracttext label="RESULTS" nlmcategory="RESULTS">
      In the multivariate analysis infants who shared their parents' bed and were then put back in their own cot had no increased risk (odds ratio 0.67; 95% confidence interval 0.22 to 2.00). There was an increased risk for infants who shared the bed for the whole sleep or were taken to and found in the parental bed (9.78; 4.02 to 23.83), infants who slept in a separate room from their parents (10.49; 4.26 to 25.81), and infants who shared a sofa (48.99; 5.04 to 475.60). The risk associated with being found in the parental bed was not significant for older infants (&gt;14 weeks) or for infants of parents who did not smoke and became non-significant after adjustment for recent maternal alcohol consumption (&gt;2 units), use of duvets (&gt;4 togs), parental tiredness (infant slept &lt;/=4 hours for longest sleep in previous 24 hours), and overcrowded housing conditions (&gt;2 people per room of the house).
     </abstracttext>
     <abstracttext label="CONCLUSIONS" nlmcategory="CONCLUSIONS">
      There are certain circumstances when bed sharing should be avoided, particularly for infants under four months old. Parents sleeping on a sofa with infants should always be avoided. There is no evidence that bed sharing is hazardous for infants of parents who do not smoke.
     </abstracttext>
    </abstract>
    <affiliation>
     Institute of Child Health, Royal Hospital for Children, St Michael's Hill, Bristol BS2 8BJ. p.s.blair@bris.ac.uk
    </affiliation>
    <authorlist completeyn="Y">
     <author validyn="Y">
      <lastname>
       Blair
      </lastname>
      <forename>
       P S
      </forename>
      <initials>
       PS
      </initials>
     </author>
     <author validyn="Y">
      <lastname>
       Fleming
      </lastname>
      <forename>
       P J
      </forename>
      <initials>
       PJ
      </initials>
     </author>
     <author validyn="Y">
      <lastname>
       Smith
      </lastname>
      <forename>
       I J
      </forename>
      <initials>
       IJ
      </initials>
     </author>
     <author validyn="Y">
      <lastname>
       Platt
      </lastname>
      <forename>
       M W
      </forename>
      <initials>
       MW
      </initials>
     </author>
     <author validyn="Y">
      <lastname>
       Young
      </lastname>
      <forename>
       J
      </forename>
      <initials>
       J
      </initials>
     </author>
     <author validyn="Y">
      <lastname>
       Nadin
      </lastname>
      <forename>
       P
      </forename>
      <initials>
       P
      </initials>
     </author>
     <author validyn="Y">
      <lastname>
       Berry
      </lastname>
      <forename>
       P J
      </forename>
      <initials>
       PJ
      </initials>
     </author>
     <author validyn="Y">
      <lastname>
       Golding
      </lastname>
      <forename>
       J
      </forename>
      <initials>
       J
      </initials>
     </author>
    </authorlist>
    <language>
     eng
    </language>
    <publicationtypelist>
     <publicationtype>
      Journal Article
     </publicationtype>
     <publicationtype>
      Research Support, Non-U.S. Gov't
     </publicationtype>
    </publicationtypelist>
   </article>
   <medlinejournalinfo>
    <country>
     ENGLAND
    </country>
    <medlineta>
     BMJ
    </medlineta>
    <nlmuniqueid>
     8900488
    </nlmuniqueid>
    <issnlinking>
     0959-535X
    </issnlinking>
   </medlinejournalinfo>
   <citationsubset>
    AIM
   </citationsubset>
   <citationsubset>
    IM
   </citationsubset>
   <commentscorrectionslist>
    <commentscorrections reftype="Cites">
     <refsource>
      Arch Dis Child. 1999 Aug;81(2):112-6
     </refsource>
     <pmid version="1">
      10490514
     </pmid>
    </commentscorrections>
    <commentscorrections reftype="Cites">
     <refsource>
      J Forensic Sci. 1978 Apr;23(2):379-83
     </refsource>
     <pmid version="1">
      122750
     </pmid>
    </commentscorrections>
    <commentscorrections reftype="Cites">
     <refsource>
      Ann Med. 1998 Aug;30(4):345-9
     </refsource>
     <pmid version="1">
      9783832
     </pmid>
    </commentscorrections>
    <commentscorrections reftype="Cites">
     <refsource>
      Eur J Pediatr. 1998 Aug;157(8):681-8
     </refsource>
     <pmid version="1">
      9727856
     </pmid>
    </commentscorrections>
    <commentscorrections reftype="Cites">
     <refsource>
      J Perinatol. 1991 Sep;11(3):216-26
     </refsource>
     <pmid version="1">
      1919818
     </pmid>
    </commentscorrections>
    <commentscorrections reftype="Cites">
     <refsource>
      J Perinatol. 1991 Mar;11(1):19-24
     </refsource>
     <pmid version="1">
      2037883
     </pmid>
    </commentscorrections>
    <commentscorrections reftype="Cites">
     <refsource>
      BMJ. 1989 Mar 18;298(6675):721
     </refsource>
     <pmid version="1">
      2496820
     </pmid>
    </commentscorrections>
    <commentscorrections reftype="Cites">
     <refsource>
      Lancet. 1989 Jan 28;1(8631):199-201
     </refsource>
     <pmid version="1">
      2563105
     </pmid>
    </commentscorrections>
    <commentscorrections reftype="Cites">
     <refsource>
      Lancet. 1985 Dec 14;2(8468):1346-9
     </refsource>
     <pmid version="1">
      2866397
     </pmid>
    </commentscorrections>
    <commentscorrections reftype="Cites">
     <refsource>
      N Engl J Med. 1986 Jul 10;315(2):100-5
     </refsource>
     <pmid version="1">
      3724796
     </pmid>
    </commentscorrections>
    <commentscorrections reftype="Cites">
     <refsource>
      Forensic Sci Int. 1986 Feb-Mar;30(2-3):219-33
     </refsource>
     <pmid version="1">
      3957194
     </pmid>
    </commentscorrections>
    <commentscorrections reftype="Cites">
     <refsource>
      BMJ. 1995 Nov 11;311(7015):1269-72
     </refsource>
     <pmid version="1">
      7496236
     </pmid>
    </commentscorrections>
    <commentscorrections reftype="Cites">
     <refsource>
      Early Hum Dev. 1994 Sep 15;38(3):187-201
     </refsource>
     <pmid version="1">
      7821263
     </pmid>
    </commentscorrections>
    <commentscorrections reftype="Cites">
     <refsource>
      J Behav Med. 1993 Dec;16(6):589-610
     </refsource>
     <pmid version="1">
      8126714
     </pmid>
    </commentscorrections>
    <commentscorrections reftype="Cites">
     <refsource>
      Arch Dis Child. 1993 Dec;69(6):664-6
     </refsource>
     <pmid version="1">
      8285779
     </pmid>
    </commentscorrections>
    <commentscorrections reftype="Cites">
     <refsource>
      BMJ. 1993 Jan 2;306(6869):13-6
     </refsource>
     <pmid version="1">
      8435568
     </pmid>
    </commentscorrections>
    <commentscorrections reftype="Cites">
     <refsource>
      N Z Med J. 1996 Apr 26;109(1020):144-6
     </refsource>
     <pmid version="1">
      8649671
     </pmid>
    </commentscorrections>
    <commentscorrections reftype="Cites">
     <refsource>
      BMJ. 1996 Jul 27;313(7051):191-5
     </refsource>
     <pmid version="1">
      8696193
     </pmid>
    </commentscorrections>
    <commentscorrections reftype="CommentIn">
     <refsource>
      BMJ. 2000 Oct 21;321(7267):1019; author reply 1020
     </refsource>
     <pmid version="1">
      11203210
     </pmid>
    </commentscorrections>
    <commentscorrections reftype="CommentIn">
     <refsource>
      BMJ. 2000 Oct 21;321(7267):1019; author reply 1020
     </refsource>
     <pmid version="1">
      11039984
     </pmid>
    </commentscorrections>
    <commentscorrections reftype="CommentIn">
     <refsource>
      BMJ. 2000 Oct 21;321(7267):1019-20
     </refsource>
     <pmid version="1">
      11203209
     </pmid>
    </commentscorrections>
   </commentscorrectionslist>
   <meshheadinglist>
    <meshheading>
     <descriptorname majortopicyn="Y">
      Beds
     </descriptorname>
    </meshheading>
    <meshheading>
     <descriptorname majortopicyn="N">
      Case-Control Studies
     </descriptorname>
    </meshheading>
    <meshheading>
     <descriptorname majortopicyn="N">
      Crowding
     </descriptorname>
    </meshheading>
    <meshheading>
     <descriptorname majortopicyn="N" type="Geographic">
      England
     </descriptorname>
     <qualifiername majortopicyn="N">
      epidemiology
     </qualifiername>
    </meshheading>
    <meshheading>
     <descriptorname majortopicyn="N">
      Humans
     </descriptorname>
    </meshheading>
    <meshheading>
     <descriptorname majortopicyn="N">
      Infant
     </descriptorname>
    </meshheading>
    <meshheading>
     <descriptorname majortopicyn="N">
      Infant, Newborn
     </descriptorname>
    </meshheading>
    <meshheading>
     <descriptorname majortopicyn="N">
      Population Surveillance
     </descriptorname>
    </meshheading>
    <meshheading>
     <descriptorname majortopicyn="N">
      Risk Factors
     </descriptorname>
    </meshheading>
    <meshheading>
     <descriptorname majortopicyn="Y">
      Sleep
     </descriptorname>
    </meshheading>
    <meshheading>
     <descriptorname majortopicyn="N">
      Sudden Infant Death
     </descriptorname>
     <qualifiername majortopicyn="N">
      epidemiology
     </qualifiername>
     <qualifiername majortopicyn="Y">
      etiology
     </qualifiername>
    </meshheading>
   </meshheadinglist>
   <otherid source="NLM">
    PMC28288
   </otherid>
  </medlinecitation>
  <pubmeddata>
   <history>
    <pubmedpubdate pubstatus="pubmed">
     <year>
      1999
     </year>
     <month>
      12
     </month>
     <day>
      3
     </day>
    </pubmedpubdate>
    <pubmedpubdate pubstatus="medline">
     <year>
      1999
     </year>
     <month>
      12
     </month>
     <day>
      3
     </day>
     <hour>
      0
     </hour>
     <minute>
      1
     </minute>
    </pubmedpubdate>
    <pubmedpubdate pubstatus="entrez">
     <year>
      1999
     </year>
     <month>
      12
     </month>
     <day>
      3
     </day>
     <hour>
      0
     </hour>
     <minute>
      0
     </minute>
    </pubmedpubdate>
   </history>
   <publicationstatus>
    ppublish
   </publicationstatus>
   <articleidlist>
    <articleid idtype="pubmed">
     10582925
    </articleid>
    <articleid idtype="pmc">
     PMC28288
    </articleid>
   </articleidlist>
  </pubmeddata>
 </pubmedarticle>
</pubmedarticleset>

