<?xml version='1.0' encoding='utf-8'?>
<!DOCTYPE PubmedArticleSet PUBLIC "-//NLM//DTD PubMedArticle, 1st January 2011//EN" "http://www.ncbi.nlm.nih.gov/entrez/query/DTD/pubmed_110101.dtd">
<pubmedarticleset>
 <pubmedarticle>
  <medlinecitation owner="NLM" status="MEDLINE">
   <pmid version="1">
    10613168
   </pmid>
   <datecreated>
    <year>
     2000
    </year>
    <month>
     01
    </month>
    <day>
     18
    </day>
   </datecreated>
   <datecompleted>
    <year>
     2000
    </year>
    <month>
     01
    </month>
    <day>
     18
    </day>
   </datecompleted>
   <daterevised>
    <year>
     2005
    </year>
    <month>
     03
    </month>
    <day>
     03
    </day>
   </daterevised>
   <article pubmodel="Print">
    <journal>
     <issn issntype="Print">
      0009-921X
     </issn>
     <journalissue citedmedium="Print">
      <issue>
       368
      </issue>
      <pubdate>
       <year>
        1999
       </year>
       <month>
        Nov
       </month>
      </pubdate>
     </journalissue>
     <title>
      Clinical orthopaedics and related research
     </title>
     <isoabbreviation>
      Clin. Orthop. Relat. Res.
     </isoabbreviation>
    </journal>
    <articletitle>
     Night splint treatment for plantar fasciitis. A prospective randomized study.
    </articletitle>
    <pagination>
     <medlinepgn>
      190-5
     </medlinepgn>
    </pagination>
    <abstract>
     <abstracttext>
      A prospective randomized study of 116 patients with plantar fasciitis was performed to determine the effectiveness of adjuvant night splint therapy in relieving the acute symptoms of plantar fasciitis. Patients were randomized into one of two groups. Patients in Group 1 were treated with 1 month of oral antiinflammatory medication, Achilles stretching exercises, and shoe recommendations. Patients in Group 2 received identical treatment but also used a dorsiflexion night splint for 3 months. Blinded clinical review of patients was performed at 4, 6, and 12 weeks. Health status data Short Form 36 also was collected at these times and again at an average 19 months of followup. Overall, 68% of patients reported improvement with this nonoperative protocol for a 12-week period. No statistical difference was seen with the presence or absence of a night splint. In addition, no differences in improvement rates were observed with gender, duration of antecedent symptoms, the presence of bilateral symptoms, or the presence of a heel spur. Age older than 45 years did prove to be a statistically significant poor prognostic factor for improvement at the 12-week follow-up. Short Form 36 data obtained at baseline showed significantly lowered perception of health when compared with age matched controls. Patients in both treatment groups had significant improvement in Short Form 36 scores with 12 weeks of conservative care.
     </abstracttext>
    </abstract>
    <affiliation>
     Department of Orthopedics, Scott &amp; White Clinic, Temple, TX 76508, USA.
    </affiliation>
    <authorlist completeyn="Y">
     <author validyn="Y">
      <lastname>
       Probe
      </lastname>
      <forename>
       R A
      </forename>
      <initials>
       RA
      </initials>
     </author>
     <author validyn="Y">
      <lastname>
       Baca
      </lastname>
      <forename>
       M
      </forename>
      <initials>
       M
      </initials>
     </author>
     <author validyn="Y">
      <lastname>
       Adams
      </lastname>
      <forename>
       R
      </forename>
      <initials>
       R
      </initials>
     </author>
     <author validyn="Y">
      <lastname>
       Preece
      </lastname>
      <forename>
       C
      </forename>
      <initials>
       C
      </initials>
     </author>
    </authorlist>
    <language>
     eng
    </language>
    <publicationtypelist>
     <publicationtype>
      Clinical Trial
     </publicationtype>
     <publicationtype>
      Journal Article
     </publicationtype>
     <publicationtype>
      Randomized Controlled Trial
     </publicationtype>
    </publicationtypelist>
   </article>
   <medlinejournalinfo>
    <country>
     UNITED STATES
    </country>
    <medlineta>
     Clin Orthop Relat Res
    </medlineta>
    <nlmuniqueid>
     0075674
    </nlmuniqueid>
    <issnlinking>
     0009-921X
    </issnlinking>
   </medlinejournalinfo>
   <citationsubset>
    AIM
   </citationsubset>
   <citationsubset>
    IM
   </citationsubset>
   <meshheadinglist>
    <meshheading>
     <descriptorname majortopicyn="N">
      Fasciitis
     </descriptorname>
     <qualifiername majortopicyn="Y">
      therapy
     </qualifiername>
    </meshheading>
    <meshheading>
     <descriptorname majortopicyn="N">
      Female
     </descriptorname>
    </meshheading>
    <meshheading>
     <descriptorname majortopicyn="N">
      Foot Diseases
     </descriptorname>
     <qualifiername majortopicyn="Y">
      therapy
     </qualifiername>
    </meshheading>
    <meshheading>
     <descriptorname majortopicyn="N">
      Health Status Indicators
     </descriptorname>
    </meshheading>
    <meshheading>
     <descriptorname majortopicyn="N">
      Humans
     </descriptorname>
    </meshheading>
    <meshheading>
     <descriptorname majortopicyn="N">
      Male
     </descriptorname>
    </meshheading>
    <meshheading>
     <descriptorname majortopicyn="N">
      Prospective Studies
     </descriptorname>
    </meshheading>
    <meshheading>
     <descriptorname majortopicyn="N">
      Single-Blind Method
     </descriptorname>
    </meshheading>
    <meshheading>
     <descriptorname majortopicyn="Y">
      Splints
     </descriptorname>
    </meshheading>
    <meshheading>
     <descriptorname majortopicyn="N">
      Treatment Outcome
     </descriptorname>
    </meshheading>
   </meshheadinglist>
  </medlinecitation>
  <pubmeddata>
   <history>
    <pubmedpubdate pubstatus="pubmed">
     <year>
      1999
     </year>
     <month>
      12
     </month>
     <day>
      29
     </day>
    </pubmedpubdate>
    <pubmedpubdate pubstatus="medline">
     <year>
      1999
     </year>
     <month>
      12
     </month>
     <day>
      29
     </day>
     <hour>
      0
     </hour>
     <minute>
      1
     </minute>
    </pubmedpubdate>
    <pubmedpubdate pubstatus="entrez">
     <year>
      1999
     </year>
     <month>
      12
     </month>
     <day>
      29
     </day>
     <hour>
      0
     </hour>
     <minute>
      0
     </minute>
    </pubmedpubdate>
   </history>
   <publicationstatus>
    ppublish
   </publicationstatus>
   <articleidlist>
    <articleid idtype="pubmed">
     10613168
    </articleid>
   </articleidlist>
  </pubmeddata>
 </pubmedarticle>
</pubmedarticleset>

