<?xml version='1.0' encoding='utf-8'?>
<!DOCTYPE PubmedArticleSet PUBLIC "-//NLM//DTD PubMedArticle, 1st January 2011//EN" "http://www.ncbi.nlm.nih.gov/entrez/query/DTD/pubmed_110101.dtd">
<pubmedarticleset>
 <pubmedarticle>
  <medlinecitation owner="NLM" status="MEDLINE">
   <pmid version="1">
    10687833
   </pmid>
   <datecreated>
    <year>
     2000
    </year>
    <month>
     03
    </month>
    <day>
     09
    </day>
   </datecreated>
   <datecompleted>
    <year>
     2000
    </year>
    <month>
     03
    </month>
    <day>
     09
    </day>
   </datecompleted>
   <daterevised>
    <year>
     2007
    </year>
    <month>
     11
    </month>
    <day>
     15
    </day>
   </daterevised>
   <article pubmodel="Print">
    <journal>
     <issn issntype="Print">
      0020-7292
     </issn>
     <journalissue citedmedium="Print">
      <volume>
       68
      </volume>
      <issue>
       1
      </issue>
      <pubdate>
       <year>
        2000
       </year>
       <month>
        Jan
       </month>
      </pubdate>
     </journalissue>
     <title>
      International journal of gynaecology and obstetrics: the official organ of the International Federation of Gynaecology and Obstetrics
     </title>
     <isoabbreviation>
      Int J Gynaecol Obstet
     </isoabbreviation>
    </journal>
    <articletitle>
     Treatment outcomes for squamous intraepithelial lesions.
    </articletitle>
    <pagination>
     <medlinepgn>
      25-33
     </medlinepgn>
    </pagination>
    <abstract>
     <abstracttext label="OBJECTIVE" nlmcategory="OBJECTIVE">
      To assess the effectiveness of cone biopsy, cryotherapy, laser ablation and the loop electrosurgical procedure in the treatment of squamous intraepithelial lesions.
     </abstracttext>
     <abstracttext label="METHOD" nlmcategory="METHODS">
      Systematic review of randomized controlled trials in subjects who underwent treatment of low- and high-grade squamous intraepithelial lesions with these modalities. Main outcome measures included the following: percent resolution and persistence of a lesion and notable complications for each procedure.
     </abstracttext>
     <abstracttext label="RESULT" nlmcategory="RESULTS">
      Pooled rates of resolution for low-grade, high-grade, or combined squamous intraepithelial lesions were similar across the different treatment modalities (range 85.2-94.7%), with substantial overlap among the 95% confidence intervals. Significant hemorrhage occurred most frequently in subjects who received cone biopsy (4.6%) (95% CI: 2.15, 6.99), followed by laser ablation (1.75%) (95% CI: 0.70, 2.81), and LEEP (1.35%) (95% CI: 0.24, 2.47). No hemorrhages were reported among subjects who received cryotherapy. Study sample sizes were relatively small. There were no reported cases of progression to invasive cancer, but duration of follow-up (median follow-up time for all eligible studies = 12 months) was not sufficient to evaluate long-term outcomes.
     </abstracttext>
     <abstracttext label="CONCLUSIONS" nlmcategory="CONCLUSIONS">
      There were no substantive differences in outcomes regarding persistence and resolution in the treatment of squamous intraepithelial lesions for subjects receiving cone biopsy, cryotherapy, laser ablation, or LEEP.
     </abstracttext>
    </abstract>
    <affiliation>
     Department of Family and Community Medicine, University of California, Davis, Sacramento, USA. jim.nuovo@ucdmc.ucdavis.edu
    </affiliation>
    <authorlist completeyn="Y">
     <author validyn="Y">
      <lastname>
       Nuovo
      </lastname>
      <forename>
       J
      </forename>
      <initials>
       J
      </initials>
     </author>
     <author validyn="Y">
      <lastname>
       Melnikow
      </lastname>
      <forename>
       J
      </forename>
      <initials>
       J
      </initials>
     </author>
     <author validyn="Y">
      <lastname>
       Willan
      </lastname>
      <forename>
       A R
      </forename>
      <initials>
       AR
      </initials>
     </author>
     <author validyn="Y">
      <lastname>
       Chan
      </lastname>
      <forename>
       B K
      </forename>
      <initials>
       BK
      </initials>
     </author>
    </authorlist>
    <language>
     eng
    </language>
    <grantlist completeyn="Y">
     <grant>
      <grantid>
       R01-CA70104-0
      </grantid>
      <acronym>
       CA
      </acronym>
      <agency>
       NCI NIH HHS
      </agency>
      <country>
       United States
      </country>
     </grant>
    </grantlist>
    <publicationtypelist>
     <publicationtype>
      Journal Article
     </publicationtype>
     <publicationtype>
      Meta-Analysis
     </publicationtype>
     <publicationtype>
      Research Support, U.S. Gov't, P.H.S.
     </publicationtype>
    </publicationtypelist>
   </article>
   <medlinejournalinfo>
    <country>
     IRELAND
    </country>
    <medlineta>
     Int J Gynaecol Obstet
    </medlineta>
    <nlmuniqueid>
     0210174
    </nlmuniqueid>
    <issnlinking>
     0020-7292
    </issnlinking>
   </medlinejournalinfo>
   <citationsubset>
    IM
   </citationsubset>
   <meshheadinglist>
    <meshheading>
     <descriptorname majortopicyn="N">
      Biopsy
     </descriptorname>
    </meshheading>
    <meshheading>
     <descriptorname majortopicyn="N">
      Cervical Intraepithelial Neoplasia
     </descriptorname>
     <qualifiername majortopicyn="Y">
      therapy
     </qualifiername>
    </meshheading>
    <meshheading>
     <descriptorname majortopicyn="N">
      Cryotherapy
     </descriptorname>
    </meshheading>
    <meshheading>
     <descriptorname majortopicyn="N">
      Female
     </descriptorname>
    </meshheading>
    <meshheading>
     <descriptorname majortopicyn="N">
      Humans
     </descriptorname>
    </meshheading>
    <meshheading>
     <descriptorname majortopicyn="N">
      Laser Therapy
     </descriptorname>
    </meshheading>
    <meshheading>
     <descriptorname majortopicyn="N">
      Treatment Outcome
     </descriptorname>
    </meshheading>
    <meshheading>
     <descriptorname majortopicyn="N">
      Uterine Cervical Neoplasms
     </descriptorname>
     <qualifiername majortopicyn="N">
      surgery
     </qualifiername>
     <qualifiername majortopicyn="Y">
      therapy
     </qualifiername>
    </meshheading>
    <meshheading>
     <descriptorname majortopicyn="N">
      Uterine Hemorrhage
     </descriptorname>
     <qualifiername majortopicyn="N">
      etiology
     </qualifiername>
    </meshheading>
   </meshheadinglist>
  </medlinecitation>
  <pubmeddata>
   <history>
    <pubmedpubdate pubstatus="pubmed">
     <year>
      2000
     </year>
     <month>
      2
     </month>
     <day>
      25
     </day>
     <hour>
      9
     </hour>
     <minute>
      0
     </minute>
    </pubmedpubdate>
    <pubmedpubdate pubstatus="medline">
     <year>
      2000
     </year>
     <month>
      3
     </month>
     <day>
      11
     </day>
     <hour>
      9
     </hour>
     <minute>
      0
     </minute>
    </pubmedpubdate>
    <pubmedpubdate pubstatus="entrez">
     <year>
      2000
     </year>
     <month>
      2
     </month>
     <day>
      25
     </day>
     <hour>
      9
     </hour>
     <minute>
      0
     </minute>
    </pubmedpubdate>
   </history>
   <publicationstatus>
    ppublish
   </publicationstatus>
   <articleidlist>
    <articleid idtype="pubmed">
     10687833
    </articleid>
    <articleid idtype="pii">
     S0020-7292(99)00162-9
    </articleid>
   </articleidlist>
  </pubmeddata>
 </pubmedarticle>
</pubmedarticleset>

