<?xml version='1.0' encoding='utf-8'?>
<!DOCTYPE PubmedArticleSet PUBLIC "-//NLM//DTD PubMedArticle, 1st January 2011//EN" "http://www.ncbi.nlm.nih.gov/entrez/query/DTD/pubmed_110101.dtd">
<pubmedarticleset>
 <pubmedarticle>
  <medlinecitation owner="NLM" status="MEDLINE">
   <pmid version="1">
    10696941
   </pmid>
   <datecreated>
    <year>
     2000
    </year>
    <month>
     03
    </month>
    <day>
     15
    </day>
   </datecreated>
   <datecompleted>
    <year>
     2000
    </year>
    <month>
     03
    </month>
    <day>
     15
    </day>
   </datecompleted>
   <daterevised>
    <year>
     2004
    </year>
    <month>
     11
    </month>
    <day>
     17
    </day>
   </daterevised>
   <article pubmodel="Print">
    <journal>
     <issn issntype="Print">
      0004-8682
     </issn>
     <journalissue citedmedium="Print">
      <volume>
       70
      </volume>
      <issue>
       1
      </issue>
      <pubdate>
       <year>
        2000
       </year>
       <month>
        Jan
       </month>
      </pubdate>
     </journalissue>
     <title>
      The Australian and New Zealand journal of surgery
     </title>
     <isoabbreviation>
      Aust N Z J Surg
     </isoabbreviation>
    </journal>
    <articletitle>
     A protocol of early spiral computed tomography for the detection of stones in patients with renal colic has reduced the time to diagnosis and overall management costs.
    </articletitle>
    <pagination>
     <medlinepgn>
      39-42
     </medlinepgn>
    </pagination>
    <abstract>
     <abstracttext label="BACKGROUND" nlmcategory="BACKGROUND">
      The recent use of spiral computed tomography (CT) without contrast for the diagnosis of acute flank pain has been shown to be highly sensitive and specific for the detection of urolithiasis. This method has not, however, been evaluated for its contribution to savings in management costs. The present study aims to evaluate the cost savings gained by instituting a protocol of early spiral CT to investigate these patients.
     </abstracttext>
     <abstracttext label="METHODS" nlmcategory="METHODS">
      The records of 200 patients presenting to the Accident and Emergency Department (A&amp;E) with acute flank pain during two periods were retrospectively reviewed. The first period was before the spiral CT protocol was instituted and the second was after. Cost analyses between the two periods were performed.
     </abstracttext>
     <abstracttext label="RESULTS" nlmcategory="RESULTS">
      After the spiral CT protocol, 72 versus 31 patients had a definitive diagnosis prior to discharge from hospital. The time taken to diagnosis was also significantly shorter after the protocol implementation (6.3 vs. 16.8 h). This resulted in a shorter time spent in the A&amp;E, and hence bed cost savings. Radiological costs were reduced by 22%, but the major cost saving was made by a reduction in time spent in A&amp;E (44%).
     </abstracttext>
     <abstracttext label="CONCLUSIONS" nlmcategory="CONCLUSIONS">
      The implementation of a protocol of early spiral CT for patients with suspected renal colic has led to earlier definitive diagnosis and shorter hospital stays. This is associated with a significant reduction in costs associated with managing this condition.
     </abstracttext>
    </abstract>
    <affiliation>
     Department of Urology, Royal North Shore Hospital, St Leonards, New South Wales, Australia. patel@rivernet.com.au
    </affiliation>
    <authorlist completeyn="Y">
     <author validyn="Y">
      <lastname>
       Patel
      </lastname>
      <forename>
       M
      </forename>
      <initials>
       M
      </initials>
     </author>
     <author validyn="Y">
      <lastname>
       Han
      </lastname>
      <forename>
       S S
      </forename>
      <initials>
       SS
      </initials>
     </author>
     <author validyn="Y">
      <lastname>
       Vaux
      </lastname>
      <forename>
       K
      </forename>
      <initials>
       K
      </initials>
     </author>
     <author validyn="Y">
      <lastname>
       Saalfeld
      </lastname>
      <forename>
       J
      </forename>
      <initials>
       J
      </initials>
     </author>
     <author validyn="Y">
      <lastname>
       Alexander
      </lastname>
      <forename>
       J H
      </forename>
      <initials>
       JH
      </initials>
     </author>
    </authorlist>
    <language>
     eng
    </language>
    <publicationtypelist>
     <publicationtype>
      Journal Article
     </publicationtype>
    </publicationtypelist>
   </article>
   <medlinejournalinfo>
    <country>
     AUSTRALIA
    </country>
    <medlineta>
     Aust N Z J Surg
    </medlineta>
    <nlmuniqueid>
     0373115
    </nlmuniqueid>
    <issnlinking>
     0004-8682
    </issnlinking>
   </medlinejournalinfo>
   <citationsubset>
    IM
   </citationsubset>
   <meshheadinglist>
    <meshheading>
     <descriptorname majortopicyn="N">
      Adult
     </descriptorname>
    </meshheading>
    <meshheading>
     <descriptorname majortopicyn="N">
      Aged
     </descriptorname>
    </meshheading>
    <meshheading>
     <descriptorname majortopicyn="N">
      Aged, 80 and over
     </descriptorname>
    </meshheading>
    <meshheading>
     <descriptorname majortopicyn="N">
      Colic
     </descriptorname>
     <qualifiername majortopicyn="N">
      complications
     </qualifiername>
     <qualifiername majortopicyn="Y">
      radiography
     </qualifiername>
    </meshheading>
    <meshheading>
     <descriptorname majortopicyn="N">
      Costs and Cost Analysis
     </descriptorname>
    </meshheading>
    <meshheading>
     <descriptorname majortopicyn="N">
      Female
     </descriptorname>
    </meshheading>
    <meshheading>
     <descriptorname majortopicyn="N">
      Hospitalization
     </descriptorname>
     <qualifiername majortopicyn="N">
      economics
     </qualifiername>
    </meshheading>
    <meshheading>
     <descriptorname majortopicyn="N">
      Humans
     </descriptorname>
    </meshheading>
    <meshheading>
     <descriptorname majortopicyn="N">
      Kidney Diseases
     </descriptorname>
     <qualifiername majortopicyn="N">
      complications
     </qualifiername>
     <qualifiername majortopicyn="Y">
      radiography
     </qualifiername>
    </meshheading>
    <meshheading>
     <descriptorname majortopicyn="N">
      Male
     </descriptorname>
    </meshheading>
    <meshheading>
     <descriptorname majortopicyn="N">
      Middle Aged
     </descriptorname>
    </meshheading>
    <meshheading>
     <descriptorname majortopicyn="N">
      Retrospective Studies
     </descriptorname>
    </meshheading>
    <meshheading>
     <descriptorname majortopicyn="N">
      Sensitivity and Specificity
     </descriptorname>
    </meshheading>
    <meshheading>
     <descriptorname majortopicyn="N">
      Tomography, X-Ray Computed
     </descriptorname>
     <qualifiername majortopicyn="Y">
      economics
     </qualifiername>
    </meshheading>
    <meshheading>
     <descriptorname majortopicyn="N">
      Urinary Calculi
     </descriptorname>
     <qualifiername majortopicyn="Y">
      radiography
     </qualifiername>
    </meshheading>
   </meshheadinglist>
  </medlinecitation>
  <pubmeddata>
   <history>
    <pubmedpubdate pubstatus="pubmed">
     <year>
      2000
     </year>
     <month>
      3
     </month>
     <day>
      4
     </day>
     <hour>
      9
     </hour>
     <minute>
      0
     </minute>
    </pubmedpubdate>
    <pubmedpubdate pubstatus="medline">
     <year>
      2000
     </year>
     <month>
      3
     </month>
     <day>
      18
     </day>
     <hour>
      9
     </hour>
     <minute>
      0
     </minute>
    </pubmedpubdate>
    <pubmedpubdate pubstatus="entrez">
     <year>
      2000
     </year>
     <month>
      3
     </month>
     <day>
      4
     </day>
     <hour>
      9
     </hour>
     <minute>
      0
     </minute>
    </pubmedpubdate>
   </history>
   <publicationstatus>
    ppublish
   </publicationstatus>
   <articleidlist>
    <articleid idtype="pubmed">
     10696941
    </articleid>
   </articleidlist>
  </pubmeddata>
 </pubmedarticle>
</pubmedarticleset>

