<?xml version='1.0' encoding='utf-8'?>
<!DOCTYPE PubmedArticleSet PUBLIC "-//NLM//DTD PubMedArticle, 1st January 2011//EN" "http://www.ncbi.nlm.nih.gov/entrez/query/DTD/pubmed_110101.dtd">
<pubmedarticleset>
 <pubmedarticle>
  <medlinecitation owner="NLM" status="MEDLINE">
   <pmid version="1">
    10714731
   </pmid>
   <datecreated>
    <year>
     2000
    </year>
    <month>
     03
    </month>
    <day>
     16
    </day>
   </datecreated>
   <datecompleted>
    <year>
     2000
    </year>
    <month>
     03
    </month>
    <day>
     16
    </day>
   </datecompleted>
   <daterevised>
    <year>
     2007
    </year>
    <month>
     11
    </month>
    <day>
     15
    </day>
   </daterevised>
   <article pubmodel="Print">
    <journal>
     <issn issntype="Print">
      0098-7484
     </issn>
     <journalissue citedmedium="Print">
      <volume>
       283
      </volume>
      <issue>
       10
      </issue>
      <pubdate>
       <year>
        2000
       </year>
       <month>
        Mar
       </month>
       <day>
        8
       </day>
      </pubdate>
     </journalissue>
     <title>
      JAMA : the journal of the American Medical Association
     </title>
     <isoabbreviation>
      JAMA
     </isoabbreviation>
    </journal>
    <articletitle>
     Monitoring osteoporosis therapy with bone densitometry: misleading changes and regression to the mean. Fracture Intervention Trial Research Group.
    </articletitle>
    <pagination>
     <medlinepgn>
      1318-21
     </medlinepgn>
    </pagination>
    <abstract>
     <abstracttext label="CONTEXT" nlmcategory="BACKGROUND">
      The principle of "regression to the mean" predicts that patients with unusual responses to treatment might represent outliers who are likely to have more typical responses if treatment is continued without change.
     </abstracttext>
     <abstracttext label="OBJECTIVE" nlmcategory="OBJECTIVE">
      To test whether women who lose bone mineral density (BMD) during the first year of treatment for osteoporosis continue to lose BMD if the same treatment is continued beyond 1 year.
     </abstracttext>
     <abstracttext label="DESIGN AND SETTING" nlmcategory="METHODS">
      Two randomized, double-blind, placebo-controlled trials in 11 US clinical research centers for the Fracture Intervention Trial and 180 centers in the United States and other countries for the Multiple Outcomes of Raloxifene Evaluation Trial.
     </abstracttext>
     <abstracttext label="PARTICIPANTS AND INTERVENTIONS" nlmcategory="METHODS">
      Postmenopausal women with low BMD assigned to treatment with 5 mg/d of alendronate sodium in the Fracture intervention Trial who completed 2 years of BMD monitoring and adhered to study medication (n = 2634), and postmenopausal women with osteoporosis assigned to treatment with 60 or 120 mg/d of raloxifene hydrochloride in the Multiple Outcomes of Raloxifene Evaluation trial who similarly completed 2 years of monitoring while adhering to study medication (n = 3954).
     </abstracttext>
     <abstracttext label="MAIN OUTCOME MEASURES" nlmcategory="METHODS">
      Baseline, 12-, and 24-month hip and spine BMD.
     </abstracttext>
     <abstracttext label="RESULTS" nlmcategory="RESULTS">
      Women with the greatest loss of BMD during the first year of treatment were the most likely to gain BMD during continued treatment. Specifically, among women taking alendronate whose hip BMD decreased by more than 4% during the first year, 83% (95% confidence interval [CI], 82%-84%)had increases in hip BMD during the second year, with an overall mean increase of 4.7%. In contrast, those who seemed to gain at least 8% during the first year lost an average of 1% (95% CI, 0.1%-1.9%) during the next year. Similar results were observed among women taking raloxifene for 2 years.
     </abstracttext>
     <abstracttext label="CONCLUSIONS" nlmcategory="CONCLUSIONS">
      Our data suggest that most women who lose BMD during the first year of treatment with alendronate or raloxifene will gain BMD if the same treatment is continued for a second year. These results illustrate the principle of regression to the mean and suggest that effective treatments for osteoporosis should not be changed because of loss of BMD during the first year of use.
     </abstracttext>
    </abstract>
    <affiliation>
     Department of Epidemiology and Biostatistics, University of California, San Francisco, USA. scummings@dgim.ucsf.edu
    </affiliation>
    <authorlist completeyn="Y">
     <author validyn="Y">
      <lastname>
       Cummings
      </lastname>
      <forename>
       S R
      </forename>
      <initials>
       SR
      </initials>
     </author>
     <author validyn="Y">
      <lastname>
       Palermo
      </lastname>
      <forename>
       L
      </forename>
      <initials>
       L
      </initials>
     </author>
     <author validyn="Y">
      <lastname>
       Browner
      </lastname>
      <forename>
       W
      </forename>
      <initials>
       W
      </initials>
     </author>
     <author validyn="Y">
      <lastname>
       Marcus
      </lastname>
      <forename>
       R
      </forename>
      <initials>
       R
      </initials>
     </author>
     <author validyn="Y">
      <lastname>
       Wallace
      </lastname>
      <forename>
       R
      </forename>
      <initials>
       R
      </initials>
     </author>
     <author validyn="Y">
      <lastname>
       Pearson
      </lastname>
      <forename>
       J
      </forename>
      <initials>
       J
      </initials>
     </author>
     <author validyn="Y">
      <lastname>
       Blackwell
      </lastname>
      <forename>
       T
      </forename>
      <initials>
       T
      </initials>
     </author>
     <author validyn="Y">
      <lastname>
       Eckert
      </lastname>
      <forename>
       S
      </forename>
      <initials>
       S
      </initials>
     </author>
     <author validyn="Y">
      <lastname>
       Black
      </lastname>
      <forename>
       D
      </forename>
      <initials>
       D
      </initials>
     </author>
    </authorlist>
    <language>
     eng
    </language>
    <publicationtypelist>
     <publicationtype>
      Clinical Trial
     </publicationtype>
     <publicationtype>
      Controlled Clinical Trial
     </publicationtype>
     <publicationtype>
      Journal Article
     </publicationtype>
     <publicationtype>
      Research Support, Non-U.S. Gov't
     </publicationtype>
    </publicationtypelist>
   </article>
   <medlinejournalinfo>
    <country>
     UNITED STATES
    </country>
    <medlineta>
     JAMA
    </medlineta>
    <nlmuniqueid>
     7501160
    </nlmuniqueid>
    <issnlinking>
     0098-7484
    </issnlinking>
   </medlinejournalinfo>
   <chemicallist>
    <chemical>
     <registrynumber>
      0
     </registrynumber>
     <nameofsubstance>
      Selective Estrogen Receptor Modulators
     </nameofsubstance>
    </chemical>
    <chemical>
     <registrynumber>
      66376-36-1
     </registrynumber>
     <nameofsubstance>
      Alendronate
     </nameofsubstance>
    </chemical>
    <chemical>
     <registrynumber>
      84449-90-1
     </registrynumber>
     <nameofsubstance>
      Raloxifene
     </nameofsubstance>
    </chemical>
   </chemicallist>
   <citationsubset>
    AIM
   </citationsubset>
   <citationsubset>
    IM
   </citationsubset>
   <meshheadinglist>
    <meshheading>
     <descriptorname majortopicyn="N">
      Absorptiometry, Photon
     </descriptorname>
    </meshheading>
    <meshheading>
     <descriptorname majortopicyn="N">
      Alendronate
     </descriptorname>
     <qualifiername majortopicyn="Y">
      therapeutic use
     </qualifiername>
    </meshheading>
    <meshheading>
     <descriptorname majortopicyn="Y">
      Bone Density
     </descriptorname>
    </meshheading>
    <meshheading>
     <descriptorname majortopicyn="N">
      Female
     </descriptorname>
    </meshheading>
    <meshheading>
     <descriptorname majortopicyn="N">
      Humans
     </descriptorname>
    </meshheading>
    <meshheading>
     <descriptorname majortopicyn="N">
      Multicenter Studies as Topic
     </descriptorname>
    </meshheading>
    <meshheading>
     <descriptorname majortopicyn="N">
      Osteoporosis, Postmenopausal
     </descriptorname>
     <qualifiername majortopicyn="Y">
      diagnosis
     </qualifiername>
     <qualifiername majortopicyn="Y">
      drug therapy
     </qualifiername>
     <qualifiername majortopicyn="N">
      physiopathology
     </qualifiername>
    </meshheading>
    <meshheading>
     <descriptorname majortopicyn="N">
      Raloxifene
     </descriptorname>
     <qualifiername majortopicyn="Y">
      therapeutic use
     </qualifiername>
    </meshheading>
    <meshheading>
     <descriptorname majortopicyn="N">
      Randomized Controlled Trials as Topic
     </descriptorname>
    </meshheading>
    <meshheading>
     <descriptorname majortopicyn="N">
      Selective Estrogen Receptor Modulators
     </descriptorname>
     <qualifiername majortopicyn="Y">
      therapeutic use
     </qualifiername>
    </meshheading>
    <meshheading>
     <descriptorname majortopicyn="N">
      Time Factors
     </descriptorname>
    </meshheading>
   </meshheadinglist>
  </medlinecitation>
  <pubmeddata>
   <history>
    <pubmedpubdate pubstatus="pubmed">
     <year>
      2000
     </year>
     <month>
      3
     </month>
     <day>
      14
     </day>
     <hour>
      9
     </hour>
     <minute>
      0
     </minute>
    </pubmedpubdate>
    <pubmedpubdate pubstatus="medline">
     <year>
      2000
     </year>
     <month>
      3
     </month>
     <day>
      18
     </day>
     <hour>
      9
     </hour>
     <minute>
      0
     </minute>
    </pubmedpubdate>
    <pubmedpubdate pubstatus="entrez">
     <year>
      2000
     </year>
     <month>
      3
     </month>
     <day>
      14
     </day>
     <hour>
      9
     </hour>
     <minute>
      0
     </minute>
    </pubmedpubdate>
   </history>
   <publicationstatus>
    ppublish
   </publicationstatus>
   <articleidlist>
    <articleid idtype="pubmed">
     10714731
    </articleid>
    <articleid idtype="pii">
     joc91320
    </articleid>
   </articleidlist>
  </pubmeddata>
 </pubmedarticle>
</pubmedarticleset>

