<?xml version='1.0' encoding='utf-8'?>
<!DOCTYPE PubmedArticleSet PUBLIC "-//NLM//DTD PubMedArticle, 1st January 2011//EN" "http://www.ncbi.nlm.nih.gov/entrez/query/DTD/pubmed_110101.dtd">
<pubmedarticleset>
 <pubmedarticle>
  <medlinecitation owner="NLM" status="MEDLINE">
   <pmid version="1">
    10751467
   </pmid>
   <datecreated>
    <year>
     2000
    </year>
    <month>
     04
    </month>
    <day>
     25
    </day>
   </datecreated>
   <datecompleted>
    <year>
     2000
    </year>
    <month>
     04
    </month>
    <day>
     25
    </day>
   </datecompleted>
   <daterevised>
    <year>
     2006
    </year>
    <month>
     11
    </month>
    <day>
     15
    </day>
   </daterevised>
   <article pubmodel="Print">
    <journal>
     <issn issntype="Print">
      0033-8419
     </issn>
     <journalissue citedmedium="Print">
      <volume>
       215
      </volume>
      <issue>
       1
      </issue>
      <pubdate>
       <year>
        2000
       </year>
       <month>
        Apr
       </month>
      </pubdate>
     </journalissue>
     <title>
      Radiology
     </title>
     <isoabbreviation>
      Radiology
     </isoabbreviation>
    </journal>
    <articletitle>
     Low-dose nonenhanced helical CT of renal colic: assessment of ureteric stone detection and measurement of effective dose equivalent.
    </articletitle>
    <pagination>
     <medlinepgn>
      51-4
     </medlinepgn>
    </pagination>
    <abstract>
     <abstracttext label="PURPOSE" nlmcategory="OBJECTIVE">
      To evaluate a low-dose, nonenhanced helical computed tomographic (CT) protocol in the detection of ureteric stones and measure the associated effective dose equivalent (H(E)) of radiation.
     </abstracttext>
     <abstracttext label="MATERIALS AND METHODS" nlmcategory="METHODS">
      Sixty patients suspected of having renal colic and referred by emergency department physicians underwent nonenhanced helical CT with 7-mm collimation and a 2:1 pitch and then conventional intravenous urography (IVU). The two studies were prospectively and independently interpreted. The diagnostic accuracy of CT for ureteric stone detection was determined by comparing the scans with the IVU images and with a combination of clinical, surgical, and other imaging findings. The radiation risk from typical CT and IVU examinations (five images) was measured in terms of H(E) and compared with the estimated risk from two previously reported CT protocols.
     </abstracttext>
     <abstracttext label="RESULTS" nlmcategory="RESULTS">
      CT correctly depicted 36 of 37 ureteric stones, and one false-positive case was recorded, for a sensitivity of 97%, specificity of 96%, and accuracy of 97%. The H(E) for our CT protocol was determined to be 2.8 mSv, which is about double that for IVU and about 75% and 50% of that for two previously reported CT protocols.
     </abstracttext>
     <abstracttext label="CONCLUSION" nlmcategory="CONCLUSIONS">
      Our low-dose CT protocol is superior to IVU and clinically adequate for diagnosis of renal colic.
     </abstracttext>
    </abstract>
    <affiliation>
     Department of Radiology, McMaster University, Hamilton, Ontario, weldon#torfree.net
    </affiliation>
    <authorlist completeyn="Y">
     <author validyn="Y">
      <lastname>
       Liu
      </lastname>
      <forename>
       W
      </forename>
      <initials>
       W
      </initials>
     </author>
     <author validyn="Y">
      <lastname>
       Esler
      </lastname>
      <forename>
       S J
      </forename>
      <initials>
       SJ
      </initials>
     </author>
     <author validyn="Y">
      <lastname>
       Kenny
      </lastname>
      <forename>
       B J
      </forename>
      <initials>
       BJ
      </initials>
     </author>
     <author validyn="Y">
      <lastname>
       Goh
      </lastname>
      <forename>
       R H
      </forename>
      <initials>
       RH
      </initials>
     </author>
     <author validyn="Y">
      <lastname>
       Rainbow
      </lastname>
      <forename>
       A J
      </forename>
      <initials>
       AJ
      </initials>
     </author>
     <author validyn="Y">
      <lastname>
       Stevenson
      </lastname>
      <forename>
       G W
      </forename>
      <initials>
       GW
      </initials>
     </author>
    </authorlist>
    <language>
     eng
    </language>
    <publicationtypelist>
     <publicationtype>
      Comparative Study
     </publicationtype>
     <publicationtype>
      Journal Article
     </publicationtype>
    </publicationtypelist>
   </article>
   <medlinejournalinfo>
    <country>
     UNITED STATES
    </country>
    <medlineta>
     Radiology
    </medlineta>
    <nlmuniqueid>
     0401260
    </nlmuniqueid>
    <issnlinking>
     0033-8419
    </issnlinking>
   </medlinejournalinfo>
   <chemicallist>
    <chemical>
     <registrynumber>
      0
     </registrynumber>
     <nameofsubstance>
      Contrast Media
     </nameofsubstance>
    </chemical>
   </chemicallist>
   <citationsubset>
    AIM
   </citationsubset>
   <citationsubset>
    IM
   </citationsubset>
   <commentscorrectionslist>
    <commentscorrections reftype="CommentIn">
     <refsource>
      Radiology. 2001 Nov;221(2):559; author reply 559-61
     </refsource>
     <pmid version="1">
      11687706
     </pmid>
    </commentscorrections>
    <commentscorrections reftype="CommentIn">
     <refsource>
      Radiology. 2001 Nov;221(2):558-9; author reply 559-61
     </refsource>
     <pmid version="1">
      11687705
     </pmid>
    </commentscorrections>
   </commentscorrectionslist>
   <meshheadinglist>
    <meshheading>
     <descriptorname majortopicyn="N">
      Adult
     </descriptorname>
    </meshheading>
    <meshheading>
     <descriptorname majortopicyn="N">
      Aged
     </descriptorname>
    </meshheading>
    <meshheading>
     <descriptorname majortopicyn="N">
      Aged, 80 and over
     </descriptorname>
    </meshheading>
    <meshheading>
     <descriptorname majortopicyn="N">
      Colic
     </descriptorname>
     <qualifiername majortopicyn="Y">
      radiography
     </qualifiername>
    </meshheading>
    <meshheading>
     <descriptorname majortopicyn="N">
      Contrast Media
     </descriptorname>
     <qualifiername majortopicyn="N">
      administration &amp; dosage
     </qualifiername>
    </meshheading>
    <meshheading>
     <descriptorname majortopicyn="N">
      Diagnosis, Differential
     </descriptorname>
    </meshheading>
    <meshheading>
     <descriptorname majortopicyn="N">
      False Positive Reactions
     </descriptorname>
    </meshheading>
    <meshheading>
     <descriptorname majortopicyn="N">
      Female
     </descriptorname>
    </meshheading>
    <meshheading>
     <descriptorname majortopicyn="N">
      Follow-Up Studies
     </descriptorname>
    </meshheading>
    <meshheading>
     <descriptorname majortopicyn="N">
      Humans
     </descriptorname>
    </meshheading>
    <meshheading>
     <descriptorname majortopicyn="N">
      Image Processing, Computer-Assisted
     </descriptorname>
     <qualifiername majortopicyn="N">
      methods
     </qualifiername>
    </meshheading>
    <meshheading>
     <descriptorname majortopicyn="N">
      Injections, Intravenous
     </descriptorname>
    </meshheading>
    <meshheading>
     <descriptorname majortopicyn="N">
      Kidney Diseases
     </descriptorname>
     <qualifiername majortopicyn="Y">
      radiography
     </qualifiername>
    </meshheading>
    <meshheading>
     <descriptorname majortopicyn="N">
      Male
     </descriptorname>
    </meshheading>
    <meshheading>
     <descriptorname majortopicyn="N">
      Middle Aged
     </descriptorname>
    </meshheading>
    <meshheading>
     <descriptorname majortopicyn="N">
      Prospective Studies
     </descriptorname>
    </meshheading>
    <meshheading>
     <descriptorname majortopicyn="N">
      Radiation Dosage
     </descriptorname>
    </meshheading>
    <meshheading>
     <descriptorname majortopicyn="N">
      Risk Factors
     </descriptorname>
    </meshheading>
    <meshheading>
     <descriptorname majortopicyn="N">
      Sensitivity and Specificity
     </descriptorname>
    </meshheading>
    <meshheading>
     <descriptorname majortopicyn="N">
      Tomography, X-Ray Computed
     </descriptorname>
     <qualifiername majortopicyn="Y">
      methods
     </qualifiername>
    </meshheading>
    <meshheading>
     <descriptorname majortopicyn="N">
      Ureteral Calculi
     </descriptorname>
     <qualifiername majortopicyn="Y">
      radiography
     </qualifiername>
    </meshheading>
    <meshheading>
     <descriptorname majortopicyn="N">
      Urography
     </descriptorname>
    </meshheading>
   </meshheadinglist>
  </medlinecitation>
  <pubmeddata>
   <history>
    <pubmedpubdate pubstatus="pubmed">
     <year>
      2001
     </year>
     <month>
      2
     </month>
     <day>
      7
     </day>
     <hour>
      11
     </hour>
     <minute>
      0
     </minute>
    </pubmedpubdate>
    <pubmedpubdate pubstatus="medline">
     <year>
      2001
     </year>
     <month>
      2
     </month>
     <day>
      7
     </day>
     <hour>
      11
     </hour>
     <minute>
      1
     </minute>
    </pubmedpubdate>
    <pubmedpubdate pubstatus="entrez">
     <year>
      2001
     </year>
     <month>
      2
     </month>
     <day>
      7
     </day>
     <hour>
      11
     </hour>
     <minute>
      0
     </minute>
    </pubmedpubdate>
   </history>
   <publicationstatus>
    ppublish
   </publicationstatus>
   <articleidlist>
    <articleid idtype="pubmed">
     10751467
    </articleid>
   </articleidlist>
  </pubmeddata>
 </pubmedarticle>
</pubmedarticleset>

