<?xml version='1.0' encoding='utf-8'?>
<!DOCTYPE PubmedArticleSet PUBLIC "-//NLM//DTD PubMedArticle, 1st January 2011//EN" "http://www.ncbi.nlm.nih.gov/entrez/query/DTD/pubmed_110101.dtd">
<pubmedarticleset>
 <pubmedarticle>
  <medlinecitation owner="NLM" status="MEDLINE">
   <pmid version="1">
    10796458
   </pmid>
   <datecreated>
    <year>
     2000
    </year>
    <month>
     07
    </month>
    <day>
     06
    </day>
   </datecreated>
   <datecompleted>
    <year>
     2000
    </year>
    <month>
     07
    </month>
    <day>
     06
    </day>
   </datecompleted>
   <daterevised>
    <year>
     2004
    </year>
    <month>
     11
    </month>
    <day>
     17
    </day>
   </daterevised>
   <article pubmodel="Print">
    <journal>
     <issn issntype="Electronic">
      1469-493X
     </issn>
     <journalissue citedmedium="Internet">
      <issue>
       2
      </issue>
      <pubdate>
       <year>
        2000
       </year>
      </pubdate>
     </journalissue>
     <title>
      Cochrane database of systematic reviews (Online)
     </title>
     <isoabbreviation>
      Cochrane Database Syst Rev
     </isoabbreviation>
    </journal>
    <articletitle>
     Multidisciplinary rehabilitation for fibromyalgia and musculoskeletal pain in working age adults.
    </articletitle>
    <pagination>
     <medlinepgn>
      CD001984
     </medlinepgn>
    </pagination>
    <abstract>
     <abstracttext label="BACKGROUND" nlmcategory="BACKGROUND">
      Non-malignant musculoskeletal pain is an increasing problem in western countries. Fibromyalgia syndrome is an increasing recognised chronic musculoskeletal disorder.
     </abstracttext>
     <abstracttext label="OBJECTIVES" nlmcategory="OBJECTIVE">
      The objective of this systematic review was to determine the effectiveness of multidisciplinary rehabilitation for fibromyalgia and widespread musculoskeletal pain among working age adults.
     </abstracttext>
     <abstracttext label="SEARCH STRATEGY" nlmcategory="METHODS">
      An electronic search was conducted and included Medline from 1966, PsycLIT from 1967 and EMBASE from 1980 to April 1998. The Cochrane Musculoskeletal Group Trials Register was searched as well as, the Cochrane Controlled Trials Register (CCTR). The references of identified articles and reviews were checked, studies published in the Finnish medical database Medic from 1978 to 1998 screened and the Science Citation Index searched. Content experts were also contacted for additional or unpublished studies.
     </abstracttext>
     <abstracttext label="SELECTION CRITERIA" nlmcategory="METHODS">
      From all references found in our original search, we selected all randomized controlled trials (RCTs) and clinical controlled trials (CCTs). Trials had to assess the effectiveness of multidisciplinary rehabilitation for patients suffering from fibromyalgia and widespread musculoskeletal pain among working age adults. The rehabilitation program was required to be multidisciplinary; that is, it had to consist of a physician's consultation, plus a psychological, social or vocational intervention, or a combination of both.
     </abstracttext>
     <abstracttext label="DATA COLLECTION AND ANALYSIS" nlmcategory="METHODS">
      Four reviewers independently selected the RCTs and CCTs that met the specified inclusion criteria. Two experts in the field of rehabilitation evaluated the relevance and applicability of the findings of the selected studies to actual clinical use. Two other reviewers extracted the data and assessed the main results and the methodological quality of the studies using standardized forms. Finally, a qualitative analysis was performed to evaluate the level of scientific evidence for the effectiveness of multidisciplinary rehabilitation.
     </abstracttext>
     <abstracttext label="MAIN RESULTS" nlmcategory="RESULTS">
      After screening 1808 abstracts, and the references of 65 reviews, we found only seven relevant studies (1050 patients) that met our inclusion criteria. None of these were considered, methodologically, a high quality randomized controlled trial. Four of the included RCTs on fibromyalgia were graded low quality and suggest no quantifiable benefits. The three included RCTs on widespread musculoskeletal pain showed that based on limited evidence, overall, no evidence of efficacy was observed. However, behavioral treatment and stress management appear to be important components. Education combined with physical training showed some positive effects in long term follow up.
     </abstracttext>
     <abstracttext label="REVIEWER'S CONCLUSIONS" nlmcategory="CONCLUSIONS">
      We conclude that there appears to be little scientific evidence for the effectiveness of multidisciplinary rehabilitation for these musculoskeletal disorders. However, multidisciplinary rehabilitation is a commonly used intervention for chronic musculoskeletal disorders, which cause much personal suffering and substantial economic loss to the society. There is a need for high quality trials in this field.
     </abstracttext>
    </abstract>
    <affiliation>
     Finnish Institute of Occupational Health, Topeliuksenkatu 41 aA, Helsinki, Finland, FIN-00250. Kaija.Karjalainen@occuphealth.fi
    </affiliation>
    <authorlist completeyn="Y">
     <author validyn="Y">
      <lastname>
       Karjalainen
      </lastname>
      <forename>
       K
      </forename>
      <initials>
       K
      </initials>
     </author>
     <author validyn="Y">
      <lastname>
       Malmivaara
      </lastname>
      <forename>
       A
      </forename>
      <initials>
       A
      </initials>
     </author>
     <author validyn="Y">
      <lastname>
       van Tulder
      </lastname>
      <forename>
       M
      </forename>
      <initials>
       M
      </initials>
     </author>
     <author validyn="Y">
      <lastname>
       Roine
      </lastname>
      <forename>
       R
      </forename>
      <initials>
       R
      </initials>
     </author>
     <author validyn="Y">
      <lastname>
       Jauhiainen
      </lastname>
      <forename>
       M
      </forename>
      <initials>
       M
      </initials>
     </author>
     <author validyn="Y">
      <lastname>
       Hurri
      </lastname>
      <forename>
       H
      </forename>
      <initials>
       H
      </initials>
     </author>
     <author validyn="Y">
      <lastname>
       Koes
      </lastname>
      <forename>
       B
      </forename>
      <initials>
       B
      </initials>
     </author>
    </authorlist>
    <language>
     eng
    </language>
    <publicationtypelist>
     <publicationtype>
      Journal Article
     </publicationtype>
     <publicationtype>
      Review
     </publicationtype>
    </publicationtypelist>
   </article>
   <medlinejournalinfo>
    <country>
     ENGLAND
    </country>
    <medlineta>
     Cochrane Database Syst Rev
    </medlineta>
    <nlmuniqueid>
     100909747
    </nlmuniqueid>
    <issnlinking>
     1361-6137
    </issnlinking>
   </medlinejournalinfo>
   <citationsubset>
    IM
   </citationsubset>
   <meshheadinglist>
    <meshheading>
     <descriptorname majortopicyn="N">
      Adult
     </descriptorname>
    </meshheading>
    <meshheading>
     <descriptorname majortopicyn="N">
      Chronic Disease
     </descriptorname>
    </meshheading>
    <meshheading>
     <descriptorname majortopicyn="N">
      Fibromyalgia
     </descriptorname>
     <qualifiername majortopicyn="Y">
      rehabilitation
     </qualifiername>
    </meshheading>
    <meshheading>
     <descriptorname majortopicyn="N">
      Humans
     </descriptorname>
    </meshheading>
    <meshheading>
     <descriptorname majortopicyn="N">
      Musculoskeletal Diseases
     </descriptorname>
     <qualifiername majortopicyn="N">
      complications
     </qualifiername>
     <qualifiername majortopicyn="N">
      rehabilitation
     </qualifiername>
    </meshheading>
    <meshheading>
     <descriptorname majortopicyn="N">
      Pain
     </descriptorname>
     <qualifiername majortopicyn="N">
      etiology
     </qualifiername>
     <qualifiername majortopicyn="N">
      therapy
     </qualifiername>
    </meshheading>
   </meshheadinglist>
   <numberofreferences>
    10
   </numberofreferences>
  </medlinecitation>
  <pubmeddata>
   <history>
    <pubmedpubdate pubstatus="pubmed">
     <year>
      2000
     </year>
     <month>
      5
     </month>
     <day>
      5
     </day>
     <hour>
      9
     </hour>
     <minute>
      0
     </minute>
    </pubmedpubdate>
    <pubmedpubdate pubstatus="medline">
     <year>
      2000
     </year>
     <month>
      7
     </month>
     <day>
      8
     </day>
     <hour>
      11
     </hour>
     <minute>
      0
     </minute>
    </pubmedpubdate>
    <pubmedpubdate pubstatus="entrez">
     <year>
      2000
     </year>
     <month>
      5
     </month>
     <day>
      5
     </day>
     <hour>
      9
     </hour>
     <minute>
      0
     </minute>
    </pubmedpubdate>
   </history>
   <publicationstatus>
    ppublish
   </publicationstatus>
   <articleidlist>
    <articleid idtype="pubmed">
     10796458
    </articleid>
    <articleid idtype="pii">
     CD001984
    </articleid>
    <articleid idtype="doi">
     10.1002/14651858.CD001984
    </articleid>
   </articleidlist>
  </pubmeddata>
 </pubmedarticle>
</pubmedarticleset>

