<?xml version='1.0' encoding='utf-8'?>
<!DOCTYPE PubmedArticleSet PUBLIC "-//NLM//DTD PubMedArticle, 1st January 2011//EN" "http://www.ncbi.nlm.nih.gov/entrez/query/DTD/pubmed_110101.dtd">
<pubmedarticleset>
 <pubmedarticle>
  <medlinecitation owner="NLM" status="MEDLINE">
   <pmid version="1">
    10796221
   </pmid>
   <datecreated>
    <year>
     2000
    </year>
    <month>
     07
    </month>
    <day>
     06
    </day>
   </datecreated>
   <datecompleted>
    <year>
     2000
    </year>
    <month>
     07
    </month>
    <day>
     06
    </day>
   </datecompleted>
   <daterevised>
    <year>
     2005
    </year>
    <month>
     11
    </month>
    <day>
     17
    </day>
   </daterevised>
   <article pubmodel="Print">
    <journal>
     <issn issntype="Electronic">
      1469-493X
     </issn>
     <journalissue citedmedium="Internet">
      <issue>
       2
      </issue>
      <pubdate>
       <year>
        2000
       </year>
      </pubdate>
     </journalissue>
     <title>
      Cochrane database of systematic reviews (Online)
     </title>
     <isoabbreviation>
      Cochrane Database Syst Rev
     </isoabbreviation>
    </journal>
    <articletitle>
     Induction of labour for suspected fetal macrosomia.
    </articletitle>
    <pagination>
     <medlinepgn>
      CD000938
     </medlinepgn>
    </pagination>
    <abstract>
     <abstracttext label="BACKGROUND" nlmcategory="BACKGROUND">
      Suspected macrosomic fetuses are usually induced in order to reduce the risk of difficult operative delivery.
     </abstracttext>
     <abstracttext label="OBJECTIVES" nlmcategory="OBJECTIVE">
      The objective of this review was to assess the effects of a policy of labour induction for suspected fetal macrosomia on method of delivery and maternal or perinatal morbidity.
     </abstracttext>
     <abstracttext label="SEARCH STRATEGY" nlmcategory="METHODS">
      We searched the Cochrane Pregnancy and Childbirth Group trials register and the Cochrane Controlled Trials Register.
     </abstracttext>
     <abstracttext label="SELECTION CRITERIA" nlmcategory="METHODS">
      Randomised trials of induction of labour for suspected fetal macrosomia in non-diabetic women.
     </abstracttext>
     <abstracttext label="DATA COLLECTION AND ANALYSIS" nlmcategory="METHODS">
      Trial quality assessment and data extraction were done independently by two reviewers. Study authors were contacted for additional information.
     </abstracttext>
     <abstracttext label="MAIN RESULTS" nlmcategory="RESULTS">
      Two trials involving 313 women were included. Compared to expectant management, induction of labour for suspected macrosomia did not reduce the risk of caesarean section (odds ratio 0.85, 95% confidence interval 0.50 to 1.46) or instrumental delivery (odds ratio 0.98, 95% confidence interval 0.48 to 1.98). Perinatal morbidity was similar between groups.
     </abstracttext>
     <abstracttext label="REVIEWER'S CONCLUSIONS" nlmcategory="CONCLUSIONS">
      Induction of labour for suspected fetal macrosomia in non-diabetic women did not appear to alter the risk of maternal or neonatal morbidity.
     </abstracttext>
    </abstract>
    <affiliation>
     Département de Gynécologie et d'Obstétrique, Hôpitaux Universitaires de Genève, Boulevard de la Cluse, 32, Geneva, Switzerland, CH-1205. olivier.irion@hcuge.ch
    </affiliation>
    <authorlist completeyn="Y">
     <author validyn="Y">
      <lastname>
       Irion
      </lastname>
      <forename>
       O
      </forename>
      <initials>
       O
      </initials>
     </author>
     <author validyn="Y">
      <lastname>
       Boulvain
      </lastname>
      <forename>
       M
      </forename>
      <initials>
       M
      </initials>
     </author>
    </authorlist>
    <language>
     eng
    </language>
    <publicationtypelist>
     <publicationtype>
      Journal Article
     </publicationtype>
     <publicationtype>
      Review
     </publicationtype>
    </publicationtypelist>
   </article>
   <medlinejournalinfo>
    <country>
     ENGLAND
    </country>
    <medlineta>
     Cochrane Database Syst Rev
    </medlineta>
    <nlmuniqueid>
     100909747
    </nlmuniqueid>
    <issnlinking>
     1361-6137
    </issnlinking>
   </medlinejournalinfo>
   <citationsubset>
    IM
   </citationsubset>
   <meshheadinglist>
    <meshheading>
     <descriptorname majortopicyn="N">
      Delivery, Obstetric
     </descriptorname>
    </meshheading>
    <meshheading>
     <descriptorname majortopicyn="N">
      Female
     </descriptorname>
    </meshheading>
    <meshheading>
     <descriptorname majortopicyn="Y">
      Fetal Macrosomia
     </descriptorname>
    </meshheading>
    <meshheading>
     <descriptorname majortopicyn="N">
      Humans
     </descriptorname>
    </meshheading>
    <meshheading>
     <descriptorname majortopicyn="Y">
      Labor, Induced
     </descriptorname>
    </meshheading>
    <meshheading>
     <descriptorname majortopicyn="N">
      Obstetric Labor Complications
     </descriptorname>
     <qualifiername majortopicyn="N">
      prevention &amp; control
     </qualifiername>
    </meshheading>
    <meshheading>
     <descriptorname majortopicyn="N">
      Pregnancy
     </descriptorname>
    </meshheading>
   </meshheadinglist>
   <numberofreferences>
    3
   </numberofreferences>
  </medlinecitation>
  <pubmeddata>
   <history>
    <pubmedpubdate pubstatus="pubmed">
     <year>
      2000
     </year>
     <month>
      5
     </month>
     <day>
      5
     </day>
     <hour>
      9
     </hour>
     <minute>
      0
     </minute>
    </pubmedpubdate>
    <pubmedpubdate pubstatus="medline">
     <year>
      2000
     </year>
     <month>
      7
     </month>
     <day>
      8
     </day>
     <hour>
      11
     </hour>
     <minute>
      0
     </minute>
    </pubmedpubdate>
    <pubmedpubdate pubstatus="entrez">
     <year>
      2000
     </year>
     <month>
      5
     </month>
     <day>
      5
     </day>
     <hour>
      9
     </hour>
     <minute>
      0
     </minute>
    </pubmedpubdate>
   </history>
   <publicationstatus>
    ppublish
   </publicationstatus>
   <articleidlist>
    <articleid idtype="pubmed">
     10796221
    </articleid>
    <articleid idtype="pii">
     CD000938
    </articleid>
    <articleid idtype="doi">
     10.1002/14651858.CD000938
    </articleid>
   </articleidlist>
  </pubmeddata>
 </pubmedarticle>
</pubmedarticleset>

