<?xml version='1.0' encoding='utf-8'?>
<!DOCTYPE PubmedArticleSet PUBLIC "-//NLM//DTD PubMedArticle, 1st January 2011//EN" "http://www.ncbi.nlm.nih.gov/entrez/query/DTD/pubmed_110101.dtd">
<pubmedarticleset>
 <pubmedarticle>
  <medlinecitation owner="NLM" status="MEDLINE">
   <pmid version="1">
    10792124
   </pmid>
   <datecreated>
    <year>
     2000
    </year>
    <month>
     07
    </month>
    <day>
     07
    </day>
   </datecreated>
   <datecompleted>
    <year>
     2000
    </year>
    <month>
     07
    </month>
    <day>
     07
    </day>
   </datecompleted>
   <daterevised>
    <year>
     2004
    </year>
    <month>
     11
    </month>
    <day>
     17
    </day>
   </daterevised>
   <article pubmodel="Print">
    <journal>
     <issn issntype="Print">
      0269-2813
     </issn>
     <journalissue citedmedium="Print">
      <volume>
       14
      </volume>
      <issue>
       5
      </issue>
      <pubdate>
       <year>
        2000
       </year>
       <month>
        May
       </month>
      </pubdate>
     </journalissue>
     <title>
      Alimentary pharmacology &amp; therapeutics
     </title>
     <isoabbreviation>
      Aliment. Pharmacol. Ther.
     </isoabbreviation>
    </journal>
    <articletitle>
     A meta-analysis of short versus long therapy with a proton pump inhibitor, clarithromycin and either metronidazole or amoxycillin for treating Helicobacter pylori infection.
    </articletitle>
    <pagination>
     <medlinepgn>
      603-9
     </medlinepgn>
    </pagination>
    <abstract>
     <abstracttext label="BACKGROUND" nlmcategory="BACKGROUND">
      Although triple therapies with a proton pump inhibitor, clarithromycin and either amoxycillin or metronidazole are the most widely accepted treatment for Helicobacter pylori infection, there is no consensus on how long treatment should be maintained for.
     </abstracttext>
     <abstracttext label="AIM" nlmcategory="OBJECTIVE">
      To evaluate whether increasing the length of triple therapies beyond 7 days improves treatment efficacy.
     </abstracttext>
     <abstracttext label="METHODS" nlmcategory="METHODS">
      An extensive search of the literature was performed. Reports of randomized trials comparing different lengths of therapy were selected. Short (7-day) vs. long (10/14-day) therapies were compared, and three-way comparison of 7-day vs. 10-day, 10-day vs. 14-day and 7-day vs. 14-day therapies was performed. Meta-analysis was conducted using conventional shareware (Review Manager 4.0). The Peto Odds Ratio using a fixed model analysis was calculated for each comparison.
     </abstracttext>
     <abstracttext label="RESULTS" nlmcategory="RESULTS">
      Thirteen studies were identified. Pooled 10- to 14-day therapies achieved better results than 7-day schedules. In head-to-head comparisons, only 14-day therapies were significantly better than 7-day treatments. Improvement in cure rates ranged from 7 to 9%. Comparisons of 7-day vs. 10-day and 10-day vs. 14-day also showed a non-significant trend towards better cure rates with longer therapies.
     </abstracttext>
     <abstracttext label="CONCLUSIONS" nlmcategory="CONCLUSIONS">
      Fourteen-day, proton pump inhibitor-based triple therapy achieves better results than 7-day schedules. Additional data are necessary to evaluate 10-day therapies.
     </abstracttext>
    </abstract>
    <affiliation>
     Serveis de Medicina &amp; Cirurgia i Epidemiologia Clínica, Corporació Sanitària Parc Taulí, Sabadell, Spain. xcalvet@cspt.es
    </affiliation>
    <authorlist completeyn="Y">
     <author validyn="Y">
      <lastname>
       Calvet
      </lastname>
      <forename>
       X
      </forename>
      <initials>
       X
      </initials>
     </author>
     <author validyn="Y">
      <lastname>
       García
      </lastname>
      <forename>
       N
      </forename>
      <initials>
       N
      </initials>
     </author>
     <author validyn="Y">
      <lastname>
       López
      </lastname>
      <forename>
       T
      </forename>
      <initials>
       T
      </initials>
     </author>
     <author validyn="Y">
      <lastname>
       Gisbert
      </lastname>
      <forename>
       J P
      </forename>
      <initials>
       JP
      </initials>
     </author>
     <author validyn="Y">
      <lastname>
       Gené
      </lastname>
      <forename>
       E
      </forename>
      <initials>
       E
      </initials>
     </author>
     <author validyn="Y">
      <lastname>
       Roque
      </lastname>
      <forename>
       M
      </forename>
      <initials>
       M
      </initials>
     </author>
    </authorlist>
    <language>
     eng
    </language>
    <publicationtypelist>
     <publicationtype>
      Journal Article
     </publicationtype>
     <publicationtype>
      Meta-Analysis
     </publicationtype>
    </publicationtypelist>
   </article>
   <medlinejournalinfo>
    <country>
     ENGLAND
    </country>
    <medlineta>
     Aliment Pharmacol Ther
    </medlineta>
    <nlmuniqueid>
     8707234
    </nlmuniqueid>
    <issnlinking>
     0269-2813
    </issnlinking>
   </medlinejournalinfo>
   <chemicallist>
    <chemical>
     <registrynumber>
      0
     </registrynumber>
     <nameofsubstance>
      Anti-Bacterial Agents
     </nameofsubstance>
    </chemical>
    <chemical>
     <registrynumber>
      0
     </registrynumber>
     <nameofsubstance>
      Anti-Ulcer Agents
     </nameofsubstance>
    </chemical>
    <chemical>
     <registrynumber>
      0
     </registrynumber>
     <nameofsubstance>
      Proton Pumps
     </nameofsubstance>
    </chemical>
    <chemical>
     <registrynumber>
      26787-78-0
     </registrynumber>
     <nameofsubstance>
      Amoxicillin
     </nameofsubstance>
    </chemical>
    <chemical>
     <registrynumber>
      443-48-1
     </registrynumber>
     <nameofsubstance>
      Metronidazole
     </nameofsubstance>
    </chemical>
    <chemical>
     <registrynumber>
      81103-11-9
     </registrynumber>
     <nameofsubstance>
      Clarithromycin
     </nameofsubstance>
    </chemical>
   </chemicallist>
   <citationsubset>
    IM
   </citationsubset>
   <meshheadinglist>
    <meshheading>
     <descriptorname majortopicyn="N">
      Amoxicillin
     </descriptorname>
     <qualifiername majortopicyn="N">
      administration &amp; dosage
     </qualifiername>
     <qualifiername majortopicyn="Y">
      therapeutic use
     </qualifiername>
    </meshheading>
    <meshheading>
     <descriptorname majortopicyn="N">
      Anti-Bacterial Agents
     </descriptorname>
     <qualifiername majortopicyn="N">
      administration &amp; dosage
     </qualifiername>
     <qualifiername majortopicyn="Y">
      therapeutic use
     </qualifiername>
    </meshheading>
    <meshheading>
     <descriptorname majortopicyn="N">
      Anti-Ulcer Agents
     </descriptorname>
     <qualifiername majortopicyn="N">
      administration &amp; dosage
     </qualifiername>
     <qualifiername majortopicyn="Y">
      therapeutic use
     </qualifiername>
    </meshheading>
    <meshheading>
     <descriptorname majortopicyn="N">
      Clarithromycin
     </descriptorname>
     <qualifiername majortopicyn="N">
      administration &amp; dosage
     </qualifiername>
     <qualifiername majortopicyn="Y">
      therapeutic use
     </qualifiername>
    </meshheading>
    <meshheading>
     <descriptorname majortopicyn="N">
      Drug Administration Schedule
     </descriptorname>
    </meshheading>
    <meshheading>
     <descriptorname majortopicyn="N">
      Drug Therapy, Combination
     </descriptorname>
    </meshheading>
    <meshheading>
     <descriptorname majortopicyn="N">
      Helicobacter Infections
     </descriptorname>
     <qualifiername majortopicyn="Y">
      drug therapy
     </qualifiername>
     <qualifiername majortopicyn="N">
      pathology
     </qualifiername>
    </meshheading>
    <meshheading>
     <descriptorname majortopicyn="Y">
      Helicobacter pylori
     </descriptorname>
     <qualifiername majortopicyn="N">
      drug effects
     </qualifiername>
    </meshheading>
    <meshheading>
     <descriptorname majortopicyn="N">
      Humans
     </descriptorname>
    </meshheading>
    <meshheading>
     <descriptorname majortopicyn="N">
      Metronidazole
     </descriptorname>
     <qualifiername majortopicyn="N">
      administration &amp; dosage
     </qualifiername>
     <qualifiername majortopicyn="Y">
      therapeutic use
     </qualifiername>
    </meshheading>
    <meshheading>
     <descriptorname majortopicyn="N">
      Proton Pumps
     </descriptorname>
     <qualifiername majortopicyn="Y">
      antagonists &amp; inhibitors
     </qualifiername>
    </meshheading>
    <meshheading>
     <descriptorname majortopicyn="N">
      Treatment Outcome
     </descriptorname>
    </meshheading>
   </meshheadinglist>
  </medlinecitation>
  <pubmeddata>
   <history>
    <pubmedpubdate pubstatus="pubmed">
     <year>
      2000
     </year>
     <month>
      5
     </month>
     <day>
      3
     </day>
     <hour>
      9
     </hour>
     <minute>
      0
     </minute>
    </pubmedpubdate>
    <pubmedpubdate pubstatus="medline">
     <year>
      2000
     </year>
     <month>
      7
     </month>
     <day>
      15
     </day>
     <hour>
      11
     </hour>
     <minute>
      0
     </minute>
    </pubmedpubdate>
    <pubmedpubdate pubstatus="entrez">
     <year>
      2000
     </year>
     <month>
      5
     </month>
     <day>
      3
     </day>
     <hour>
      9
     </hour>
     <minute>
      0
     </minute>
    </pubmedpubdate>
   </history>
   <publicationstatus>
    ppublish
   </publicationstatus>
   <articleidlist>
    <articleid idtype="pubmed">
     10792124
    </articleid>
    <articleid idtype="pii">
     apt744
    </articleid>
   </articleidlist>
  </pubmeddata>
 </pubmedarticle>
</pubmedarticleset>

