<?xml version='1.0' encoding='utf-8'?>
<!DOCTYPE PubmedArticleSet PUBLIC "-//NLM//DTD PubMedArticle, 1st January 2011//EN" "http://www.ncbi.nlm.nih.gov/entrez/query/DTD/pubmed_110101.dtd">
<pubmedarticleset>
 <pubmedarticle>
  <medlinecitation owner="NLM" status="MEDLINE">
   <pmid version="1">
    10796833
   </pmid>
   <datecreated>
    <year>
     2000
    </year>
    <month>
     07
    </month>
    <day>
     06
    </day>
   </datecreated>
   <datecompleted>
    <year>
     2000
    </year>
    <month>
     07
    </month>
    <day>
     06
    </day>
   </datecompleted>
   <daterevised>
    <year>
     2008
    </year>
    <month>
     01
    </month>
    <day>
     17
    </day>
   </daterevised>
   <article pubmodel="Print">
    <journal>
     <issn issntype="Electronic">
      1469-493X
     </issn>
     <journalissue citedmedium="Internet">
      <issue>
       2
      </issue>
      <pubdate>
       <year>
        2000
       </year>
      </pubdate>
     </journalissue>
     <title>
      Cochrane database of systematic reviews (Online)
     </title>
     <isoabbreviation>
      Cochrane Database Syst Rev
     </isoabbreviation>
    </journal>
    <articletitle>
     Progestogens versus oestrogens and progestogens for irregular uterine bleeding associated with anovulation.
    </articletitle>
    <pagination>
     <medlinepgn>
      CD001895
     </medlinepgn>
    </pagination>
    <abstract>
     <abstracttext label="BACKGROUND" nlmcategory="BACKGROUND">
      Dysfunctional uterine bleeding (DUB) is "excessively heavy, prolonged or frequent bleeding of uterine origin which is not due to pregnancy or to recognizable pelvic or systemic disease". Anovulation may be inferred from a number of observations but in the normal clinical situation, anovulation is often assumed when a woman presents with heavy, prolonged or frequent bleeding, particularly in those at the extremes of reproductive life and in women known to have the polycystic ovarian syndrome. Menstrual bleeding that is irregular or excessive is usually poorly tolerated by the majority of women. Changes in the length of the menstrual cycle generally imply disturbances of the hypothalamo-pituitary-ovarian (HPO) axis. In anovulatory DUB with acyclic (irregular) oestrogen production there will be no progesterone withdrawal from oestrogen primed endometrium and so cycles are irregular. Prolonged oestrogen stimulation may cause a build up of endometrium with erratic bleeding as it breaks down and is expelled. This is the rationale for using cyclical progestogens during the second half of the menstrual cycle in order to provoke a regular withdrawal bleed. Continuous progestogen is intended to induce endometrial atrophy and hence to prevent oestrogen-stimulated endometrial proliferation. Progestogens, and oestrogens and progestogens in combination are already widely used in the management of irregular or excessive bleeding due to DUB, but the regime, dose and type of progestogen used varies widely with little consensus about the optimum treatment approach.
     </abstracttext>
     <abstracttext label="OBJECTIVES" nlmcategory="OBJECTIVE">
      To determine the effectiveness and acceptability of progestogens alone, and oestrogens and progestogens in combination in the management of irregular bleeding associated with anovulation.
     </abstracttext>
     <abstracttext label="SEARCH STRATEGY" nlmcategory="METHODS">
      The search strategy of the Menstrual Disorders Group was used to identify all randomised trials of progestogens alone or in combination with oestrogens in the management of irregular menstrual bleeding associated with anovulation. In addition a search of the Cochrane Controlled Trials Register was undertaken.
     </abstracttext>
     <abstracttext label="SELECTION CRITERIA" nlmcategory="METHODS">
      All randomised controlled trials of progestogens (via any route) alone or in combination with oestrogens in the treatment of irregular bleeding associated with anovulation.
     </abstracttext>
     <abstracttext label="DATA COLLECTION AND ANALYSIS" nlmcategory="METHODS">
      Study quality assessment and data extraction were carried out independently by two reviewers. Both reviewers were experts in the content matter.
     </abstracttext>
     <abstracttext label="MAIN RESULTS" nlmcategory="RESULTS">
      No randomised trials were identified which compared progestogens with oestrogens and progestogens in the management of irregular bleeding associated with anovulation. Only one small, non-randomised study compared two progestogen regimes in the management of heavy and irregular bleeding in subjects with confirmed anovulation. One randomised study compared the effects of two progestogens on endometrial histology in subjects with a variety of menstrual symptoms, half of whom had cystic glandular hyperplasia. No studies were found which compared progestogens with oestrogens and progestogens in combination or with placebo in the management of irregular bleeding associated with anovulation.
     </abstracttext>
     <abstracttext label="REVIEWER'S CONCLUSIONS" nlmcategory="CONCLUSIONS">
      There is a paucity of randomised studies relating to the use of progestogens and of oestrogens and progestogens in combination in the treatment of irregular bleeding associated with anovulation. Further research is needed to establish the role of these treatments in the management of this common gynaecological problem.
     </abstracttext>
    </abstract>
    <affiliation>
     7 Oatlands Road, Oxford, UK, OX2 OLU. martha.hickey@virgin.net
    </affiliation>
    <authorlist completeyn="Y">
     <author validyn="Y">
      <lastname>
       Hickey
      </lastname>
      <forename>
       M
      </forename>
      <initials>
       M
      </initials>
     </author>
     <author validyn="Y">
      <lastname>
       Higham
      </lastname>
      <forename>
       J
      </forename>
      <initials>
       J
      </initials>
     </author>
     <author validyn="Y">
      <lastname>
       Fraser
      </lastname>
      <forename>
       I S
      </forename>
      <initials>
       IS
      </initials>
     </author>
    </authorlist>
    <language>
     eng
    </language>
    <publicationtypelist>
     <publicationtype>
      Journal Article
     </publicationtype>
     <publicationtype>
      Review
     </publicationtype>
    </publicationtypelist>
   </article>
   <medlinejournalinfo>
    <country>
     ENGLAND
    </country>
    <medlineta>
     Cochrane Database Syst Rev
    </medlineta>
    <nlmuniqueid>
     100909747
    </nlmuniqueid>
    <issnlinking>
     1361-6137
    </issnlinking>
   </medlinejournalinfo>
   <chemicallist>
    <chemical>
     <registrynumber>
      0
     </registrynumber>
     <nameofsubstance>
      Estrogens
     </nameofsubstance>
    </chemical>
    <chemical>
     <registrynumber>
      0
     </registrynumber>
     <nameofsubstance>
      Progestins
     </nameofsubstance>
    </chemical>
   </chemicallist>
   <citationsubset>
    IM
   </citationsubset>
   <commentscorrectionslist>
    <commentscorrections reftype="UpdateIn">
     <refsource>
      Cochrane Database Syst Rev. 2007;(4):CD001895
     </refsource>
     <pmid version="1">
      17943761
     </pmid>
    </commentscorrections>
   </commentscorrectionslist>
   <meshheadinglist>
    <meshheading>
     <descriptorname majortopicyn="N">
      Adult
     </descriptorname>
    </meshheading>
    <meshheading>
     <descriptorname majortopicyn="N">
      Anovulation
     </descriptorname>
     <qualifiername majortopicyn="Y">
      complications
     </qualifiername>
    </meshheading>
    <meshheading>
     <descriptorname majortopicyn="N">
      Drug Therapy, Combination
     </descriptorname>
    </meshheading>
    <meshheading>
     <descriptorname majortopicyn="N">
      Estrogens
     </descriptorname>
     <qualifiername majortopicyn="Y">
      therapeutic use
     </qualifiername>
    </meshheading>
    <meshheading>
     <descriptorname majortopicyn="N">
      Female
     </descriptorname>
    </meshheading>
    <meshheading>
     <descriptorname majortopicyn="N">
      Humans
     </descriptorname>
    </meshheading>
    <meshheading>
     <descriptorname majortopicyn="N">
      Menorrhagia
     </descriptorname>
     <qualifiername majortopicyn="Y">
      drug therapy
     </qualifiername>
     <qualifiername majortopicyn="Y">
      etiology
     </qualifiername>
    </meshheading>
    <meshheading>
     <descriptorname majortopicyn="N">
      Progestins
     </descriptorname>
     <qualifiername majortopicyn="Y">
      therapeutic use
     </qualifiername>
    </meshheading>
   </meshheadinglist>
   <numberofreferences>
    2
   </numberofreferences>
  </medlinecitation>
  <pubmeddata>
   <history>
    <pubmedpubdate pubstatus="pubmed">
     <year>
      2000
     </year>
     <month>
      5
     </month>
     <day>
      5
     </day>
     <hour>
      9
     </hour>
     <minute>
      0
     </minute>
    </pubmedpubdate>
    <pubmedpubdate pubstatus="medline">
     <year>
      2000
     </year>
     <month>
      7
     </month>
     <day>
      8
     </day>
     <hour>
      11
     </hour>
     <minute>
      0
     </minute>
    </pubmedpubdate>
    <pubmedpubdate pubstatus="entrez">
     <year>
      2000
     </year>
     <month>
      5
     </month>
     <day>
      5
     </day>
     <hour>
      9
     </hour>
     <minute>
      0
     </minute>
    </pubmedpubdate>
   </history>
   <publicationstatus>
    ppublish
   </publicationstatus>
   <articleidlist>
    <articleid idtype="pubmed">
     10796833
    </articleid>
    <articleid idtype="pii">
     CD001895
    </articleid>
    <articleid idtype="doi">
     10.1002/14651858.CD001895
    </articleid>
   </articleidlist>
  </pubmeddata>
 </pubmedarticle>
</pubmedarticleset>

