<?xml version='1.0' encoding='utf-8'?>
<!DOCTYPE PubmedArticleSet PUBLIC "-//NLM//DTD PubMedArticle, 1st January 2011//EN" "http://www.ncbi.nlm.nih.gov/entrez/query/DTD/pubmed_110101.dtd">
<pubmedarticleset>
 <pubmedarticle>
  <medlinecitation owner="NLM" status="MEDLINE">
   <pmid version="1">
    10825056
   </pmid>
   <datecreated>
    <year>
     2000
    </year>
    <month>
     06
    </month>
    <day>
     23
    </day>
   </datecreated>
   <datecompleted>
    <year>
     2000
    </year>
    <month>
     06
    </month>
    <day>
     23
    </day>
   </datecompleted>
   <daterevised>
    <year>
     2004
    </year>
    <month>
     11
    </month>
    <day>
     17
    </day>
   </daterevised>
   <article pubmodel="Print">
    <journal>
     <issn issntype="Print">
      1058-4838
     </issn>
     <journalissue citedmedium="Print">
      <volume>
       28
      </volume>
      <issue>
       4
      </issue>
      <pubdate>
       <year>
        1999
       </year>
       <month>
        Apr
       </month>
      </pubdate>
     </journalissue>
     <title>
      Clinical infectious diseases : an official publication of the Infectious Diseases Society of America
     </title>
     <isoabbreviation>
      Clin. Infect. Dis.
     </isoabbreviation>
    </journal>
    <articletitle>
     Isoniazid toxicity in health care workers.
    </articletitle>
    <pagination>
     <medlinepgn>
      895-7
     </medlinepgn>
    </pagination>
    <abstract>
     <abstracttext>
      The toxicity of isoniazid chemoprophylaxis was assessed in 83 health care workers (HCWs) receiving a 6-month course, in whom clinical toxicity and liver function were monitored. Thirty-four HCWs (41%) developed an adverse event; in 26 (76%), toxicity was sufficiently severe to require cessation of treatment. Of the total, liver function test abnormalities (serum alanine transaminase levels more than two times normal) were evident in 14 subjects, with 8 requiring cessation of therapy. Other symptoms reported included malaise, nausea with associated anorexia, arthralgia, and rash. Mean time to development of symptoms was 3 weeks (range, 0.5-6 weeks), with the mean age of those with toxicity not differing significantly from those without (38 vs. 39 years). The high rate of toxicity seen in this study is sufficiently notable that we advocate the use of monthly liver function testing and frequent review in those receiving isoniazid prophylactic therapy.
     </abstracttext>
    </abstract>
    <affiliation>
     Department of Infectious Diseases and Clinical Epidemiology, Monash Medical Centre, Clayton, Australia. rhonda.stuart@med.monash.edu.au
    </affiliation>
    <authorlist completeyn="Y">
     <author validyn="Y">
      <lastname>
       Stuart
      </lastname>
      <forename>
       R L
      </forename>
      <initials>
       RL
      </initials>
     </author>
     <author validyn="Y">
      <lastname>
       Wilson
      </lastname>
      <forename>
       J
      </forename>
      <initials>
       J
      </initials>
     </author>
     <author validyn="Y">
      <lastname>
       Grayson
      </lastname>
      <forename>
       M L
      </forename>
      <initials>
       ML
      </initials>
     </author>
    </authorlist>
    <language>
     eng
    </language>
    <publicationtypelist>
     <publicationtype>
      Clinical Trial
     </publicationtype>
     <publicationtype>
      Journal Article
     </publicationtype>
    </publicationtypelist>
   </article>
   <medlinejournalinfo>
    <country>
     UNITED STATES
    </country>
    <medlineta>
     Clin Infect Dis
    </medlineta>
    <nlmuniqueid>
     9203213
    </nlmuniqueid>
    <issnlinking>
     1058-4838
    </issnlinking>
   </medlinejournalinfo>
   <chemicallist>
    <chemical>
     <registrynumber>
      0
     </registrynumber>
     <nameofsubstance>
      Antitubercular Agents
     </nameofsubstance>
    </chemical>
    <chemical>
     <registrynumber>
      54-85-3
     </registrynumber>
     <nameofsubstance>
      Isoniazid
     </nameofsubstance>
    </chemical>
   </chemicallist>
   <citationsubset>
    IM
   </citationsubset>
   <meshheadinglist>
    <meshheading>
     <descriptorname majortopicyn="N">
      Adult
     </descriptorname>
    </meshheading>
    <meshheading>
     <descriptorname majortopicyn="N">
      Antitubercular Agents
     </descriptorname>
     <qualifiername majortopicyn="Y">
      adverse effects
     </qualifiername>
     <qualifiername majortopicyn="N">
      therapeutic use
     </qualifiername>
    </meshheading>
    <meshheading>
     <descriptorname majortopicyn="N">
      Female
     </descriptorname>
    </meshheading>
    <meshheading>
     <descriptorname majortopicyn="Y">
      Health Personnel
     </descriptorname>
    </meshheading>
    <meshheading>
     <descriptorname majortopicyn="N">
      Humans
     </descriptorname>
    </meshheading>
    <meshheading>
     <descriptorname majortopicyn="N">
      Isoniazid
     </descriptorname>
     <qualifiername majortopicyn="Y">
      adverse effects
     </qualifiername>
     <qualifiername majortopicyn="N">
      therapeutic use
     </qualifiername>
    </meshheading>
    <meshheading>
     <descriptorname majortopicyn="N">
      Liver Function Tests
     </descriptorname>
    </meshheading>
    <meshheading>
     <descriptorname majortopicyn="N">
      Male
     </descriptorname>
    </meshheading>
    <meshheading>
     <descriptorname majortopicyn="N">
      Middle Aged
     </descriptorname>
    </meshheading>
    <meshheading>
     <descriptorname majortopicyn="N">
      Occupational Diseases
     </descriptorname>
     <qualifiername majortopicyn="Y">
      prevention &amp; control
     </qualifiername>
    </meshheading>
    <meshheading>
     <descriptorname majortopicyn="N">
      Prospective Studies
     </descriptorname>
    </meshheading>
    <meshheading>
     <descriptorname majortopicyn="N">
      Tuberculosis
     </descriptorname>
     <qualifiername majortopicyn="Y">
      prevention &amp; control
     </qualifiername>
    </meshheading>
   </meshheadinglist>
  </medlinecitation>
  <pubmeddata>
   <history>
    <pubmedpubdate pubstatus="pubmed">
     <year>
      2000
     </year>
     <month>
      5
     </month>
     <day>
      29
     </day>
     <hour>
      9
     </hour>
     <minute>
      0
     </minute>
    </pubmedpubdate>
    <pubmedpubdate pubstatus="medline">
     <year>
      2000
     </year>
     <month>
      7
     </month>
     <day>
      6
     </day>
     <hour>
      11
     </hour>
     <minute>
      0
     </minute>
    </pubmedpubdate>
    <pubmedpubdate pubstatus="entrez">
     <year>
      2000
     </year>
     <month>
      5
     </month>
     <day>
      29
     </day>
     <hour>
      9
     </hour>
     <minute>
      0
     </minute>
    </pubmedpubdate>
   </history>
   <publicationstatus>
    ppublish
   </publicationstatus>
   <articleidlist>
    <articleid idtype="pubmed">
     10825056
    </articleid>
    <articleid idtype="doi">
     10.1086/515221
    </articleid>
   </articleidlist>
  </pubmeddata>
 </pubmedarticle>
</pubmedarticleset>

