<?xml version='1.0' encoding='utf-8'?>
<!DOCTYPE PubmedArticleSet PUBLIC "-//NLM//DTD PubMedArticle, 1st January 2011//EN" "http://www.ncbi.nlm.nih.gov/entrez/query/DTD/pubmed_110101.dtd">
<pubmedarticleset>
 <pubmedarticle>
  <medlinecitation owner="NLM" status="MEDLINE">
   <pmid version="1">
    10853852
   </pmid>
   <datecreated>
    <year>
     2000
    </year>
    <month>
     10
    </month>
    <day>
     18
    </day>
   </datecreated>
   <datecompleted>
    <year>
     2000
    </year>
    <month>
     10
    </month>
    <day>
     18
    </day>
   </datecompleted>
   <daterevised>
    <year>
     2006
    </year>
    <month>
     11
    </month>
    <day>
     15
    </day>
   </daterevised>
   <article pubmodel="Print">
    <journal>
     <issn issntype="Print">
      0903-1936
     </issn>
     <journalissue citedmedium="Print">
      <volume>
       15
      </volume>
      <issue>
       5
      </issue>
      <pubdate>
       <year>
        2000
       </year>
       <month>
        May
       </month>
      </pubdate>
     </journalissue>
     <title>
      The European respiratory journal : official journal of the European Society for Clinical Respiratory Physiology
     </title>
     <isoabbreviation>
      Eur. Respir. J.
     </isoabbreviation>
    </journal>
    <articletitle>
     Long-term treatment of chronic obstructive pulmonary disease with salmeterol and the additive effect of ipratropium.
    </articletitle>
    <pagination>
     <medlinepgn>
      878-85
     </medlinepgn>
    </pagination>
    <abstract>
     <abstracttext>
      The efficacy and safety of salmeterol alone was compared with the combination of salmeterol plus ipratropium and with placebo during long-term treatment in patients with stable chronic obstructive pulmonary disease. In addition, the single-dose effect in response to the first dose of treatment was studied over 12 h. The patients (n=144; age 64+/-7 yrs, forced expiratory volume in one second (FEV1) 44+/-11% pred) participated in a three-centre double-blind double-placebo parallel group study and were randomized after a run-in period of 2 weeks to receive either salmeterol 50 microg b.i.d., salmeterol 5 microg b.i.d. plus ipratropium 40 microg q.i.d. or placebo for a period of 12 weeks. The single-dose study demonstrated that salmeterol produced a significant increase in FEV1 (peak of 7% pred) and specific airway conductance (sGaw) (maximum of 60% baseline) for &gt; or =12 h. The combination of salmeterol plus ipratropium elicited a greater bronchodilator response (11% and 94% increases respectively) than salmeterol alone during the first 6 h after inhalation. During treatment there were significant improvements in daytime symptom scores and morning peak expiratory flow in both the salmeterol and the salmeterol plus ipratropium groups (p&lt;0.001), with an associated decrease in the use of rescue salbutamol. Improvements in FEV1 and sGaw were greater in the salmeterol plus ipratropium group than in the patients receiving only salmeterol. Thirty-five patients had an exacerbation; 11 (23%) in the salmeterol group (versus placebo NS), six (13%) in the salmeterol plus ipratropium group (versus placebo p&lt;0.01) and 18 (36%) in the placebo group. In conclusion, in patients with severe stable chronic obstructive pulmonary disease, long-term treatment with either salmeterol alone or salmeterol plus ipratropium is safe and effective. There was added benefit from the combination therapy in terms of improvement in airways obstruction, but not for improvement in symptom control or need for rescue salbutamol.
     </abstracttext>
    </abstract>
    <affiliation>
     Dept of Respiratory Diseases, Atrium medisch centrum, Heerlen, The Netherlands.
    </affiliation>
    <authorlist completeyn="Y">
     <author validyn="Y">
      <lastname>
       van Noord
      </lastname>
      <forename>
       J A
      </forename>
      <initials>
       JA
      </initials>
     </author>
     <author validyn="Y">
      <lastname>
       de Munck
      </lastname>
      <forename>
       D R
      </forename>
      <initials>
       DR
      </initials>
     </author>
     <author validyn="Y">
      <lastname>
       Bantje
      </lastname>
      <forename>
       T A
      </forename>
      <initials>
       TA
      </initials>
     </author>
     <author validyn="Y">
      <lastname>
       Hop
      </lastname>
      <forename>
       W C
      </forename>
      <initials>
       WC
      </initials>
     </author>
     <author validyn="Y">
      <lastname>
       Akveld
      </lastname>
      <forename>
       M L
      </forename>
      <initials>
       ML
      </initials>
     </author>
     <author validyn="Y">
      <lastname>
       Bommer
      </lastname>
      <forename>
       A M
      </forename>
      <initials>
       AM
      </initials>
     </author>
    </authorlist>
    <language>
     eng
    </language>
    <publicationtypelist>
     <publicationtype>
      Clinical Trial
     </publicationtype>
     <publicationtype>
      Comparative Study
     </publicationtype>
     <publicationtype>
      Journal Article
     </publicationtype>
     <publicationtype>
      Multicenter Study
     </publicationtype>
     <publicationtype>
      Randomized Controlled Trial
     </publicationtype>
    </publicationtypelist>
   </article>
   <medlinejournalinfo>
    <country>
     DENMARK
    </country>
    <medlineta>
     Eur Respir J
    </medlineta>
    <nlmuniqueid>
     8803460
    </nlmuniqueid>
    <issnlinking>
     0903-1936
    </issnlinking>
   </medlinejournalinfo>
   <chemicallist>
    <chemical>
     <registrynumber>
      0
     </registrynumber>
     <nameofsubstance>
      Bronchodilator Agents
     </nameofsubstance>
    </chemical>
    <chemical>
     <registrynumber>
      18559-94-9
     </registrynumber>
     <nameofsubstance>
      Albuterol
     </nameofsubstance>
    </chemical>
    <chemical>
     <registrynumber>
      60205-81-4
     </registrynumber>
     <nameofsubstance>
      Ipratropium
     </nameofsubstance>
    </chemical>
    <chemical>
     <registrynumber>
      89365-50-4
     </registrynumber>
     <nameofsubstance>
      salmeterol
     </nameofsubstance>
    </chemical>
   </chemicallist>
   <citationsubset>
    IM
   </citationsubset>
   <meshheadinglist>
    <meshheading>
     <descriptorname majortopicyn="N">
      Aged
     </descriptorname>
    </meshheading>
    <meshheading>
     <descriptorname majortopicyn="N">
      Albuterol
     </descriptorname>
     <qualifiername majortopicyn="Y">
      analogs &amp; derivatives
     </qualifiername>
     <qualifiername majortopicyn="N">
      therapeutic use
     </qualifiername>
    </meshheading>
    <meshheading>
     <descriptorname majortopicyn="N">
      Bronchodilator Agents
     </descriptorname>
     <qualifiername majortopicyn="Y">
      therapeutic use
     </qualifiername>
    </meshheading>
    <meshheading>
     <descriptorname majortopicyn="N">
      Double-Blind Method
     </descriptorname>
    </meshheading>
    <meshheading>
     <descriptorname majortopicyn="N">
      Drug Therapy, Combination
     </descriptorname>
    </meshheading>
    <meshheading>
     <descriptorname majortopicyn="N">
      Female
     </descriptorname>
    </meshheading>
    <meshheading>
     <descriptorname majortopicyn="N">
      Humans
     </descriptorname>
    </meshheading>
    <meshheading>
     <descriptorname majortopicyn="N">
      Ipratropium
     </descriptorname>
     <qualifiername majortopicyn="Y">
      therapeutic use
     </qualifiername>
    </meshheading>
    <meshheading>
     <descriptorname majortopicyn="N">
      Lung Diseases, Obstructive
     </descriptorname>
     <qualifiername majortopicyn="Y">
      drug therapy
     </qualifiername>
     <qualifiername majortopicyn="N">
      physiopathology
     </qualifiername>
    </meshheading>
    <meshheading>
     <descriptorname majortopicyn="N">
      Male
     </descriptorname>
    </meshheading>
    <meshheading>
     <descriptorname majortopicyn="N">
      Middle Aged
     </descriptorname>
    </meshheading>
    <meshheading>
     <descriptorname majortopicyn="N">
      Time Factors
     </descriptorname>
    </meshheading>
   </meshheadinglist>
  </medlinecitation>
  <pubmeddata>
   <history>
    <pubmedpubdate pubstatus="pubmed">
     <year>
      2000
     </year>
     <month>
      6
     </month>
     <day>
      15
     </day>
     <hour>
      9
     </hour>
     <minute>
      0
     </minute>
    </pubmedpubdate>
    <pubmedpubdate pubstatus="medline">
     <year>
      2000
     </year>
     <month>
      10
     </month>
     <day>
      21
     </day>
     <hour>
      11
     </hour>
     <minute>
      1
     </minute>
    </pubmedpubdate>
    <pubmedpubdate pubstatus="entrez">
     <year>
      2000
     </year>
     <month>
      6
     </month>
     <day>
      15
     </day>
     <hour>
      9
     </hour>
     <minute>
      0
     </minute>
    </pubmedpubdate>
   </history>
   <publicationstatus>
    ppublish
   </publicationstatus>
   <articleidlist>
    <articleid idtype="pubmed">
     10853852
    </articleid>
   </articleidlist>
  </pubmeddata>
 </pubmedarticle>
</pubmedarticleset>

