<?xml version='1.0' encoding='utf-8'?>
<!DOCTYPE PubmedArticleSet PUBLIC "-//NLM//DTD PubMedArticle, 1st January 2011//EN" "http://www.ncbi.nlm.nih.gov/entrez/query/DTD/pubmed_110101.dtd">
<pubmedarticleset>
 <pubmedarticle>
  <medlinecitation owner="NLM" status="MEDLINE">
   <pmid version="1">
    10862644
   </pmid>
   <datecreated>
    <year>
     2000
    </year>
    <month>
     09
    </month>
    <day>
     12
    </day>
   </datecreated>
   <datecompleted>
    <year>
     2000
    </year>
    <month>
     09
    </month>
    <day>
     12
    </day>
   </datecompleted>
   <daterevised>
    <year>
     2004
    </year>
    <month>
     11
    </month>
    <day>
     17
    </day>
   </daterevised>
   <article pubmodel="Print">
    <journal>
     <issn issntype="Print">
      0931-0509
     </issn>
     <journalissue citedmedium="Print">
      <volume>
       15
      </volume>
      <issue>
       7
      </issue>
      <pubdate>
       <year>
        2000
       </year>
       <month>
        Jul
       </month>
      </pubdate>
     </journalissue>
     <title>
      Nephrology, dialysis, transplantation : official publication of the European Dialysis and Transplant Association - European Renal Association
     </title>
     <isoabbreviation>
      Nephrol. Dial. Transplant.
     </isoabbreviation>
    </journal>
    <articletitle>
     Ambulatory blood pressure monitoring in potential renal transplant donors.
    </articletitle>
    <pagination>
     <medlinepgn>
      1038-40
     </medlinepgn>
    </pagination>
    <abstract>
     <abstracttext label="BACKGROUND" nlmcategory="BACKGROUND">
      Hypertension is considered to be a contraindication in potential renal transplant donors. Ambulatory blood pressure monitoring (ABPM) was developed as an alternative to in-office blood pressure measurement (OBPM). The aim of this study was to determine the sensitivity of ABPM in revealing hypertension in potential renal transplant donors, and to measure the correlation between ABPM results and target organ damage.
     </abstracttext>
     <abstracttext label="METHODS" nlmcategory="METHODS">
      The study included 126 potential living-related renal transplant donors. The potential donors's blood pressures were measured during three separate clinic visits and then evaluated using 24-h ABPM. Cardiac and ophthalmological examinations were also performed to investigate target organ damage in all of the donors.
     </abstracttext>
     <abstracttext label="RESULTS" nlmcategory="RESULTS">
      According to the OBPM, 89 potential donors were normotensive and 37 had borderline or mild hypertension. Of the normotensive group, six were diagnosed as hypertensive after 24-h ABPM, and these subjects had target organ involvement. The status of the other 83 donors remained unchanged after ABPM and investigation for target organ damage. Thirteen of the 37 subjects who had borderline or mildly elevated pressures on OBPM were classified as normotensive after ABPM. These 13 individuals exhibited no hypertension-related target organ damage. The other 24 patients who had been classified as borderline or mildly hypertensive on OBPM fulfilled the criteria for hypertension after ABPM, and hypertensive changes were found at target organ evaluation. Before donor nephrectomy, 94 subjects who were classified as normotensive prior to transplantation underwent renal angiography for routine pretransplant evaluation, and none showed hypertensive or atherosclerotic changes.
     </abstracttext>
     <abstracttext label="CONCLUSION" nlmcategory="CONCLUSIONS">
      In our study, ABPM was found to be more sensitive than OBPM in terms of identifying hypertension in potential renal transplant donors.
     </abstracttext>
    </abstract>
    <affiliation>
     Department of Nephrology, Baskent University, Ankara, Turkey.
    </affiliation>
    <authorlist completeyn="Y">
     <author validyn="Y">
      <lastname>
       Ozdemir
      </lastname>
      <forename>
       F N
      </forename>
      <initials>
       FN
      </initials>
     </author>
     <author validyn="Y">
      <lastname>
       Güz
      </lastname>
      <forename>
       G
      </forename>
      <initials>
       G
      </initials>
     </author>
     <author validyn="Y">
      <lastname>
       Sezer
      </lastname>
      <forename>
       S
      </forename>
      <initials>
       S
      </initials>
     </author>
     <author validyn="Y">
      <lastname>
       Arat
      </lastname>
      <forename>
       Z
      </forename>
      <initials>
       Z
      </initials>
     </author>
     <author validyn="Y">
      <lastname>
       Haberal
      </lastname>
      <forename>
       M
      </forename>
      <initials>
       M
      </initials>
     </author>
    </authorlist>
    <language>
     eng
    </language>
    <publicationtypelist>
     <publicationtype>
      Journal Article
     </publicationtype>
    </publicationtypelist>
   </article>
   <medlinejournalinfo>
    <country>
     ENGLAND
    </country>
    <medlineta>
     Nephrol Dial Transplant
    </medlineta>
    <nlmuniqueid>
     8706402
    </nlmuniqueid>
    <issnlinking>
     0931-0509
    </issnlinking>
   </medlinejournalinfo>
   <citationsubset>
    IM
   </citationsubset>
   <meshheadinglist>
    <meshheading>
     <descriptorname majortopicyn="N">
      Adult
     </descriptorname>
    </meshheading>
    <meshheading>
     <descriptorname majortopicyn="N">
      Blood Pressure
     </descriptorname>
    </meshheading>
    <meshheading>
     <descriptorname majortopicyn="N">
      Blood Pressure Determination
     </descriptorname>
     <qualifiername majortopicyn="N">
      methods
     </qualifiername>
    </meshheading>
    <meshheading>
     <descriptorname majortopicyn="Y">
      Blood Pressure Monitoring, Ambulatory
     </descriptorname>
    </meshheading>
    <meshheading>
     <descriptorname majortopicyn="N">
      Echocardiography
     </descriptorname>
    </meshheading>
    <meshheading>
     <descriptorname majortopicyn="N">
      Female
     </descriptorname>
    </meshheading>
    <meshheading>
     <descriptorname majortopicyn="N">
      Humans
     </descriptorname>
    </meshheading>
    <meshheading>
     <descriptorname majortopicyn="N">
      Hypertension
     </descriptorname>
     <qualifiername majortopicyn="N">
      complications
     </qualifiername>
     <qualifiername majortopicyn="N">
      diagnosis
     </qualifiername>
    </meshheading>
    <meshheading>
     <descriptorname majortopicyn="Y">
      Kidney Transplantation
     </descriptorname>
    </meshheading>
    <meshheading>
     <descriptorname majortopicyn="Y">
      Living Donors
     </descriptorname>
    </meshheading>
    <meshheading>
     <descriptorname majortopicyn="N">
      Male
     </descriptorname>
    </meshheading>
    <meshheading>
     <descriptorname majortopicyn="N">
      Middle Aged
     </descriptorname>
    </meshheading>
    <meshheading>
     <descriptorname majortopicyn="N">
      Office Visits
     </descriptorname>
    </meshheading>
    <meshheading>
     <descriptorname majortopicyn="N">
      Reference Values
     </descriptorname>
    </meshheading>
    <meshheading>
     <descriptorname majortopicyn="N">
      Retinal Diseases
     </descriptorname>
     <qualifiername majortopicyn="N">
      diagnosis
     </qualifiername>
     <qualifiername majortopicyn="N">
      etiology
     </qualifiername>
    </meshheading>
   </meshheadinglist>
  </medlinecitation>
  <pubmeddata>
   <history>
    <pubmedpubdate pubstatus="pubmed">
     <year>
      2000
     </year>
     <month>
      6
     </month>
     <day>
      22
     </day>
     <hour>
      10
     </hour>
     <minute>
      0
     </minute>
    </pubmedpubdate>
    <pubmedpubdate pubstatus="medline">
     <year>
      2000
     </year>
     <month>
      9
     </month>
     <day>
      19
     </day>
     <hour>
      11
     </hour>
     <minute>
      1
     </minute>
    </pubmedpubdate>
    <pubmedpubdate pubstatus="entrez">
     <year>
      2000
     </year>
     <month>
      6
     </month>
     <day>
      22
     </day>
     <hour>
      10
     </hour>
     <minute>
      0
     </minute>
    </pubmedpubdate>
   </history>
   <publicationstatus>
    ppublish
   </publicationstatus>
   <articleidlist>
    <articleid idtype="pubmed">
     10862644
    </articleid>
   </articleidlist>
  </pubmeddata>
 </pubmedarticle>
</pubmedarticleset>

