<?xml version='1.0' encoding='utf-8'?>
<!DOCTYPE PubmedArticleSet PUBLIC "-//NLM//DTD PubMedArticle, 1st January 2011//EN" "http://www.ncbi.nlm.nih.gov/entrez/query/DTD/pubmed_110101.dtd">
<pubmedarticleset>
 <pubmedarticle>
  <medlinecitation owner="NLM" status="MEDLINE">
   <pmid version="1">
    10867092
   </pmid>
   <datecreated>
    <year>
     2000
    </year>
    <month>
     08
    </month>
    <day>
     01
    </day>
   </datecreated>
   <datecompleted>
    <year>
     2000
    </year>
    <month>
     08
    </month>
    <day>
     01
    </day>
   </datecompleted>
   <daterevised>
    <year>
     2007
    </year>
    <month>
     11
    </month>
    <day>
     14
    </day>
   </daterevised>
   <article pubmodel="Print">
    <journal>
     <issn issntype="Print">
      0002-9149
     </issn>
     <journalissue citedmedium="Print">
      <volume>
       86
      </volume>
      <issue>
       1
      </issue>
      <pubdate>
       <year>
        2000
       </year>
       <month>
        Jul
       </month>
       <day>
        1
       </day>
      </pubdate>
     </journalissue>
     <title>
      The American journal of cardiology
     </title>
     <isoabbreviation>
      Am. J. Cardiol.
     </isoabbreviation>
    </journal>
    <articletitle>
     Maximal exercise test as a predictor of risk for mortality from coronary heart disease in asymptomatic men.
    </articletitle>
    <pagination>
     <medlinepgn>
      53-8
     </medlinepgn>
    </pagination>
    <abstract>
     <abstracttext>
      Exercise testing in asymptomatic persons has been criticized for failing to accurately predict those at risk for coronary heart disease (CHD). Previous studies on asymptomatic subjects, however, may not have been large enough or long enough to provide reliable outcome measures. This study examines the ability of a maximal exercise test to predict death from CHD and death from any cause in a population of asymptomatic men. This is a prospective longitudinal study performed between 1970 and 1989, with an average follow-up of 8.4 years. The subjects are 25,927 healthy men, 20 to 82 years of age at baseline (mean 42.9 years) who were free of cardiovascular disease and who were evaluated in a preventive medicine clinic. The main outcome measures are CHD mortality and all-cause mortality. During follow-up there were 612 deaths from all causes and 158 deaths from CHD. The sensitivity of an abnormal exercise test to predict coronary death was 61%. The age-adjusted relative risk of an abnormal exercise test for CHD death was 21 (6.9 to 63.3) in those with no risk factors, 27 (10.7 to 68.8) in those with 1 risk factor, 54 (21.5 to 133.7) in those with 2 risk factors, and 80 (30.0 to 212. 5) in those with &gt;/=3 factors. A maximal exercise test performed in asymptomatic men free of cardiovascular disease does appear to be a worthwhile tool in predicting future risk of CHD death. An abnormal exercise test is a more powerful predictor of risk in those with than without conventional risk factors.
     </abstracttext>
    </abstract>
    <affiliation>
     Cooper Clinic and the Cooper Institute for Aerobics Research, Dallas, Texas, USA.
    </affiliation>
    <authorlist completeyn="Y">
     <author validyn="Y">
      <lastname>
       Gibbons
      </lastname>
      <forename>
       L W
      </forename>
      <initials>
       LW
      </initials>
     </author>
     <author validyn="Y">
      <lastname>
       Mitchell
      </lastname>
      <forename>
       T L
      </forename>
      <initials>
       TL
      </initials>
     </author>
     <author validyn="Y">
      <lastname>
       Wei
      </lastname>
      <forename>
       M
      </forename>
      <initials>
       M
      </initials>
     </author>
     <author validyn="Y">
      <lastname>
       Blair
      </lastname>
      <forename>
       S N
      </forename>
      <initials>
       SN
      </initials>
     </author>
     <author validyn="Y">
      <lastname>
       Cooper
      </lastname>
      <forename>
       K H
      </forename>
      <initials>
       KH
      </initials>
     </author>
    </authorlist>
    <language>
     eng
    </language>
    <grantlist completeyn="Y">
     <grant>
      <grantid>
       AG06945
      </grantid>
      <acronym>
       AG
      </acronym>
      <agency>
       NIA NIH HHS
      </agency>
      <country>
       United States
      </country>
     </grant>
    </grantlist>
    <publicationtypelist>
     <publicationtype>
      Comparative Study
     </publicationtype>
     <publicationtype>
      Journal Article
     </publicationtype>
     <publicationtype>
      Research Support, U.S. Gov't, P.H.S.
     </publicationtype>
    </publicationtypelist>
   </article>
   <medlinejournalinfo>
    <country>
     UNITED STATES
    </country>
    <medlineta>
     Am J Cardiol
    </medlineta>
    <nlmuniqueid>
     0207277
    </nlmuniqueid>
    <issnlinking>
     0002-9149
    </issnlinking>
   </medlinejournalinfo>
   <citationsubset>
    AIM
   </citationsubset>
   <citationsubset>
    IM
   </citationsubset>
   <meshheadinglist>
    <meshheading>
     <descriptorname majortopicyn="N">
      Adult
     </descriptorname>
    </meshheading>
    <meshheading>
     <descriptorname majortopicyn="N">
      Aged
     </descriptorname>
    </meshheading>
    <meshheading>
     <descriptorname majortopicyn="N">
      Aged, 80 and over
     </descriptorname>
    </meshheading>
    <meshheading>
     <descriptorname majortopicyn="N">
      Cause of Death
     </descriptorname>
    </meshheading>
    <meshheading>
     <descriptorname majortopicyn="N">
      Coronary Disease
     </descriptorname>
     <qualifiername majortopicyn="N">
      diagnosis
     </qualifiername>
     <qualifiername majortopicyn="Y">
      mortality
     </qualifiername>
    </meshheading>
    <meshheading>
     <descriptorname majortopicyn="N">
      Electrocardiography
     </descriptorname>
    </meshheading>
    <meshheading>
     <descriptorname majortopicyn="Y">
      Exercise Test
     </descriptorname>
    </meshheading>
    <meshheading>
     <descriptorname majortopicyn="N">
      Humans
     </descriptorname>
    </meshheading>
    <meshheading>
     <descriptorname majortopicyn="N">
      Male
     </descriptorname>
    </meshheading>
    <meshheading>
     <descriptorname majortopicyn="N">
      Middle Aged
     </descriptorname>
    </meshheading>
    <meshheading>
     <descriptorname majortopicyn="N">
      Prognosis
     </descriptorname>
    </meshheading>
    <meshheading>
     <descriptorname majortopicyn="N">
      Prospective Studies
     </descriptorname>
    </meshheading>
    <meshheading>
     <descriptorname majortopicyn="N">
      Reproducibility of Results
     </descriptorname>
    </meshheading>
    <meshheading>
     <descriptorname majortopicyn="N">
      Risk Factors
     </descriptorname>
    </meshheading>
    <meshheading>
     <descriptorname majortopicyn="N">
      Sensitivity and Specificity
     </descriptorname>
    </meshheading>
    <meshheading>
     <descriptorname majortopicyn="N">
      Survival Rate
     </descriptorname>
    </meshheading>
   </meshheadinglist>
  </medlinecitation>
  <pubmeddata>
   <history>
    <pubmedpubdate pubstatus="pubmed">
     <year>
      2000
     </year>
     <month>
      6
     </month>
     <day>
      27
     </day>
     <hour>
      11
     </hour>
     <minute>
      0
     </minute>
    </pubmedpubdate>
    <pubmedpubdate pubstatus="medline">
     <year>
      2000
     </year>
     <month>
      8
     </month>
     <day>
      6
     </day>
     <hour>
      11
     </hour>
     <minute>
      0
     </minute>
    </pubmedpubdate>
    <pubmedpubdate pubstatus="entrez">
     <year>
      2000
     </year>
     <month>
      6
     </month>
     <day>
      27
     </day>
     <hour>
      11
     </hour>
     <minute>
      0
     </minute>
    </pubmedpubdate>
   </history>
   <publicationstatus>
    ppublish
   </publicationstatus>
   <articleidlist>
    <articleid idtype="pubmed">
     10867092
    </articleid>
    <articleid idtype="pii">
     S0002-9149(00)00827-4
    </articleid>
   </articleidlist>
  </pubmeddata>
 </pubmedarticle>
</pubmedarticleset>

