<?xml version='1.0' encoding='utf-8'?>
<!DOCTYPE PubmedArticleSet PUBLIC "-//NLM//DTD PubMedArticle, 1st January 2011//EN" "http://www.ncbi.nlm.nih.gov/entrez/query/DTD/pubmed_110101.dtd">
<pubmedarticleset>
 <pubmedarticle>
  <medlinecitation owner="NLM" status="MEDLINE">
   <pmid version="1">
    10875288
   </pmid>
   <datecreated>
    <year>
     2000
    </year>
    <month>
     07
    </month>
    <day>
     10
    </day>
   </datecreated>
   <datecompleted>
    <year>
     2000
    </year>
    <month>
     07
    </month>
    <day>
     10
    </day>
   </datecompleted>
   <daterevised>
    <year>
     2004
    </year>
    <month>
     11
    </month>
    <day>
     17
    </day>
   </daterevised>
   <article pubmodel="Print">
    <journal>
     <issn issntype="Print">
      0002-9629
     </issn>
     <journalissue citedmedium="Print">
      <volume>
       319
      </volume>
      <issue>
       6
      </issue>
      <pubdate>
       <year>
        2000
       </year>
       <month>
        Jun
       </month>
      </pubdate>
     </journalissue>
     <title>
      The American journal of the medical sciences
     </title>
     <isoabbreviation>
      Am. J. Med. Sci.
     </isoabbreviation>
    </journal>
    <articletitle>
     Etiology and diagnostic evaluation of macrocytosis.
    </articletitle>
    <pagination>
     <medlinepgn>
      343-52
     </medlinepgn>
    </pagination>
    <abstract>
     <abstracttext label="BACKGROUND" nlmcategory="BACKGROUND">
      Elevation of mean cell volume (MCV) is a common clinical problem, but the etiologic spectrum and optimal diagnostic evaluation of macrocytosis are not well defined.
     </abstracttext>
     <abstracttext label="METHODS" nlmcategory="METHODS">
      We studied 300 consecutive hospitalized adult patients with MCV values &gt; or = 100 fL. Assessment included complete blood counts, morphologic review, liver function tests, and levels of serum cobalamin (Cbl), methylmalonic acid, and total homocysteine.
     </abstracttext>
     <abstracttext label="RESULTS" nlmcategory="RESULTS">
      The most common cause of macrocytosis was drug therapy, followed by alcohol, liver disease, and reticulocytosis. Megaloblastic hematopoiesis accounted for less than 10% of cases. MCV values &gt; 120 fL were usually caused by Cbl deficiency. Anisocytosis, macro-ovalocytosis, and teardrop erythrocytes were most prominent in megaloblastic hematopoiesis. Elevated levels of serum methylmalonic acid and total homocysteine were useful in the diagnosis of Cbl deficiency.
     </abstracttext>
     <abstracttext label="CONCLUSIONS" nlmcategory="CONCLUSIONS">
      Drugs and alcohol are the most common causes of macrocytosis in hospitalized patients in a New York City teaching hospital. We have formulated tentative guidelines for the evaluation of high MCV values in this setting.
     </abstracttext>
    </abstract>
    <affiliation>
     Department of Medicine, Columbia University, College of Physicians and Surgeons, New York, New York, USA. savage@cuccfa.ccc.columbia.edu
    </affiliation>
    <authorlist completeyn="Y">
     <author validyn="Y">
      <lastname>
       Savage
      </lastname>
      <forename>
       D G
      </forename>
      <initials>
       DG
      </initials>
     </author>
     <author validyn="Y">
      <lastname>
       Ogundipe
      </lastname>
      <forename>
       A
      </forename>
      <initials>
       A
      </initials>
     </author>
     <author validyn="Y">
      <lastname>
       Allen
      </lastname>
      <forename>
       R H
      </forename>
      <initials>
       RH
      </initials>
     </author>
     <author validyn="Y">
      <lastname>
       Stabler
      </lastname>
      <forename>
       S P
      </forename>
      <initials>
       SP
      </initials>
     </author>
     <author validyn="Y">
      <lastname>
       Lindenbaum
      </lastname>
      <forename>
       J
      </forename>
      <initials>
       J
      </initials>
     </author>
    </authorlist>
    <language>
     eng
    </language>
    <publicationtypelist>
     <publicationtype>
      Journal Article
     </publicationtype>
    </publicationtypelist>
   </article>
   <medlinejournalinfo>
    <country>
     UNITED STATES
    </country>
    <medlineta>
     Am J Med Sci
    </medlineta>
    <nlmuniqueid>
     0370506
    </nlmuniqueid>
    <issnlinking>
     0002-9629
    </issnlinking>
   </medlinejournalinfo>
   <chemicallist>
    <chemical>
     <registrynumber>
      0
     </registrynumber>
     <nameofsubstance>
      Pharmaceutical Preparations
     </nameofsubstance>
    </chemical>
    <chemical>
     <registrynumber>
      454-28-4
     </registrynumber>
     <nameofsubstance>
      Homocysteine
     </nameofsubstance>
    </chemical>
    <chemical>
     <registrynumber>
      516-05-2
     </registrynumber>
     <nameofsubstance>
      Methylmalonic Acid
     </nameofsubstance>
    </chemical>
    <chemical>
     <registrynumber>
      59-30-3
     </registrynumber>
     <nameofsubstance>
      Folic Acid
     </nameofsubstance>
    </chemical>
    <chemical>
     <registrynumber>
      68-19-9
     </registrynumber>
     <nameofsubstance>
      Vitamin B 12
     </nameofsubstance>
    </chemical>
    <chemical>
     <registrynumber>
      EC 1.1.1.27
     </registrynumber>
     <nameofsubstance>
      L-Lactate Dehydrogenase
     </nameofsubstance>
    </chemical>
   </chemicallist>
   <citationsubset>
    AIM
   </citationsubset>
   <citationsubset>
    IM
   </citationsubset>
   <meshheadinglist>
    <meshheading>
     <descriptorname majortopicyn="N">
      Adult
     </descriptorname>
    </meshheading>
    <meshheading>
     <descriptorname majortopicyn="N">
      Aged
     </descriptorname>
    </meshheading>
    <meshheading>
     <descriptorname majortopicyn="N">
      Alcohol Drinking
     </descriptorname>
     <qualifiername majortopicyn="N">
      adverse effects
     </qualifiername>
    </meshheading>
    <meshheading>
     <descriptorname majortopicyn="N">
      Anemia, Macrocytic
     </descriptorname>
     <qualifiername majortopicyn="N">
      blood
     </qualifiername>
     <qualifiername majortopicyn="N">
      chemically induced
     </qualifiername>
     <qualifiername majortopicyn="Y">
      diagnosis
     </qualifiername>
     <qualifiername majortopicyn="Y">
      etiology
     </qualifiername>
    </meshheading>
    <meshheading>
     <descriptorname majortopicyn="N">
      Anemia, Megaloblastic
     </descriptorname>
     <qualifiername majortopicyn="N">
      blood
     </qualifiername>
     <qualifiername majortopicyn="N">
      complications
     </qualifiername>
     <qualifiername majortopicyn="N">
      diagnosis
     </qualifiername>
    </meshheading>
    <meshheading>
     <descriptorname majortopicyn="N">
      Bone Marrow Diseases
     </descriptorname>
     <qualifiername majortopicyn="N">
      complications
     </qualifiername>
     <qualifiername majortopicyn="N">
      diagnosis
     </qualifiername>
    </meshheading>
    <meshheading>
     <descriptorname majortopicyn="N">
      Diagnosis, Differential
     </descriptorname>
    </meshheading>
    <meshheading>
     <descriptorname majortopicyn="N">
      Female
     </descriptorname>
    </meshheading>
    <meshheading>
     <descriptorname majortopicyn="N">
      Folic Acid
     </descriptorname>
     <qualifiername majortopicyn="N">
      blood
     </qualifiername>
    </meshheading>
    <meshheading>
     <descriptorname majortopicyn="N">
      Folic Acid Deficiency
     </descriptorname>
     <qualifiername majortopicyn="N">
      blood
     </qualifiername>
     <qualifiername majortopicyn="N">
      complications
     </qualifiername>
     <qualifiername majortopicyn="N">
      diagnosis
     </qualifiername>
    </meshheading>
    <meshheading>
     <descriptorname majortopicyn="N">
      Homocysteine
     </descriptorname>
     <qualifiername majortopicyn="N">
      blood
     </qualifiername>
    </meshheading>
    <meshheading>
     <descriptorname majortopicyn="N">
      Humans
     </descriptorname>
    </meshheading>
    <meshheading>
     <descriptorname majortopicyn="N">
      L-Lactate Dehydrogenase
     </descriptorname>
     <qualifiername majortopicyn="N">
      blood
     </qualifiername>
    </meshheading>
    <meshheading>
     <descriptorname majortopicyn="N">
      Leukocyte Count
     </descriptorname>
    </meshheading>
    <meshheading>
     <descriptorname majortopicyn="N">
      Liver Diseases
     </descriptorname>
     <qualifiername majortopicyn="N">
      blood
     </qualifiername>
     <qualifiername majortopicyn="N">
      complications
     </qualifiername>
     <qualifiername majortopicyn="N">
      diagnosis
     </qualifiername>
    </meshheading>
    <meshheading>
     <descriptorname majortopicyn="N">
      Liver Diseases, Alcoholic
     </descriptorname>
     <qualifiername majortopicyn="N">
      complications
     </qualifiername>
     <qualifiername majortopicyn="N">
      diagnosis
     </qualifiername>
    </meshheading>
    <meshheading>
     <descriptorname majortopicyn="N">
      Male
     </descriptorname>
    </meshheading>
    <meshheading>
     <descriptorname majortopicyn="N">
      Methylmalonic Acid
     </descriptorname>
     <qualifiername majortopicyn="N">
      blood
     </qualifiername>
    </meshheading>
    <meshheading>
     <descriptorname majortopicyn="N">
      Middle Aged
     </descriptorname>
    </meshheading>
    <meshheading>
     <descriptorname majortopicyn="N">
      Pharmaceutical Preparations
     </descriptorname>
     <qualifiername majortopicyn="N">
      adverse effects
     </qualifiername>
    </meshheading>
    <meshheading>
     <descriptorname majortopicyn="N">
      Platelet Count
     </descriptorname>
    </meshheading>
    <meshheading>
     <descriptorname majortopicyn="N">
      Predictive Value of Tests
     </descriptorname>
    </meshheading>
    <meshheading>
     <descriptorname majortopicyn="N">
      Prospective Studies
     </descriptorname>
    </meshheading>
    <meshheading>
     <descriptorname majortopicyn="N">
      Reticulocyte Count
     </descriptorname>
    </meshheading>
    <meshheading>
     <descriptorname majortopicyn="N">
      Sensitivity and Specificity
     </descriptorname>
    </meshheading>
    <meshheading>
     <descriptorname majortopicyn="N">
      Vitamin B 12
     </descriptorname>
     <qualifiername majortopicyn="N">
      blood
     </qualifiername>
    </meshheading>
    <meshheading>
     <descriptorname majortopicyn="N">
      Vitamin B 12 Deficiency
     </descriptorname>
     <qualifiername majortopicyn="N">
      blood
     </qualifiername>
     <qualifiername majortopicyn="N">
      complications
     </qualifiername>
     <qualifiername majortopicyn="N">
      diagnosis
     </qualifiername>
    </meshheading>
   </meshheadinglist>
  </medlinecitation>
  <pubmeddata>
   <history>
    <pubmedpubdate pubstatus="pubmed">
     <year>
      2000
     </year>
     <month>
      6
     </month>
     <day>
      30
     </day>
     <hour>
      11
     </hour>
     <minute>
      0
     </minute>
    </pubmedpubdate>
    <pubmedpubdate pubstatus="medline">
     <year>
      2000
     </year>
     <month>
      7
     </month>
     <day>
      15
     </day>
     <hour>
      11
     </hour>
     <minute>
      0
     </minute>
    </pubmedpubdate>
    <pubmedpubdate pubstatus="entrez">
     <year>
      2000
     </year>
     <month>
      6
     </month>
     <day>
      30
     </day>
     <hour>
      11
     </hour>
     <minute>
      0
     </minute>
    </pubmedpubdate>
   </history>
   <publicationstatus>
    ppublish
   </publicationstatus>
   <articleidlist>
    <articleid idtype="pubmed">
     10875288
    </articleid>
   </articleidlist>
  </pubmeddata>
 </pubmedarticle>
</pubmedarticleset>

