<?xml version='1.0' encoding='utf-8'?>
<!DOCTYPE PubmedArticleSet PUBLIC "-//NLM//DTD PubMedArticle, 1st January 2011//EN" "http://www.ncbi.nlm.nih.gov/entrez/query/DTD/pubmed_110101.dtd">
<pubmedarticleset>
 <pubmedarticle>
  <medlinecitation owner="NLM" status="MEDLINE">
   <pmid version="1">
    10885953
   </pmid>
   <datecreated>
    <year>
     2000
    </year>
    <month>
     06
    </month>
    <day>
     30
    </day>
   </datecreated>
   <datecompleted>
    <year>
     2000
    </year>
    <month>
     06
    </month>
    <day>
     30
    </day>
   </datecompleted>
   <daterevised>
    <year>
     2004
    </year>
    <month>
     11
    </month>
    <day>
     17
    </day>
   </daterevised>
   <article pubmodel="Print">
    <journal>
     <issn issntype="Print">
      1091-255X
     </issn>
     <journalissue citedmedium="Print">
      <volume>
       4
      </volume>
      <issue>
       2
      </issue>
      <pubdate>
       <medlinedate>
        2000 Mar-Apr
       </medlinedate>
      </pubdate>
     </journalissue>
     <title>
      Journal of gastrointestinal surgery : official journal of the Society for Surgery of the Alimentary Tract
     </title>
     <isoabbreviation>
      J. Gastrointest. Surg.
     </isoabbreviation>
    </journal>
    <articletitle>
     Management of Barrett's esophagus. The Society for Surgery of the Alimentary Tract (SSAT), American Gastroenterological Association (AGA), American Society for Gastrointestinal Endoscopy (ASGE) Consensus Panel.
    </articletitle>
    <pagination>
     <medlinepgn>
      115-6
     </medlinepgn>
    </pagination>
    <language>
     eng
    </language>
    <publicationtypelist>
     <publicationtype>
      Consensus Development Conference
     </publicationtype>
     <publicationtype>
      Journal Article
     </publicationtype>
     <publicationtype>
      Review
     </publicationtype>
    </publicationtypelist>
   </article>
   <medlinejournalinfo>
    <country>
     UNITED STATES
    </country>
    <medlineta>
     J Gastrointest Surg
    </medlineta>
    <nlmuniqueid>
     9706084
    </nlmuniqueid>
    <issnlinking>
     1091-255X
    </issnlinking>
   </medlinejournalinfo>
   <citationsubset>
    IM
   </citationsubset>
   <meshheadinglist>
    <meshheading>
     <descriptorname majortopicyn="N">
      Barrett Esophagus
     </descriptorname>
     <qualifiername majortopicyn="Y">
      diagnosis
     </qualifiername>
     <qualifiername majortopicyn="Y">
      therapy
     </qualifiername>
    </meshheading>
    <meshheading>
     <descriptorname majortopicyn="N">
      Humans
     </descriptorname>
    </meshheading>
   </meshheadinglist>
   <numberofreferences>
    0
   </numberofreferences>
  </medlinecitation>
  <pubmeddata>
   <history>
    <pubmedpubdate pubstatus="pubmed">
     <year>
      2000
     </year>
     <month>
      7
     </month>
     <day>
      8
     </day>
    </pubmedpubdate>
    <pubmedpubdate pubstatus="medline">
     <year>
      2000
     </year>
     <month>
      7
     </month>
     <day>
      8
     </day>
     <hour>
      0
     </hour>
     <minute>
      1
     </minute>
    </pubmedpubdate>
    <pubmedpubdate pubstatus="entrez">
     <year>
      2000
     </year>
     <month>
      7
     </month>
     <day>
      8
     </day>
     <hour>
      0
     </hour>
     <minute>
      0
     </minute>
    </pubmedpubdate>
   </history>
   <publicationstatus>
    ppublish
   </publicationstatus>
   <articleidlist>
    <articleid idtype="pubmed">
     10885953
    </articleid>
    <articleid idtype="pii">
     S1091255X00800426
    </articleid>
   </articleidlist>
  </pubmeddata>
 </pubmedarticle>
</pubmedarticleset>

