<?xml version='1.0' encoding='utf-8'?>
<!DOCTYPE PubmedArticleSet PUBLIC "-//NLM//DTD PubMedArticle, 1st January 2011//EN" "http://www.ncbi.nlm.nih.gov/entrez/query/DTD/pubmed_110101.dtd">
<pubmedarticleset>
 <pubmedarticle>
  <medlinecitation owner="NLM" status="MEDLINE">
   <pmid version="1">
    10880410
   </pmid>
   <datecreated>
    <year>
     2000
    </year>
    <month>
     07
    </month>
    <day>
     24
    </day>
   </datecreated>
   <datecompleted>
    <year>
     2000
    </year>
    <month>
     07
    </month>
    <day>
     24
    </day>
   </datecompleted>
   <daterevised>
    <year>
     2010
    </year>
    <month>
     11
    </month>
    <day>
     18
    </day>
   </daterevised>
   <article pubmodel="Print">
    <journal>
     <issn issntype="Electronic">
      1524-4539
     </issn>
     <journalissue citedmedium="Internet">
      <volume>
       102
      </volume>
      <issue>
       1
      </issue>
      <pubdate>
       <year>
        2000
       </year>
       <month>
        Jul
       </month>
       <day>
        4
       </day>
      </pubdate>
     </journalissue>
     <title>
      Circulation
     </title>
     <isoabbreviation>
      Circulation
     </isoabbreviation>
    </journal>
    <articletitle>
     Secondary prevention by raising HDL cholesterol and reducing triglycerides in patients with coronary artery disease: the Bezafibrate Infarction Prevention (BIP) study.
    </articletitle>
    <pagination>
     <medlinepgn>
      21-7
     </medlinepgn>
    </pagination>
    <abstract>
     <abstracttext label="BACKGROUND" nlmcategory="BACKGROUND">
      Coronary heart disease patients with low high-density lipoprotein cholesterol (HDL-C) levels, high triglyceride levels, or both are at an increased risk of cardiovascular events, but the clinical impact of raising HDL-C or decreasing triglycerides remains to be confirmed.
     </abstracttext>
     <abstracttext label="METHODS AND RESULTS" nlmcategory="RESULTS">
      In a double-blind trial, 3090 patients with a previous myocardial infarction or stable angina, total cholesterol of 180 to 250 mg/dL, HDL-C &lt; or =45 mg/dL, triglycerides &lt; or =300 mg/dL, and low-density lipoprotein cholesterol &lt; or =180 mg/dL were randomized to receive either 400 mg of bezafibrate per day or a placebo; they were followed for a mean of 6.2 years. The primary end point was fatal or nonfatal myocardial infarction or sudden death. Bezafibrate increased HDL-C by 18% and reduced triglycerides by 21%. The frequency of the primary end point was 13. 6% on bezafibrate versus 15.0% on placebo (P=0.26). After 6.2 years, the reduction in the cumulative probability of the primary end point was 7.3%, (P=0.24). In a post hoc analysis in the subgroup with high baseline triglycerides (&gt; or =200 mg/dL), the reduction in the cumulative probability of the primary end point by bezafibrate was 39.5% (P=0.02). Total and noncardiac mortality rates were similar, and adverse events and cancer were equally distributed.
     </abstracttext>
     <abstracttext label="CONCLUSIONS" nlmcategory="CONCLUSIONS">
      Bezafibrate was safe and effective in elevating HDL-C levels and lowering triglycerides. An overall trend in a reduction of the incidence of primary end points was observed. The reduction in the primary end point in patients with high baseline triglycerides (&gt; or =200 mg/dL) requires further confirmation.
     </abstracttext>
    </abstract>
    <affiliation>
     Israeli Society for Prevention of Heart Attacks, Tel-Hashomer, Israel. behar@post.tau.ac.il
    </affiliation>
    <language>
     eng
    </language>
    <publicationtypelist>
     <publicationtype>
      Clinical Trial
     </publicationtype>
     <publicationtype>
      Journal Article
     </publicationtype>
     <publicationtype>
      Randomized Controlled Trial
     </publicationtype>
     <publicationtype>
      Research Support, Non-U.S. Gov't
     </publicationtype>
    </publicationtypelist>
   </article>
   <medlinejournalinfo>
    <country>
     UNITED STATES
    </country>
    <medlineta>
     Circulation
    </medlineta>
    <nlmuniqueid>
     0147763
    </nlmuniqueid>
    <issnlinking>
     0009-7322
    </issnlinking>
   </medlinejournalinfo>
   <chemicallist>
    <chemical>
     <registrynumber>
      0
     </registrynumber>
     <nameofsubstance>
      Apolipoprotein A-I
     </nameofsubstance>
    </chemical>
    <chemical>
     <registrynumber>
      0
     </registrynumber>
     <nameofsubstance>
      Apolipoprotein A-II
     </nameofsubstance>
    </chemical>
    <chemical>
     <registrynumber>
      0
     </registrynumber>
     <nameofsubstance>
      Apolipoprotein C-III
     </nameofsubstance>
    </chemical>
    <chemical>
     <registrynumber>
      0
     </registrynumber>
     <nameofsubstance>
      Apolipoproteins C
     </nameofsubstance>
    </chemical>
    <chemical>
     <registrynumber>
      0
     </registrynumber>
     <nameofsubstance>
      Cholesterol, HDL
     </nameofsubstance>
    </chemical>
    <chemical>
     <registrynumber>
      0
     </registrynumber>
     <nameofsubstance>
      Hypolipidemic Agents
     </nameofsubstance>
    </chemical>
    <chemical>
     <registrynumber>
      0
     </registrynumber>
     <nameofsubstance>
      Triglycerides
     </nameofsubstance>
    </chemical>
    <chemical>
     <registrynumber>
      41859-67-0
     </registrynumber>
     <nameofsubstance>
      Bezafibrate
     </nameofsubstance>
    </chemical>
    <chemical>
     <registrynumber>
      9001-32-5
     </registrynumber>
     <nameofsubstance>
      Fibrinogen
     </nameofsubstance>
    </chemical>
    <chemical>
     <registrynumber>
      EC 3.1.1.34
     </registrynumber>
     <nameofsubstance>
      Lipoprotein Lipase
     </nameofsubstance>
    </chemical>
   </chemicallist>
   <citationsubset>
    AIM
   </citationsubset>
   <citationsubset>
    IM
   </citationsubset>
   <commentscorrectionslist>
    <commentscorrections reftype="CommentIn">
     <refsource>
      Circulation. 2000 Jul 4;102(1):2-4
     </refsource>
     <pmid version="1">
      10880405
     </pmid>
    </commentscorrections>
   </commentscorrectionslist>
   <meshheadinglist>
    <meshheading>
     <descriptorname majortopicyn="N">
      Aged
     </descriptorname>
    </meshheading>
    <meshheading>
     <descriptorname majortopicyn="N">
      Apolipoprotein A-I
     </descriptorname>
     <qualifiername majortopicyn="N">
      biosynthesis
     </qualifiername>
    </meshheading>
    <meshheading>
     <descriptorname majortopicyn="N">
      Apolipoprotein A-II
     </descriptorname>
     <qualifiername majortopicyn="N">
      biosynthesis
     </qualifiername>
    </meshheading>
    <meshheading>
     <descriptorname majortopicyn="N">
      Apolipoprotein C-III
     </descriptorname>
    </meshheading>
    <meshheading>
     <descriptorname majortopicyn="N">
      Apolipoproteins C
     </descriptorname>
     <qualifiername majortopicyn="N">
      biosynthesis
     </qualifiername>
    </meshheading>
    <meshheading>
     <descriptorname majortopicyn="N">
      Bezafibrate
     </descriptorname>
     <qualifiername majortopicyn="Y">
      administration &amp; dosage
     </qualifiername>
     <qualifiername majortopicyn="N">
      adverse effects
     </qualifiername>
    </meshheading>
    <meshheading>
     <descriptorname majortopicyn="N">
      Cholesterol, HDL
     </descriptorname>
     <qualifiername majortopicyn="Y">
      blood
     </qualifiername>
    </meshheading>
    <meshheading>
     <descriptorname majortopicyn="N">
      Coronary Disease
     </descriptorname>
     <qualifiername majortopicyn="N">
      blood
     </qualifiername>
     <qualifiername majortopicyn="Y">
      drug therapy
     </qualifiername>
     <qualifiername majortopicyn="N">
      mortality
     </qualifiername>
     <qualifiername majortopicyn="Y">
      prevention &amp; control
     </qualifiername>
    </meshheading>
    <meshheading>
     <descriptorname majortopicyn="N">
      Female
     </descriptorname>
    </meshheading>
    <meshheading>
     <descriptorname majortopicyn="N">
      Fibrinogen
     </descriptorname>
     <qualifiername majortopicyn="N">
      metabolism
     </qualifiername>
    </meshheading>
    <meshheading>
     <descriptorname majortopicyn="N">
      Follow-Up Studies
     </descriptorname>
    </meshheading>
    <meshheading>
     <descriptorname majortopicyn="N">
      Humans
     </descriptorname>
    </meshheading>
    <meshheading>
     <descriptorname majortopicyn="N">
      Hypolipidemic Agents
     </descriptorname>
     <qualifiername majortopicyn="Y">
      administration &amp; dosage
     </qualifiername>
     <qualifiername majortopicyn="N">
      adverse effects
     </qualifiername>
    </meshheading>
    <meshheading>
     <descriptorname majortopicyn="N">
      Lipoprotein Lipase
     </descriptorname>
     <qualifiername majortopicyn="N">
      metabolism
     </qualifiername>
    </meshheading>
    <meshheading>
     <descriptorname majortopicyn="N">
      Male
     </descriptorname>
    </meshheading>
    <meshheading>
     <descriptorname majortopicyn="N">
      Middle Aged
     </descriptorname>
    </meshheading>
    <meshheading>
     <descriptorname majortopicyn="N">
      Survival Analysis
     </descriptorname>
    </meshheading>
    <meshheading>
     <descriptorname majortopicyn="N">
      Treatment Outcome
     </descriptorname>
    </meshheading>
    <meshheading>
     <descriptorname majortopicyn="N">
      Triglycerides
     </descriptorname>
     <qualifiername majortopicyn="Y">
      blood
     </qualifiername>
    </meshheading>
   </meshheadinglist>
  </medlinecitation>
  <pubmeddata>
   <history>
    <pubmedpubdate pubstatus="pubmed">
     <year>
      2000
     </year>
     <month>
      7
     </month>
     <day>
      6
     </day>
    </pubmedpubdate>
    <pubmedpubdate pubstatus="medline">
     <year>
      2000
     </year>
     <month>
      7
     </month>
     <day>
      6
     </day>
     <hour>
      0
     </hour>
     <minute>
      1
     </minute>
    </pubmedpubdate>
    <pubmedpubdate pubstatus="entrez">
     <year>
      2000
     </year>
     <month>
      7
     </month>
     <day>
      6
     </day>
     <hour>
      0
     </hour>
     <minute>
      0
     </minute>
    </pubmedpubdate>
   </history>
   <publicationstatus>
    ppublish
   </publicationstatus>
   <articleidlist>
    <articleid idtype="pubmed">
     10880410
    </articleid>
   </articleidlist>
  </pubmeddata>
 </pubmedarticle>
</pubmedarticleset>

