<?xml version='1.0' encoding='utf-8'?>
<!DOCTYPE PubmedArticleSet PUBLIC "-//NLM//DTD PubMedArticle, 1st January 2011//EN" "http://www.ncbi.nlm.nih.gov/entrez/query/DTD/pubmed_110101.dtd">
<pubmedarticleset>
 <pubmedarticle>
  <medlinecitation owner="NLM" status="MEDLINE">
   <pmid version="1">
    10888968
   </pmid>
   <datecreated>
    <year>
     2000
    </year>
    <month>
     07
    </month>
    <day>
     26
    </day>
   </datecreated>
   <datecompleted>
    <year>
     2000
    </year>
    <month>
     07
    </month>
    <day>
     26
    </day>
   </datecompleted>
   <daterevised>
    <year>
     2007
    </year>
    <month>
     11
    </month>
    <day>
     15
    </day>
   </daterevised>
   <article pubmodel="Print">
    <journal>
     <issn issntype="Print">
      0003-9926
     </issn>
     <journalissue citedmedium="Print">
      <volume>
       160
      </volume>
      <issue>
       13
      </issue>
      <pubdate>
       <year>
        2000
       </year>
       <month>
        Jul
       </month>
       <day>
        10
       </day>
      </pubdate>
     </journalissue>
     <title>
      Archives of internal medicine
     </title>
     <isoabbreviation>
      Arch. Intern. Med.
     </isoabbreviation>
    </journal>
    <articletitle>
     Do triglycerides provide meaningful information about heart disease risk?
    </articletitle>
    <pagination>
     <medlinepgn>
      1937-44
     </medlinepgn>
    </pagination>
    <abstract>
     <abstracttext label="BACKGROUND" nlmcategory="BACKGROUND">
      Prior research suggests that adding triglyceride determinations to measurements of total cholesterol and cholesterol subfractions may improve the prediction of coronary heart disease (CHD).
     </abstracttext>
     <abstracttext label="OBJECTIVE" nlmcategory="OBJECTIVE">
      To determine the additional value of measuring triglyceride levels, in addition to cholesterol levels and subfractions, for predicting CHD.
     </abstracttext>
     <abstracttext label="STUDY DESIGN" nlmcategory="METHODS">
      A set of secondary analyses of previously reported studies.
     </abstracttext>
     <abstracttext label="METHODS" nlmcategory="METHODS">
      We performed secondary analyses of data from the Multiple Risk Factor Intervention Trial, the Lipid Research Clinics Coronary Primary Prevention Trial, and the Lipid Research Clinics Prevalence and Mortality Follow-Up Study. Predictor variables included the levels of fasting triglycerides, total cholesterol, low-density lipoprotein cholesterol, high-density lipoprotein cholesterol, and fasting blood glucose; age; blood pressure; cigarette smoking; body mass index; and postmenopausal estrogen use. Analytic methods included Cox proportional hazards models, calculation of stratified crude incidence rates, and measurement of the area under the receiver operating characteristic curve.
     </abstracttext>
     <abstracttext label="MAIN OUTCOME MEASURES" nlmcategory="METHODS">
      Outcome variables were fatal and nonfatal myocardial infarctions.
     </abstracttext>
     <abstracttext label="RESULTS" nlmcategory="RESULTS">
      With few exceptions, no significant interactions between cholesterol subfractions and triglyceride levels were found and receiver operating characteristic curve analyses revealed that triglyceride measurements did not improve discrimination between those subjects who did and did not suffer CHD events. In men, categorical analyses employing both triglyceride and cholesterol levels were similar to those using cholesterol categories alone. In the one study of women, those subjects with both a high-risk cholesterol profile and high triglyceride levels were more likely to have a CHD event, though this finding was based on fewer subjects and CHD events.
     </abstracttext>
     <abstracttext label="CONCLUSION" nlmcategory="CONCLUSIONS">
      These data suggest that, in men, measurement of serum triglyceride levels does not provide clinically meaningful information about CHD risk beyond that obtainable by measurement of serum cholesterol subfractions alone.
     </abstracttext>
    </abstract>
    <affiliation>
     General Internal Medicine Section (111-A1), Veterans Affairs Medical Center, 4150 Clement St, San Francisco, CA 94121. avins@itsa.ucsf. edu.
    </affiliation>
    <authorlist completeyn="Y">
     <author validyn="Y">
      <lastname>
       Avins
      </lastname>
      <forename>
       A L
      </forename>
      <initials>
       AL
      </initials>
     </author>
     <author validyn="Y">
      <lastname>
       Neuhaus
      </lastname>
      <forename>
       J M
      </forename>
      <initials>
       JM
      </initials>
     </author>
    </authorlist>
    <language>
     eng
    </language>
    <grantlist completeyn="Y">
     <grant>
      <grantid>
       HL51024
      </grantid>
      <acronym>
       HL
      </acronym>
      <agency>
       NHLBI NIH HHS
      </agency>
      <country>
       United States
      </country>
     </grant>
    </grantlist>
    <publicationtypelist>
     <publicationtype>
      Journal Article
     </publicationtype>
     <publicationtype>
      Meta-Analysis
     </publicationtype>
     <publicationtype>
      Research Support, U.S. Gov't, P.H.S.
     </publicationtype>
    </publicationtypelist>
   </article>
   <medlinejournalinfo>
    <country>
     UNITED STATES
    </country>
    <medlineta>
     Arch Intern Med
    </medlineta>
    <nlmuniqueid>
     0372440
    </nlmuniqueid>
    <issnlinking>
     0003-9926
    </issnlinking>
   </medlinejournalinfo>
   <chemicallist>
    <chemical>
     <registrynumber>
      0
     </registrynumber>
     <nameofsubstance>
      Cholesterol, HDL
     </nameofsubstance>
    </chemical>
    <chemical>
     <registrynumber>
      0
     </registrynumber>
     <nameofsubstance>
      Cholesterol, LDL
     </nameofsubstance>
    </chemical>
    <chemical>
     <registrynumber>
      0
     </registrynumber>
     <nameofsubstance>
      Triglycerides
     </nameofsubstance>
    </chemical>
   </chemicallist>
   <citationsubset>
    AIM
   </citationsubset>
   <citationsubset>
    IM
   </citationsubset>
   <commentscorrectionslist>
    <commentscorrections reftype="CommentIn">
     <refsource>
      Arch Intern Med. 2001 Jan 22;161(2):295-6
     </refsource>
     <pmid version="1">
      11176752
     </pmid>
    </commentscorrections>
    <commentscorrections reftype="CommentIn">
     <refsource>
      Arch Intern Med. 2000 Jul 10;160(13):1903-4
     </refsource>
     <pmid version="1">
      10888964
     </pmid>
    </commentscorrections>
   </commentscorrectionslist>
   <meshheadinglist>
    <meshheading>
     <descriptorname majortopicyn="N">
      Cholesterol, HDL
     </descriptorname>
     <qualifiername majortopicyn="N">
      blood
     </qualifiername>
    </meshheading>
    <meshheading>
     <descriptorname majortopicyn="N">
      Cholesterol, LDL
     </descriptorname>
     <qualifiername majortopicyn="N">
      blood
     </qualifiername>
    </meshheading>
    <meshheading>
     <descriptorname majortopicyn="N">
      Clinical Trials as Topic
     </descriptorname>
    </meshheading>
    <meshheading>
     <descriptorname majortopicyn="N">
      Coronary Disease
     </descriptorname>
     <qualifiername majortopicyn="Y">
      blood
     </qualifiername>
     <qualifiername majortopicyn="Y">
      etiology
     </qualifiername>
    </meshheading>
    <meshheading>
     <descriptorname majortopicyn="N">
      Female
     </descriptorname>
    </meshheading>
    <meshheading>
     <descriptorname majortopicyn="N">
      Humans
     </descriptorname>
    </meshheading>
    <meshheading>
     <descriptorname majortopicyn="N">
      Incidence
     </descriptorname>
    </meshheading>
    <meshheading>
     <descriptorname majortopicyn="N">
      Male
     </descriptorname>
    </meshheading>
    <meshheading>
     <descriptorname majortopicyn="N">
      Predictive Value of Tests
     </descriptorname>
    </meshheading>
    <meshheading>
     <descriptorname majortopicyn="N">
      Proportional Hazards Models
     </descriptorname>
    </meshheading>
    <meshheading>
     <descriptorname majortopicyn="N">
      ROC Curve
     </descriptorname>
    </meshheading>
    <meshheading>
     <descriptorname majortopicyn="N">
      Risk
     </descriptorname>
    </meshheading>
    <meshheading>
     <descriptorname majortopicyn="N">
      Risk Factors
     </descriptorname>
    </meshheading>
    <meshheading>
     <descriptorname majortopicyn="N">
      Triglycerides
     </descriptorname>
     <qualifiername majortopicyn="Y">
      blood
     </qualifiername>
    </meshheading>
   </meshheadinglist>
  </medlinecitation>
  <pubmeddata>
   <history>
    <pubmedpubdate pubstatus="pubmed">
     <year>
      2000
     </year>
     <month>
      7
     </month>
     <day>
      11
     </day>
    </pubmedpubdate>
    <pubmedpubdate pubstatus="medline">
     <year>
      2000
     </year>
     <month>
      7
     </month>
     <day>
      11
     </day>
     <hour>
      0
     </hour>
     <minute>
      1
     </minute>
    </pubmedpubdate>
    <pubmedpubdate pubstatus="entrez">
     <year>
      2000
     </year>
     <month>
      7
     </month>
     <day>
      11
     </day>
     <hour>
      0
     </hour>
     <minute>
      0
     </minute>
    </pubmedpubdate>
   </history>
   <publicationstatus>
    ppublish
   </publicationstatus>
   <articleidlist>
    <articleid idtype="pubmed">
     10888968
    </articleid>
    <articleid idtype="pii">
     ioi90386
    </articleid>
   </articleidlist>
  </pubmeddata>
 </pubmedarticle>
</pubmedarticleset>

