<?xml version='1.0' encoding='utf-8'?>
<!DOCTYPE PubmedArticleSet PUBLIC "-//NLM//DTD PubMedArticle, 1st January 2011//EN" "http://www.ncbi.nlm.nih.gov/entrez/query/DTD/pubmed_110101.dtd">
<pubmedarticleset>
 <pubmedarticle>
  <medlinecitation owner="NLM" status="MEDLINE">
   <pmid version="1">
    10894991
   </pmid>
   <datecreated>
    <year>
     2000
    </year>
    <month>
     10
    </month>
    <day>
     02
    </day>
   </datecreated>
   <datecompleted>
    <year>
     2000
    </year>
    <month>
     10
    </month>
    <day>
     02
    </day>
   </datecompleted>
   <daterevised>
    <year>
     2006
    </year>
    <month>
     11
    </month>
    <day>
     15
    </day>
   </daterevised>
   <article pubmodel="Print">
    <journal>
     <issn issntype="Print">
      0014-3022
     </issn>
     <journalissue citedmedium="Print">
      <volume>
       44
      </volume>
      <issue>
       1
      </issue>
      <pubdate>
       <year>
        2000
       </year>
      </pubdate>
     </journalissue>
     <title>
      European neurology
     </title>
     <isoabbreviation>
      Eur. Neurol.
     </isoabbreviation>
    </journal>
    <articletitle>
     Five-year follow-up of early lisuride and levodopa combination therapy versus levodopa monotherapy in de novo Parkinson's disease. The French Lisuride Study Group.
    </articletitle>
    <pagination>
     <medlinepgn>
      22-30
     </medlinepgn>
    </pagination>
    <abstract>
     <abstracttext>
      The value of an early initial coadministration of levodopa (L-dopa) and lisuride in Parkinson's disease was the main goal of the present study. Eighty-two patients with recently diagnosed idiopathic Parkinson's disease were randomized into two groups for treatment with L-dopa alone or L-dopa + lisuride. The trial was double-blinded for the first year and open for the following 4 years. Selegiline (10 mg/day b.i.d.) was added in both groups at the end of the first year. Outcome measures were evolution of L-dopa dosage and Unified Parkinson's Disease Rating Scale scores and subscores, and incidence of motor complications. The dropout rate was higher in the L-dopa group (63.4%) than in the combination group. Motor improvement was better (p &lt; 0.01) in the L-dopa + lisuride group. Expected motor complications were rare, moderate and equivalent in the two groups despite a difference in L-dopa dosage (446.7 vs. 387.5 mg/day). Long-term follow-up demonstrated the L-dopa-sparing effect of lisuride (average 1 mg/day), the beneficial effect of early combination therapy on motor status and the paucity of motor complications in both groups.
     </abstracttext>
     <copyrightinformation>
      Copyright 2000 S. Karger AG, Basel
     </copyrightinformation>
    </abstract>
    <affiliation>
     Laboratoire de Pharmacologie Expérimentale et Clinique et Service de Neurologie, Faculté de Médecine, Université de Rennes I, Rennes, France.Herve.Allain@univ-rennes.fr
    </affiliation>
    <authorlist completeyn="Y">
     <author validyn="Y">
      <lastname>
       Allain
      </lastname>
      <forename>
       H
      </forename>
      <initials>
       H
      </initials>
     </author>
     <author validyn="Y">
      <lastname>
       Destée
      </lastname>
      <forename>
       A
      </forename>
      <initials>
       A
      </initials>
     </author>
     <author validyn="Y">
      <lastname>
       Petit
      </lastname>
      <forename>
       H
      </forename>
      <initials>
       H
      </initials>
     </author>
     <author validyn="Y">
      <lastname>
       Patay
      </lastname>
      <forename>
       M
      </forename>
      <initials>
       M
      </initials>
     </author>
     <author validyn="Y">
      <lastname>
       Schück
      </lastname>
      <forename>
       S
      </forename>
      <initials>
       S
      </initials>
     </author>
     <author validyn="Y">
      <lastname>
       Bentué-Ferrer
      </lastname>
      <forename>
       D
      </forename>
      <initials>
       D
      </initials>
     </author>
     <author validyn="Y">
      <lastname>
       Le Cavorzin
      </lastname>
      <forename>
       P
      </forename>
      <initials>
       P
      </initials>
     </author>
    </authorlist>
    <language>
     eng
    </language>
    <publicationtypelist>
     <publicationtype>
      Clinical Trial
     </publicationtype>
     <publicationtype>
      Comparative Study
     </publicationtype>
     <publicationtype>
      Journal Article
     </publicationtype>
     <publicationtype>
      Randomized Controlled Trial
     </publicationtype>
    </publicationtypelist>
   </article>
   <medlinejournalinfo>
    <country>
     SWITZERLAND
    </country>
    <medlineta>
     Eur Neurol
    </medlineta>
    <nlmuniqueid>
     0150760
    </nlmuniqueid>
    <issnlinking>
     0014-3022
    </issnlinking>
   </medlinejournalinfo>
   <chemicallist>
    <chemical>
     <registrynumber>
      0
     </registrynumber>
     <nameofsubstance>
      Antiparkinson Agents
     </nameofsubstance>
    </chemical>
    <chemical>
     <registrynumber>
      0
     </registrynumber>
     <nameofsubstance>
      Levodopa
     </nameofsubstance>
    </chemical>
    <chemical>
     <registrynumber>
      18016-80-3
     </registrynumber>
     <nameofsubstance>
      Lisuride
     </nameofsubstance>
    </chemical>
   </chemicallist>
   <citationsubset>
    IM
   </citationsubset>
   <meshheadinglist>
    <meshheading>
     <descriptorname majortopicyn="N">
      Adult
     </descriptorname>
    </meshheading>
    <meshheading>
     <descriptorname majortopicyn="N">
      Aged
     </descriptorname>
    </meshheading>
    <meshheading>
     <descriptorname majortopicyn="N">
      Antiparkinson Agents
     </descriptorname>
     <qualifiername majortopicyn="Y">
      administration &amp; dosage
     </qualifiername>
     <qualifiername majortopicyn="N">
      adverse effects
     </qualifiername>
    </meshheading>
    <meshheading>
     <descriptorname majortopicyn="N">
      Disease Progression
     </descriptorname>
    </meshheading>
    <meshheading>
     <descriptorname majortopicyn="N">
      Double-Blind Method
     </descriptorname>
    </meshheading>
    <meshheading>
     <descriptorname majortopicyn="N">
      Drug Therapy, Combination
     </descriptorname>
    </meshheading>
    <meshheading>
     <descriptorname majortopicyn="N">
      Female
     </descriptorname>
    </meshheading>
    <meshheading>
     <descriptorname majortopicyn="N">
      Follow-Up Studies
     </descriptorname>
    </meshheading>
    <meshheading>
     <descriptorname majortopicyn="N">
      Humans
     </descriptorname>
    </meshheading>
    <meshheading>
     <descriptorname majortopicyn="N">
      Levodopa
     </descriptorname>
     <qualifiername majortopicyn="Y">
      administration &amp; dosage
     </qualifiername>
     <qualifiername majortopicyn="N">
      adverse effects
     </qualifiername>
    </meshheading>
    <meshheading>
     <descriptorname majortopicyn="N">
      Lisuride
     </descriptorname>
     <qualifiername majortopicyn="Y">
      administration &amp; dosage
     </qualifiername>
     <qualifiername majortopicyn="N">
      adverse effects
     </qualifiername>
    </meshheading>
    <meshheading>
     <descriptorname majortopicyn="N">
      Male
     </descriptorname>
    </meshheading>
    <meshheading>
     <descriptorname majortopicyn="N">
      Middle Aged
     </descriptorname>
    </meshheading>
    <meshheading>
     <descriptorname majortopicyn="N">
      Neurologic Examination
     </descriptorname>
     <qualifiername majortopicyn="N">
      drug effects
     </qualifiername>
    </meshheading>
    <meshheading>
     <descriptorname majortopicyn="N">
      Parkinson Disease
     </descriptorname>
     <qualifiername majortopicyn="N">
      diagnosis
     </qualifiername>
     <qualifiername majortopicyn="Y">
      drug therapy
     </qualifiername>
    </meshheading>
   </meshheadinglist>
  </medlinecitation>
  <pubmeddata>
   <history>
    <pubmedpubdate pubstatus="pubmed">
     <year>
      2000
     </year>
     <month>
      7
     </month>
     <day>
      15
     </day>
     <hour>
      11
     </hour>
     <minute>
      0
     </minute>
    </pubmedpubdate>
    <pubmedpubdate pubstatus="medline">
     <year>
      2000
     </year>
     <month>
      10
     </month>
     <day>
      7
     </day>
     <hour>
      11
     </hour>
     <minute>
      1
     </minute>
    </pubmedpubdate>
    <pubmedpubdate pubstatus="entrez">
     <year>
      2000
     </year>
     <month>
      7
     </month>
     <day>
      15
     </day>
     <hour>
      11
     </hour>
     <minute>
      0
     </minute>
    </pubmedpubdate>
   </history>
   <publicationstatus>
    ppublish
   </publicationstatus>
   <articleidlist>
    <articleid idtype="pubmed">
     10894991
    </articleid>
    <articleid idtype="pii">
     8188
    </articleid>
   </articleidlist>
  </pubmeddata>
 </pubmedarticle>
</pubmedarticleset>

