<?xml version='1.0' encoding='utf-8'?>
<!DOCTYPE PubmedArticleSet PUBLIC "-//NLM//DTD PubMedArticle, 1st January 2011//EN" "http://www.ncbi.nlm.nih.gov/entrez/query/DTD/pubmed_110101.dtd">
<pubmedarticleset>
 <pubmedarticle>
  <medlinecitation owner="NLM" status="MEDLINE">
   <pmid version="1">
    10920146
   </pmid>
   <datecreated>
    <year>
     2000
    </year>
    <month>
     08
    </month>
    <day>
     28
    </day>
   </datecreated>
   <datecompleted>
    <year>
     2000
    </year>
    <month>
     08
    </month>
    <day>
     28
    </day>
   </datecompleted>
   <daterevised>
    <year>
     2008
    </year>
    <month>
     11
    </month>
    <day>
     21
    </day>
   </daterevised>
   <article pubmodel="Print">
    <journal>
     <issn issntype="Print">
      0031-4005
     </issn>
     <journalissue citedmedium="Print">
      <volume>
       106
      </volume>
      <issue>
       2 Pt 1
      </issue>
      <pubdate>
       <year>
        2000
       </year>
       <month>
        Aug
       </month>
      </pubdate>
     </journalissue>
     <title>
      Pediatrics
     </title>
     <isoabbreviation>
      Pediatrics
     </isoabbreviation>
    </journal>
    <articletitle>
     The influence of intrapartum antibiotics on the clinical spectrum of early-onset group B streptococcal infection in term infants.
    </articletitle>
    <pagination>
     <medlinepgn>
      244-50
     </medlinepgn>
    </pagination>
    <abstract>
     <abstracttext label="OBJECTIVE" nlmcategory="OBJECTIVE">
      The use of intrapartum antibiotics to prevent early-onset group B streptococcal (EOGBS) infection has left pediatricians in a quandary about the appropriate evaluation and treatment of infants at risk for this infection. The aim of this study was to determine whether intrapartum antibiotic prophylaxis changed the constellation and timing of onset of clinical signs of group B streptococcal (GBS) infection in term infants.
     </abstracttext>
     <abstracttext label="METHODOLOGY" nlmcategory="METHODS">
      We conducted a retrospective chart review of infants who had EOGBS infection and were born in Southern California Kaiser Permanente Hospitals from 1988 through 1996. Objective criteria were used to ascertain maternal risk of infection, intrapartum antibiotic prophylaxis, and onset of clinical signs of infection.
     </abstracttext>
     <abstracttext label="RESULTS" nlmcategory="RESULTS">
      Three hundred nineteen infants with EOGBS sepsis, bacteremia, or clinically suspected infection were identified from a population of 277 912 live births. Of the 172 term infants with culture-positive infection who had clinical signs of infection, 95% exhibited them in the first 24 hours of life. All of the infants exposed to intrapartum antibiotics became ill within the first 24 hours of life.
     </abstracttext>
     <abstracttext label="CONCLUSIONS" nlmcategory="CONCLUSIONS">
      Exposure to antibiotics during labor did not change the clinical spectrum of disease or the onset of clinical signs of infection within 24 hours of birth for term infants with EOGBS infection. A 48-hour stay is not required to monitor asymptomatic term infants exposed to intrapartum antibiotics for onset of GBS infection.
     </abstracttext>
    </abstract>
    <affiliation>
     Department of Pediatrics, San Diego Medical Center, Kaiser Permanente Southern California, USA. patricia.i.bromberger@kp.org
    </affiliation>
    <authorlist completeyn="Y">
     <author validyn="Y">
      <lastname>
       Bromberger
      </lastname>
      <forename>
       P
      </forename>
      <initials>
       P
      </initials>
     </author>
     <author validyn="Y">
      <lastname>
       Lawrence
      </lastname>
      <forename>
       J M
      </forename>
      <initials>
       JM
      </initials>
     </author>
     <author validyn="Y">
      <lastname>
       Braun
      </lastname>
      <forename>
       D
      </forename>
      <initials>
       D
      </initials>
     </author>
     <author validyn="Y">
      <lastname>
       Saunders
      </lastname>
      <forename>
       B
      </forename>
      <initials>
       B
      </initials>
     </author>
     <author validyn="Y">
      <lastname>
       Contreras
      </lastname>
      <forename>
       R
      </forename>
      <initials>
       R
      </initials>
     </author>
     <author validyn="Y">
      <lastname>
       Petitti
      </lastname>
      <forename>
       D B
      </forename>
      <initials>
       DB
      </initials>
     </author>
    </authorlist>
    <language>
     eng
    </language>
    <publicationtypelist>
     <publicationtype>
      Journal Article
     </publicationtype>
     <publicationtype>
      Research Support, Non-U.S. Gov't
     </publicationtype>
    </publicationtypelist>
   </article>
   <medlinejournalinfo>
    <country>
     UNITED STATES
    </country>
    <medlineta>
     Pediatrics
    </medlineta>
    <nlmuniqueid>
     0376422
    </nlmuniqueid>
    <issnlinking>
     0031-4005
    </issnlinking>
   </medlinejournalinfo>
   <citationsubset>
    AIM
   </citationsubset>
   <citationsubset>
    IM
   </citationsubset>
   <meshheadinglist>
    <meshheading>
     <descriptorname majortopicyn="Y">
      Antibiotic Prophylaxis
     </descriptorname>
    </meshheading>
    <meshheading>
     <descriptorname majortopicyn="N">
      Bacteremia
     </descriptorname>
     <qualifiername majortopicyn="N">
      prevention &amp; control
     </qualifiername>
     <qualifiername majortopicyn="N">
      transmission
     </qualifiername>
    </meshheading>
    <meshheading>
     <descriptorname majortopicyn="N">
      Cross Infection
     </descriptorname>
     <qualifiername majortopicyn="Y">
      prevention &amp; control
     </qualifiername>
     <qualifiername majortopicyn="N">
      transmission
     </qualifiername>
    </meshheading>
    <meshheading>
     <descriptorname majortopicyn="N">
      Drug Administration Schedule
     </descriptorname>
    </meshheading>
    <meshheading>
     <descriptorname majortopicyn="N">
      Female
     </descriptorname>
    </meshheading>
    <meshheading>
     <descriptorname majortopicyn="N">
      Fetal Membranes, Premature Rupture
     </descriptorname>
     <qualifiername majortopicyn="N">
      drug therapy
     </qualifiername>
    </meshheading>
    <meshheading>
     <descriptorname majortopicyn="N">
      Humans
     </descriptorname>
    </meshheading>
    <meshheading>
     <descriptorname majortopicyn="N">
      Infant, Newborn
     </descriptorname>
    </meshheading>
    <meshheading>
     <descriptorname majortopicyn="Y">
      Infectious Disease Transmission, Vertical
     </descriptorname>
    </meshheading>
    <meshheading>
     <descriptorname majortopicyn="N">
      Pregnancy
     </descriptorname>
    </meshheading>
    <meshheading>
     <descriptorname majortopicyn="N">
      Risk Factors
     </descriptorname>
    </meshheading>
    <meshheading>
     <descriptorname majortopicyn="N">
      Streptococcal Infections
     </descriptorname>
     <qualifiername majortopicyn="Y">
      prevention &amp; control
     </qualifiername>
     <qualifiername majortopicyn="N">
      transmission
     </qualifiername>
    </meshheading>
    <meshheading>
     <descriptorname majortopicyn="Y">
      Streptococcus agalactiae
     </descriptorname>
    </meshheading>
   </meshheadinglist>
  </medlinecitation>
  <pubmeddata>
   <history>
    <pubmedpubdate pubstatus="pubmed">
     <year>
      2000
     </year>
     <month>
      8
     </month>
     <day>
      2
     </day>
     <hour>
      11
     </hour>
     <minute>
      0
     </minute>
    </pubmedpubdate>
    <pubmedpubdate pubstatus="medline">
     <year>
      2000
     </year>
     <month>
      9
     </month>
     <day>
      2
     </day>
     <hour>
      11
     </hour>
     <minute>
      1
     </minute>
    </pubmedpubdate>
    <pubmedpubdate pubstatus="entrez">
     <year>
      2000
     </year>
     <month>
      8
     </month>
     <day>
      2
     </day>
     <hour>
      11
     </hour>
     <minute>
      0
     </minute>
    </pubmedpubdate>
   </history>
   <publicationstatus>
    ppublish
   </publicationstatus>
   <articleidlist>
    <articleid idtype="pubmed">
     10920146
    </articleid>
   </articleidlist>
  </pubmeddata>
 </pubmedarticle>
</pubmedarticleset>

