<?xml version='1.0' encoding='utf-8'?>
<!DOCTYPE PubmedArticleSet PUBLIC "-//NLM//DTD PubMedArticle, 1st January 2011//EN" "http://www.ncbi.nlm.nih.gov/entrez/query/DTD/pubmed_110101.dtd">
<pubmedarticleset>
 <pubmedarticle>
  <medlinecitation owner="NLM" status="MEDLINE">
   <pmid version="1">
    10930181
   </pmid>
   <datecreated>
    <year>
     2000
    </year>
    <month>
     11
    </month>
    <day>
     08
    </day>
   </datecreated>
   <datecompleted>
    <year>
     2000
    </year>
    <month>
     11
    </month>
    <day>
     30
    </day>
   </datecompleted>
   <daterevised>
    <year>
     2007
    </year>
    <month>
     11
    </month>
    <day>
     15
    </day>
   </daterevised>
   <article pubmodel="Print">
    <journal>
     <issn issntype="Print">
      0263-6352
     </issn>
     <journalissue citedmedium="Print">
      <volume>
       18
      </volume>
      <issue>
       7
      </issue>
      <pubdate>
       <year>
        2000
       </year>
       <month>
        Jul
       </month>
      </pubdate>
     </journalissue>
     <title>
      Journal of hypertension
     </title>
     <isoabbreviation>
      J. Hypertens.
     </isoabbreviation>
    </journal>
    <articletitle>
     Prediction of stroke by ambulatory blood pressure monitoring versus screening blood pressure measurements in a general population: the Ohasama study.
    </articletitle>
    <pagination>
     <medlinepgn>
      847-54
     </medlinepgn>
    </pagination>
    <abstract>
     <abstracttext label="OBJECTIVE" nlmcategory="OBJECTIVE">
      To investigate the association between 24 h, daytime and night-time ambulatory blood pressures and first symptomatic stroke, to compare their predictive powers for stroke with that of casual (screening) blood pressure, and to compare the predictive power for stroke between daytime and night-time blood pressures, in a general population in Ohasama, Japan.
     </abstracttext>
     <abstracttext label="DESIGN" nlmcategory="METHODS">
      A prospective cohort study.
     </abstracttext>
     <abstracttext label="SUBJECTS AND METHODS" nlmcategory="METHODS">
      We obtained ambulatory blood pressure on 1,464 subjects aged &gt; or = 40 years without history of symptomatic stroke, then followed-up their stroke-free survival. There were 74 first symptomatic stroke during the follow-up period (mean = 6.4 years). The prognostic significance of blood pressure for stroke risk was examined by a Cox proportional hazards regression model adjusted for possible confounding factors.
     </abstracttext>
     <abstracttext label="RESULTS" nlmcategory="RESULTS">
      The non-parametric and parametric analysis indicated that 24-h, daytime and night-time ambulatory blood pressures were linearly related with stroke risk. The likelihood ratio analysis demonstrated that these ambulatory blood pressures were significantly better related to stroke risk than did screening blood pressure, and that daytime blood pressure better predicted stroke risk than did night-time blood pressure.
     </abstracttext>
     <abstracttext label="CONCLUSIONS" nlmcategory="CONCLUSIONS">
      The present study which prospectively investigated the relation between ambulatory blood pressure and first symptomatic stroke risk in a general population demonstrated that (i) ambulatory blood pressure values were linearly related to stroke risk; (ii) ambulatory blood pressures had the stronger predictive power for stroke risk than did screening blood pressure; and (iii) daytime blood pressure better related to stroke risk than did night-time blood pressure.
     </abstracttext>
    </abstract>
    <affiliation>
     Department of Public Health, Tohoku University Graduate School of Medicine, Sendai, Japan. tohkubo@mail.cc.tohoku.ac.jp
    </affiliation>
    <authorlist completeyn="Y">
     <author validyn="Y">
      <lastname>
       Ohkubo
      </lastname>
      <forename>
       T
      </forename>
      <initials>
       T
      </initials>
     </author>
     <author validyn="Y">
      <lastname>
       Hozawa
      </lastname>
      <forename>
       A
      </forename>
      <initials>
       A
      </initials>
     </author>
     <author validyn="Y">
      <lastname>
       Nagai
      </lastname>
      <forename>
       K
      </forename>
      <initials>
       K
      </initials>
     </author>
     <author validyn="Y">
      <lastname>
       Kikuya
      </lastname>
      <forename>
       M
      </forename>
      <initials>
       M
      </initials>
     </author>
     <author validyn="Y">
      <lastname>
       Tsuji
      </lastname>
      <forename>
       I
      </forename>
      <initials>
       I
      </initials>
     </author>
     <author validyn="Y">
      <lastname>
       Ito
      </lastname>
      <forename>
       S
      </forename>
      <initials>
       S
      </initials>
     </author>
     <author validyn="Y">
      <lastname>
       Satoh
      </lastname>
      <forename>
       H
      </forename>
      <initials>
       H
      </initials>
     </author>
     <author validyn="Y">
      <lastname>
       Hisamichi
      </lastname>
      <forename>
       S
      </forename>
      <initials>
       S
      </initials>
     </author>
     <author validyn="Y">
      <lastname>
       Imai
      </lastname>
      <forename>
       Y
      </forename>
      <initials>
       Y
      </initials>
     </author>
    </authorlist>
    <language>
     eng
    </language>
    <publicationtypelist>
     <publicationtype>
      Comparative Study
     </publicationtype>
     <publicationtype>
      Journal Article
     </publicationtype>
     <publicationtype>
      Research Support, Non-U.S. Gov't
     </publicationtype>
    </publicationtypelist>
   </article>
   <medlinejournalinfo>
    <country>
     ENGLAND
    </country>
    <medlineta>
     J Hypertens
    </medlineta>
    <nlmuniqueid>
     8306882
    </nlmuniqueid>
    <issnlinking>
     0263-6352
    </issnlinking>
   </medlinejournalinfo>
   <citationsubset>
    IM
   </citationsubset>
   <meshheadinglist>
    <meshheading>
     <descriptorname majortopicyn="N">
      Blood Pressure
     </descriptorname>
     <qualifiername majortopicyn="Y">
      physiology
     </qualifiername>
    </meshheading>
    <meshheading>
     <descriptorname majortopicyn="Y">
      Blood Pressure Monitoring, Ambulatory
     </descriptorname>
    </meshheading>
    <meshheading>
     <descriptorname majortopicyn="N">
      Circadian Rhythm
     </descriptorname>
     <qualifiername majortopicyn="Y">
      physiology
     </qualifiername>
    </meshheading>
    <meshheading>
     <descriptorname majortopicyn="N">
      Female
     </descriptorname>
    </meshheading>
    <meshheading>
     <descriptorname majortopicyn="N">
      Humans
     </descriptorname>
    </meshheading>
    <meshheading>
     <descriptorname majortopicyn="N">
      Hypertension
     </descriptorname>
     <qualifiername majortopicyn="N">
      complications
     </qualifiername>
     <qualifiername majortopicyn="N">
      physiopathology
     </qualifiername>
    </meshheading>
    <meshheading>
     <descriptorname majortopicyn="N">
      Incidence
     </descriptorname>
    </meshheading>
    <meshheading>
     <descriptorname majortopicyn="N" type="Geographic">
      Japan
     </descriptorname>
     <qualifiername majortopicyn="N">
      epidemiology
     </qualifiername>
    </meshheading>
    <meshheading>
     <descriptorname majortopicyn="N">
      Male
     </descriptorname>
    </meshheading>
    <meshheading>
     <descriptorname majortopicyn="N">
      Middle Aged
     </descriptorname>
    </meshheading>
    <meshheading>
     <descriptorname majortopicyn="N">
      Prognosis
     </descriptorname>
    </meshheading>
    <meshheading>
     <descriptorname majortopicyn="N">
      Proportional Hazards Models
     </descriptorname>
    </meshheading>
    <meshheading>
     <descriptorname majortopicyn="N">
      Prospective Studies
     </descriptorname>
    </meshheading>
    <meshheading>
     <descriptorname majortopicyn="N">
      Risk Factors
     </descriptorname>
    </meshheading>
    <meshheading>
     <descriptorname majortopicyn="N">
      Rural Population
     </descriptorname>
    </meshheading>
    <meshheading>
     <descriptorname majortopicyn="N">
      Stroke
     </descriptorname>
     <qualifiername majortopicyn="Y">
      diagnosis
     </qualifiername>
     <qualifiername majortopicyn="N">
      epidemiology
     </qualifiername>
     <qualifiername majortopicyn="N">
      etiology
     </qualifiername>
     <qualifiername majortopicyn="N">
      physiopathology
     </qualifiername>
    </meshheading>
    <meshheading>
     <descriptorname majortopicyn="N">
      Survival Rate
     </descriptorname>
    </meshheading>
   </meshheadinglist>
  </medlinecitation>
  <pubmeddata>
   <history>
    <pubmedpubdate pubstatus="pubmed">
     <year>
      2000
     </year>
     <month>
      8
     </month>
     <day>
      10
     </day>
     <hour>
      11
     </hour>
     <minute>
      0
     </minute>
    </pubmedpubdate>
    <pubmedpubdate pubstatus="medline">
     <year>
      2001
     </year>
     <month>
      2
     </month>
     <day>
      28
     </day>
     <hour>
      10
     </hour>
     <minute>
      1
     </minute>
    </pubmedpubdate>
    <pubmedpubdate pubstatus="entrez">
     <year>
      2000
     </year>
     <month>
      8
     </month>
     <day>
      10
     </day>
     <hour>
      11
     </hour>
     <minute>
      0
     </minute>
    </pubmedpubdate>
   </history>
   <publicationstatus>
    ppublish
   </publicationstatus>
   <articleidlist>
    <articleid idtype="pubmed">
     10930181
    </articleid>
   </articleidlist>
  </pubmeddata>
 </pubmedarticle>
</pubmedarticleset>

