<?xml version='1.0' encoding='utf-8'?>
<!DOCTYPE PubmedArticleSet PUBLIC "-//NLM//DTD PubMedArticle, 1st January 2011//EN" "http://www.ncbi.nlm.nih.gov/entrez/query/DTD/pubmed_110101.dtd">
<pubmedarticleset>
 <pubmedarticle>
  <medlinecitation owner="NLM" status="MEDLINE">
   <pmid version="1">
    10969112
   </pmid>
   <datecreated>
    <year>
     2000
    </year>
    <month>
     09
    </month>
    <day>
     27
    </day>
   </datecreated>
   <datecompleted>
    <year>
     2000
    </year>
    <month>
     09
    </month>
    <day>
     27
    </day>
   </datecompleted>
   <daterevised>
    <year>
     2004
    </year>
    <month>
     11
    </month>
    <day>
     17
    </day>
   </daterevised>
   <article pubmodel="Print">
    <journal>
     <issn issntype="Electronic">
      1098-4275
     </issn>
     <journalissue citedmedium="Internet">
      <volume>
       106
      </volume>
      <issue>
       3
      </issue>
      <pubdate>
       <year>
        2000
       </year>
       <month>
        Sep
       </month>
      </pubdate>
     </journalissue>
     <title>
      Pediatrics
     </title>
     <isoabbreviation>
      Pediatrics
     </isoabbreviation>
    </journal>
    <articletitle>
     American Academy of Pediatrics. Committee on Sports Medicine and Fitness. Medical concerns in the female athlete.
    </articletitle>
    <pagination>
     <medlinepgn>
      610-3
     </medlinepgn>
    </pagination>
    <abstract>
     <abstracttext>
      Female children and adolescents who participate regularly in sports may develop certain medical conditions, including disordered eating, menstrual dysfunction, and decreased bone mineral density. The pediatrician can play an important role in monitoring the health of young female athletes. This revised policy statement provides updated and expanded information for pediatricians on these health concerns as well as recommendations for evaluation, treatment, and ongoing assessments of female athletes.
     </abstracttext>
    </abstract>
    <language>
     eng
    </language>
    <publicationtypelist>
     <publicationtype>
      Journal Article
     </publicationtype>
    </publicationtypelist>
   </article>
   <medlinejournalinfo>
    <country>
     UNITED STATES
    </country>
    <medlineta>
     Pediatrics
    </medlineta>
    <nlmuniqueid>
     0376422
    </nlmuniqueid>
    <issnlinking>
     0031-4005
    </issnlinking>
   </medlinejournalinfo>
   <citationsubset>
    AIM
   </citationsubset>
   <citationsubset>
    IM
   </citationsubset>
   <commentscorrectionslist>
    <commentscorrections reftype="CommentIn">
     <refsource>
      Pediatrics. 2002 Feb;109(2):350-1
     </refsource>
     <pmid version="1">
      11826226
     </pmid>
    </commentscorrections>
   </commentscorrectionslist>
   <meshheadinglist>
    <meshheading>
     <descriptorname majortopicyn="N">
      Adolescent
     </descriptorname>
    </meshheading>
    <meshheading>
     <descriptorname majortopicyn="N">
      Amenorrhea
     </descriptorname>
     <qualifiername majortopicyn="N">
      etiology
     </qualifiername>
     <qualifiername majortopicyn="N">
      physiopathology
     </qualifiername>
    </meshheading>
    <meshheading>
     <descriptorname majortopicyn="N">
      Bone Density
     </descriptorname>
    </meshheading>
    <meshheading>
     <descriptorname majortopicyn="N">
      Child
     </descriptorname>
    </meshheading>
    <meshheading>
     <descriptorname majortopicyn="N">
      Counseling
     </descriptorname>
    </meshheading>
    <meshheading>
     <descriptorname majortopicyn="N">
      Eating Disorders
     </descriptorname>
     <qualifiername majortopicyn="N">
      etiology
     </qualifiername>
     <qualifiername majortopicyn="N">
      physiopathology
     </qualifiername>
     <qualifiername majortopicyn="N">
      therapy
     </qualifiername>
    </meshheading>
    <meshheading>
     <descriptorname majortopicyn="N">
      Female
     </descriptorname>
    </meshheading>
    <meshheading>
     <descriptorname majortopicyn="N">
      Humans
     </descriptorname>
    </meshheading>
    <meshheading>
     <descriptorname majortopicyn="N">
      Pediatrics
     </descriptorname>
    </meshheading>
    <meshheading>
     <descriptorname majortopicyn="N">
      Sports
     </descriptorname>
     <qualifiername majortopicyn="Y">
      physiology
     </qualifiername>
    </meshheading>
    <meshheading>
     <descriptorname majortopicyn="Y">
      Women's Health
     </descriptorname>
    </meshheading>
   </meshheadinglist>
  </medlinecitation>
  <pubmeddata>
   <history>
    <pubmedpubdate pubstatus="pubmed">
     <year>
      2000
     </year>
     <month>
      9
     </month>
     <day>
      2
     </day>
    </pubmedpubdate>
    <pubmedpubdate pubstatus="medline">
     <year>
      2000
     </year>
     <month>
      9
     </month>
     <day>
      30
     </day>
    </pubmedpubdate>
    <pubmedpubdate pubstatus="entrez">
     <year>
      2000
     </year>
     <month>
      9
     </month>
     <day>
      2
     </day>
     <hour>
      0
     </hour>
     <minute>
      0
     </minute>
    </pubmedpubdate>
   </history>
   <publicationstatus>
    ppublish
   </publicationstatus>
   <articleidlist>
    <articleid idtype="pubmed">
     10969112
    </articleid>
   </articleidlist>
  </pubmeddata>
 </pubmedarticle>
</pubmedarticleset>

