<?xml version='1.0' encoding='utf-8'?>
<!DOCTYPE PubmedArticleSet PUBLIC "-//NLM//DTD PubMedArticle, 1st January 2011//EN" "http://www.ncbi.nlm.nih.gov/entrez/query/DTD/pubmed_110101.dtd">
<pubmedarticleset>
 <pubmedarticle>
  <medlinecitation owner="NLM" status="MEDLINE">
   <pmid version="1">
    1097985
   </pmid>
   <datecreated>
    <year>
     1975
    </year>
    <month>
     11
    </month>
    <day>
     05
    </day>
   </datecreated>
   <datecompleted>
    <year>
     1975
    </year>
    <month>
     11
    </month>
    <day>
     05
    </day>
   </datecompleted>
   <daterevised>
    <year>
     2004
    </year>
    <month>
     11
    </month>
    <day>
     17
    </day>
   </daterevised>
   <article pubmodel="Print">
    <journal>
     <issn issntype="Print">
      0030-4220
     </issn>
     <journalissue citedmedium="Print">
      <volume>
       40
      </volume>
      <issue>
       1
      </issue>
      <pubdate>
       <year>
        1975
       </year>
       <month>
        Jul
       </month>
      </pubdate>
     </journalissue>
     <title>
      Oral surgery, oral medicine, and oral pathology
     </title>
     <isoabbreviation>
      Oral Surg. Oral Med. Oral Pathol.
     </isoabbreviation>
    </journal>
    <articletitle>
     Nystatin and amphotericin B in the treatment of denture-related candidiasis.
    </articletitle>
    <pagination>
     <medlinepgn>
      68-75
     </medlinepgn>
    </pagination>
    <abstract>
     <abstracttext>
      A double-blind trial of nystatin, amphotericin B, and a placebo was carried out in fifty-two cases of denture-related candidiasis and/or angular cheilitis. The drugs effected a significant clinical cure, but recurrence of the signs was common after withdrawal of the drugs. Concurrent bacteriologic examination showed few cures and continued presence of Candida albicans during the trial. A specimen from a red palate was examined histologically.
     </abstracttext>
    </abstract>
    <authorlist completeyn="Y">
     <author validyn="Y">
      <lastname>
       Nairn
      </lastname>
      <forename>
       R I
      </forename>
      <initials>
       RI
      </initials>
     </author>
    </authorlist>
    <language>
     eng
    </language>
    <publicationtypelist>
     <publicationtype>
      Clinical Trial
     </publicationtype>
     <publicationtype>
      Controlled Clinical Trial
     </publicationtype>
     <publicationtype>
      Journal Article
     </publicationtype>
    </publicationtypelist>
   </article>
   <medlinejournalinfo>
    <country>
     UNITED STATES
    </country>
    <medlineta>
     Oral Surg Oral Med Oral Pathol
    </medlineta>
    <nlmuniqueid>
     0376406
    </nlmuniqueid>
    <issnlinking>
     0030-4220
    </issnlinking>
   </medlinejournalinfo>
   <chemicallist>
    <chemical>
     <registrynumber>
      0
     </registrynumber>
     <nameofsubstance>
      Placebos
     </nameofsubstance>
    </chemical>
    <chemical>
     <registrynumber>
      1397-89-3
     </registrynumber>
     <nameofsubstance>
      Amphotericin B
     </nameofsubstance>
    </chemical>
    <chemical>
     <registrynumber>
      1400-61-9
     </registrynumber>
     <nameofsubstance>
      Nystatin
     </nameofsubstance>
    </chemical>
   </chemicallist>
   <citationsubset>
    D
   </citationsubset>
   <citationsubset>
    IM
   </citationsubset>
   <meshheadinglist>
    <meshheading>
     <descriptorname majortopicyn="N">
      Amphotericin B
     </descriptorname>
     <qualifiername majortopicyn="Y">
      therapeutic use
     </qualifiername>
    </meshheading>
    <meshheading>
     <descriptorname majortopicyn="N">
      Blood Vessels
     </descriptorname>
     <qualifiername majortopicyn="N">
      ultrastructure
     </qualifiername>
    </meshheading>
    <meshheading>
     <descriptorname majortopicyn="N">
      Candida albicans
     </descriptorname>
     <qualifiername majortopicyn="N">
      isolation &amp; purification
     </qualifiername>
    </meshheading>
    <meshheading>
     <descriptorname majortopicyn="N">
      Candidiasis, Oral
     </descriptorname>
     <qualifiername majortopicyn="Y">
      drug therapy
     </qualifiername>
     <qualifiername majortopicyn="N">
      etiology
     </qualifiername>
     <qualifiername majortopicyn="N">
      microbiology
     </qualifiername>
    </meshheading>
    <meshheading>
     <descriptorname majortopicyn="N">
      Cheilitis
     </descriptorname>
     <qualifiername majortopicyn="N">
      drug therapy
     </qualifiername>
     <qualifiername majortopicyn="N">
      etiology
     </qualifiername>
     <qualifiername majortopicyn="N">
      microbiology
     </qualifiername>
    </meshheading>
    <meshheading>
     <descriptorname majortopicyn="N">
      Denture, Complete, Upper
     </descriptorname>
     <qualifiername majortopicyn="Y">
      adverse effects
     </qualifiername>
    </meshheading>
    <meshheading>
     <descriptorname majortopicyn="N">
      Epithelium
     </descriptorname>
     <qualifiername majortopicyn="N">
      ultrastructure
     </qualifiername>
    </meshheading>
    <meshheading>
     <descriptorname majortopicyn="N">
      Humans
     </descriptorname>
    </meshheading>
    <meshheading>
     <descriptorname majortopicyn="N">
      Nystatin
     </descriptorname>
     <qualifiername majortopicyn="Y">
      therapeutic use
     </qualifiername>
    </meshheading>
    <meshheading>
     <descriptorname majortopicyn="Y">
      Palate
     </descriptorname>
     <qualifiername majortopicyn="N">
      blood supply
     </qualifiername>
     <qualifiername majortopicyn="N">
      ultrastructure
     </qualifiername>
    </meshheading>
    <meshheading>
     <descriptorname majortopicyn="N">
      Placebos
     </descriptorname>
    </meshheading>
    <meshheading>
     <descriptorname majortopicyn="N">
      Stomatitis
     </descriptorname>
     <qualifiername majortopicyn="Y">
      complications
     </qualifiername>
    </meshheading>
    <meshheading>
     <descriptorname majortopicyn="N">
      Stomatitis, Denture
     </descriptorname>
     <qualifiername majortopicyn="Y">
      complications
     </qualifiername>
     <qualifiername majortopicyn="N">
      pathology
     </qualifiername>
    </meshheading>
   </meshheadinglist>
  </medlinecitation>
  <pubmeddata>
   <history>
    <pubmedpubdate pubstatus="pubmed">
     <year>
      1975
     </year>
     <month>
      7
     </month>
     <day>
      1
     </day>
    </pubmedpubdate>
    <pubmedpubdate pubstatus="medline">
     <year>
      1975
     </year>
     <month>
      7
     </month>
     <day>
      1
     </day>
     <hour>
      0
     </hour>
     <minute>
      1
     </minute>
    </pubmedpubdate>
    <pubmedpubdate pubstatus="entrez">
     <year>
      1975
     </year>
     <month>
      7
     </month>
     <day>
      1
     </day>
     <hour>
      0
     </hour>
     <minute>
      0
     </minute>
    </pubmedpubdate>
   </history>
   <publicationstatus>
    ppublish
   </publicationstatus>
   <articleidlist>
    <articleid idtype="pubmed">
     1097985
    </articleid>
   </articleidlist>
  </pubmeddata>
 </pubmedarticle>
</pubmedarticleset>

