<?xml version='1.0' encoding='utf-8'?>
<!DOCTYPE PubmedArticleSet PUBLIC "-//NLM//DTD PubMedArticle, 1st January 2011//EN" "http://www.ncbi.nlm.nih.gov/entrez/query/DTD/pubmed_110101.dtd">
<pubmedarticleset>
 <pubmedarticle>
  <medlinecitation owner="NLM" status="MEDLINE">
   <pmid version="1">
    11034683
   </pmid>
   <datecreated>
    <year>
     2001
    </year>
    <month>
     01
    </month>
    <day>
     26
    </day>
   </datecreated>
   <datecompleted>
    <year>
     2001
    </year>
    <month>
     08
    </month>
    <day>
     02
    </day>
   </datecompleted>
   <daterevised>
    <year>
     2008
    </year>
    <month>
     10
    </month>
    <day>
     15
    </day>
   </daterevised>
   <article pubmodel="Print">
    <journal>
     <issn issntype="Electronic">
      1469-493X
     </issn>
     <journalissue citedmedium="Internet">
      <issue>
       4
      </issue>
      <pubdate>
       <year>
        2000
       </year>
      </pubdate>
     </journalissue>
     <title>
      Cochrane database of systematic reviews (Online)
     </title>
     <isoabbreviation>
      Cochrane Database Syst Rev
     </isoabbreviation>
    </journal>
    <articletitle>
     Conservative versus operative treatment for hip fractures.
    </articletitle>
    <pagination>
     <medlinepgn>
      CD000337
     </medlinepgn>
    </pagination>
    <abstract>
     <abstracttext label="BACKGROUND" nlmcategory="BACKGROUND">
      Until operative treatment involving the use of various implants was introduced in the 1950s, hip fractures were managed using conservative methods based on traction and bed rest.
     </abstracttext>
     <abstracttext label="OBJECTIVES" nlmcategory="OBJECTIVE">
      To compare conservative with operative treatment for fractures of the proximal femur (hip) in adults.
     </abstracttext>
     <abstracttext label="SEARCH STRATEGY" nlmcategory="METHODS">
      We searched the Cochrane Musculoskeletal Injuries Group trials register and bibliographies of published papers, and contacted trialists. Date of the most recent search: August 1999.
     </abstracttext>
     <abstracttext label="SELECTION CRITERIA" nlmcategory="METHODS">
      Randomised and quasi-randomised trials comparing these two treatment methods in adults with hip fracture. Outcomes sought fell into four categories: a) fracture fixation complications, b) post-operative or clinical complications, c) anatomical restoration and d) final outcome measures including mortality.
     </abstracttext>
     <abstracttext label="DATA COLLECTION AND ANALYSIS" nlmcategory="METHODS">
      Two reviewers independently assessed trial quality, by use of an twelve item scale, and extracted data. Additional information was sought from trialists. After grouping by fracture type, comparable groups of trials were subgrouped by implant type and where appropriate, data were pooled using the fixed effects model.
     </abstracttext>
     <abstracttext label="MAIN RESULTS" nlmcategory="RESULTS">
      The five randomised trials identified involved only 425 elderly patients. One small and potentially biased trial of 23 patients with undisplaced intracapsular fracture showed a reduced risk of non-union for those fractures treated operatively. The four identified studies on extracapsular fractures tested a variety of surgical techniques and implant devices and only one trial involving 106 patients can be considered to test current practice. In this trial, no differences were found in medical complications, mortality and long-term pain. However, operative treatment was more likely to result in the fracture healing without leg shortening, a shorter hospital stay and a statistically non-significant increase in the return of patients back to their original residence.
     </abstracttext>
     <abstracttext label="REVIEWER'S CONCLUSIONS" nlmcategory="CONCLUSIONS">
      Given the lack of available evidence to inform practice and the continued variation in practice, good quality randomised trials of operative versus conservative treatment for undisplaced intracapsular fractures are warranted. The limited available evidence from randomised trials does not suggest major differences in outcome between conservative and operative management programmes for extracapsular femoral fractures, but operative treatment appears to be associated with a reduced length of hospital stay and improved rehabilitation. However these results are derived mainly from one study. Conservative treatment will be acceptable where modern surgical facilities are unavailable, and will result in a reduction in complications associated with surgery, but rehabilitation is likely to be slower and limb deformity more common. Although further randomised trials would provide more robust data, they may be difficult to mount.
     </abstracttext>
    </abstract>
    <affiliation>
     Orthopaedics and Trauma, Peterborough Hospital NHS Trust, Thorpe Road, Peterborough, Cambridgeshire, UK, PE3 6DA. mjparker@globalnet.co.uk
    </affiliation>
    <authorlist completeyn="Y">
     <author validyn="Y">
      <lastname>
       Parker
      </lastname>
      <forename>
       M J
      </forename>
      <initials>
       MJ
      </initials>
     </author>
     <author validyn="Y">
      <lastname>
       Handoll
      </lastname>
      <forename>
       H H
      </forename>
      <initials>
       HH
      </initials>
     </author>
     <author validyn="Y">
      <lastname>
       Bhargara
      </lastname>
      <forename>
       A
      </forename>
      <initials>
       A
      </initials>
     </author>
    </authorlist>
    <language>
     eng
    </language>
    <publicationtypelist>
     <publicationtype>
      Comparative Study
     </publicationtype>
     <publicationtype>
      Journal Article
     </publicationtype>
     <publicationtype>
      Review
     </publicationtype>
    </publicationtypelist>
   </article>
   <medlinejournalinfo>
    <country>
     England
    </country>
    <medlineta>
     Cochrane Database Syst Rev
    </medlineta>
    <nlmuniqueid>
     100909747
    </nlmuniqueid>
    <issnlinking>
     1361-6137
    </issnlinking>
   </medlinejournalinfo>
   <citationsubset>
    IM
   </citationsubset>
   <commentscorrectionslist>
    <commentscorrections reftype="UpdateIn">
     <refsource>
      Cochrane Database Syst Rev. 2008;(3):CD000337
     </refsource>
     <pmid version="1">
      18646065
     </pmid>
    </commentscorrections>
    <commentscorrections reftype="UpdateOf">
     <refsource>
      Cochrane Database Syst Rev. 2000;(2):CD000337
     </refsource>
     <pmid version="1">
      10796345
     </pmid>
    </commentscorrections>
   </commentscorrectionslist>
   <meshheadinglist>
    <meshheading>
     <descriptorname majortopicyn="N">
      Adult
     </descriptorname>
    </meshheading>
    <meshheading>
     <descriptorname majortopicyn="N">
      Aged
     </descriptorname>
    </meshheading>
    <meshheading>
     <descriptorname majortopicyn="N">
      Hip Fractures
     </descriptorname>
     <qualifiername majortopicyn="N">
      surgery
     </qualifiername>
     <qualifiername majortopicyn="Y">
      therapy
     </qualifiername>
    </meshheading>
    <meshheading>
     <descriptorname majortopicyn="N">
      Humans
     </descriptorname>
    </meshheading>
    <meshheading>
     <descriptorname majortopicyn="N">
      Orthopedic Procedures
     </descriptorname>
    </meshheading>
    <meshheading>
     <descriptorname majortopicyn="N">
      Randomized Controlled Trials as Topic
     </descriptorname>
    </meshheading>
   </meshheadinglist>
   <numberofreferences>
    16
   </numberofreferences>
  </medlinecitation>
  <pubmeddata>
   <history>
    <pubmedpubdate pubstatus="pubmed">
     <year>
      2000
     </year>
     <month>
      10
     </month>
     <day>
      18
     </day>
     <hour>
      11
     </hour>
     <minute>
      0
     </minute>
    </pubmedpubdate>
    <pubmedpubdate pubstatus="medline">
     <year>
      2001
     </year>
     <month>
      8
     </month>
     <day>
      3
     </day>
     <hour>
      10
     </hour>
     <minute>
      1
     </minute>
    </pubmedpubdate>
    <pubmedpubdate pubstatus="entrez">
     <year>
      2000
     </year>
     <month>
      10
     </month>
     <day>
      18
     </day>
     <hour>
      11
     </hour>
     <minute>
      0
     </minute>
    </pubmedpubdate>
   </history>
   <publicationstatus>
    ppublish
   </publicationstatus>
   <articleidlist>
    <articleid idtype="pubmed">
     11034683
    </articleid>
    <articleid idtype="pii">
     CD000337
    </articleid>
    <articleid idtype="doi">
     10.1002/14651858.CD000337
    </articleid>
   </articleidlist>
  </pubmeddata>
 </pubmedarticle>
</pubmedarticleset>

