<?xml version='1.0' encoding='utf-8'?>
<!DOCTYPE PubmedArticleSet PUBLIC "-//NLM//DTD PubMedArticle, 1st January 2011//EN" "http://www.ncbi.nlm.nih.gov/entrez/query/DTD/pubmed_110101.dtd">
<pubmedarticleset>
 <pubmedarticle>
  <medlinecitation owner="NLM" status="MEDLINE">
   <pmid version="1">
    11063447
   </pmid>
   <datecreated>
    <year>
     2000
    </year>
    <month>
     11
    </month>
    <day>
     15
    </day>
   </datecreated>
   <datecompleted>
    <year>
     2000
    </year>
    <month>
     11
    </month>
    <day>
     30
    </day>
   </datecompleted>
   <daterevised>
    <year>
     2006
    </year>
    <month>
     11
    </month>
    <day>
     15
    </day>
   </daterevised>
   <article pubmodel="Print">
    <journal>
     <issn issntype="Print">
      0002-9165
     </issn>
     <journalissue citedmedium="Print">
      <volume>
       72
      </volume>
      <issue>
       5
      </issue>
      <pubdate>
       <year>
        2000
       </year>
       <month>
        Nov
       </month>
      </pubdate>
     </journalissue>
     <title>
      The American journal of clinical nutrition
     </title>
     <isoabbreviation>
      Am. J. Clin. Nutr.
     </isoabbreviation>
    </journal>
    <articletitle>
     Prenatal compared with parental origins of adolescent fatness.
    </articletitle>
    <pagination>
     <medlinepgn>
      1186-90
     </medlinepgn>
    </pagination>
    <abstract>
     <abstracttext label="BACKGROUND" nlmcategory="BACKGROUND">
      Differences in prenatal growth influence postnatal body fat.
     </abstracttext>
     <abstracttext label="OBJECTIVE" nlmcategory="OBJECTIVE">
      The objective was to investigate the role of parental body composition on the "tracking" of adolescent fatness.
     </abstracttext>
     <abstracttext label="DESIGN" nlmcategory="METHODS">
      The study population consisted of 1993 white subjects and their parents. Measurements were taken at birth and again at the age of either 15, 16, or 17 y. The newborns were classified in 3 groups: small for gestational age, appropriate for gestational age, and large for gestational age. The mothers and fathers of the adolescents were classified into low and high subgroups on the basis of measurements of body mass index (BMI). Similarly, the mothers of the adolescents were classified into lean and fat subgroups on the basis of measurements of triceps skinfold thickness.
     </abstracttext>
     <abstracttext label="RESULTS" nlmcategory="RESULTS">
      Heavy newborns became heavier or fatter adolescents only when the mother or father was also fat and, among heavy newborns, the risk of becoming fat adolescents was approximately 5.7 times higher when the mother was fat rather than lean.
     </abstracttext>
     <abstracttext label="CONCLUSIONS" nlmcategory="CONCLUSIONS">
      Large newborns become fat adolescents only when the mother or father is also overweight or fat (ie, has either a high BMI or large skinfold thickness). These findings suggest that fatness during adolescence is related to parental fatness but not to prenatal fatness. Therefore, preventing higher levels of adiposity among newborns is unlikely to reduce overall adiposity in adolescence.
     </abstracttext>
    </abstract>
    <affiliation>
     Center for Human Growth and Development and the Department of Anthropology, University of Michigan, Ann Arbor, MI 481090, USA. arfrisan@umich.edu
    </affiliation>
    <authorlist completeyn="Y">
     <author validyn="Y">
      <lastname>
       Frisancho
      </lastname>
      <forename>
       A R
      </forename>
      <initials>
       AR
      </initials>
     </author>
    </authorlist>
    <language>
     eng
    </language>
    <publicationtypelist>
     <publicationtype>
      Comparative Study
     </publicationtype>
     <publicationtype>
      Journal Article
     </publicationtype>
    </publicationtypelist>
   </article>
   <medlinejournalinfo>
    <country>
     UNITED STATES
    </country>
    <medlineta>
     Am J Clin Nutr
    </medlineta>
    <nlmuniqueid>
     0376027
    </nlmuniqueid>
    <issnlinking>
     0002-9165
    </issnlinking>
   </medlinejournalinfo>
   <citationsubset>
    AIM
   </citationsubset>
   <citationsubset>
    IM
   </citationsubset>
   <meshheadinglist>
    <meshheading>
     <descriptorname majortopicyn="N">
      Adolescent
     </descriptorname>
    </meshheading>
    <meshheading>
     <descriptorname majortopicyn="Y">
      Birth Weight
     </descriptorname>
    </meshheading>
    <meshheading>
     <descriptorname majortopicyn="N">
      Body Composition
     </descriptorname>
     <qualifiername majortopicyn="Y">
      genetics
     </qualifiername>
    </meshheading>
    <meshheading>
     <descriptorname majortopicyn="N">
      Body Constitution
     </descriptorname>
    </meshheading>
    <meshheading>
     <descriptorname majortopicyn="N">
      Body Mass Index
     </descriptorname>
    </meshheading>
    <meshheading>
     <descriptorname majortopicyn="N">
      Female
     </descriptorname>
    </meshheading>
    <meshheading>
     <descriptorname majortopicyn="N">
      Humans
     </descriptorname>
    </meshheading>
    <meshheading>
     <descriptorname majortopicyn="N">
      Infant, Newborn
     </descriptorname>
    </meshheading>
    <meshheading>
     <descriptorname majortopicyn="N">
      Male
     </descriptorname>
    </meshheading>
    <meshheading>
     <descriptorname majortopicyn="N">
      Obesity
     </descriptorname>
     <qualifiername majortopicyn="N">
      genetics
     </qualifiername>
    </meshheading>
    <meshheading>
     <descriptorname majortopicyn="N">
      Risk Factors
     </descriptorname>
    </meshheading>
    <meshheading>
     <descriptorname majortopicyn="N">
      Skinfold Thickness
     </descriptorname>
    </meshheading>
   </meshheadinglist>
  </medlinecitation>
  <pubmeddata>
   <history>
    <pubmedpubdate pubstatus="pubmed">
     <year>
      2000
     </year>
     <month>
      11
     </month>
     <day>
      4
     </day>
     <hour>
      11
     </hour>
     <minute>
      0
     </minute>
    </pubmedpubdate>
    <pubmedpubdate pubstatus="medline">
     <year>
      2001
     </year>
     <month>
      2
     </month>
     <day>
      28
     </day>
     <hour>
      10
     </hour>
     <minute>
      1
     </minute>
    </pubmedpubdate>
    <pubmedpubdate pubstatus="entrez">
     <year>
      2000
     </year>
     <month>
      11
     </month>
     <day>
      4
     </day>
     <hour>
      11
     </hour>
     <minute>
      0
     </minute>
    </pubmedpubdate>
   </history>
   <publicationstatus>
    ppublish
   </publicationstatus>
   <articleidlist>
    <articleid idtype="pubmed">
     11063447
    </articleid>
   </articleidlist>
  </pubmeddata>
 </pubmedarticle>
</pubmedarticleset>

