<?xml version='1.0' encoding='utf-8'?>
<!DOCTYPE PubmedArticleSet PUBLIC "-//NLM//DTD PubMedArticle, 1st January 2011//EN" "http://www.ncbi.nlm.nih.gov/entrez/query/DTD/pubmed_110101.dtd">
<pubmedarticleset>
 <pubmedarticle>
  <medlinecitation owner="NLM" status="MEDLINE">
   <pmid version="1">
    11083348
   </pmid>
   <datecreated>
    <year>
     2000
    </year>
    <month>
     11
    </month>
    <day>
     17
    </day>
   </datecreated>
   <datecompleted>
    <year>
     2000
    </year>
    <month>
     12
    </month>
    <day>
     14
    </day>
   </datecompleted>
   <daterevised>
    <year>
     2006
    </year>
    <month>
     11
    </month>
    <day>
     15
    </day>
   </daterevised>
   <article pubmodel="Print">
    <journal>
     <issn issntype="Print">
      0003-9993
     </issn>
     <journalissue citedmedium="Print">
      <volume>
       81
      </volume>
      <issue>
       11
      </issue>
      <pubdate>
       <year>
        2000
       </year>
       <month>
        Nov
       </month>
      </pubdate>
     </journalissue>
     <title>
      Archives of physical medicine and rehabilitation
     </title>
     <isoabbreviation>
      Arch Phys Med Rehabil
     </isoabbreviation>
    </journal>
    <articletitle>
     The effect of exercise on percentile rank aerobic capacity, pain, and self-rated disability in patients with chronic low-back pain: a retrospective chart review.
    </articletitle>
    <pagination>
     <medlinepgn>
      1457-63
     </medlinepgn>
    </pagination>
    <abstract>
     <abstracttext label="OBJECTIVE" nlmcategory="OBJECTIVE">
      To determine the effect of 6 weeks of exercise on aerobic capacity and on measures of pain and disability in patients with chronic low-back pain (LBP).
     </abstracttext>
     <abstracttext label="DESIGN" nlmcategory="METHODS">
      Retrospective chart survey.
     </abstracttext>
     <abstracttext label="SETTING" nlmcategory="METHODS">
      A fitness facility in Saskatoon, Saskatchewan.
     </abstracttext>
     <abstracttext label="PATIENTS" nlmcategory="METHODS">
      Patients with chronic LBP with an average duration of pain of 10 months.
     </abstracttext>
     <abstracttext label="INTERVENTIONS" nlmcategory="METHODS">
      Six-week exercise program to improve aerobic capacity, muscular endurance, and flexibility.
     </abstracttext>
     <abstracttext label="MAIN OUTCOME MEASURES" nlmcategory="METHODS">
      Data were collected from 258 charts of patients with chronic LBP treated from 1991 to 1994, including age, sex, and aerobic capacity. Patients completed the numeric ratings scale-101 (pain scale) and Oswestry LBP disability questionnaire. Pre- and postexercise data were compared for patients with LBP who completed the exercise prescription. Comparative data from the same time period were also collected from the records of individuals not treated for chronic pain (controls) and who had volunteered for a test of general fitness at the same facility.
     </abstracttext>
     <abstracttext label="RESULTS" nlmcategory="RESULTS">
      Both the control groups and the patients with LBP groups had statistically significant lower levels of aerobic capacity than a large group of Canadians tested in the early 1980s, the benchmark on which the age- and sex-matched standardized scores are based. The percentile rank of aerobic capacity for the patients with LBP was statistically significant and lower than those measures for the controls. Patients with LBP who completed the exercise therapy showed statistically significant improvement in percentile rank aerobic capacity, as well as statistically significant decreases in pain and disability scores. Aerobic capacity improved to a level above the norm.
     </abstracttext>
     <abstracttext label="CONCLUSIONS" nlmcategory="CONCLUSIONS">
      This study supports the hypothesis that exercise may be helpful in the management of chronic LBP.
     </abstracttext>
    </abstract>
    <affiliation>
     Division of Graduate Studies and Research, Canadian Memorial Chiropractic College, Toronto, Ontario.
    </affiliation>
    <authorlist completeyn="Y">
     <author validyn="Y">
      <lastname>
       van der Velde
      </lastname>
      <forename>
       G
      </forename>
      <initials>
       G
      </initials>
     </author>
     <author validyn="Y">
      <lastname>
       Mierau
      </lastname>
      <forename>
       D
      </forename>
      <initials>
       D
      </initials>
     </author>
    </authorlist>
    <language>
     eng
    </language>
    <publicationtypelist>
     <publicationtype>
      Clinical Trial
     </publicationtype>
     <publicationtype>
      Controlled Clinical Trial
     </publicationtype>
     <publicationtype>
      Journal Article
     </publicationtype>
     <publicationtype>
      Research Support, Non-U.S. Gov't
     </publicationtype>
    </publicationtypelist>
   </article>
   <medlinejournalinfo>
    <country>
     UNITED STATES
    </country>
    <medlineta>
     Arch Phys Med Rehabil
    </medlineta>
    <nlmuniqueid>
     2985158R
    </nlmuniqueid>
    <issnlinking>
     0003-9993
    </issnlinking>
   </medlinejournalinfo>
   <citationsubset>
    AIM
   </citationsubset>
   <citationsubset>
    IM
   </citationsubset>
   <meshheadinglist>
    <meshheading>
     <descriptorname majortopicyn="N">
      Adult
     </descriptorname>
    </meshheading>
    <meshheading>
     <descriptorname majortopicyn="N">
      Age Distribution
     </descriptorname>
    </meshheading>
    <meshheading>
     <descriptorname majortopicyn="N">
      Body Mass Index
     </descriptorname>
    </meshheading>
    <meshheading>
     <descriptorname majortopicyn="N">
      Chronic Disease
     </descriptorname>
    </meshheading>
    <meshheading>
     <descriptorname majortopicyn="N">
      Disability Evaluation
     </descriptorname>
    </meshheading>
    <meshheading>
     <descriptorname majortopicyn="N">
      Exercise Therapy
     </descriptorname>
     <qualifiername majortopicyn="Y">
      statistics &amp; numerical data
     </qualifiername>
    </meshheading>
    <meshheading>
     <descriptorname majortopicyn="N">
      Female
     </descriptorname>
    </meshheading>
    <meshheading>
     <descriptorname majortopicyn="N">
      Humans
     </descriptorname>
    </meshheading>
    <meshheading>
     <descriptorname majortopicyn="N">
      Low Back Pain
     </descriptorname>
     <qualifiername majortopicyn="Y">
      physiopathology
     </qualifiername>
     <qualifiername majortopicyn="Y">
      rehabilitation
     </qualifiername>
    </meshheading>
    <meshheading>
     <descriptorname majortopicyn="N">
      Male
     </descriptorname>
    </meshheading>
    <meshheading>
     <descriptorname majortopicyn="N">
      Oxygen Consumption
     </descriptorname>
    </meshheading>
    <meshheading>
     <descriptorname majortopicyn="N">
      Pain Measurement
     </descriptorname>
    </meshheading>
    <meshheading>
     <descriptorname majortopicyn="N">
      Retrospective Studies
     </descriptorname>
    </meshheading>
    <meshheading>
     <descriptorname majortopicyn="N" type="Geographic">
      Saskatchewan
     </descriptorname>
    </meshheading>
    <meshheading>
     <descriptorname majortopicyn="N">
      Severity of Illness Index
     </descriptorname>
    </meshheading>
    <meshheading>
     <descriptorname majortopicyn="N">
      Treatment Outcome
     </descriptorname>
    </meshheading>
    <meshheading>
     <descriptorname majortopicyn="Y">
      Vital Capacity
     </descriptorname>
    </meshheading>
   </meshheadinglist>
  </medlinecitation>
  <pubmeddata>
   <history>
    <pubmedpubdate pubstatus="pubmed">
     <year>
      2000
     </year>
     <month>
      11
     </month>
     <day>
      18
     </day>
     <hour>
      11
     </hour>
     <minute>
      0
     </minute>
    </pubmedpubdate>
    <pubmedpubdate pubstatus="medline">
     <year>
      2001
     </year>
     <month>
      2
     </month>
     <day>
      28
     </day>
     <hour>
      10
     </hour>
     <minute>
      1
     </minute>
    </pubmedpubdate>
    <pubmedpubdate pubstatus="entrez">
     <year>
      2000
     </year>
     <month>
      11
     </month>
     <day>
      18
     </day>
     <hour>
      11
     </hour>
     <minute>
      0
     </minute>
    </pubmedpubdate>
   </history>
   <publicationstatus>
    ppublish
   </publicationstatus>
   <articleidlist>
    <articleid idtype="pubmed">
     11083348
    </articleid>
    <articleid idtype="pii">
     S0003-9993(00)07532-8
    </articleid>
    <articleid idtype="doi">
     10.1053/apmr.2000.9629
    </articleid>
   </articleidlist>
  </pubmeddata>
 </pubmedarticle>
</pubmedarticleset>

