<?xml version='1.0' encoding='utf-8'?>
<!DOCTYPE PubmedArticleSet PUBLIC "-//NLM//DTD PubMedArticle, 1st January 2011//EN" "http://www.ncbi.nlm.nih.gov/entrez/query/DTD/pubmed_110101.dtd">
<pubmedarticleset>
 <pubmedarticle>
  <medlinecitation owner="NLM" status="MEDLINE">
   <pmid version="1">
    11100021
   </pmid>
   <datecreated>
    <year>
     2001
    </year>
    <month>
     01
    </month>
    <day>
     12
    </day>
   </datecreated>
   <datecompleted>
    <year>
     2001
    </year>
    <month>
     01
    </month>
    <day>
     25
    </day>
   </datecompleted>
   <daterevised>
    <year>
     2006
    </year>
    <month>
     11
    </month>
    <day>
     15
    </day>
   </daterevised>
   <article pubmodel="Print">
    <journal>
     <issn issntype="Print">
      0190-9622
     </issn>
     <journalissue citedmedium="Print">
      <volume>
       43
      </volume>
      <issue>
       6
      </issue>
      <pubdate>
       <year>
        2000
       </year>
       <month>
        Dec
       </month>
      </pubdate>
     </journalissue>
     <title>
      Journal of the American Academy of Dermatology
     </title>
     <isoabbreviation>
      J. Am. Acad. Dermatol.
     </isoabbreviation>
    </journal>
    <articletitle>
     Medication and medical service utilization for acne 1995-1998.
    </articletitle>
    <pagination>
     <medlinepgn>
      1042-8
     </medlinepgn>
    </pagination>
    <abstract>
     <abstracttext label="BACKGROUND" nlmcategory="BACKGROUND">
      Acne occurs in most persons sometime during adolescence or early adulthood and is a frequent reason for visits to dermatologists and for prescription drug therapy.
     </abstracttext>
     <abstracttext label="OBJECTIVE" nlmcategory="OBJECTIVE">
      The purpose of this study was to analyze changes in the utilization of physician services and medications for the treatment of acne.
     </abstracttext>
     <abstracttext label="METHODS" nlmcategory="METHODS">
      An analysis was performed of data from two US federal surveys of outpatient physician services and prescribing for the years 1980 to 1997 and two commercial sources of drug prescription data for 1996 to 1998. From these data, I estimated visits for acne and drugs prescribed during these visits.
     </abstracttext>
     <abstracttext label="RESULTS" nlmcategory="RESULTS">
      Visits for women principally for acne are about 80% more frequent than those for men. Each year 5 million prescriptions for oral antibiotics and 1.4 million prescriptions for isotretinoin are dispensed for the treatment of acne.
     </abstracttext>
     <abstracttext label="CONCLUSION" nlmcategory="CONCLUSIONS">
      Substantial health care resources are devoted to the treatment of acne, with women particularly likely to continue to frequently utilize these services after 19 years of age.
     </abstracttext>
    </abstract>
    <affiliation>
     Department of Dermatology, Beth Israel Deaconess Medical Center, Harvard Medical School, Boston, MA 02215-5491, USA. rstern@caregroup.harvard.edu
    </affiliation>
    <authorlist completeyn="Y">
     <author validyn="Y">
      <lastname>
       Stern
      </lastname>
      <forename>
       R S
      </forename>
      <initials>
       RS
      </initials>
     </author>
    </authorlist>
    <language>
     eng
    </language>
    <publicationtypelist>
     <publicationtype>
      Journal Article
     </publicationtype>
     <publicationtype>
      Research Support, Non-U.S. Gov't
     </publicationtype>
    </publicationtypelist>
   </article>
   <medlinejournalinfo>
    <country>
     UNITED STATES
    </country>
    <medlineta>
     J Am Acad Dermatol
    </medlineta>
    <nlmuniqueid>
     7907132
    </nlmuniqueid>
    <issnlinking>
     0190-9622
    </issnlinking>
   </medlinejournalinfo>
   <chemicallist>
    <chemical>
     <registrynumber>
      0
     </registrynumber>
     <nameofsubstance>
      Anti-Bacterial Agents
     </nameofsubstance>
    </chemical>
    <chemical>
     <registrynumber>
      4759-48-2
     </registrynumber>
     <nameofsubstance>
      Isotretinoin
     </nameofsubstance>
    </chemical>
   </chemicallist>
   <citationsubset>
    IM
   </citationsubset>
   <meshheadinglist>
    <meshheading>
     <descriptorname majortopicyn="N">
      Acne Vulgaris
     </descriptorname>
     <qualifiername majortopicyn="N">
      diagnosis
     </qualifiername>
     <qualifiername majortopicyn="Y">
      drug therapy
     </qualifiername>
     <qualifiername majortopicyn="N">
      epidemiology
     </qualifiername>
    </meshheading>
    <meshheading>
     <descriptorname majortopicyn="N">
      Adolescent
     </descriptorname>
    </meshheading>
    <meshheading>
     <descriptorname majortopicyn="N">
      Adult
     </descriptorname>
    </meshheading>
    <meshheading>
     <descriptorname majortopicyn="N">
      Age Distribution
     </descriptorname>
    </meshheading>
    <meshheading>
     <descriptorname majortopicyn="N">
      Anti-Bacterial Agents
     </descriptorname>
     <qualifiername majortopicyn="Y">
      administration &amp; dosage
     </qualifiername>
    </meshheading>
    <meshheading>
     <descriptorname majortopicyn="N">
      Child
     </descriptorname>
    </meshheading>
    <meshheading>
     <descriptorname majortopicyn="N">
      Cross-Sectional Studies
     </descriptorname>
    </meshheading>
    <meshheading>
     <descriptorname majortopicyn="N">
      Drug Utilization
     </descriptorname>
     <qualifiername majortopicyn="Y">
      statistics &amp; numerical data
     </qualifiername>
    </meshheading>
    <meshheading>
     <descriptorname majortopicyn="N">
      Female
     </descriptorname>
    </meshheading>
    <meshheading>
     <descriptorname majortopicyn="N">
      Health Care Surveys
     </descriptorname>
    </meshheading>
    <meshheading>
     <descriptorname majortopicyn="N">
      Humans
     </descriptorname>
    </meshheading>
    <meshheading>
     <descriptorname majortopicyn="N">
      Incidence
     </descriptorname>
    </meshheading>
    <meshheading>
     <descriptorname majortopicyn="N">
      Isotretinoin
     </descriptorname>
     <qualifiername majortopicyn="Y">
      administration &amp; dosage
     </qualifiername>
    </meshheading>
    <meshheading>
     <descriptorname majortopicyn="N">
      Longitudinal Studies
     </descriptorname>
    </meshheading>
    <meshheading>
     <descriptorname majortopicyn="N">
      Male
     </descriptorname>
    </meshheading>
    <meshheading>
     <descriptorname majortopicyn="N">
      Middle Aged
     </descriptorname>
    </meshheading>
    <meshheading>
     <descriptorname majortopicyn="N">
      Office Visits
     </descriptorname>
     <qualifiername majortopicyn="Y">
      utilization
     </qualifiername>
    </meshheading>
    <meshheading>
     <descriptorname majortopicyn="N">
      Sex Distribution
     </descriptorname>
    </meshheading>
    <meshheading>
     <descriptorname majortopicyn="N" type="Geographic">
      United States
     </descriptorname>
     <qualifiername majortopicyn="N">
      epidemiology
     </qualifiername>
    </meshheading>
   </meshheadinglist>
  </medlinecitation>
  <pubmeddata>
   <history>
    <pubmedpubdate pubstatus="pubmed">
     <year>
      2000
     </year>
     <month>
      12
     </month>
     <day>
      2
     </day>
     <hour>
      11
     </hour>
     <minute>
      0
     </minute>
    </pubmedpubdate>
    <pubmedpubdate pubstatus="medline">
     <year>
      2001
     </year>
     <month>
      2
     </month>
     <day>
      28
     </day>
     <hour>
      10
     </hour>
     <minute>
      1
     </minute>
    </pubmedpubdate>
    <pubmedpubdate pubstatus="entrez">
     <year>
      2000
     </year>
     <month>
      12
     </month>
     <day>
      2
     </day>
     <hour>
      11
     </hour>
     <minute>
      0
     </minute>
    </pubmedpubdate>
   </history>
   <publicationstatus>
    ppublish
   </publicationstatus>
   <articleidlist>
    <articleid idtype="pubmed">
     11100021
    </articleid>
    <articleid idtype="pii">
     S0190-9622(00)24411-3
    </articleid>
    <articleid idtype="doi">
     10.1067/mjd.2000.110901
    </articleid>
   </articleidlist>
  </pubmeddata>
 </pubmedarticle>
</pubmedarticleset>

