<?xml version='1.0' encoding='utf-8'?>
<!DOCTYPE PubmedArticleSet PUBLIC "-//NLM//DTD PubMedArticle, 1st January 2011//EN" "http://www.ncbi.nlm.nih.gov/entrez/query/DTD/pubmed_110101.dtd">
<pubmedarticleset>
 <pubmedarticle>
  <medlinecitation owner="NLM" status="MEDLINE">
   <pmid version="1">
    11113718
   </pmid>
   <datecreated>
    <year>
     2001
    </year>
    <month>
     01
    </month>
    <day>
     10
    </day>
   </datecreated>
   <datecompleted>
    <year>
     2001
    </year>
    <month>
     03
    </month>
    <day>
     22
    </day>
   </datecompleted>
   <daterevised>
    <year>
     2007
    </year>
    <month>
     11
    </month>
    <day>
     15
    </day>
   </daterevised>
   <article pubmodel="Print">
    <journal>
     <issn issntype="Print">
      1388-9842
     </issn>
     <journalissue citedmedium="Print">
      <volume>
       2
      </volume>
      <issue>
       4
      </issue>
      <pubdate>
       <year>
        2000
       </year>
       <month>
        Dec
       </month>
      </pubdate>
     </journalissue>
     <title>
      European journal of heart failure : journal of the Working Group on Heart Failure of the European Society of Cardiology
     </title>
     <isoabbreviation>
      Eur. J. Heart Fail.
     </isoabbreviation>
    </journal>
    <articletitle>
     Effect of beta 1 blockade with atenolol on progression of heart failure in patients pretreated with high-dose enalapril.
    </articletitle>
    <pagination>
     <medlinepgn>
      407-12
     </medlinepgn>
    </pagination>
    <abstract>
     <abstracttext label="BACKGROUND" nlmcategory="BACKGROUND">
      The survival benefit of beta-blocker treatment in patients with heart failure has been established in recent trials. Yet, the impact of beta-blockers added on high dose angiotensin converting enzyme inhibitors has not been reported.
     </abstracttext>
     <abstracttext label="AIMS" nlmcategory="OBJECTIVE">
      To investigate the effect of atenolol, a hydrophilic, selective beta1-adrenergic antagonist, added on enalapril 40 mg/day in patients with advanced left ventricular dysfunction in a double-blind placebo-controlled trial.
     </abstracttext>
     <abstracttext label="METHODS" nlmcategory="METHODS">
      One hundred and nineteen patients with class II or III heart failure, left ventricular ejection fraction &lt; or = 25% and treatment with 40 mg enalapril daily were given an initial challenge dose of atenolol 12. 5 mg. One hundred patients (54 with idiopathic, 28 with ischemic, 18 with other dilated cardiomyopathy) tolerated challenge and were randomized to atenolol (maintenance dose 89+/-11 mg/day, range 50-100 mg/day) or placebo. The primary endpoint was combined worsening heart failure or death within 2 years, the secondary endpoint was hospitalization for cardiac events.
     </abstracttext>
     <abstracttext label="RESULTS" nlmcategory="RESULTS">
      After 395+/-266 days interim analysis revealed a significant difference between the atenolol and placebo group (log rank P&lt;0.01) and the trial was concluded. Twenty-seven patients had developed worsening heart failure (8 in the atenolol group vs. 19 in the placebo group) and 13 patients had died (5 in the atenolol vs. 8 in the placebo group). Overall there were 23 hospitalizations for cardiac events (6 in the atenolol group vs. 21 in the placebo group, P=0.07); 17 hospitalizations were due to worsening heart failure (5 in the atenolol group, 12 in the placebo-group, P=0.05) and 10 due to arrhythmias (1 in the atenolol group vs. 9 in the placebo group, P&lt;0.01)
     </abstracttext>
     <abstracttext label="CONCLUSIONS" nlmcategory="CONCLUSIONS">
      The data suggest that in patients with advanced left ventricular dysfunction, beta-blockers can provide substantial benefits supplementary to that already achieved with high dose enalapril treatment.
     </abstracttext>
    </abstract>
    <affiliation>
     Department of Cardiology, University of Vienna, Währinger Gürtel 18-20, A-1090 Vienna, Austria.
    </affiliation>
    <authorlist completeyn="Y">
     <author validyn="Y">
      <lastname>
       Sturm
      </lastname>
      <forename>
       B
      </forename>
      <initials>
       B
      </initials>
     </author>
     <author validyn="Y">
      <lastname>
       Pacher
      </lastname>
      <forename>
       R
      </forename>
      <initials>
       R
      </initials>
     </author>
     <author validyn="Y">
      <lastname>
       Strametz-Juranek
      </lastname>
      <forename>
       J
      </forename>
      <initials>
       J
      </initials>
     </author>
     <author validyn="Y">
      <lastname>
       Berger
      </lastname>
      <forename>
       R
      </forename>
      <initials>
       R
      </initials>
     </author>
     <author validyn="Y">
      <lastname>
       Frey
      </lastname>
      <forename>
       B
      </forename>
      <initials>
       B
      </initials>
     </author>
     <author validyn="Y">
      <lastname>
       Stanek
      </lastname>
      <forename>
       B
      </forename>
      <initials>
       B
      </initials>
     </author>
    </authorlist>
    <language>
     eng
    </language>
    <publicationtypelist>
     <publicationtype>
      Clinical Trial
     </publicationtype>
     <publicationtype>
      Journal Article
     </publicationtype>
     <publicationtype>
      Randomized Controlled Trial
     </publicationtype>
    </publicationtypelist>
   </article>
   <medlinejournalinfo>
    <country>
     NETHERLANDS
    </country>
    <medlineta>
     Eur J Heart Fail
    </medlineta>
    <nlmuniqueid>
     100887595
    </nlmuniqueid>
    <issnlinking>
     1388-9842
    </issnlinking>
   </medlinejournalinfo>
   <chemicallist>
    <chemical>
     <registrynumber>
      0
     </registrynumber>
     <nameofsubstance>
      Adrenergic beta-Antagonists
     </nameofsubstance>
    </chemical>
    <chemical>
     <registrynumber>
      0
     </registrynumber>
     <nameofsubstance>
      Angiotensin-Converting Enzyme Inhibitors
     </nameofsubstance>
    </chemical>
    <chemical>
     <registrynumber>
      29122-68-7
     </registrynumber>
     <nameofsubstance>
      Atenolol
     </nameofsubstance>
    </chemical>
    <chemical>
     <registrynumber>
      75847-73-3
     </registrynumber>
     <nameofsubstance>
      Enalapril
     </nameofsubstance>
    </chemical>
   </chemicallist>
   <citationsubset>
    IM
   </citationsubset>
   <meshheadinglist>
    <meshheading>
     <descriptorname majortopicyn="N">
      Adrenergic beta-Antagonists
     </descriptorname>
     <qualifiername majortopicyn="Y">
      therapeutic use
     </qualifiername>
    </meshheading>
    <meshheading>
     <descriptorname majortopicyn="N">
      Angiotensin-Converting Enzyme Inhibitors
     </descriptorname>
     <qualifiername majortopicyn="N">
      administration &amp; dosage
     </qualifiername>
     <qualifiername majortopicyn="Y">
      therapeutic use
     </qualifiername>
    </meshheading>
    <meshheading>
     <descriptorname majortopicyn="N">
      Atenolol
     </descriptorname>
     <qualifiername majortopicyn="Y">
      therapeutic use
     </qualifiername>
    </meshheading>
    <meshheading>
     <descriptorname majortopicyn="N">
      Disease Progression
     </descriptorname>
    </meshheading>
    <meshheading>
     <descriptorname majortopicyn="N">
      Double-Blind Method
     </descriptorname>
    </meshheading>
    <meshheading>
     <descriptorname majortopicyn="N">
      Enalapril
     </descriptorname>
     <qualifiername majortopicyn="N">
      administration &amp; dosage
     </qualifiername>
     <qualifiername majortopicyn="Y">
      therapeutic use
     </qualifiername>
    </meshheading>
    <meshheading>
     <descriptorname majortopicyn="N">
      Female
     </descriptorname>
    </meshheading>
    <meshheading>
     <descriptorname majortopicyn="N">
      Heart Failure
     </descriptorname>
     <qualifiername majortopicyn="Y">
      drug therapy
     </qualifiername>
     <qualifiername majortopicyn="N">
      mortality
     </qualifiername>
    </meshheading>
    <meshheading>
     <descriptorname majortopicyn="N">
      Hospitalization
     </descriptorname>
     <qualifiername majortopicyn="N">
      statistics &amp; numerical data
     </qualifiername>
    </meshheading>
    <meshheading>
     <descriptorname majortopicyn="N">
      Humans
     </descriptorname>
    </meshheading>
    <meshheading>
     <descriptorname majortopicyn="N">
      Male
     </descriptorname>
    </meshheading>
    <meshheading>
     <descriptorname majortopicyn="N">
      Middle Aged
     </descriptorname>
    </meshheading>
    <meshheading>
     <descriptorname majortopicyn="N">
      Patient Selection
     </descriptorname>
    </meshheading>
   </meshheadinglist>
  </medlinecitation>
  <pubmeddata>
   <history>
    <pubmedpubdate pubstatus="pubmed">
     <year>
      2000
     </year>
     <month>
      12
     </month>
     <day>
      13
     </day>
     <hour>
      11
     </hour>
     <minute>
      0
     </minute>
    </pubmedpubdate>
    <pubmedpubdate pubstatus="medline">
     <year>
      2001
     </year>
     <month>
      3
     </month>
     <day>
      27
     </day>
     <hour>
      10
     </hour>
     <minute>
      1
     </minute>
    </pubmedpubdate>
    <pubmedpubdate pubstatus="entrez">
     <year>
      2000
     </year>
     <month>
      12
     </month>
     <day>
      13
     </day>
     <hour>
      11
     </hour>
     <minute>
      0
     </minute>
    </pubmedpubdate>
   </history>
   <publicationstatus>
    ppublish
   </publicationstatus>
   <articleidlist>
    <articleid idtype="pubmed">
     11113718
    </articleid>
    <articleid idtype="pii">
     S1388984200001203
    </articleid>
   </articleidlist>
  </pubmeddata>
 </pubmedarticle>
</pubmedarticleset>

