<?xml version='1.0' encoding='utf-8'?>
<!DOCTYPE PubmedArticleSet PUBLIC "-//NLM//DTD PubMedArticle, 1st January 2011//EN" "http://www.ncbi.nlm.nih.gov/entrez/query/DTD/pubmed_110101.dtd">
<pubmedarticleset>
 <pubmedarticle>
  <medlinecitation owner="NLM" status="MEDLINE">
   <pmid version="1">
    11129515
   </pmid>
   <datecreated>
    <year>
     2000
    </year>
    <month>
     12
    </month>
    <day>
     20
    </day>
   </datecreated>
   <datecompleted>
    <year>
     2001
    </year>
    <month>
     02
    </month>
    <day>
     08
    </day>
   </datecompleted>
   <daterevised>
    <year>
     2004
    </year>
    <month>
     11
    </month>
    <day>
     17
    </day>
   </daterevised>
   <article pubmodel="Print">
    <journal>
     <issn issntype="Print">
      0932-0067
     </issn>
     <journalissue citedmedium="Print">
      <volume>
       264
      </volume>
      <issue>
       3
      </issue>
      <pubdate>
       <year>
        2000
       </year>
       <month>
        Nov
       </month>
      </pubdate>
     </journalissue>
     <title>
      Archives of gynecology and obstetrics
     </title>
     <isoabbreviation>
      Arch. Gynecol. Obstet.
     </isoabbreviation>
    </journal>
    <articletitle>
     Efficacy of Vitex agnus castus L. extract Ze 440 in patients with pre-menstrual syndrome (PMS).
    </articletitle>
    <pagination>
     <medlinepgn>
      150-3
     </medlinepgn>
    </pagination>
    <abstract>
     <abstracttext>
      In a prospective, multicentre trial the efficacy of an Vitex agnus castus L extract Ze 440 was investigated in 50 patients with pre-menstrual syndrome (PMS). The patients were treated daily with one tablet (20 mg native extract) during three menstrual cycles. 43 patients completed the study protocol which encompassed 8 menstrual cycles (2 baseline, 3 treatment and 3 post-treatment). 13/43 patients were receiving concomitant oral contraceptives. 6 patients did not complete the study for reasons not related to study medication, and one patient complained of fatigue possibly related to study medication. All evaluated patients took at least 85% of the prescribed medication. The main effect parameter was the validated Moos' menstrual distress questionnaire (MMDQ), and secondary parameters were a visual analogue scale (VAS; self-assessment) and a global impression scale (GI, self-assessment). The study population was homogenous in age (31.3+/-7.7 years) weight (58.9+/-6.9 kg) and cycle length (28.4+/-0.3 d). The diagnosis was according to DMS-III. At the end of the study, PMS-related symptoms were reduced by treatment. There was a significant score reduction (42.5%) of the MMDQ as the main effect parameter (p&lt;0.001). Symptoms gradually returned after treatment cessation. However, a difference from baseline remained (20%; p&lt;0.001) up to 3 cycles thereafter. 20/43 patients were considered "responders", with a reduction in MMDQ score by at least 50% relative to baseline. At baseline, the VAS score was elevated in the late luteal phase and low at the follicular phase, as expected. During treatment, VAS score decreased in the late luteal phase (47.2%; p&lt;0.01) and remained 21.7% (p&lt;0.001) below baseline after 3 cycles post-cessation of treatment. The low VAS score within the follicular phase remained unchanged over the whole observation period. 38 patients judged the global efficacy moderate to excellent, 5 patients indicated no global efficacy. The number of days patients sustained PMS symptoms was reduced slightly from 7.5 to 6. Resting levels of blood prolactin remained within the physiological range throughout. No differences were seen between patients on or off oral contraceptives. 20 patients reported 37 adverse events (AE). No serious AE were reported. One patint withdrew after four days of treatment due to fatigue and headache. Laboratory safety control parameters were not affected. In conclusion, patients with PMS can be treated successfully with Vitex agnus-castus extract Ze 440, as indicated by clear improvement in the main effect parameter during treatment and the gradual return after cessation of treatment. The main response to treatment seems related to symptomatic relief rather than to the duration of the syndrome.
     </abstracttext>
    </abstract>
    <affiliation>
     Institut Pharmazeutische Biologie, Universität Basel, Witterswil, Schweiz.
    </affiliation>
    <authorlist completeyn="Y">
     <author validyn="Y">
      <lastname>
       Berger
      </lastname>
      <forename>
       D
      </forename>
      <initials>
       D
      </initials>
     </author>
     <author validyn="Y">
      <lastname>
       Schaffner
      </lastname>
      <forename>
       W
      </forename>
      <initials>
       W
      </initials>
     </author>
     <author validyn="Y">
      <lastname>
       Schrader
      </lastname>
      <forename>
       E
      </forename>
      <initials>
       E
      </initials>
     </author>
     <author validyn="Y">
      <lastname>
       Meier
      </lastname>
      <forename>
       B
      </forename>
      <initials>
       B
      </initials>
     </author>
     <author validyn="Y">
      <lastname>
       Brattström
      </lastname>
      <forename>
       A
      </forename>
      <initials>
       A
      </initials>
     </author>
    </authorlist>
    <language>
     eng
    </language>
    <publicationtypelist>
     <publicationtype>
      Clinical Trial
     </publicationtype>
     <publicationtype>
      Journal Article
     </publicationtype>
     <publicationtype>
      Multicenter Study
     </publicationtype>
    </publicationtypelist>
   </article>
   <medlinejournalinfo>
    <country>
     Germany
    </country>
    <medlineta>
     Arch Gynecol Obstet
    </medlineta>
    <nlmuniqueid>
     8710213
    </nlmuniqueid>
    <issnlinking>
     0932-0067
    </issnlinking>
   </medlinejournalinfo>
   <chemicallist>
    <chemical>
     <registrynumber>
      0
     </registrynumber>
     <nameofsubstance>
      Plant Extracts
     </nameofsubstance>
    </chemical>
   </chemicallist>
   <citationsubset>
    IM
   </citationsubset>
   <meshheadinglist>
    <meshheading>
     <descriptorname majortopicyn="N">
      Adult
     </descriptorname>
    </meshheading>
    <meshheading>
     <descriptorname majortopicyn="N">
      Female
     </descriptorname>
    </meshheading>
    <meshheading>
     <descriptorname majortopicyn="N">
      Humans
     </descriptorname>
    </meshheading>
    <meshheading>
     <descriptorname majortopicyn="N">
      Plant Extracts
     </descriptorname>
     <qualifiername majortopicyn="Y">
      therapeutic use
     </qualifiername>
    </meshheading>
    <meshheading>
     <descriptorname majortopicyn="Y">
      Plants, Medicinal
     </descriptorname>
    </meshheading>
    <meshheading>
     <descriptorname majortopicyn="N">
      Premenstrual Syndrome
     </descriptorname>
     <qualifiername majortopicyn="Y">
      drug therapy
     </qualifiername>
    </meshheading>
    <meshheading>
     <descriptorname majortopicyn="N">
      Prospective Studies
     </descriptorname>
    </meshheading>
    <meshheading>
     <descriptorname majortopicyn="Y">
      Vitex
     </descriptorname>
    </meshheading>
   </meshheadinglist>
  </medlinecitation>
  <pubmeddata>
   <history>
    <pubmedpubdate pubstatus="pubmed">
     <year>
      2000
     </year>
     <month>
      12
     </month>
     <day>
      29
     </day>
     <hour>
      11
     </hour>
     <minute>
      0
     </minute>
    </pubmedpubdate>
    <pubmedpubdate pubstatus="medline">
     <year>
      2001
     </year>
     <month>
      3
     </month>
     <day>
      3
     </day>
     <hour>
      10
     </hour>
     <minute>
      1
     </minute>
    </pubmedpubdate>
    <pubmedpubdate pubstatus="entrez">
     <year>
      2000
     </year>
     <month>
      12
     </month>
     <day>
      29
     </day>
     <hour>
      11
     </hour>
     <minute>
      0
     </minute>
    </pubmedpubdate>
   </history>
   <publicationstatus>
    ppublish
   </publicationstatus>
   <articleidlist>
    <articleid idtype="pubmed">
     11129515
    </articleid>
   </articleidlist>
  </pubmeddata>
 </pubmedarticle>
</pubmedarticleset>

