<?xml version='1.0' encoding='utf-8'?>
<!DOCTYPE PubmedArticleSet PUBLIC "-//NLM//DTD PubMedArticle, 1st January 2011//EN" "http://www.ncbi.nlm.nih.gov/entrez/query/DTD/pubmed_110101.dtd">
<pubmedarticleset>
 <pubmedarticle>
  <medlinecitation owner="NLM" status="MEDLINE">
   <pmid version="1">
    11131263
   </pmid>
   <datecreated>
    <year>
     2000
    </year>
    <month>
     12
    </month>
    <day>
     22
    </day>
   </datecreated>
   <datecompleted>
    <year>
     2001
    </year>
    <month>
     02
    </month>
    <day>
     15
    </day>
   </datecompleted>
   <daterevised>
    <year>
     2006
    </year>
    <month>
     11
    </month>
    <day>
     15
    </day>
   </daterevised>
   <article pubmodel="Print">
    <journal>
     <issn issntype="Print">
      0885-3924
     </issn>
     <journalissue citedmedium="Print">
      <volume>
       20
      </volume>
      <issue>
       6
      </issue>
      <pubdate>
       <year>
        2000
       </year>
       <month>
        Dec
       </month>
      </pubdate>
     </journalissue>
     <title>
      Journal of pain and symptom management
     </title>
     <isoabbreviation>
      J Pain Symptom Manage
     </isoabbreviation>
    </journal>
    <articletitle>
     Antidepressants and anticonvulsants for diabetic neuropathy and postherpetic neuralgia: a quantitative systematic review.
    </articletitle>
    <pagination>
     <medlinepgn>
      449-58
     </medlinepgn>
    </pagination>
    <abstract>
     <abstracttext>
      To determine the relative efficacy and adverse effects of antidepressants and anticonvulsants in the treatment of diabetic neuroapathy and postherpetic neuralgia, published reports were identified from a variety of electronic databases, including Medline, EMBASE, the Cochrane Library and the Oxford Pain Relief Database, and from two previously published reviews. Additional studies were identified from the reference lists of retrieved reports. The relative benefit (RB) and number-needed-to-treat (NNT) for one patient to achieve at least 50 % pain relief was calculated from available dichotomous data, as was the relative risk (RR) and number-needed-to-harm (NH) for minor adverse effects and drug related study withdrawal. In diabetic neuropathy, 16 reports compared antidepressants with placebo (491 patient episodes) and three compared anticonvulsants with placebo (321). The NNT for at least 50 % pain relief with antidepressants was 3.4 (95 % confidence interval 2.6-4. 7) and with anticonvulsants 2. 7 (2. 2-3. 8). In postherpetic neuralgia, three reports compared antidepressants with placebo (145 patient episodes) and one compared anticonvulsants with placebo (225), giving an NNT with antidepressants of 2.1 (1. 7-3) and with anticonvulsants 3.2 (2.4-5). There was little difference in the incidence of minor adverse effects with either antidepressants or anticonvulsants compared with placebo, with 1VH (minor) values of about 3. For drug-related study withdrawal, antidepressants had an NNH (major) of 17 (11-43) compared with placebo, whereas with anticonvulsants there was no significant difference from placebo. Antidepressants and anticonvulsants had the same efficacy and incidence of minor adverse effects in these tzoo neuropathic pain conditions. There was no evidence that selective serotonin reuptake inhibitors (SSRIs) were better than older antidepressants, and no evidence that gabapentin was better than older anticonvulsants. In these trials patients were more likely to stop taking antidepressants than anticonvulsants because of adverse effects.
     </abstracttext>
    </abstract>
    <affiliation>
     Pain Research, Nuffield Department of Anaesthetics, University of Oxford, Oxford Radcliffe Hospital, Headington, United Kingdom.
    </affiliation>
    <authorlist completeyn="Y">
     <author validyn="Y">
      <lastname>
       Collins
      </lastname>
      <forename>
       S L
      </forename>
      <initials>
       SL
      </initials>
     </author>
     <author validyn="Y">
      <lastname>
       Moore
      </lastname>
      <forename>
       R A
      </forename>
      <initials>
       RA
      </initials>
     </author>
     <author validyn="Y">
      <lastname>
       McQuayHJ
      </lastname>
     </author>
     <author validyn="Y">
      <lastname>
       Wiffen
      </lastname>
      <forename>
       P
      </forename>
      <initials>
       P
      </initials>
     </author>
    </authorlist>
    <language>
     eng
    </language>
    <publicationtypelist>
     <publicationtype>
      Journal Article
     </publicationtype>
     <publicationtype>
      Research Support, Non-U.S. Gov't
     </publicationtype>
     <publicationtype>
      Review
     </publicationtype>
    </publicationtypelist>
   </article>
   <medlinejournalinfo>
    <country>
     United States
    </country>
    <medlineta>
     J Pain Symptom Manage
    </medlineta>
    <nlmuniqueid>
     8605836
    </nlmuniqueid>
    <issnlinking>
     0885-3924
    </issnlinking>
   </medlinejournalinfo>
   <chemicallist>
    <chemical>
     <registrynumber>
      0
     </registrynumber>
     <nameofsubstance>
      Anticonvulsants
     </nameofsubstance>
    </chemical>
    <chemical>
     <registrynumber>
      0
     </registrynumber>
     <nameofsubstance>
      Antidepressive Agents
     </nameofsubstance>
    </chemical>
   </chemicallist>
   <citationsubset>
    IM
   </citationsubset>
   <meshheadinglist>
    <meshheading>
     <descriptorname majortopicyn="N">
      Anticonvulsants
     </descriptorname>
     <qualifiername majortopicyn="Y">
      therapeutic use
     </qualifiername>
    </meshheading>
    <meshheading>
     <descriptorname majortopicyn="N">
      Antidepressive Agents
     </descriptorname>
     <qualifiername majortopicyn="Y">
      therapeutic use
     </qualifiername>
    </meshheading>
    <meshheading>
     <descriptorname majortopicyn="N">
      Diabetic Neuropathies
     </descriptorname>
     <qualifiername majortopicyn="Y">
      drug therapy
     </qualifiername>
    </meshheading>
    <meshheading>
     <descriptorname majortopicyn="N">
      Herpes Zoster
     </descriptorname>
     <qualifiername majortopicyn="Y">
      complications
     </qualifiername>
    </meshheading>
    <meshheading>
     <descriptorname majortopicyn="N">
      Humans
     </descriptorname>
    </meshheading>
    <meshheading>
     <descriptorname majortopicyn="N">
      Neuralgia
     </descriptorname>
     <qualifiername majortopicyn="Y">
      drug therapy
     </qualifiername>
     <qualifiername majortopicyn="Y">
      etiology
     </qualifiername>
    </meshheading>
   </meshheadinglist>
   <numberofreferences>
    31
   </numberofreferences>
  </medlinecitation>
  <pubmeddata>
   <history>
    <pubmedpubdate pubstatus="pubmed">
     <year>
      2000
     </year>
     <month>
      12
     </month>
     <day>
      29
     </day>
     <hour>
      11
     </hour>
     <minute>
      0
     </minute>
    </pubmedpubdate>
    <pubmedpubdate pubstatus="medline">
     <year>
      2001
     </year>
     <month>
      3
     </month>
     <day>
      3
     </day>
     <hour>
      10
     </hour>
     <minute>
      1
     </minute>
    </pubmedpubdate>
    <pubmedpubdate pubstatus="entrez">
     <year>
      2000
     </year>
     <month>
      12
     </month>
     <day>
      29
     </day>
     <hour>
      11
     </hour>
     <minute>
      0
     </minute>
    </pubmedpubdate>
   </history>
   <publicationstatus>
    ppublish
   </publicationstatus>
   <articleidlist>
    <articleid idtype="pubmed">
     11131263
    </articleid>
    <articleid idtype="pii">
     S0885392400002189
    </articleid>
   </articleidlist>
  </pubmeddata>
 </pubmedarticle>
</pubmedarticleset>

