<?xml version='1.0' encoding='utf-8'?>
<!DOCTYPE PubmedArticleSet PUBLIC "-//NLM//DTD PubMedArticle, 1st January 2011//EN" "http://www.ncbi.nlm.nih.gov/entrez/query/DTD/pubmed_110101.dtd">
<pubmedarticleset>
 <pubmedarticle>
  <medlinecitation owner="NLM" status="MEDLINE">
   <pmid version="1">
    11176841
   </pmid>
   <datecreated>
    <year>
     2001
    </year>
    <month>
     02
    </month>
    <day>
     22
    </day>
   </datecreated>
   <datecompleted>
    <year>
     2001
    </year>
    <month>
     03
    </month>
    <day>
     15
    </day>
   </datecompleted>
   <daterevised>
    <year>
     2007
    </year>
    <month>
     11
    </month>
    <day>
     15
    </day>
   </daterevised>
   <article pubmodel="Print">
    <journal>
     <issn issntype="Print">
      0098-7484
     </issn>
     <journalissue citedmedium="Print">
      <volume>
       285
      </volume>
      <issue>
       3
      </issue>
      <pubdate>
       <year>
        2001
       </year>
       <month>
        Jan
       </month>
       <day>
        17
       </day>
      </pubdate>
     </journalissue>
     <title>
      JAMA : the journal of the American Medical Association
     </title>
     <isoabbreviation>
      JAMA
     </isoabbreviation>
    </journal>
    <articletitle>
     Derivation and validation of guidelines for stool cultures for enteropathogenic bacteria other than Clostridium difficile in hospitalized adults.
    </articletitle>
    <pagination>
     <medlinepgn>
      313-9
     </medlinepgn>
    </pagination>
    <abstract>
     <abstracttext label="CONTEXT" nlmcategory="BACKGROUND">
      The yield of in-hospital stool cultures performed more than 72 hours after admission is low, and a commonly used policy dictates that laboratories reject these cultures to save costs. However, enteropathogenic bacteria other than Clostridium difficile (EPB) may cause nosocomial illness that would be missed by use of such a "3-day rule."
     </abstracttext>
     <abstracttext label="OBJECTIVE" nlmcategory="OBJECTIVE">
      To develop guidelines for hospital use of stool cultures that are sensitive to clinically relevant cases of sporadic and epidemic nosocomial diarrhea.
     </abstracttext>
     <abstracttext label="DESIGN" nlmcategory="METHODS">
      Five-part study that incorporated a derivation sample based on retrospective chart review and a prospective cohort study (including cost savings analysis), and a validation sample based on retrospective chart review.
     </abstracttext>
     <abstracttext label="SETTING" nlmcategory="METHODS">
      Four European academic health care centers.
     </abstracttext>
     <abstracttext label="PATIENTS" nlmcategory="METHODS">
      Derivation sample: 1735 adult inpatients from whom 3416 stool cultures were obtained during a 19-month period (1995-1997) and 68 adult inpatients for whom EPB were grown from stool cultures during a 10-year period (1988-1998); validation sample: 65 patients with sporadic isolation of EPB (1993-1998), 56 patients involved in 2 nosocomial Salmonella outbreaks (1992 and 1997), and 330 patients who had stool cultures performed (1998).
     </abstracttext>
     <abstracttext label="MAIN OUTCOME MEASURE" nlmcategory="METHODS">
      Performance of derived criteria in detecting pathogenic bacteria and outbreaks and reducing total number of stool cultures performed.
     </abstracttext>
     <abstracttext label="RESULTS" nlmcategory="RESULTS">
      Stool cultures grew EPB in 3.3% of samples obtained &lt;/=72 hours after admission and 0.5% of samples obtained thereafter (P&lt;.001). Isolation of EPB &gt;72 hours after admission was not associated with clinical symptoms or signs but was associated with community-acquired diarrhea (24%), age 65 years or older with preexisting comorbid disease (25%), neutropenia (13%), HIV infection (10%), and nondiarrheal manifestations of enteric infections (16%). Twelve percent were asymptomatic carriers. These characteristics were used to create criteria for selecting patients for whom stool cultures would be indicated. These criteria were applied post hoc to a series of 1025 stool cultures; the number of stool cultures would have been reduced by 52% and no clinically significant cases would have been missed. Annual savings to a 355-bed institution would be approximately $7800 for reagent costs and 75 hours of technician time. In the validation samples, only 2 patients of 65 who had EPB would not have been identified, and neither required treatment. If the 3-day rule had been applied, 52 cases would not have been identified, 28 of which required antibiotic treatment.
     </abstracttext>
     <abstracttext label="CONCLUSION" nlmcategory="CONCLUSIONS">
      Our modified 3-day rule for use in selecting cases for stool culture is sensitive to sporadic and epidemic cases of nosocomial diarrhea in hospitalized adults.
     </abstracttext>
    </abstract>
    <affiliation>
     Department of Internal Medicine II, University Hospital Freiburg, Hugstetterstrasse 55, D-79106 Freiburg, Germany. bauert@med1.ukl.uni-freiburg.de
    </affiliation>
    <authorlist completeyn="Y">
     <author validyn="Y">
      <lastname>
       Bauer
      </lastname>
      <forename>
       T M
      </forename>
      <initials>
       TM
      </initials>
     </author>
     <author validyn="Y">
      <lastname>
       Lalvani
      </lastname>
      <forename>
       A
      </forename>
      <initials>
       A
      </initials>
     </author>
     <author validyn="Y">
      <lastname>
       Fehrenbach
      </lastname>
      <forename>
       J
      </forename>
      <initials>
       J
      </initials>
     </author>
     <author validyn="Y">
      <lastname>
       Steffen
      </lastname>
      <forename>
       I
      </forename>
      <initials>
       I
      </initials>
     </author>
     <author validyn="Y">
      <lastname>
       Aponte
      </lastname>
      <forename>
       J J
      </forename>
      <initials>
       JJ
      </initials>
     </author>
     <author validyn="Y">
      <lastname>
       Segovia
      </lastname>
      <forename>
       R
      </forename>
      <initials>
       R
      </initials>
     </author>
     <author validyn="Y">
      <lastname>
       Vila
      </lastname>
      <forename>
       J
      </forename>
      <initials>
       J
      </initials>
     </author>
     <author validyn="Y">
      <lastname>
       Philippczik
      </lastname>
      <forename>
       G
      </forename>
      <initials>
       G
      </initials>
     </author>
     <author validyn="Y">
      <lastname>
       Steinbrückner
      </lastname>
      <forename>
       B
      </forename>
      <initials>
       B
      </initials>
     </author>
     <author validyn="Y">
      <lastname>
       Frei
      </lastname>
      <forename>
       R
      </forename>
      <initials>
       R
      </initials>
     </author>
     <author validyn="Y">
      <lastname>
       Bowler
      </lastname>
      <forename>
       I
      </forename>
      <initials>
       I
      </initials>
     </author>
     <author validyn="Y">
      <lastname>
       Kist
      </lastname>
      <forename>
       M
      </forename>
      <initials>
       M
      </initials>
     </author>
    </authorlist>
    <language>
     eng
    </language>
    <publicationtypelist>
     <publicationtype>
      Journal Article
     </publicationtype>
     <publicationtype>
      Multicenter Study
     </publicationtype>
    </publicationtypelist>
   </article>
   <medlinejournalinfo>
    <country>
     United States
    </country>
    <medlineta>
     JAMA
    </medlineta>
    <nlmuniqueid>
     7501160
    </nlmuniqueid>
    <issnlinking>
     0098-7484
    </issnlinking>
   </medlinejournalinfo>
   <citationsubset>
    AIM
   </citationsubset>
   <citationsubset>
    IM
   </citationsubset>
   <commentscorrectionslist>
    <commentscorrections reftype="CommentIn">
     <refsource>
      Am J Gastroenterol. 2002 Apr;97(4):1054-6
     </refsource>
     <pmid version="1">
      12041064
     </pmid>
    </commentscorrections>
   </commentscorrectionslist>
   <meshheadinglist>
    <meshheading>
     <descriptorname majortopicyn="N">
      Adult
     </descriptorname>
    </meshheading>
    <meshheading>
     <descriptorname majortopicyn="N">
      Aged
     </descriptorname>
    </meshheading>
    <meshheading>
     <descriptorname majortopicyn="N">
      Bacterial Infections
     </descriptorname>
     <qualifiername majortopicyn="Y">
      diagnosis
     </qualifiername>
     <qualifiername majortopicyn="N">
      economics
     </qualifiername>
    </meshheading>
    <meshheading>
     <descriptorname majortopicyn="N">
      Clostridium difficile
     </descriptorname>
     <qualifiername majortopicyn="N">
      isolation &amp; purification
     </qualifiername>
    </meshheading>
    <meshheading>
     <descriptorname majortopicyn="N">
      Cost Savings
     </descriptorname>
    </meshheading>
    <meshheading>
     <descriptorname majortopicyn="N">
      Cross Infection
     </descriptorname>
     <qualifiername majortopicyn="N">
      economics
     </qualifiername>
     <qualifiername majortopicyn="Y">
      microbiology
     </qualifiername>
    </meshheading>
    <meshheading>
     <descriptorname majortopicyn="N">
      Diarrhea
     </descriptorname>
     <qualifiername majortopicyn="N">
      economics
     </qualifiername>
     <qualifiername majortopicyn="Y">
      microbiology
     </qualifiername>
    </meshheading>
    <meshheading>
     <descriptorname majortopicyn="N" type="Geographic">
      Europe
     </descriptorname>
    </meshheading>
    <meshheading>
     <descriptorname majortopicyn="N">
      Feces
     </descriptorname>
     <qualifiername majortopicyn="Y">
      microbiology
     </qualifiername>
    </meshheading>
    <meshheading>
     <descriptorname majortopicyn="N">
      Female
     </descriptorname>
    </meshheading>
    <meshheading>
     <descriptorname majortopicyn="Y">
      Guidelines as Topic
     </descriptorname>
    </meshheading>
    <meshheading>
     <descriptorname majortopicyn="N">
      Hospital Bed Capacity, 300 to 499
     </descriptorname>
    </meshheading>
    <meshheading>
     <descriptorname majortopicyn="N">
      Humans
     </descriptorname>
    </meshheading>
    <meshheading>
     <descriptorname majortopicyn="N">
      Laboratories, Hospital
     </descriptorname>
     <qualifiername majortopicyn="N">
      economics
     </qualifiername>
     <qualifiername majortopicyn="Y">
      standards
     </qualifiername>
    </meshheading>
    <meshheading>
     <descriptorname majortopicyn="N">
      Male
     </descriptorname>
    </meshheading>
    <meshheading>
     <descriptorname majortopicyn="N">
      Middle Aged
     </descriptorname>
    </meshheading>
    <meshheading>
     <descriptorname majortopicyn="N">
      Prospective Studies
     </descriptorname>
    </meshheading>
    <meshheading>
     <descriptorname majortopicyn="N">
      Reproducibility of Results
     </descriptorname>
    </meshheading>
    <meshheading>
     <descriptorname majortopicyn="N">
      Retrospective Studies
     </descriptorname>
    </meshheading>
    <meshheading>
     <descriptorname majortopicyn="N">
      Time Factors
     </descriptorname>
    </meshheading>
   </meshheadinglist>
  </medlinecitation>
  <pubmeddata>
   <history>
    <pubmedpubdate pubstatus="pubmed">
     <year>
      2001
     </year>
     <month>
      2
     </month>
     <day>
      15
     </day>
     <hour>
      11
     </hour>
     <minute>
      0
     </minute>
    </pubmedpubdate>
    <pubmedpubdate pubstatus="medline">
     <year>
      2001
     </year>
     <month>
      3
     </month>
     <day>
      17
     </day>
     <hour>
      10
     </hour>
     <minute>
      1
     </minute>
    </pubmedpubdate>
    <pubmedpubdate pubstatus="entrez">
     <year>
      2001
     </year>
     <month>
      2
     </month>
     <day>
      15
     </day>
     <hour>
      11
     </hour>
     <minute>
      0
     </minute>
    </pubmedpubdate>
   </history>
   <publicationstatus>
    ppublish
   </publicationstatus>
   <articleidlist>
    <articleid idtype="pubmed">
     11176841
    </articleid>
    <articleid idtype="pii">
     joc01663
    </articleid>
   </articleidlist>
  </pubmeddata>
 </pubmedarticle>
</pubmedarticleset>

