<?xml version='1.0' encoding='utf-8'?>
<!DOCTYPE PubmedArticleSet PUBLIC "-//NLM//DTD PubMedArticle, 1st January 2011//EN" "http://www.ncbi.nlm.nih.gov/entrez/query/DTD/pubmed_110101.dtd">
<pubmedarticleset>
 <pubmedarticle>
  <medlinecitation owner="NLM" status="MEDLINE">
   <pmid version="1">
    11191692
   </pmid>
   <datecreated>
    <year>
     2001
    </year>
    <month>
     01
    </month>
    <day>
     15
    </day>
   </datecreated>
   <datecompleted>
    <year>
     2001
    </year>
    <month>
     03
    </month>
    <day>
     15
    </day>
   </datecompleted>
   <daterevised>
    <year>
     2006
    </year>
    <month>
     11
    </month>
    <day>
     15
    </day>
   </daterevised>
   <article pubmodel="Print">
    <journal>
     <issn issntype="Print">
      1044-5463
     </issn>
     <journalissue citedmedium="Print">
      <volume>
       10
      </volume>
      <issue>
       4
      </issue>
      <pubdate>
       <year>
        2000
       </year>
       <season>
        Winter
       </season>
      </pubdate>
     </journalissue>
     <title>
      Journal of child and adolescent psychopharmacology
     </title>
     <isoabbreviation>
      J Child Adolesc Psychopharmacol
     </isoabbreviation>
    </journal>
    <articletitle>
     Efficacy of modafinil compared to dextroamphetamine for the treatment of attention deficit hyperactivity disorder in adults.
    </articletitle>
    <pagination>
     <medlinepgn>
      311-20
     </medlinepgn>
    </pagination>
    <abstract>
     <abstracttext>
      Our objective was to compare the efficacy of the new wake-promoting drug modafinil to that of dextroamphetamine for the treatment of attention deficit hyperactivity disorder (ADHD) in adults. Twenty-two adults who met DSM-IV criteria for ADHD participated in a randomized, double-blind, placebo-controlled, three-phase crossover study comparing placebo, modafinil, and dextroamphetamine for the treatment of ADHD. The twice-daily study medications were titrated to doses of optimum efficacy over 4-7 days and then held constant during the rest of each 2-week treatment phase. Measures of improvement included the DSM-IV ADHD Behavior Checklist for Adults, the Controlled Oral Word Association Test (COWAT, using the letters C, F, and L version), Stroop, and Digit Span (Wechsler Adult Intelligence Scale version). For the 21 (96%) completers, the mean (+/- SD) optimum doses of modafinil and dextroamphetamine were 206.8 mg/day +/- 84.9 and 21.8 mg/day +/- 8.9, respectively. Scores on the DSM-IV ADHD Checklist (p &lt; 0.001) were significantly improved over the placebo condition following treatment with both active medications. Performance on the COWAT (p &lt; 0.05) reached trend levels of significance. Both medications were generally well tolerated. This preliminary study suggests that modafinil may be a viable alternative to conventional stimulants for the treatment of adults with ADHD.
     </abstracttext>
    </abstract>
    <affiliation>
     Rainier Associates, Tacoma, Washington 98467, USA. taylor2@earthlink.net
    </affiliation>
    <authorlist completeyn="Y">
     <author validyn="Y">
      <lastname>
       Taylor
      </lastname>
      <forename>
       F B
      </forename>
      <initials>
       FB
      </initials>
     </author>
     <author validyn="Y">
      <lastname>
       Russo
      </lastname>
      <forename>
       J
      </forename>
      <initials>
       J
      </initials>
     </author>
    </authorlist>
    <language>
     eng
    </language>
    <publicationtypelist>
     <publicationtype>
      Clinical Trial
     </publicationtype>
     <publicationtype>
      Comparative Study
     </publicationtype>
     <publicationtype>
      Journal Article
     </publicationtype>
     <publicationtype>
      Randomized Controlled Trial
     </publicationtype>
    </publicationtypelist>
   </article>
   <medlinejournalinfo>
    <country>
     United States
    </country>
    <medlineta>
     J Child Adolesc Psychopharmacol
    </medlineta>
    <nlmuniqueid>
     9105358
    </nlmuniqueid>
    <issnlinking>
     1044-5463
    </issnlinking>
   </medlinejournalinfo>
   <chemicallist>
    <chemical>
     <registrynumber>
      0
     </registrynumber>
     <nameofsubstance>
      Benzhydryl Compounds
     </nameofsubstance>
    </chemical>
    <chemical>
     <registrynumber>
      0
     </registrynumber>
     <nameofsubstance>
      Central Nervous System Stimulants
     </nameofsubstance>
    </chemical>
    <chemical>
     <registrynumber>
      51-64-9
     </registrynumber>
     <nameofsubstance>
      Dextroamphetamine
     </nameofsubstance>
    </chemical>
    <chemical>
     <registrynumber>
      68693-11-8
     </registrynumber>
     <nameofsubstance>
      modafinil
     </nameofsubstance>
    </chemical>
   </chemicallist>
   <citationsubset>
    IM
   </citationsubset>
   <meshheadinglist>
    <meshheading>
     <descriptorname majortopicyn="N">
      Adolescent
     </descriptorname>
    </meshheading>
    <meshheading>
     <descriptorname majortopicyn="N">
      Adult
     </descriptorname>
    </meshheading>
    <meshheading>
     <descriptorname majortopicyn="N">
      Attention Deficit Disorder with Hyperactivity
     </descriptorname>
     <qualifiername majortopicyn="Y">
      drug therapy
     </qualifiername>
     <qualifiername majortopicyn="N">
      psychology
     </qualifiername>
    </meshheading>
    <meshheading>
     <descriptorname majortopicyn="N">
      Benzhydryl Compounds
     </descriptorname>
     <qualifiername majortopicyn="N">
      adverse effects
     </qualifiername>
     <qualifiername majortopicyn="Y">
      therapeutic use
     </qualifiername>
    </meshheading>
    <meshheading>
     <descriptorname majortopicyn="N">
      Central Nervous System Stimulants
     </descriptorname>
     <qualifiername majortopicyn="N">
      adverse effects
     </qualifiername>
     <qualifiername majortopicyn="Y">
      therapeutic use
     </qualifiername>
    </meshheading>
    <meshheading>
     <descriptorname majortopicyn="N">
      Cross-Over Studies
     </descriptorname>
    </meshheading>
    <meshheading>
     <descriptorname majortopicyn="N">
      Dextroamphetamine
     </descriptorname>
     <qualifiername majortopicyn="N">
      adverse effects
     </qualifiername>
     <qualifiername majortopicyn="Y">
      therapeutic use
     </qualifiername>
    </meshheading>
    <meshheading>
     <descriptorname majortopicyn="N">
      Double-Blind Method
     </descriptorname>
    </meshheading>
    <meshheading>
     <descriptorname majortopicyn="N">
      Female
     </descriptorname>
    </meshheading>
    <meshheading>
     <descriptorname majortopicyn="N">
      Humans
     </descriptorname>
    </meshheading>
    <meshheading>
     <descriptorname majortopicyn="N">
      Male
     </descriptorname>
    </meshheading>
    <meshheading>
     <descriptorname majortopicyn="N">
      Middle Aged
     </descriptorname>
    </meshheading>
    <meshheading>
     <descriptorname majortopicyn="N">
      Psychiatric Status Rating Scales
     </descriptorname>
    </meshheading>
    <meshheading>
     <descriptorname majortopicyn="N">
      Wechsler Scales
     </descriptorname>
    </meshheading>
    <meshheading>
     <descriptorname majortopicyn="N">
      Word Association Tests
     </descriptorname>
    </meshheading>
   </meshheadinglist>
  </medlinecitation>
  <pubmeddata>
   <history>
    <pubmedpubdate pubstatus="pubmed">
     <year>
      2001
     </year>
     <month>
      2
     </month>
     <day>
      24
     </day>
     <hour>
      12
     </hour>
     <minute>
      0
     </minute>
    </pubmedpubdate>
    <pubmedpubdate pubstatus="medline">
     <year>
      2001
     </year>
     <month>
      3
     </month>
     <day>
      17
     </day>
     <hour>
      10
     </hour>
     <minute>
      1
     </minute>
    </pubmedpubdate>
    <pubmedpubdate pubstatus="entrez">
     <year>
      2001
     </year>
     <month>
      2
     </month>
     <day>
      24
     </day>
     <hour>
      12
     </hour>
     <minute>
      0
     </minute>
    </pubmedpubdate>
   </history>
   <publicationstatus>
    ppublish
   </publicationstatus>
   <articleidlist>
    <articleid idtype="pubmed">
     11191692
    </articleid>
   </articleidlist>
  </pubmeddata>
 </pubmedarticle>
</pubmedarticleset>

