<?xml version='1.0' encoding='utf-8'?>
<!DOCTYPE PubmedArticleSet PUBLIC "-//NLM//DTD PubMedArticle, 1st January 2011//EN" "http://www.ncbi.nlm.nih.gov/entrez/query/DTD/pubmed_110101.dtd">
<pubmedarticleset>
 <pubmedarticle>
  <medlinecitation owner="NLM" status="MEDLINE">
   <pmid version="1">
    11229451
   </pmid>
   <datecreated>
    <year>
     2001
    </year>
    <month>
     03
    </month>
    <day>
     02
    </day>
   </datecreated>
   <datecompleted>
    <year>
     2001
    </year>
    <month>
     03
    </month>
    <day>
     08
    </day>
   </datecompleted>
   <daterevised>
    <year>
     2007
    </year>
    <month>
     11
    </month>
    <day>
     15
    </day>
   </daterevised>
   <article pubmodel="Print">
    <journal>
     <issn issntype="Print">
      0160-6689
     </issn>
     <journalissue citedmedium="Print">
      <volume>
       62 Suppl 3
      </volume>
      <pubdate>
       <year>
        2001
       </year>
      </pubdate>
     </journalissue>
     <title>
      The Journal of clinical psychiatry
     </title>
     <isoabbreviation>
      J Clin Psychiatry
     </isoabbreviation>
    </journal>
    <articletitle>
     Strategies for the treatment of antidepressant-related sexual dysfunction.
    </articletitle>
    <pagination>
     <medlinepgn>
      35-43
     </medlinepgn>
    </pagination>
    <abstract>
     <abstracttext>
      Sexual dysfunction and dissatisfaction are common symptoms associated with depression. Optimal antidepressant treatment should result in remission of the symptoms of the underlying illness and minimize the potential for short- and long-term adverse effects, including sexual dysfunction. Sexual dysfunction and dissatisfaction are frequently persistent or worsen with the use of some antidepressant medications; this sexual dysfunction and dissatisfaction can have negative impact on adherence to treatment, quality of life, and the possibility of relapse. Successful management of sexual complaints during antidepressant treatment should begin with a systematic approach to determine the type of sexual dysfunction, potential contributing factors, and finally management strategies that should be tailored to the individual patient. The basic physiologic mechanisms of the normal sexual phases of libido, arousal, and orgasm and how these mechanisms may be interrupted by some antidepressants provide a framework for the clinician to utilize in order to minimize sexual complaints when initiating and continuing antidepressant treatment. This article provides guidelines, based upon this type of model, for the assessment, management, and prevention of sexual side effects associated with antidepressant treatment.
     </abstracttext>
    </abstract>
    <affiliation>
     Woman's Board Depression Treatment Research Center, Rush-Presbyterian St. Luke's Medical Center, Chicago, Ill, USA.
    </affiliation>
    <authorlist completeyn="Y">
     <author validyn="Y">
      <lastname>
       Zajecka
      </lastname>
      <forename>
       J
      </forename>
      <initials>
       J
      </initials>
     </author>
    </authorlist>
    <language>
     eng
    </language>
    <publicationtypelist>
     <publicationtype>
      Journal Article
     </publicationtype>
     <publicationtype>
      Review
     </publicationtype>
    </publicationtypelist>
   </article>
   <medlinejournalinfo>
    <country>
     United States
    </country>
    <medlineta>
     J Clin Psychiatry
    </medlineta>
    <nlmuniqueid>
     7801243
    </nlmuniqueid>
    <issnlinking>
     0160-6689
    </issnlinking>
   </medlinejournalinfo>
   <chemicallist>
    <chemical>
     <registrynumber>
      0
     </registrynumber>
     <nameofsubstance>
      Antidepressive Agents
     </nameofsubstance>
    </chemical>
    <chemical>
     <registrynumber>
      0
     </registrynumber>
     <nameofsubstance>
      Central Nervous System Stimulants
     </nameofsubstance>
    </chemical>
    <chemical>
     <registrynumber>
      0
     </registrynumber>
     <nameofsubstance>
      Piperazines
     </nameofsubstance>
    </chemical>
    <chemical>
     <registrynumber>
      0
     </registrynumber>
     <nameofsubstance>
      Purines
     </nameofsubstance>
    </chemical>
    <chemical>
     <registrynumber>
      0
     </registrynumber>
     <nameofsubstance>
      Serotonin Antagonists
     </nameofsubstance>
    </chemical>
    <chemical>
     <registrynumber>
      0
     </registrynumber>
     <nameofsubstance>
      Sulfones
     </nameofsubstance>
    </chemical>
    <chemical>
     <registrynumber>
      139755-83-2
     </registrynumber>
     <nameofsubstance>
      sildenafil
     </nameofsubstance>
    </chemical>
    <chemical>
     <registrynumber>
      34841-39-9
     </registrynumber>
     <nameofsubstance>
      Bupropion
     </nameofsubstance>
    </chemical>
    <chemical>
     <registrynumber>
      36505-84-7
     </registrynumber>
     <nameofsubstance>
      Buspirone
     </nameofsubstance>
    </chemical>
   </chemicallist>
   <citationsubset>
    IM
   </citationsubset>
   <meshheadinglist>
    <meshheading>
     <descriptorname majortopicyn="N">
      Antidepressive Agents
     </descriptorname>
     <qualifiername majortopicyn="Y">
      adverse effects
     </qualifiername>
     <qualifiername majortopicyn="N">
      therapeutic use
     </qualifiername>
    </meshheading>
    <meshheading>
     <descriptorname majortopicyn="N">
      Bupropion
     </descriptorname>
     <qualifiername majortopicyn="N">
      administration &amp; dosage
     </qualifiername>
     <qualifiername majortopicyn="N">
      therapeutic use
     </qualifiername>
    </meshheading>
    <meshheading>
     <descriptorname majortopicyn="N">
      Buspirone
     </descriptorname>
     <qualifiername majortopicyn="N">
      administration &amp; dosage
     </qualifiername>
     <qualifiername majortopicyn="N">
      therapeutic use
     </qualifiername>
    </meshheading>
    <meshheading>
     <descriptorname majortopicyn="N">
      Central Nervous System Stimulants
     </descriptorname>
     <qualifiername majortopicyn="N">
      therapeutic use
     </qualifiername>
    </meshheading>
    <meshheading>
     <descriptorname majortopicyn="N">
      Depressive Disorder
     </descriptorname>
     <qualifiername majortopicyn="Y">
      drug therapy
     </qualifiername>
     <qualifiername majortopicyn="N">
      psychology
     </qualifiername>
    </meshheading>
    <meshheading>
     <descriptorname majortopicyn="N">
      Drug Administration Schedule
     </descriptorname>
    </meshheading>
    <meshheading>
     <descriptorname majortopicyn="N">
      Female
     </descriptorname>
    </meshheading>
    <meshheading>
     <descriptorname majortopicyn="N">
      Humans
     </descriptorname>
    </meshheading>
    <meshheading>
     <descriptorname majortopicyn="N">
      Male
     </descriptorname>
    </meshheading>
    <meshheading>
     <descriptorname majortopicyn="N">
      Patient Compliance
     </descriptorname>
    </meshheading>
    <meshheading>
     <descriptorname majortopicyn="N">
      Piperazines
     </descriptorname>
     <qualifiername majortopicyn="N">
      administration &amp; dosage
     </qualifiername>
     <qualifiername majortopicyn="N">
      therapeutic use
     </qualifiername>
    </meshheading>
    <meshheading>
     <descriptorname majortopicyn="N">
      Purines
     </descriptorname>
    </meshheading>
    <meshheading>
     <descriptorname majortopicyn="N">
      Quality of Life
     </descriptorname>
    </meshheading>
    <meshheading>
     <descriptorname majortopicyn="N">
      Recurrence
     </descriptorname>
     <qualifiername majortopicyn="N">
      prevention &amp; control
     </qualifiername>
    </meshheading>
    <meshheading>
     <descriptorname majortopicyn="N">
      Serotonin Antagonists
     </descriptorname>
     <qualifiername majortopicyn="N">
      therapeutic use
     </qualifiername>
    </meshheading>
    <meshheading>
     <descriptorname majortopicyn="N">
      Sexual Dysfunctions, Psychological
     </descriptorname>
     <qualifiername majortopicyn="Y">
      chemically induced
     </qualifiername>
     <qualifiername majortopicyn="Y">
      drug therapy
     </qualifiername>
     <qualifiername majortopicyn="N">
      prevention &amp; control
     </qualifiername>
    </meshheading>
    <meshheading>
     <descriptorname majortopicyn="N">
      Sexuality
     </descriptorname>
     <qualifiername majortopicyn="N">
      psychology
     </qualifiername>
    </meshheading>
    <meshheading>
     <descriptorname majortopicyn="N">
      Sulfones
     </descriptorname>
    </meshheading>
   </meshheadinglist>
   <numberofreferences>
    88
   </numberofreferences>
  </medlinecitation>
  <pubmeddata>
   <history>
    <pubmedpubdate pubstatus="pubmed">
     <year>
      2001
     </year>
     <month>
      3
     </month>
     <day>
      7
     </day>
     <hour>
      10
     </hour>
     <minute>
      0
     </minute>
    </pubmedpubdate>
    <pubmedpubdate pubstatus="medline">
     <year>
      2001
     </year>
     <month>
      3
     </month>
     <day>
      10
     </day>
     <hour>
      10
     </hour>
     <minute>
      1
     </minute>
    </pubmedpubdate>
    <pubmedpubdate pubstatus="entrez">
     <year>
      2001
     </year>
     <month>
      3
     </month>
     <day>
      7
     </day>
     <hour>
      10
     </hour>
     <minute>
      0
     </minute>
    </pubmedpubdate>
   </history>
   <publicationstatus>
    ppublish
   </publicationstatus>
   <articleidlist>
    <articleid idtype="pubmed">
     11229451
    </articleid>
   </articleidlist>
  </pubmeddata>
 </pubmedarticle>
</pubmedarticleset>

