<?xml version='1.0' encoding='utf-8'?>
<!DOCTYPE PubmedArticleSet PUBLIC "-//NLM//DTD PubMedArticle, 1st January 2011//EN" "http://www.ncbi.nlm.nih.gov/entrez/query/DTD/pubmed_110101.dtd">
<pubmedarticleset>
 <pubmedarticle>
  <medlinecitation owner="NLM" status="MEDLINE">
   <pmid version="1">
    11242425
   </pmid>
   <datecreated>
    <year>
     2001
    </year>
    <month>
     03
    </month>
    <day>
     12
    </day>
   </datecreated>
   <datecompleted>
    <year>
     2001
    </year>
    <month>
     03
    </month>
    <day>
     29
    </day>
   </datecompleted>
   <daterevised>
    <year>
     2010
    </year>
    <month>
     11
    </month>
    <day>
     18
    </day>
   </daterevised>
   <article pubmodel="Print">
    <journal>
     <issn issntype="Print">
      0098-7484
     </issn>
     <journalissue citedmedium="Print">
      <volume>
       285
      </volume>
      <issue>
       4
      </issue>
      <pubdate>
       <medlinedate>
        2001 Jan 24-31
       </medlinedate>
      </pubdate>
     </journalissue>
     <title>
      JAMA : the journal of the American Medical Association
     </title>
     <isoabbreviation>
      JAMA
     </isoabbreviation>
    </journal>
    <articletitle>
     Promotion of Breastfeeding Intervention Trial (PROBIT): a randomized trial in the Republic of Belarus.
    </articletitle>
    <pagination>
     <medlinepgn>
      413-20
     </medlinepgn>
    </pagination>
    <abstract>
     <abstracttext label="CONTEXT" nlmcategory="BACKGROUND">
      Current evidence that breastfeeding is beneficial for infant and child health is based exclusively on observational studies. Potential sources of bias in such studies have led to doubts about the magnitude of these health benefits in industrialized countries.
     </abstracttext>
     <abstracttext label="OBJECTIVE" nlmcategory="OBJECTIVE">
      To assess the effects of breastfeeding promotion on breastfeeding duration and exclusivity and gastrointestinal and respiratory infection and atopic eczema among infants.
     </abstracttext>
     <abstracttext label="DESIGN" nlmcategory="METHODS">
      The Promotion of Breastfeeding Intervention Trial (PROBIT), a cluster-randomized trial conducted June 1996-December 1997 with a 1-year follow-up.
     </abstracttext>
     <abstracttext label="SETTING" nlmcategory="METHODS">
      Thirty-one maternity hospitals and polyclinics in the Republic of Belarus.
     </abstracttext>
     <abstracttext label="PARTICIPANTS" nlmcategory="METHODS">
      A total of 17 046 mother-infant pairs consisting of full-term singleton infants weighing at least 2500 g and their healthy mothers who intended to breastfeed, 16491 (96.7%) of which completed the entire 12 months of follow-up.
     </abstracttext>
     <abstracttext label="INTERVENTIONS" nlmcategory="METHODS">
      Sites were randomly assigned to receive an experimental intervention (n = 16) modeled on the Baby-Friendly Hospital Initiative of the World Health Organization and United Nations Children's Fund, which emphasizes health care worker assistance with initiating and maintaining breastfeeding and lactation and postnatal breastfeeding support, or a control intervention (n = 15) of continuing usual infant feeding practices and policies.
     </abstracttext>
     <abstracttext label="MAIN OUTCOME MEASURES" nlmcategory="METHODS">
      Duration of any breastfeeding, prevalence of predominant and exclusive breastfeeding at 3 and 6 months of life and occurrence of 1 or more episodes of gastrointestinal tract infection, 2 or more episodes of respiratory tract infection, and atopic eczema during the first 12 months of life, compared between the intervention and control groups.
     </abstracttext>
     <abstracttext label="RESULTS" nlmcategory="RESULTS">
      Infants from the intervention sites were significantly more likely than control infants to be breastfed to any degree at 12 months (19.7% vs 11.4%; adjusted odds ratio [OR], 0.47; 95% confidence interval [CI], 0.32-0.69), were more likely to be exclusively breastfed at 3 months (43.3% vs 6.4%; P&lt;.001) and at 6 months (7.9% vs 0.6%; P =.01), and had a significant reduction in the risk of 1 or more gastrointestinal tract infections (9.1% vs 13.2%; adjusted OR, 0.60; 95% CI, 0.40-0.91) and of atopic eczema (3.3% vs 6.3%; adjusted OR, 0.54; 95% CI, 0.31-0.95), but no significant reduction in respiratory tract infection (intervention group, 39.2%; control group, 39.4%; adjusted OR, 0.87; 95% CI, 0.59-1.28).
     </abstracttext>
     <abstracttext label="CONCLUSIONS" nlmcategory="CONCLUSIONS">
      Our experimental intervention increased the duration and degree (exclusivity) of breastfeeding and decreased the risk of gastrointestinal tract infection and atopic eczema in the first year of life. These results provide a solid scientific underpinning for future interventions to promote breastfeeding.
     </abstracttext>
    </abstract>
    <affiliation>
     Department of Pediatrics, McGill University Faculty of Medicine, Montreal, Quebec, Canada. mkrame@po-box.mcgill.ca
    </affiliation>
    <authorlist completeyn="Y">
     <author validyn="Y">
      <lastname>
       Kramer
      </lastname>
      <forename>
       M S
      </forename>
      <initials>
       MS
      </initials>
     </author>
     <author validyn="Y">
      <lastname>
       Chalmers
      </lastname>
      <forename>
       B
      </forename>
      <initials>
       B
      </initials>
     </author>
     <author validyn="Y">
      <lastname>
       Hodnett
      </lastname>
      <forename>
       E D
      </forename>
      <initials>
       ED
      </initials>
     </author>
     <author validyn="Y">
      <lastname>
       Sevkovskaya
      </lastname>
      <forename>
       Z
      </forename>
      <initials>
       Z
      </initials>
     </author>
     <author validyn="Y">
      <lastname>
       Dzikovich
      </lastname>
      <forename>
       I
      </forename>
      <initials>
       I
      </initials>
     </author>
     <author validyn="Y">
      <lastname>
       Shapiro
      </lastname>
      <forename>
       S
      </forename>
      <initials>
       S
      </initials>
     </author>
     <author validyn="Y">
      <lastname>
       Collet
      </lastname>
      <forename>
       J P
      </forename>
      <initials>
       JP
      </initials>
     </author>
     <author validyn="Y">
      <lastname>
       Vanilovich
      </lastname>
      <forename>
       I
      </forename>
      <initials>
       I
      </initials>
     </author>
     <author validyn="Y">
      <lastname>
       Mezen
      </lastname>
      <forename>
       I
      </forename>
      <initials>
       I
      </initials>
     </author>
     <author validyn="Y">
      <lastname>
       Ducruet
      </lastname>
      <forename>
       T
      </forename>
      <initials>
       T
      </initials>
     </author>
     <author validyn="Y">
      <lastname>
       Shishko
      </lastname>
      <forename>
       G
      </forename>
      <initials>
       G
      </initials>
     </author>
     <author validyn="Y">
      <lastname>
       Zubovich
      </lastname>
      <forename>
       V
      </forename>
      <initials>
       V
      </initials>
     </author>
     <author validyn="Y">
      <lastname>
       Mknuik
      </lastname>
      <forename>
       D
      </forename>
      <initials>
       D
      </initials>
     </author>
     <author validyn="Y">
      <lastname>
       Gluchanina
      </lastname>
      <forename>
       E
      </forename>
      <initials>
       E
      </initials>
     </author>
     <author validyn="Y">
      <lastname>
       Dombrovskiy
      </lastname>
      <forename>
       V
      </forename>
      <initials>
       V
      </initials>
     </author>
     <author validyn="Y">
      <lastname>
       Ustinovitch
      </lastname>
      <forename>
       A
      </forename>
      <initials>
       A
      </initials>
     </author>
     <author validyn="Y">
      <lastname>
       Kot
      </lastname>
      <forename>
       T
      </forename>
      <initials>
       T
      </initials>
     </author>
     <author validyn="Y">
      <lastname>
       Bogdanovich
      </lastname>
      <forename>
       N
      </forename>
      <initials>
       N
      </initials>
     </author>
     <author validyn="Y">
      <lastname>
       Ovchinikova
      </lastname>
      <forename>
       L
      </forename>
      <initials>
       L
      </initials>
     </author>
     <author validyn="Y">
      <lastname>
       Helsing
      </lastname>
      <forename>
       E
      </forename>
      <initials>
       E
      </initials>
     </author>
     <author validyn="Y">
      <collectivename>
       PROBIT Study Group (Promotion of Breastfeeding Intervention Trial)
      </collectivename>
     </author>
    </authorlist>
    <language>
     eng
    </language>
    <publicationtypelist>
     <publicationtype>
      Clinical Trial
     </publicationtype>
     <publicationtype>
      Journal Article
     </publicationtype>
     <publicationtype>
      Multicenter Study
     </publicationtype>
     <publicationtype>
      Randomized Controlled Trial
     </publicationtype>
     <publicationtype>
      Research Support, Non-U.S. Gov't
     </publicationtype>
    </publicationtypelist>
   </article>
   <medlinejournalinfo>
    <country>
     United States
    </country>
    <medlineta>
     JAMA
    </medlineta>
    <nlmuniqueid>
     7501160
    </nlmuniqueid>
    <issnlinking>
     0098-7484
    </issnlinking>
   </medlinejournalinfo>
   <citationsubset>
    AIM
   </citationsubset>
   <citationsubset>
    IM
   </citationsubset>
   <commentscorrectionslist>
    <commentscorrections reftype="CommentIn">
     <refsource>
      Evid Based Med. 2008 Dec;13(6):181
     </refsource>
     <pmid version="1">
      19043039
     </pmid>
    </commentscorrections>
    <commentscorrections reftype="CommentIn">
     <refsource>
      JAMA. 2001 Jan 24-31;285(4):463-4
     </refsource>
     <pmid version="1">
      11242433
     </pmid>
    </commentscorrections>
    <commentscorrections reftype="CommentIn">
     <refsource>
      JAMA. 2001 May 16;285(19):2446-7
     </refsource>
     <pmid version="1">
      11368686
     </pmid>
    </commentscorrections>
   </commentscorrectionslist>
   <meshheadinglist>
    <meshheading>
     <descriptorname majortopicyn="N">
      Adult
     </descriptorname>
    </meshheading>
    <meshheading>
     <descriptorname majortopicyn="Y">
      Breast Feeding
     </descriptorname>
     <qualifiername majortopicyn="N">
      statistics &amp; numerical data
     </qualifiername>
    </meshheading>
    <meshheading>
     <descriptorname majortopicyn="N">
      Eczema
     </descriptorname>
     <qualifiername majortopicyn="N">
      epidemiology
     </qualifiername>
    </meshheading>
    <meshheading>
     <descriptorname majortopicyn="N">
      Female
     </descriptorname>
    </meshheading>
    <meshheading>
     <descriptorname majortopicyn="N">
      Gastrointestinal Diseases
     </descriptorname>
     <qualifiername majortopicyn="N">
      epidemiology
     </qualifiername>
    </meshheading>
    <meshheading>
     <descriptorname majortopicyn="N">
      Health Promotion
     </descriptorname>
    </meshheading>
    <meshheading>
     <descriptorname majortopicyn="N">
      Humans
     </descriptorname>
    </meshheading>
    <meshheading>
     <descriptorname majortopicyn="N">
      Infant
     </descriptorname>
    </meshheading>
    <meshheading>
     <descriptorname majortopicyn="N">
      Infant Welfare
     </descriptorname>
    </meshheading>
    <meshheading>
     <descriptorname majortopicyn="N">
      Infant, Newborn
     </descriptorname>
    </meshheading>
    <meshheading>
     <descriptorname majortopicyn="N">
      Male
     </descriptorname>
    </meshheading>
    <meshheading>
     <descriptorname majortopicyn="N" type="Geographic">
      Republic of Belarus
     </descriptorname>
    </meshheading>
    <meshheading>
     <descriptorname majortopicyn="N">
      Respiratory Tract Infections
     </descriptorname>
     <qualifiername majortopicyn="N">
      epidemiology
     </qualifiername>
    </meshheading>
   </meshheadinglist>
  </medlinecitation>
  <pubmeddata>
   <history>
    <pubmedpubdate pubstatus="pubmed">
     <year>
      2001
     </year>
     <month>
      3
     </month>
     <day>
      10
     </day>
     <hour>
      10
     </hour>
     <minute>
      0
     </minute>
    </pubmedpubdate>
    <pubmedpubdate pubstatus="medline">
     <year>
      2001
     </year>
     <month>
      4
     </month>
     <day>
      3
     </day>
     <hour>
      10
     </hour>
     <minute>
      1
     </minute>
    </pubmedpubdate>
    <pubmedpubdate pubstatus="entrez">
     <year>
      2001
     </year>
     <month>
      3
     </month>
     <day>
      10
     </day>
     <hour>
      10
     </hour>
     <minute>
      0
     </minute>
    </pubmedpubdate>
   </history>
   <publicationstatus>
    ppublish
   </publicationstatus>
   <articleidlist>
    <articleid idtype="pubmed">
     11242425
    </articleid>
    <articleid idtype="pii">
     joc00933
    </articleid>
   </articleidlist>
  </pubmeddata>
 </pubmedarticle>
</pubmedarticleset>

