<?xml version='1.0' encoding='utf-8'?>
<!DOCTYPE PubmedArticleSet PUBLIC "-//NLM//DTD PubMedArticle, 1st January 2011//EN" "http://www.ncbi.nlm.nih.gov/entrez/query/DTD/pubmed_110101.dtd">
<pubmedarticleset>
 <pubmedarticle>
  <medlinecitation owner="NLM" status="MEDLINE">
   <pmid version="1">
    11258778
   </pmid>
   <datecreated>
    <year>
     2001
    </year>
    <month>
     03
    </month>
    <day>
     21
    </day>
   </datecreated>
   <datecompleted>
    <year>
     2001
    </year>
    <month>
     05
    </month>
    <day>
     31
    </day>
   </datecompleted>
   <daterevised>
    <year>
     2007
    </year>
    <month>
     07
    </month>
    <day>
     18
    </day>
   </daterevised>
   <article pubmodel="Print">
    <journal>
     <issn issntype="Print">
      1068-9265
     </issn>
     <journalissue citedmedium="Print">
      <volume>
       8
      </volume>
      <issue>
       2
      </issue>
      <pubdate>
       <year>
        2001
       </year>
       <month>
        Mar
       </month>
      </pubdate>
     </journalissue>
     <title>
      Annals of surgical oncology
     </title>
     <isoabbreviation>
      Ann. Surg. Oncol.
     </isoabbreviation>
    </journal>
    <articletitle>
     Breast cancer after augmentation mammoplasty.
    </articletitle>
    <pagination>
     <medlinepgn>
      138-44
     </medlinepgn>
    </pagination>
    <abstract>
     <abstracttext label="BACKGROUND" nlmcategory="BACKGROUND">
      It is thought that implants interfere with breast cancer diagnosis and that cancers in women who have had breast augmentation carry a worse prognosis.
     </abstracttext>
     <abstracttext label="METHODS" nlmcategory="METHODS">
      A prospective breast cancer database was reviewed, comparing augmented and nonaugmented patients for details of histology, palpability, tumor size, nodal status, mammographic status, receptor status, nuclear grade, stage, and outcome.
     </abstracttext>
     <abstracttext label="RESULTS" nlmcategory="RESULTS">
      Ninety-nine cancers in augmented women and 2857 cancers in nonaugmented women were identified. Among these women, mammography was normal in 43% of those who had had augmentation and in 5% of those who had not. Augmented women were more likely to have palpable cancers (83% vs. 59%) and nodal involvement (48% vs. 36%), and less likely to have ductal carcinoma in situ (DCIS) (18% vs. 28%). When comparing only women younger than 50, the differences in invasiveness and nodal status lost significance. Cancers diagnosed in the 1990s were more likely to be nonpalpable and noninvasive than those diagnosed in the 1980s. This trend was more pronounced in the augmented population.
     </abstracttext>
     <abstracttext label="CONCLUSIONS" nlmcategory="CONCLUSIONS">
      Augmented patients were more likely to have palpable cancers, although the overall stage and outcome were similar to those of nonaugmented women. Although there have been significant improvements in our ability to diagnose early breast cancer over the past two decades, mammography continues to be suboptimal in augmented women.
     </abstracttext>
    </abstract>
    <affiliation>
     Department of Surgery, Kenneth Norris, Jr. Comprehensive Cancer Center, Keck School of Medicine, University of Southern California. Los Angeles 90033, USA. kskinner@hsc.usc.edu
    </affiliation>
    <authorlist completeyn="Y">
     <author validyn="Y">
      <lastname>
       Skinner
      </lastname>
      <forename>
       K A
      </forename>
      <initials>
       KA
      </initials>
     </author>
     <author validyn="Y">
      <lastname>
       Silberman
      </lastname>
      <forename>
       H
      </forename>
      <initials>
       H
      </initials>
     </author>
     <author validyn="Y">
      <lastname>
       Dougherty
      </lastname>
      <forename>
       W
      </forename>
      <initials>
       W
      </initials>
     </author>
     <author validyn="Y">
      <lastname>
       Gamagami
      </lastname>
      <forename>
       P
      </forename>
      <initials>
       P
      </initials>
     </author>
     <author validyn="Y">
      <lastname>
       Waisman
      </lastname>
      <forename>
       J
      </forename>
      <initials>
       J
      </initials>
     </author>
     <author validyn="Y">
      <lastname>
       Sposto
      </lastname>
      <forename>
       R
      </forename>
      <initials>
       R
      </initials>
     </author>
     <author validyn="Y">
      <lastname>
       Silverstein
      </lastname>
      <forename>
       M J
      </forename>
      <initials>
       MJ
      </initials>
     </author>
    </authorlist>
    <language>
     eng
    </language>
    <publicationtypelist>
     <publicationtype>
      Journal Article
     </publicationtype>
    </publicationtypelist>
   </article>
   <medlinejournalinfo>
    <country>
     United States
    </country>
    <medlineta>
     Ann Surg Oncol
    </medlineta>
    <nlmuniqueid>
     9420840
    </nlmuniqueid>
    <issnlinking>
     1068-9265
    </issnlinking>
   </medlinejournalinfo>
   <citationsubset>
    IM
   </citationsubset>
   <meshheadinglist>
    <meshheading>
     <descriptorname majortopicyn="N">
      Adenocarcinoma
     </descriptorname>
     <qualifiername majortopicyn="N">
      diagnosis
     </qualifiername>
    </meshheading>
    <meshheading>
     <descriptorname majortopicyn="N">
      Adult
     </descriptorname>
    </meshheading>
    <meshheading>
     <descriptorname majortopicyn="N">
      Age Factors
     </descriptorname>
    </meshheading>
    <meshheading>
     <descriptorname majortopicyn="N">
      Aged
     </descriptorname>
    </meshheading>
    <meshheading>
     <descriptorname majortopicyn="N">
      Breast Neoplasms
     </descriptorname>
     <qualifiername majortopicyn="N">
      diagnosis
     </qualifiername>
     <qualifiername majortopicyn="Y">
      etiology
     </qualifiername>
    </meshheading>
    <meshheading>
     <descriptorname majortopicyn="N">
      Carcinoma in Situ
     </descriptorname>
     <qualifiername majortopicyn="N">
      diagnosis
     </qualifiername>
     <qualifiername majortopicyn="Y">
      etiology
     </qualifiername>
     <qualifiername majortopicyn="N">
      secondary
     </qualifiername>
    </meshheading>
    <meshheading>
     <descriptorname majortopicyn="N">
      Chi-Square Distribution
     </descriptorname>
    </meshheading>
    <meshheading>
     <descriptorname majortopicyn="N">
      Female
     </descriptorname>
    </meshheading>
    <meshheading>
     <descriptorname majortopicyn="N">
      Humans
     </descriptorname>
    </meshheading>
    <meshheading>
     <descriptorname majortopicyn="N">
      Mammaplasty
     </descriptorname>
     <qualifiername majortopicyn="Y">
      adverse effects
     </qualifiername>
    </meshheading>
    <meshheading>
     <descriptorname majortopicyn="N">
      Mammography
     </descriptorname>
    </meshheading>
    <meshheading>
     <descriptorname majortopicyn="N">
      Middle Aged
     </descriptorname>
    </meshheading>
    <meshheading>
     <descriptorname majortopicyn="N">
      Neoplasm Staging
     </descriptorname>
     <qualifiername majortopicyn="N">
      methods
     </qualifiername>
    </meshheading>
    <meshheading>
     <descriptorname majortopicyn="N">
      Odds Ratio
     </descriptorname>
    </meshheading>
    <meshheading>
     <descriptorname majortopicyn="N">
      Prognosis
     </descriptorname>
    </meshheading>
    <meshheading>
     <descriptorname majortopicyn="N">
      Prospective Studies
     </descriptorname>
    </meshheading>
    <meshheading>
     <descriptorname majortopicyn="N">
      Survival Analysis
     </descriptorname>
    </meshheading>
   </meshheadinglist>
  </medlinecitation>
  <pubmeddata>
   <history>
    <pubmedpubdate pubstatus="pubmed">
     <year>
      2001
     </year>
     <month>
      3
     </month>
     <day>
      22
     </day>
     <hour>
      10
     </hour>
     <minute>
      0
     </minute>
    </pubmedpubdate>
    <pubmedpubdate pubstatus="medline">
     <year>
      2001
     </year>
     <month>
      6
     </month>
     <day>
      2
     </day>
     <hour>
      10
     </hour>
     <minute>
      1
     </minute>
    </pubmedpubdate>
    <pubmedpubdate pubstatus="entrez">
     <year>
      2001
     </year>
     <month>
      3
     </month>
     <day>
      22
     </day>
     <hour>
      10
     </hour>
     <minute>
      0
     </minute>
    </pubmedpubdate>
   </history>
   <publicationstatus>
    ppublish
   </publicationstatus>
   <articleidlist>
    <articleid idtype="pubmed">
     11258778
    </articleid>
   </articleidlist>
  </pubmeddata>
 </pubmedarticle>
</pubmedarticleset>

