<?xml version='1.0' encoding='utf-8'?>
<!DOCTYPE PubmedArticleSet PUBLIC "-//NLM//DTD PubMedArticle, 1st January 2011//EN" "http://www.ncbi.nlm.nih.gov/entrez/query/DTD/pubmed_110101.dtd">
<pubmedarticleset>
 <pubmedarticle>
  <medlinecitation owner="NLM" status="MEDLINE">
   <pmid version="1">
    11270920
   </pmid>
   <datecreated>
    <year>
     2001
    </year>
    <month>
     03
    </month>
    <day>
     28
    </day>
   </datecreated>
   <datecompleted>
    <year>
     2001
    </year>
    <month>
     07
    </month>
    <day>
     19
    </day>
   </datecompleted>
   <daterevised>
    <year>
     2004
    </year>
    <month>
     11
    </month>
    <day>
     17
    </day>
   </daterevised>
   <article pubmodel="Print">
    <journal>
     <issn issntype="Print">
      0271-0749
     </issn>
     <journalissue citedmedium="Print">
      <volume>
       21
      </volume>
      <issue>
       2
      </issue>
      <pubdate>
       <year>
        2001
       </year>
       <month>
        Apr
       </month>
      </pubdate>
     </journalissue>
     <title>
      Journal of clinical psychopharmacology
     </title>
     <isoabbreviation>
      J Clin Psychopharmacol
     </isoabbreviation>
    </journal>
    <articletitle>
     Comparing guanfacine and dextroamphetamine for the treatment of adult attention-deficit/hyperactivity disorder.
    </articletitle>
    <pagination>
     <medlinepgn>
      223-8
     </medlinepgn>
    </pagination>
    <abstract>
     <abstracttext>
      The objective of this study was to compare the efficacy of the alpha-2a agonist guanfacine with that of dextroamphetamine for the treatment of adult attention-deficit/hyperactivity disorder (ADHD). Seventeen adult outpatients who met DSM-IV criteria for ADHD participated in a double-blind, placebo-controlled, crossover study comparing drug effects on ADHD symptoms. Measures of change included the DSM-IV ADHD Behavior Checklist for Adults and the Copeland Symptom Checklist for Adult Attention Deficit Disorders. Cognitive measures of attention included the Stroop and Controlled Oral Word Association Test using the letters "C," "F," and "L" (COWAT, CFL version). For each trial, the drug was administered daily and titered up to optimal doses of maximum efficacy but with a minimum of side effects, and then data were collected. Both drugs significantly reduced ADHD symptoms on the DSM-IV Adult Behavior Checklist for Adults over placebo (p &lt; 0.05). The Stroop Color subscale showed significant improvement for both drugs (p &lt; 0.05), but the Color-Word measures showed significant improvement for guanfacine only (p &lt; 0.01). The average dose of guanfacine was 1.10 (SD = 0.60), and the most common side effect of guanfacine was fatigue. No subjects discontinued drug trials. This preliminary study indicates that guanfacine may be a well-tolerated treatment option for adult ADHD.
     </abstracttext>
    </abstract>
    <affiliation>
     Rainier Associates, Tacoma, Washington 98467, USA.
    </affiliation>
    <authorlist completeyn="Y">
     <author validyn="Y">
      <lastname>
       Taylor
      </lastname>
      <forename>
       F B
      </forename>
      <initials>
       FB
      </initials>
     </author>
     <author validyn="Y">
      <lastname>
       Russo
      </lastname>
      <forename>
       J
      </forename>
      <initials>
       J
      </initials>
     </author>
    </authorlist>
    <language>
     eng
    </language>
    <publicationtypelist>
     <publicationtype>
      Clinical Trial
     </publicationtype>
     <publicationtype>
      Journal Article
     </publicationtype>
     <publicationtype>
      Randomized Controlled Trial
     </publicationtype>
    </publicationtypelist>
   </article>
   <medlinejournalinfo>
    <country>
     United States
    </country>
    <medlineta>
     J Clin Psychopharmacol
    </medlineta>
    <nlmuniqueid>
     8109496
    </nlmuniqueid>
    <issnlinking>
     0271-0749
    </issnlinking>
   </medlinejournalinfo>
   <chemicallist>
    <chemical>
     <registrynumber>
      0
     </registrynumber>
     <nameofsubstance>
      Adrenergic Uptake Inhibitors
     </nameofsubstance>
    </chemical>
    <chemical>
     <registrynumber>
      0
     </registrynumber>
     <nameofsubstance>
      Adrenergic alpha-Agonists
     </nameofsubstance>
    </chemical>
    <chemical>
     <registrynumber>
      29110-47-2
     </registrynumber>
     <nameofsubstance>
      Guanfacine
     </nameofsubstance>
    </chemical>
    <chemical>
     <registrynumber>
      51-64-9
     </registrynumber>
     <nameofsubstance>
      Dextroamphetamine
     </nameofsubstance>
    </chemical>
   </chemicallist>
   <citationsubset>
    IM
   </citationsubset>
   <meshheadinglist>
    <meshheading>
     <descriptorname majortopicyn="N">
      Adrenergic Uptake Inhibitors
     </descriptorname>
     <qualifiername majortopicyn="Y">
      therapeutic use
     </qualifiername>
    </meshheading>
    <meshheading>
     <descriptorname majortopicyn="N">
      Adrenergic alpha-Agonists
     </descriptorname>
     <qualifiername majortopicyn="Y">
      therapeutic use
     </qualifiername>
    </meshheading>
    <meshheading>
     <descriptorname majortopicyn="N">
      Adult
     </descriptorname>
    </meshheading>
    <meshheading>
     <descriptorname majortopicyn="N">
      Analysis of Variance
     </descriptorname>
    </meshheading>
    <meshheading>
     <descriptorname majortopicyn="N">
      Attention Deficit Disorder with Hyperactivity
     </descriptorname>
     <qualifiername majortopicyn="Y">
      drug therapy
     </qualifiername>
     <qualifiername majortopicyn="N">
      psychology
     </qualifiername>
    </meshheading>
    <meshheading>
     <descriptorname majortopicyn="N">
      Cross-Over Studies
     </descriptorname>
    </meshheading>
    <meshheading>
     <descriptorname majortopicyn="N">
      Dextroamphetamine
     </descriptorname>
     <qualifiername majortopicyn="Y">
      therapeutic use
     </qualifiername>
    </meshheading>
    <meshheading>
     <descriptorname majortopicyn="N">
      Double-Blind Method
     </descriptorname>
    </meshheading>
    <meshheading>
     <descriptorname majortopicyn="N">
      Female
     </descriptorname>
    </meshheading>
    <meshheading>
     <descriptorname majortopicyn="N">
      Guanfacine
     </descriptorname>
     <qualifiername majortopicyn="Y">
      therapeutic use
     </qualifiername>
    </meshheading>
    <meshheading>
     <descriptorname majortopicyn="N">
      Humans
     </descriptorname>
    </meshheading>
    <meshheading>
     <descriptorname majortopicyn="N">
      Male
     </descriptorname>
    </meshheading>
    <meshheading>
     <descriptorname majortopicyn="N">
      Middle Aged
     </descriptorname>
    </meshheading>
    <meshheading>
     <descriptorname majortopicyn="Y">
      Psychological Tests
     </descriptorname>
    </meshheading>
   </meshheadinglist>
  </medlinecitation>
  <pubmeddata>
   <history>
    <pubmedpubdate pubstatus="pubmed">
     <year>
      2001
     </year>
     <month>
      3
     </month>
     <day>
      29
     </day>
     <hour>
      10
     </hour>
     <minute>
      0
     </minute>
    </pubmedpubdate>
    <pubmedpubdate pubstatus="medline">
     <year>
      2001
     </year>
     <month>
      7
     </month>
     <day>
      20
     </day>
     <hour>
      10
     </hour>
     <minute>
      1
     </minute>
    </pubmedpubdate>
    <pubmedpubdate pubstatus="entrez">
     <year>
      2001
     </year>
     <month>
      3
     </month>
     <day>
      29
     </day>
     <hour>
      10
     </hour>
     <minute>
      0
     </minute>
    </pubmedpubdate>
   </history>
   <publicationstatus>
    ppublish
   </publicationstatus>
   <articleidlist>
    <articleid idtype="pubmed">
     11270920
    </articleid>
   </articleidlist>
  </pubmeddata>
 </pubmedarticle>
</pubmedarticleset>

