<?xml version='1.0' encoding='utf-8'?>
<!DOCTYPE PubmedArticleSet PUBLIC "-//NLM//DTD PubMedArticle, 1st January 2011//EN" "http://www.ncbi.nlm.nih.gov/entrez/query/DTD/pubmed_110101.dtd">
<pubmedarticleset>
 <pubmedarticle>
  <medlinecitation owner="NLM" status="MEDLINE">
   <pmid version="1">
    11281473
   </pmid>
   <datecreated>
    <year>
     2001
    </year>
    <month>
     04
    </month>
    <day>
     02
    </day>
   </datecreated>
   <datecompleted>
    <year>
     2001
    </year>
    <month>
     04
    </month>
    <day>
     12
    </day>
   </datecompleted>
   <daterevised>
    <year>
     2006
    </year>
    <month>
     11
    </month>
    <day>
     15
    </day>
   </daterevised>
   <article pubmodel="Print">
    <journal>
     <issn issntype="Print">
      1470-0328
     </issn>
     <journalissue citedmedium="Print">
      <volume>
       108
      </volume>
      <issue>
       3
      </issue>
      <pubdate>
       <year>
        2001
       </year>
       <month>
        Mar
       </month>
      </pubdate>
     </journalissue>
     <title>
      BJOG : an international journal of obstetrics and gynaecology
     </title>
     <isoabbreviation>
      BJOG
     </isoabbreviation>
    </journal>
    <articletitle>
     Return of fertility in nulliparous women after discontinuation of the intrauterine device: comparison with women discontinuing other methods of contraception.
    </articletitle>
    <pagination>
     <medlinepgn>
      304-14
     </medlinepgn>
    </pagination>
    <abstract>
     <abstracttext label="OBJECTIVE" nlmcategory="OBJECTIVE">
      To clarify the effect of the using the intrauterine device on fertility in nulliparous women.
     </abstracttext>
     <abstracttext label="DESIGN" nlmcategory="METHODS">
      Prospective cohort study of two groups of nulliparous women, one recruited while using an intrauterine device and the other while using an oral contraceptive.
     </abstracttext>
     <abstracttext label="SETTING" nlmcategory="METHODS">
      Seventeen family planning clinics in England and Scotland.
     </abstracttext>
     <abstracttext label="SAMPLE" nlmcategory="METHODS">
      1,071 nulliparous, married women, aged 18-40 years, 558 of whom contributed information to the main objective of the study.
     </abstracttext>
     <abstracttext label="METHODS" nlmcategory="METHODS">
      The women were recruited between 1982 and 1985 and followed up annually to 1994. Dates and reasons for any contraceptive method changes (which were most frequently to barrier methods) were recorded, together with the outcome of any pregnancies, at each follow up.
     </abstracttext>
     <abstracttext label="MAIN OUTCOME MEASURES" nlmcategory="METHODS">
      The number of nulliparous women giving birth at term after stopping contraception (oral contraceptive, intrauterine device or barrier method) in order to conceive.
     </abstracttext>
     <abstracttext label="RESULTS" nlmcategory="RESULTS">
      Women who stopped using a barrier method to achieve a planned pregnancy conceived most quickly: 54% were delivered after one year vs 39% of intrauterine device and 32% of oral contraceptive users (log rank P = 0.002). There was no association between fertility and duration of oral contraceptive use: However, short term intrauterine device users (&lt; 42 months) showed a fertility pattern more favourable than seen in those discontinuing oral contraceptives, with increasing duration of intrauterine device use being associated with decreasing fertility (linear trend P = 0.005); the fertility of women who had used the intrauterine device for 78 + months was the most impaired (28% were delivered by 12 months vs 46% of short term users; at 36 months the corresponding figures were 79% vs 91%). This association remained after adjusting for potential confounding factors, including maternal age, husband's social class, and history of gynaecological illnesses, factors which themselves had independent associations with fertility.
     </abstracttext>
     <abstracttext label="CONCLUSIONS" nlmcategory="CONCLUSIONS">
      Long term intrauterine device use in nulliparous women appears to be associated with an increased risk of fertility impairment.
     </abstracttext>
    </abstract>
    <affiliation>
     Department of Public Health, University of Oxford, Institute of Health Sciences, UK.
    </affiliation>
    <authorlist completeyn="Y">
     <author validyn="Y">
      <lastname>
       Doll
      </lastname>
      <forename>
       H
      </forename>
      <initials>
       H
      </initials>
     </author>
     <author validyn="Y">
      <lastname>
       Vessey
      </lastname>
      <forename>
       M
      </forename>
      <initials>
       M
      </initials>
     </author>
     <author validyn="Y">
      <lastname>
       Painter
      </lastname>
      <forename>
       R
      </forename>
      <initials>
       R
      </initials>
     </author>
    </authorlist>
    <language>
     eng
    </language>
    <publicationtypelist>
     <publicationtype>
      Comparative Study
     </publicationtype>
     <publicationtype>
      Journal Article
     </publicationtype>
     <publicationtype>
      Multicenter Study
     </publicationtype>
     <publicationtype>
      Research Support, Non-U.S. Gov't
     </publicationtype>
    </publicationtypelist>
   </article>
   <medlinejournalinfo>
    <country>
     England
    </country>
    <medlineta>
     BJOG
    </medlineta>
    <nlmuniqueid>
     100935741
    </nlmuniqueid>
    <issnlinking>
     1470-0328
    </issnlinking>
   </medlinejournalinfo>
   <chemicallist>
    <chemical>
     <registrynumber>
      0
     </registrynumber>
     <nameofsubstance>
      Contraceptive Agents
     </nameofsubstance>
    </chemical>
   </chemicallist>
   <citationsubset>
    AIM
   </citationsubset>
   <citationsubset>
    IM
   </citationsubset>
   <meshheadinglist>
    <meshheading>
     <descriptorname majortopicyn="N">
      Adolescent
     </descriptorname>
    </meshheading>
    <meshheading>
     <descriptorname majortopicyn="N">
      Adult
     </descriptorname>
    </meshheading>
    <meshheading>
     <descriptorname majortopicyn="N">
      Age Factors
     </descriptorname>
    </meshheading>
    <meshheading>
     <descriptorname majortopicyn="N">
      Cohort Studies
     </descriptorname>
    </meshheading>
    <meshheading>
     <descriptorname majortopicyn="N">
      Contraceptive Agents
     </descriptorname>
     <qualifiername majortopicyn="Y">
      adverse effects
     </qualifiername>
    </meshheading>
    <meshheading>
     <descriptorname majortopicyn="N">
      Female
     </descriptorname>
    </meshheading>
    <meshheading>
     <descriptorname majortopicyn="N">
      Humans
     </descriptorname>
    </meshheading>
    <meshheading>
     <descriptorname majortopicyn="N">
      Infertility, Female
     </descriptorname>
     <qualifiername majortopicyn="Y">
      etiology
     </qualifiername>
    </meshheading>
    <meshheading>
     <descriptorname majortopicyn="N">
      Intrauterine Devices
     </descriptorname>
     <qualifiername majortopicyn="Y">
      adverse effects
     </qualifiername>
    </meshheading>
    <meshheading>
     <descriptorname majortopicyn="N">
      Pregnancy
     </descriptorname>
     <qualifiername majortopicyn="Y">
      statistics &amp; numerical data
     </qualifiername>
    </meshheading>
    <meshheading>
     <descriptorname majortopicyn="N">
      Prospective Studies
     </descriptorname>
    </meshheading>
    <meshheading>
     <descriptorname majortopicyn="N">
      Risk Factors
     </descriptorname>
    </meshheading>
    <meshheading>
     <descriptorname majortopicyn="N">
      Social Class
     </descriptorname>
    </meshheading>
   </meshheadinglist>
  </medlinecitation>
  <pubmeddata>
   <history>
    <pubmedpubdate pubstatus="pubmed">
     <year>
      2001
     </year>
     <month>
      4
     </month>
     <day>
      3
     </day>
     <hour>
      10
     </hour>
     <minute>
      0
     </minute>
    </pubmedpubdate>
    <pubmedpubdate pubstatus="medline">
     <year>
      2001
     </year>
     <month>
      4
     </month>
     <day>
      17
     </day>
     <hour>
      10
     </hour>
     <minute>
      1
     </minute>
    </pubmedpubdate>
    <pubmedpubdate pubstatus="entrez">
     <year>
      2001
     </year>
     <month>
      4
     </month>
     <day>
      3
     </day>
     <hour>
      10
     </hour>
     <minute>
      0
     </minute>
    </pubmedpubdate>
   </history>
   <publicationstatus>
    ppublish
   </publicationstatus>
   <articleidlist>
    <articleid idtype="pubmed">
     11281473
    </articleid>
   </articleidlist>
  </pubmeddata>
 </pubmedarticle>
</pubmedarticleset>

