<?xml version='1.0' encoding='utf-8'?>
<!DOCTYPE PubmedArticleSet PUBLIC "-//NLM//DTD PubMedArticle, 1st January 2011//EN" "http://www.ncbi.nlm.nih.gov/entrez/query/DTD/pubmed_110101.dtd">
<pubmedarticleset>
 <pubmedarticle>
  <medlinecitation owner="NLM" status="MEDLINE">
   <pmid version="1">
    11326182
   </pmid>
   <datecreated>
    <year>
     2001
    </year>
    <month>
     04
    </month>
    <day>
     30
    </day>
   </datecreated>
   <datecompleted>
    <year>
     2001
    </year>
    <month>
     05
    </month>
    <day>
     31
    </day>
   </datecompleted>
   <daterevised>
    <year>
     2006
    </year>
    <month>
     11
    </month>
    <day>
     15
    </day>
   </daterevised>
   <article pubmodel="Print">
    <journal>
     <issn issntype="Print">
      0196-0644
     </issn>
     <journalissue citedmedium="Print">
      <volume>
       37
      </volume>
      <issue>
       5
      </issue>
      <pubdate>
       <year>
        2001
       </year>
       <month>
        May
       </month>
      </pubdate>
     </journalissue>
     <title>
      Annals of emergency medicine
     </title>
     <isoabbreviation>
      Ann Emerg Med
     </isoabbreviation>
    </journal>
    <articletitle>
     Accuracy and clinical effect of out-of-hospital electrocardiography in the diagnosis of acute cardiac ischemia: a meta-analysis.
    </articletitle>
    <pagination>
     <medlinepgn>
      461-70
     </medlinepgn>
    </pagination>
    <abstract>
     <abstracttext label="STUDY OBJECTIVE" nlmcategory="OBJECTIVE">
      We sought to evaluate quantitatively the evidence on the diagnostic performance of out-of-hospital ECG for the diagnosis of acute cardiac ischemia (ACI) and acute myocardial infarction (AMI) and the clinical effect of out-of-hospital thrombolysis.
     </abstracttext>
     <abstracttext label="METHODS" nlmcategory="METHODS">
      We conducted a systematic review and meta-analysis of the English-language literature published between 1966 and December 1998 on the diagnostic accuracy of out-of-hospital ECG and the clinical effect of out-of-hospital thrombolysis. Both prospective and retrospective studies qualified for the assessment of diagnostic performance. For clinical effect, data from prospective nonrandomized studies were synthesized separately from data from randomized trials. Diagnostic performance was assessed by using estimates of test sensitivity, specificity, and diagnostic odds ratios and was summarized by using summary receiver-operating characteristic curves. Measures of clinical effect included time savings, early ventricular function, early mortality, and long-term survival.
     </abstracttext>
     <abstracttext label="RESULTS" nlmcategory="RESULTS">
      Diagnostic accuracy was evaluated in 11 studies with a total of 7,508 patients. Data were available for ACI in 5 studies and for AMI in 8 studies. For ACI, the random-effects pooled sensitivity was 76% (95% CI, 54% to 89%), the specificity was 88% (95% CI, 67% to 96%), and the diagnostic odds ratio was 23 (95% CI, 6.3 to 85). The respective figures for AMI were sensitivity of 68% (95% CI, 59% to 76%), specificity of 97% (95% CI, 89% to 92%), and diagnostic odds ratio of 104 (95% CI, 48 to 224). Both in nonrandomized (n=4, total 1,531 patients) and randomized (n=9, total 6,643 patients) studies, out-of-hospital thrombolysis shortened the time from onset of symptoms to thrombolytic treatment by 40 to 60 minutes. Data on short-term ejection fraction were sparse. Hospital mortality was reduced by 16% (95% CI, 2% to 27%) among randomized trials, and a similar estimate of effect was seen in nonrandomized studies. There was no clear effect on long-term mortality, but data were sparse.
     </abstracttext>
     <abstracttext label="CONCLUSION" nlmcategory="CONCLUSIONS">
      Out-of-hospital ECG has excellent diagnostic performance for AMI and very good performance for ACI. Out-of-hospital thrombolysis achieves time savings and improves short-term mortality, but the effect on long-term mortality is unknown.
     </abstracttext>
    </abstract>
    <affiliation>
     Evidence-based Practice Center, Division of Clinical Care Research, New England Medical Center, Boston, MA 02115, USA.
    </affiliation>
    <authorlist completeyn="Y">
     <author validyn="Y">
      <lastname>
       Ioannidis
      </lastname>
      <forename>
       J P
      </forename>
      <initials>
       JP
      </initials>
     </author>
     <author validyn="Y">
      <lastname>
       Salem
      </lastname>
      <forename>
       D
      </forename>
      <initials>
       D
      </initials>
     </author>
     <author validyn="Y">
      <lastname>
       Chew
      </lastname>
      <forename>
       P W
      </forename>
      <initials>
       PW
      </initials>
     </author>
     <author validyn="Y">
      <lastname>
       Lau
      </lastname>
      <forename>
       J
      </forename>
      <initials>
       J
      </initials>
     </author>
    </authorlist>
    <language>
     eng
    </language>
    <publicationtypelist>
     <publicationtype>
      Journal Article
     </publicationtype>
     <publicationtype>
      Meta-Analysis
     </publicationtype>
     <publicationtype>
      Research Support, Non-U.S. Gov't
     </publicationtype>
     <publicationtype>
      Review
     </publicationtype>
    </publicationtypelist>
   </article>
   <medlinejournalinfo>
    <country>
     United States
    </country>
    <medlineta>
     Ann Emerg Med
    </medlineta>
    <nlmuniqueid>
     8002646
    </nlmuniqueid>
    <issnlinking>
     0196-0644
    </issnlinking>
   </medlinejournalinfo>
   <chemicallist>
    <chemical>
     <registrynumber>
      0
     </registrynumber>
     <nameofsubstance>
      Fibrinolytic Agents
     </nameofsubstance>
    </chemical>
   </chemicallist>
   <citationsubset>
    AIM
   </citationsubset>
   <citationsubset>
    IM
   </citationsubset>
   <meshheadinglist>
    <meshheading>
     <descriptorname majortopicyn="N">
      Acute Disease
     </descriptorname>
    </meshheading>
    <meshheading>
     <descriptorname majortopicyn="N">
      Bias (Epidemiology)
     </descriptorname>
    </meshheading>
    <meshheading>
     <descriptorname majortopicyn="N">
      Electrocardiography
     </descriptorname>
     <qualifiername majortopicyn="Y">
      standards
     </qualifiername>
    </meshheading>
    <meshheading>
     <descriptorname majortopicyn="N">
      Emergency Medical Services
     </descriptorname>
     <qualifiername majortopicyn="Y">
      methods
     </qualifiername>
     <qualifiername majortopicyn="Y">
      standards
     </qualifiername>
    </meshheading>
    <meshheading>
     <descriptorname majortopicyn="N">
      Evidence-Based Medicine
     </descriptorname>
    </meshheading>
    <meshheading>
     <descriptorname majortopicyn="N">
      Fibrinolytic Agents
     </descriptorname>
     <qualifiername majortopicyn="Y">
      therapeutic use
     </qualifiername>
    </meshheading>
    <meshheading>
     <descriptorname majortopicyn="N">
      Hospital Mortality
     </descriptorname>
    </meshheading>
    <meshheading>
     <descriptorname majortopicyn="N">
      Humans
     </descriptorname>
    </meshheading>
    <meshheading>
     <descriptorname majortopicyn="N">
      Myocardial Infarction
     </descriptorname>
     <qualifiername majortopicyn="Y">
      diagnosis
     </qualifiername>
     <qualifiername majortopicyn="Y">
      drug therapy
     </qualifiername>
     <qualifiername majortopicyn="N">
      mortality
     </qualifiername>
    </meshheading>
    <meshheading>
     <descriptorname majortopicyn="N">
      Myocardial Ischemia
     </descriptorname>
     <qualifiername majortopicyn="Y">
      diagnosis
     </qualifiername>
     <qualifiername majortopicyn="Y">
      drug therapy
     </qualifiername>
     <qualifiername majortopicyn="N">
      mortality
     </qualifiername>
    </meshheading>
    <meshheading>
     <descriptorname majortopicyn="N">
      Odds Ratio
     </descriptorname>
    </meshheading>
    <meshheading>
     <descriptorname majortopicyn="N">
      Prospective Studies
     </descriptorname>
    </meshheading>
    <meshheading>
     <descriptorname majortopicyn="N">
      Reproducibility of Results
     </descriptorname>
    </meshheading>
    <meshheading>
     <descriptorname majortopicyn="N">
      Research Design
     </descriptorname>
    </meshheading>
    <meshheading>
     <descriptorname majortopicyn="N">
      Retrospective Studies
     </descriptorname>
    </meshheading>
    <meshheading>
     <descriptorname majortopicyn="N">
      Sensitivity and Specificity
     </descriptorname>
    </meshheading>
    <meshheading>
     <descriptorname majortopicyn="N">
      Survival Analysis
     </descriptorname>
    </meshheading>
    <meshheading>
     <descriptorname majortopicyn="N">
      Time Factors
     </descriptorname>
    </meshheading>
    <meshheading>
     <descriptorname majortopicyn="N">
      Treatment Outcome
     </descriptorname>
    </meshheading>
    <meshheading>
     <descriptorname majortopicyn="N">
      Ventricular Function
     </descriptorname>
     <qualifiername majortopicyn="N">
      drug effects
     </qualifiername>
    </meshheading>
   </meshheadinglist>
   <numberofreferences>
    49
   </numberofreferences>
  </medlinecitation>
  <pubmeddata>
   <history>
    <pubmedpubdate pubstatus="pubmed">
     <year>
      2001
     </year>
     <month>
      4
     </month>
     <day>
      28
     </day>
     <hour>
      10
     </hour>
     <minute>
      0
     </minute>
    </pubmedpubdate>
    <pubmedpubdate pubstatus="medline">
     <year>
      2001
     </year>
     <month>
      6
     </month>
     <day>
      2
     </day>
     <hour>
      10
     </hour>
     <minute>
      1
     </minute>
    </pubmedpubdate>
    <pubmedpubdate pubstatus="entrez">
     <year>
      2001
     </year>
     <month>
      4
     </month>
     <day>
      28
     </day>
     <hour>
      10
     </hour>
     <minute>
      0
     </minute>
    </pubmedpubdate>
   </history>
   <publicationstatus>
    ppublish
   </publicationstatus>
   <articleidlist>
    <articleid idtype="pubmed">
     11326182
    </articleid>
    <articleid idtype="pii">
     S0196-0644(01)45842-2
    </articleid>
    <articleid idtype="doi">
     10.1067/mem.2001.114904
    </articleid>
   </articleidlist>
  </pubmeddata>
 </pubmedarticle>
</pubmedarticleset>

