<?xml version='1.0' encoding='utf-8'?>
<!DOCTYPE PubmedArticleSet PUBLIC "-//NLM//DTD PubMedArticle, 1st January 2011//EN" "http://www.ncbi.nlm.nih.gov/entrez/query/DTD/pubmed_110101.dtd">
<pubmedarticleset>
 <pubmedarticle>
  <medlinecitation owner="NLM" status="MEDLINE">
   <pmid version="1">
    11400894
   </pmid>
   <datecreated>
    <year>
     2001
    </year>
    <month>
     06
    </month>
    <day>
     12
    </day>
   </datecreated>
   <datecompleted>
    <year>
     2001
    </year>
    <month>
     07
    </month>
    <day>
     12
    </day>
   </datecompleted>
   <daterevised>
    <year>
     2005
    </year>
    <month>
     03
    </month>
    <day>
     03
    </day>
   </daterevised>
   <article pubmodel="Print">
    <journal>
     <issn issntype="Print">
      0009-921X
     </issn>
     <journalissue citedmedium="Print">
      <issue>
       387
      </issue>
      <pubdate>
       <year>
        2001
       </year>
       <month>
        Jun
       </month>
      </pubdate>
     </journalissue>
     <title>
      Clinical orthopaedics and related research
     </title>
     <isoabbreviation>
      Clin. Orthop. Relat. Res.
     </isoabbreviation>
    </journal>
    <articletitle>
     Shock wave therapy for chronic proximal plantar fasciitis.
    </articletitle>
    <pagination>
     <medlinepgn>
      47-59
     </medlinepgn>
    </pagination>
    <abstract>
     <abstracttext>
      Three hundred two patients with chronic heel pain caused by proximal plantar fasciitis were enrolled in a study to assess the treatment effects consequent to administration of electrohydraulicall-generated extracorporeal shock waves. Symptoms had been present from 6 months to 18 years. Each treated patient satisfied numerous inclusion and exclusion criteria before he or she was accepted into this study, which was approved by the Food and Drug Administration as a randomized, double-blind evaluation of the efficacy of shock wave therapy for this disorder. Overall, at the predetermined evaluation period 3 months after one treatment, 56% more of the treated patients had a successful result by all four of the evaluation criteria when compared with the patients treated with a placebo. This difference was significant and corroborated the fact that this difference in the results was specifically attributable to the shock wave treatment, rather than any natural improvement caused by the natural history of the condition. The current study showed that the directed application of electrohydraulic-generated shock waves to the insertion of the plantar fascia onto the calcaneus is a safe and effective nonsurgical method for treating chronic, recalcitrant heel pain syndrome that has been present for at least 6 months and has been refractory to other commonly used nonoperative therapies. This technology, when delivered using the OssaTron (High Medical Technology, Kreuz-lingen, Switzerland), has been approved by the Food and Drug Administration specifically for the treatment of chronic proximal plantar fasciitis. The results suggest that this therapeutic modality should be considered before any surgical options, and even may be preferable to cortisone injection, which has a recognized risk of rupture of the plantar fascia and recurrence of symptoms.
     </abstracttext>
    </abstract>
    <affiliation>
     Atlanta Medical Center, GA, USA.
    </affiliation>
    <authorlist completeyn="Y">
     <author validyn="Y">
      <lastname>
       Ogden
      </lastname>
      <forename>
       J A
      </forename>
      <initials>
       JA
      </initials>
     </author>
     <author validyn="Y">
      <lastname>
       Alvarez
      </lastname>
      <forename>
       R
      </forename>
      <initials>
       R
      </initials>
     </author>
     <author validyn="Y">
      <lastname>
       Levitt
      </lastname>
      <forename>
       R
      </forename>
      <initials>
       R
      </initials>
     </author>
     <author validyn="Y">
      <lastname>
       Cross
      </lastname>
      <forename>
       G L
      </forename>
      <initials>
       GL
      </initials>
     </author>
     <author validyn="Y">
      <lastname>
       Marlow
      </lastname>
      <forename>
       M
      </forename>
      <initials>
       M
      </initials>
     </author>
    </authorlist>
    <language>
     eng
    </language>
    <publicationtypelist>
     <publicationtype>
      Clinical Trial
     </publicationtype>
     <publicationtype>
      Journal Article
     </publicationtype>
     <publicationtype>
      Randomized Controlled Trial
     </publicationtype>
    </publicationtypelist>
   </article>
   <medlinejournalinfo>
    <country>
     United States
    </country>
    <medlineta>
     Clin Orthop Relat Res
    </medlineta>
    <nlmuniqueid>
     0075674
    </nlmuniqueid>
    <issnlinking>
     0009-921X
    </issnlinking>
   </medlinejournalinfo>
   <citationsubset>
    AIM
   </citationsubset>
   <citationsubset>
    IM
   </citationsubset>
   <commentscorrectionslist>
    <commentscorrections reftype="CommentIn">
     <refsource>
      Clin Orthop Relat Res. 2002 May;(398):267-8; author reply 268-9
     </refsource>
     <pmid version="1">
      11964660
     </pmid>
    </commentscorrections>
   </commentscorrectionslist>
   <meshheadinglist>
    <meshheading>
     <descriptorname majortopicyn="N">
      Adult
     </descriptorname>
    </meshheading>
    <meshheading>
     <descriptorname majortopicyn="N">
      Aged
     </descriptorname>
    </meshheading>
    <meshheading>
     <descriptorname majortopicyn="N">
      Chronic Disease
     </descriptorname>
    </meshheading>
    <meshheading>
     <descriptorname majortopicyn="N">
      Double-Blind Method
     </descriptorname>
    </meshheading>
    <meshheading>
     <descriptorname majortopicyn="N">
      Fasciitis
     </descriptorname>
     <qualifiername majortopicyn="Y">
      therapy
     </qualifiername>
    </meshheading>
    <meshheading>
     <descriptorname majortopicyn="N">
      Female
     </descriptorname>
    </meshheading>
    <meshheading>
     <descriptorname majortopicyn="N">
      Foot Diseases
     </descriptorname>
     <qualifiername majortopicyn="Y">
      therapy
     </qualifiername>
    </meshheading>
    <meshheading>
     <descriptorname majortopicyn="N">
      High-Energy Shock Waves
     </descriptorname>
     <qualifiername majortopicyn="Y">
      therapeutic use
     </qualifiername>
    </meshheading>
    <meshheading>
     <descriptorname majortopicyn="N">
      Humans
     </descriptorname>
    </meshheading>
    <meshheading>
     <descriptorname majortopicyn="N">
      Male
     </descriptorname>
    </meshheading>
    <meshheading>
     <descriptorname majortopicyn="N">
      Middle Aged
     </descriptorname>
    </meshheading>
    <meshheading>
     <descriptorname majortopicyn="N">
      Prospective Studies
     </descriptorname>
    </meshheading>
   </meshheadinglist>
  </medlinecitation>
  <pubmeddata>
   <history>
    <pubmedpubdate pubstatus="pubmed">
     <year>
      2001
     </year>
     <month>
      6
     </month>
     <day>
      13
     </day>
     <hour>
      10
     </hour>
     <minute>
      0
     </minute>
    </pubmedpubdate>
    <pubmedpubdate pubstatus="medline">
     <year>
      2001
     </year>
     <month>
      7
     </month>
     <day>
      13
     </day>
     <hour>
      10
     </hour>
     <minute>
      1
     </minute>
    </pubmedpubdate>
    <pubmedpubdate pubstatus="entrez">
     <year>
      2001
     </year>
     <month>
      6
     </month>
     <day>
      13
     </day>
     <hour>
      10
     </hour>
     <minute>
      0
     </minute>
    </pubmedpubdate>
   </history>
   <publicationstatus>
    ppublish
   </publicationstatus>
   <articleidlist>
    <articleid idtype="pubmed">
     11400894
    </articleid>
   </articleidlist>
  </pubmeddata>
 </pubmedarticle>
</pubmedarticleset>

