<?xml version='1.0' encoding='utf-8'?>
<!DOCTYPE PubmedArticleSet PUBLIC "-//NLM//DTD PubMedArticle, 1st January 2011//EN" "http://www.ncbi.nlm.nih.gov/entrez/query/DTD/pubmed_110101.dtd">
<pubmedarticleset>
 <pubmedarticle>
  <medlinecitation owner="NLM" status="MEDLINE">
   <pmid version="1">
    11423507
   </pmid>
   <datecreated>
    <year>
     2001
    </year>
    <month>
     06
    </month>
    <day>
     25
    </day>
   </datecreated>
   <datecompleted>
    <year>
     2001
    </year>
    <month>
     09
    </month>
    <day>
     06
    </day>
   </datecompleted>
   <daterevised>
    <year>
     2006
    </year>
    <month>
     11
    </month>
    <day>
     15
    </day>
   </daterevised>
   <article pubmodel="Print">
    <journal>
     <issn issntype="Print">
      0149-5992
     </issn>
     <journalissue citedmedium="Print">
      <volume>
       24
      </volume>
      <issue>
       7
      </issue>
      <pubdate>
       <year>
        2001
       </year>
       <month>
        Jul
       </month>
      </pubdate>
     </journalissue>
     <title>
      Diabetes care
     </title>
     <isoabbreviation>
      Diabetes Care
     </isoabbreviation>
    </journal>
    <articletitle>
     A randomized trial of rosiglitazone therapy in patients with inadequately controlled insulin-treated type 2 diabetes.
    </articletitle>
    <pagination>
     <medlinepgn>
      1226-32
     </medlinepgn>
    </pagination>
    <abstract>
     <abstracttext label="OBJECTIVE" nlmcategory="OBJECTIVE">
      To determine the efficacy and safety of rosiglitazone (RSG) when added to insulin in the treatment of type 2 diabetic patients who are inadequately controlled on insulin monotherapy.
     </abstracttext>
     <abstracttext label="RESEARCH DESIGN AND METHODS" nlmcategory="METHODS">
      After 8 weeks of insulin standardization and placebo (PBO) run-in, 319 type 2 diabetic patients with mean baseline HbA(1c) &gt; or = 7.5% (8.9 +/- 1.1 to 9.1 +/- 1.3) on twice-daily insulin therapy (total daily dose &gt; or = 30 U) were randomized to 26 weeks of additional treatment with RSG (4 or 8 mg daily) or PBO. Insulin dose could be down- titrated only for safety reasons. The primary end point was reduction of HbA(1c) from baseline.
     </abstracttext>
     <abstracttext label="RESULTS" nlmcategory="RESULTS">
      RSG 4 and 8 mg daily significantly improved glycemic control, which was unchanged on PBO. By intent-to-treat analysis, treatment with RSG 8 mg plus insulin resulted in a mean reduction from baseline in HbA(1c) of 1.2% (P &lt; 0.0001), despite a 12% mean reduction of insulin dosage. Over 50% of subjects treated daily with RSG 8 mg plus insulin had a reduction of HbA(1c) &gt; or = 1.0%. Neither total:HDL cholesterol nor LDL:HDL cholesterol ratios significantly changed with RSG treatment. Serious adverse events did not differ among groups.
     </abstracttext>
     <abstracttext label="CONCLUSIONS" nlmcategory="CONCLUSIONS">
      The addition of RSG to insulin treatment results in significant improvement in glycemic control and is generally well tolerated.
     </abstracttext>
    </abstract>
    <affiliation>
     University of Texas Southwestern Medical Center at Dallas, Dallas, Texas, USA. praski@mednet.swmed.edu
    </affiliation>
    <authorlist completeyn="Y">
     <author validyn="Y">
      <lastname>
       Raskin
      </lastname>
      <forename>
       P
      </forename>
      <initials>
       P
      </initials>
     </author>
     <author validyn="Y">
      <lastname>
       Rendell
      </lastname>
      <forename>
       M
      </forename>
      <initials>
       M
      </initials>
     </author>
     <author validyn="Y">
      <lastname>
       Riddle
      </lastname>
      <forename>
       M C
      </forename>
      <initials>
       MC
      </initials>
     </author>
     <author validyn="Y">
      <lastname>
       Dole
      </lastname>
      <forename>
       J F
      </forename>
      <initials>
       JF
      </initials>
     </author>
     <author validyn="Y">
      <lastname>
       Freed
      </lastname>
      <forename>
       M I
      </forename>
      <initials>
       MI
      </initials>
     </author>
     <author validyn="Y">
      <lastname>
       Rosenstock
      </lastname>
      <forename>
       J
      </forename>
      <initials>
       J
      </initials>
     </author>
     <author validyn="Y">
      <collectivename>
       Rosiglitazone Clinical Trials Study Group
      </collectivename>
     </author>
    </authorlist>
    <language>
     eng
    </language>
    <publicationtypelist>
     <publicationtype>
      Clinical Trial
     </publicationtype>
     <publicationtype>
      Comparative Study
     </publicationtype>
     <publicationtype>
      Journal Article
     </publicationtype>
     <publicationtype>
      Multicenter Study
     </publicationtype>
     <publicationtype>
      Randomized Controlled Trial
     </publicationtype>
    </publicationtypelist>
   </article>
   <medlinejournalinfo>
    <country>
     United States
    </country>
    <medlineta>
     Diabetes Care
    </medlineta>
    <nlmuniqueid>
     7805975
    </nlmuniqueid>
    <issnlinking>
     0149-5992
    </issnlinking>
   </medlinejournalinfo>
   <chemicallist>
    <chemical>
     <registrynumber>
      0
     </registrynumber>
     <nameofsubstance>
      Blood Glucose
     </nameofsubstance>
    </chemical>
    <chemical>
     <registrynumber>
      0
     </registrynumber>
     <nameofsubstance>
      Cholesterol, HDL
     </nameofsubstance>
    </chemical>
    <chemical>
     <registrynumber>
      0
     </registrynumber>
     <nameofsubstance>
      Cholesterol, LDL
     </nameofsubstance>
    </chemical>
    <chemical>
     <registrynumber>
      0
     </registrynumber>
     <nameofsubstance>
      Hemoglobin A, Glycosylated
     </nameofsubstance>
    </chemical>
    <chemical>
     <registrynumber>
      0
     </registrynumber>
     <nameofsubstance>
      Hypoglycemic Agents
     </nameofsubstance>
    </chemical>
    <chemical>
     <registrynumber>
      0
     </registrynumber>
     <nameofsubstance>
      Placebos
     </nameofsubstance>
    </chemical>
    <chemical>
     <registrynumber>
      0
     </registrynumber>
     <nameofsubstance>
      Thiazoles
     </nameofsubstance>
    </chemical>
    <chemical>
     <registrynumber>
      0
     </registrynumber>
     <nameofsubstance>
      Thiazolidinediones
     </nameofsubstance>
    </chemical>
    <chemical>
     <registrynumber>
      0
     </registrynumber>
     <nameofsubstance>
      Triglycerides
     </nameofsubstance>
    </chemical>
    <chemical>
     <registrynumber>
      11061-68-0
     </registrynumber>
     <nameofsubstance>
      Insulin
     </nameofsubstance>
    </chemical>
    <chemical>
     <registrynumber>
      122320-73-4
     </registrynumber>
     <nameofsubstance>
      rosiglitazone
     </nameofsubstance>
    </chemical>
    <chemical>
     <registrynumber>
      57-88-5
     </registrynumber>
     <nameofsubstance>
      Cholesterol
     </nameofsubstance>
    </chemical>
   </chemicallist>
   <citationsubset>
    IM
   </citationsubset>
   <commentscorrectionslist>
    <commentscorrections reftype="CommentIn">
     <refsource>
      Diabetes Care. 2001 Dec;24(12):2158-9
     </refsource>
     <pmid version="1">
      11723105
     </pmid>
    </commentscorrections>
   </commentscorrectionslist>
   <meshheadinglist>
    <meshheading>
     <descriptorname majortopicyn="N">
      Adult
     </descriptorname>
    </meshheading>
    <meshheading>
     <descriptorname majortopicyn="N">
      Aged
     </descriptorname>
    </meshheading>
    <meshheading>
     <descriptorname majortopicyn="N">
      Blood Glucose
     </descriptorname>
     <qualifiername majortopicyn="N">
      drug effects
     </qualifiername>
     <qualifiername majortopicyn="Y">
      metabolism
     </qualifiername>
    </meshheading>
    <meshheading>
     <descriptorname majortopicyn="N">
      Body Mass Index
     </descriptorname>
    </meshheading>
    <meshheading>
     <descriptorname majortopicyn="N">
      Cholesterol
     </descriptorname>
     <qualifiername majortopicyn="N">
      blood
     </qualifiername>
    </meshheading>
    <meshheading>
     <descriptorname majortopicyn="N">
      Cholesterol, HDL
     </descriptorname>
     <qualifiername majortopicyn="N">
      blood
     </qualifiername>
    </meshheading>
    <meshheading>
     <descriptorname majortopicyn="N">
      Cholesterol, LDL
     </descriptorname>
     <qualifiername majortopicyn="N">
      blood
     </qualifiername>
    </meshheading>
    <meshheading>
     <descriptorname majortopicyn="N">
      Diabetes Mellitus, Type 2
     </descriptorname>
     <qualifiername majortopicyn="Y">
      blood
     </qualifiername>
     <qualifiername majortopicyn="Y">
      drug therapy
     </qualifiername>
    </meshheading>
    <meshheading>
     <descriptorname majortopicyn="N">
      Dose-Response Relationship, Drug
     </descriptorname>
    </meshheading>
    <meshheading>
     <descriptorname majortopicyn="N">
      Drug Therapy, Combination
     </descriptorname>
    </meshheading>
    <meshheading>
     <descriptorname majortopicyn="N">
      Ethnic Groups
     </descriptorname>
    </meshheading>
    <meshheading>
     <descriptorname majortopicyn="N">
      Female
     </descriptorname>
    </meshheading>
    <meshheading>
     <descriptorname majortopicyn="N">
      Hemoglobin A, Glycosylated
     </descriptorname>
     <qualifiername majortopicyn="N">
      analysis
     </qualifiername>
    </meshheading>
    <meshheading>
     <descriptorname majortopicyn="N">
      Humans
     </descriptorname>
    </meshheading>
    <meshheading>
     <descriptorname majortopicyn="N">
      Hypoglycemic Agents
     </descriptorname>
     <qualifiername majortopicyn="N">
      adverse effects
     </qualifiername>
     <qualifiername majortopicyn="Y">
      therapeutic use
     </qualifiername>
    </meshheading>
    <meshheading>
     <descriptorname majortopicyn="N">
      Insulin
     </descriptorname>
     <qualifiername majortopicyn="Y">
      therapeutic use
     </qualifiername>
    </meshheading>
    <meshheading>
     <descriptorname majortopicyn="N">
      Male
     </descriptorname>
    </meshheading>
    <meshheading>
     <descriptorname majortopicyn="N">
      Middle Aged
     </descriptorname>
    </meshheading>
    <meshheading>
     <descriptorname majortopicyn="N">
      Placebos
     </descriptorname>
    </meshheading>
    <meshheading>
     <descriptorname majortopicyn="N">
      Safety
     </descriptorname>
    </meshheading>
    <meshheading>
     <descriptorname majortopicyn="N">
      Thiazoles
     </descriptorname>
     <qualifiername majortopicyn="N">
      adverse effects
     </qualifiername>
     <qualifiername majortopicyn="Y">
      therapeutic use
     </qualifiername>
    </meshheading>
    <meshheading>
     <descriptorname majortopicyn="Y">
      Thiazolidinediones
     </descriptorname>
    </meshheading>
    <meshheading>
     <descriptorname majortopicyn="N">
      Triglycerides
     </descriptorname>
     <qualifiername majortopicyn="N">
      blood
     </qualifiername>
    </meshheading>
    <meshheading>
     <descriptorname majortopicyn="N" type="Geographic">
      United States
     </descriptorname>
    </meshheading>
   </meshheadinglist>
  </medlinecitation>
  <pubmeddata>
   <history>
    <pubmedpubdate pubstatus="pubmed">
     <year>
      2001
     </year>
     <month>
      6
     </month>
     <day>
      26
     </day>
     <hour>
      10
     </hour>
     <minute>
      0
     </minute>
    </pubmedpubdate>
    <pubmedpubdate pubstatus="medline">
     <year>
      2001
     </year>
     <month>
      9
     </month>
     <day>
      8
     </day>
     <hour>
      10
     </hour>
     <minute>
      1
     </minute>
    </pubmedpubdate>
    <pubmedpubdate pubstatus="entrez">
     <year>
      2001
     </year>
     <month>
      6
     </month>
     <day>
      26
     </day>
     <hour>
      10
     </hour>
     <minute>
      0
     </minute>
    </pubmedpubdate>
   </history>
   <publicationstatus>
    ppublish
   </publicationstatus>
   <articleidlist>
    <articleid idtype="pubmed">
     11423507
    </articleid>
   </articleidlist>
  </pubmeddata>
 </pubmedarticle>
</pubmedarticleset>

