<?xml version='1.0' encoding='utf-8'?>
<!DOCTYPE PubmedArticleSet PUBLIC "-//NLM//DTD PubMedArticle, 1st January 2011//EN" "http://www.ncbi.nlm.nih.gov/entrez/query/DTD/pubmed_110101.dtd">
<pubmedarticleset>
 <pubmedarticle>
  <medlinecitation owner="NLM" status="MEDLINE">
   <pmid version="1">
    11466186
   </pmid>
   <datecreated>
    <year>
     2001
    </year>
    <month>
     07
    </month>
    <day>
     23
    </day>
   </datecreated>
   <datecompleted>
    <year>
     2001
    </year>
    <month>
     08
    </month>
    <day>
     09
    </day>
   </datecompleted>
   <daterevised>
    <year>
     2009
    </year>
    <month>
     11
    </month>
    <day>
     18
    </day>
   </daterevised>
   <article pubmodel="Print">
    <journal>
     <issn issntype="Electronic">
      1468-2044
     </issn>
     <journalissue citedmedium="Internet">
      <volume>
       85
      </volume>
      <issue>
       2
      </issue>
      <pubdate>
       <year>
        2001
       </year>
       <month>
        Aug
       </month>
      </pubdate>
     </journalissue>
     <title>
      Archives of disease in childhood
     </title>
     <isoabbreviation>
      Arch. Dis. Child.
     </isoabbreviation>
    </journal>
    <articletitle>
     Liquid paraffin: a reappraisal of its role in the treatment of constipation.
    </articletitle>
    <pagination>
     <medlinepgn>
      121-4
     </medlinepgn>
    </pagination>
    <affiliation>
     Children's Research Centre, Our Lady's Hospital for Sick Children, and Department of Paediatrics, The Conway Institute for Biomedical and Biomolecular Research, University College Dublin, Ireland.
    </affiliation>
    <authorlist completeyn="Y">
     <author validyn="Y">
      <lastname>
       Sharif
      </lastname>
      <forename>
       F
      </forename>
      <initials>
       F
      </initials>
     </author>
     <author validyn="Y">
      <lastname>
       Crushell
      </lastname>
      <forename>
       E
      </forename>
      <initials>
       E
      </initials>
     </author>
     <author validyn="Y">
      <lastname>
       O'Driscoll
      </lastname>
      <forename>
       K
      </forename>
      <initials>
       K
      </initials>
     </author>
     <author validyn="Y">
      <lastname>
       Bourke
      </lastname>
      <forename>
       B
      </forename>
      <initials>
       B
      </initials>
     </author>
    </authorlist>
    <language>
     eng
    </language>
    <publicationtypelist>
     <publicationtype>
      Journal Article
     </publicationtype>
     <publicationtype>
      Review
     </publicationtype>
    </publicationtypelist>
   </article>
   <medlinejournalinfo>
    <country>
     England
    </country>
    <medlineta>
     Arch Dis Child
    </medlineta>
    <nlmuniqueid>
     0372434
    </nlmuniqueid>
    <issnlinking>
     0003-9888
    </issnlinking>
   </medlinejournalinfo>
   <chemicallist>
    <chemical>
     <registrynumber>
      0
     </registrynumber>
     <nameofsubstance>
      Cathartics
     </nameofsubstance>
    </chemical>
    <chemical>
     <registrynumber>
      603-50-9
     </registrynumber>
     <nameofsubstance>
      Bisacodyl
     </nameofsubstance>
    </chemical>
    <chemical>
     <registrynumber>
      8020-83-5
     </registrynumber>
     <nameofsubstance>
      Mineral Oil
     </nameofsubstance>
    </chemical>
   </chemicallist>
   <citationsubset>
    AIM
   </citationsubset>
   <citationsubset>
    IM
   </citationsubset>
   <commentscorrectionslist>
    <commentscorrections reftype="Cites">
     <refsource>
      Pediatrics. 1976 Dec;58(6):845-52
     </refsource>
     <pmid version="1">
      995511
     </pmid>
    </commentscorrections>
    <commentscorrections reftype="Cites">
     <refsource>
      J Pediatr Gastroenterol Nutr. 1999 Aug;29(2):190-3
     </refsource>
     <pmid version="1">
      10435657
     </pmid>
    </commentscorrections>
    <commentscorrections reftype="Cites">
     <refsource>
      J Pediatr Gastroenterol Nutr. 1999 Nov;29(5):612-26
     </refsource>
     <pmid version="1">
      10554136
     </pmid>
    </commentscorrections>
    <commentscorrections reftype="Cites">
     <refsource>
      Pediatr Rev. 2000 May;21(5):173, 176-7
     </refsource>
     <pmid version="1">
      10836901
     </pmid>
    </commentscorrections>
    <commentscorrections reftype="Cites">
     <refsource>
      S Afr Med J. 1975 Dec 13;49(53):2187-90
     </refsource>
     <pmid version="1">
      1209437
     </pmid>
    </commentscorrections>
    <commentscorrections reftype="Cites">
     <refsource>
      J Pediatr. 1963 Feb;62:261-75
     </refsource>
     <pmid version="1">
      14025378
     </pmid>
    </commentscorrections>
    <commentscorrections reftype="Cites">
     <refsource>
      Lancet. 1991 Aug 31;338(8766):523-7
     </refsource>
     <pmid version="1">
      1678797
     </pmid>
    </commentscorrections>
    <commentscorrections reftype="Cites">
     <refsource>
      Pediatr Radiol. 1989;19(8):545-7
     </refsource>
     <pmid version="1">
      2797940
     </pmid>
    </commentscorrections>
    <commentscorrections reftype="Cites">
     <refsource>
      Scand J Work Environ Health. 1987 Dec;13(6):493-504
     </refsource>
     <pmid version="1">
      3433051
     </pmid>
    </commentscorrections>
    <commentscorrections reftype="Cites">
     <refsource>
      Pediatr Pathol. 1987;7(4):447-55
     </refsource>
     <pmid version="1">
      3444791
     </pmid>
    </commentscorrections>
    <commentscorrections reftype="Cites">
     <refsource>
      Am J Dis Child. 1987 Nov;141(11):1210-2
     </refsource>
     <pmid version="1">
      3673974
     </pmid>
    </commentscorrections>
    <commentscorrections reftype="Cites">
     <refsource>
      Arch Dis Child. 1986 May;61(5):472-7
     </refsource>
     <pmid version="1">
      3717993
     </pmid>
    </commentscorrections>
    <commentscorrections reftype="Cites">
     <refsource>
      Arch Pathol Lab Med. 1985 Mar;109(3):283-6
     </refsource>
     <pmid version="1">
      3838459
     </pmid>
    </commentscorrections>
    <commentscorrections reftype="Cites">
     <refsource>
      Hum Pathol. 1984 Aug;15(8):731-7
     </refsource>
     <pmid version="1">
      6204920
     </pmid>
    </commentscorrections>
    <commentscorrections reftype="Cites">
     <refsource>
      J Pediatr Gastroenterol Nutr. 1982;1(2):223-6
     </refsource>
     <pmid version="1">
      6310075
     </pmid>
    </commentscorrections>
    <commentscorrections reftype="Cites">
     <refsource>
      Br Med J (Clin Res Ed). 1984 Dec 22-29;289(6460):1728-9
     </refsource>
     <pmid version="1">
      6440624
     </pmid>
    </commentscorrections>
    <commentscorrections reftype="Cites">
     <refsource>
      Dis Colon Rectum. 1978 May-Jun;21(4):292-4
     </refsource>
     <pmid version="1">
      657941
     </pmid>
    </commentscorrections>
    <commentscorrections reftype="Cites">
     <refsource>
      J Pediatr. 1984 Sep;105(3):421-3
     </refsource>
     <pmid version="1">
      6590825
     </pmid>
    </commentscorrections>
    <commentscorrections reftype="Cites">
     <refsource>
      Gastroenterology. 1995 Aug;109(2):397-403
     </refsource>
     <pmid version="1">
      7615188
     </pmid>
    </commentscorrections>
    <commentscorrections reftype="Cites">
     <refsource>
      Drug Chem Toxicol. 1995 Feb;18(1):83-103
     </refsource>
     <pmid version="1">
      7768201
     </pmid>
    </commentscorrections>
    <commentscorrections reftype="Cites">
     <refsource>
      Arch Pediatr Adolesc Med. 1994 Feb;148(2):205-6
     </refsource>
     <pmid version="1">
      8118542
     </pmid>
    </commentscorrections>
    <commentscorrections reftype="Cites">
     <refsource>
      Dig Dis Sci. 1994 Mar;39(3):561-4
     </refsource>
     <pmid version="1">
      8131693
     </pmid>
    </commentscorrections>
    <commentscorrections reftype="Cites">
     <refsource>
      Gastroenterology. 1993 Nov;105(5):1557-64
     </refsource>
     <pmid version="1">
      8224663
     </pmid>
    </commentscorrections>
    <commentscorrections reftype="Cites">
     <refsource>
      Aliment Pharmacol Ther. 1993 Oct;7(5):523-9
     </refsource>
     <pmid version="1">
      8280820
     </pmid>
    </commentscorrections>
    <commentscorrections reftype="Cites">
     <refsource>
      Am Fam Physician. 1994 Feb 1;49(2):397-400, 403-6, 411-3
     </refsource>
     <pmid version="1">
      8304261
     </pmid>
    </commentscorrections>
    <commentscorrections reftype="Cites">
     <refsource>
      Pediatrics. 1993 Mar;91(3):591-4
     </refsource>
     <pmid version="1">
      8382783
     </pmid>
    </commentscorrections>
    <commentscorrections reftype="Cites">
     <refsource>
      Pediatr Pulmonol. 1997 Mar;23(3):233-7
     </refsource>
     <pmid version="1">
      9094734
     </pmid>
    </commentscorrections>
    <commentscorrections reftype="Cites">
     <refsource>
      J Pediatr. 1997 Nov;131(5):768-71
     </refsource>
     <pmid version="1">
      9403665
     </pmid>
    </commentscorrections>
    <commentscorrections reftype="Cites">
     <refsource>
      Pediatr Rev. 1998 Jan;19(1):23-30; quiz 31
     </refsource>
     <pmid version="1">
      9439166
     </pmid>
    </commentscorrections>
    <commentscorrections reftype="Cites">
     <refsource>
      Food Chem Toxicol. 1997 Dec;35(12):1181-90
     </refsource>
     <pmid version="1">
      9449224
     </pmid>
    </commentscorrections>
    <commentscorrections reftype="Cites">
     <refsource>
      N Engl J Med. 1998 Feb 19;338(8):512
     </refsource>
     <pmid version="1">
      9468468
     </pmid>
    </commentscorrections>
    <commentscorrections reftype="Cites">
     <refsource>
      Cancer Causes Control. 1997 May;8(3):386-405
     </refsource>
     <pmid version="1">
      9498901
     </pmid>
    </commentscorrections>
   </commentscorrectionslist>
   <meshheadinglist>
    <meshheading>
     <descriptorname majortopicyn="N">
      Bisacodyl
     </descriptorname>
     <qualifiername majortopicyn="N">
      therapeutic use
     </qualifiername>
    </meshheading>
    <meshheading>
     <descriptorname majortopicyn="N">
      Cathartics
     </descriptorname>
     <qualifiername majortopicyn="N">
      pharmacokinetics
     </qualifiername>
     <qualifiername majortopicyn="Y">
      therapeutic use
     </qualifiername>
    </meshheading>
    <meshheading>
     <descriptorname majortopicyn="N">
      Child
     </descriptorname>
    </meshheading>
    <meshheading>
     <descriptorname majortopicyn="N">
      Child, Preschool
     </descriptorname>
    </meshheading>
    <meshheading>
     <descriptorname majortopicyn="N">
      Constipation
     </descriptorname>
     <qualifiername majortopicyn="Y">
      drug therapy
     </qualifiername>
    </meshheading>
    <meshheading>
     <descriptorname majortopicyn="N">
      Granuloma, Foreign-Body
     </descriptorname>
     <qualifiername majortopicyn="N">
      etiology
     </qualifiername>
    </meshheading>
    <meshheading>
     <descriptorname majortopicyn="N">
      Humans
     </descriptorname>
    </meshheading>
    <meshheading>
     <descriptorname majortopicyn="N">
      Infant
     </descriptorname>
    </meshheading>
    <meshheading>
     <descriptorname majortopicyn="N">
      Infant, Newborn
     </descriptorname>
    </meshheading>
    <meshheading>
     <descriptorname majortopicyn="N">
      Intestinal Absorption
     </descriptorname>
     <qualifiername majortopicyn="N">
      drug effects
     </qualifiername>
     <qualifiername majortopicyn="N">
      physiology
     </qualifiername>
    </meshheading>
    <meshheading>
     <descriptorname majortopicyn="N">
      Mineral Oil
     </descriptorname>
     <qualifiername majortopicyn="N">
      pharmacokinetics
     </qualifiername>
     <qualifiername majortopicyn="Y">
      therapeutic use
     </qualifiername>
    </meshheading>
    <meshheading>
     <descriptorname majortopicyn="N">
      Pneumonia, Lipid
     </descriptorname>
     <qualifiername majortopicyn="N">
      etiology
     </qualifiername>
    </meshheading>
    <meshheading>
     <descriptorname majortopicyn="N">
      Practice Guidelines as Topic
     </descriptorname>
    </meshheading>
    <meshheading>
     <descriptorname majortopicyn="N">
      Randomized Controlled Trials as Topic
     </descriptorname>
    </meshheading>
    <meshheading>
     <descriptorname majortopicyn="N">
      Treatment Outcome
     </descriptorname>
    </meshheading>
   </meshheadinglist>
   <numberofreferences>
    44
   </numberofreferences>
   <otherid source="NLM">
    PMC1718886
   </otherid>
  </medlinecitation>
  <pubmeddata>
   <history>
    <pubmedpubdate pubstatus="pubmed">
     <year>
      2001
     </year>
     <month>
      7
     </month>
     <day>
      24
     </day>
     <hour>
      10
     </hour>
     <minute>
      0
     </minute>
    </pubmedpubdate>
    <pubmedpubdate pubstatus="medline">
     <year>
      2001
     </year>
     <month>
      8
     </month>
     <day>
      10
     </day>
     <hour>
      10
     </hour>
     <minute>
      1
     </minute>
    </pubmedpubdate>
    <pubmedpubdate pubstatus="entrez">
     <year>
      2001
     </year>
     <month>
      7
     </month>
     <day>
      24
     </day>
     <hour>
      10
     </hour>
     <minute>
      0
     </minute>
    </pubmedpubdate>
   </history>
   <publicationstatus>
    ppublish
   </publicationstatus>
   <articleidlist>
    <articleid idtype="pubmed">
     11466186
    </articleid>
    <articleid idtype="pmc">
     PMC1718886
    </articleid>
   </articleidlist>
  </pubmeddata>
 </pubmedarticle>
</pubmedarticleset>

