<?xml version='1.0' encoding='utf-8'?>
<!DOCTYPE PubmedArticleSet PUBLIC "-//NLM//DTD PubMedArticle, 1st January 2011//EN" "http://www.ncbi.nlm.nih.gov/entrez/query/DTD/pubmed_110101.dtd">
<pubmedarticleset>
 <pubmedarticle>
  <medlinecitation owner="NLM" status="MEDLINE">
   <pmid version="1">
    11518884
   </pmid>
   <datecreated>
    <year>
     2001
    </year>
    <month>
     08
    </month>
    <day>
     23
    </day>
   </datecreated>
   <datecompleted>
    <year>
     2001
    </year>
    <month>
     09
    </month>
    <day>
     13
    </day>
   </datecompleted>
   <daterevised>
    <year>
     2006
    </year>
    <month>
     11
    </month>
    <day>
     15
    </day>
   </daterevised>
   <article pubmodel="Print">
    <journal>
     <issn issntype="Print">
      0002-9378
     </issn>
     <journalissue citedmedium="Print">
      <volume>
       185
      </volume>
      <issue>
       2
      </issue>
      <pubdate>
       <year>
        2001
       </year>
       <month>
        Aug
       </month>
      </pubdate>
     </journalissue>
     <title>
      American journal of obstetrics and gynecology
     </title>
     <isoabbreviation>
      Am. J. Obstet. Gynecol.
     </isoabbreviation>
    </journal>
    <articletitle>
     Liquid-based cervical cytologic smear study and conventional Papanicolaou smears: a metaanalysis of prospective studies comparing cytologic diagnosis and sample adequacy.
    </articletitle>
    <pagination>
     <medlinepgn>
      308-17
     </medlinepgn>
    </pagination>
    <abstract>
     <abstracttext label="OBJECTIVE" nlmcategory="OBJECTIVE">
      We sought to evaluate the cytologic diagnosis and sample adequacy of the liquid-based cervical cytologic smear (ThinPrep) compared with that of the conventional Papanicolaou smear.
     </abstracttext>
     <abstracttext label="STUDY DESIGN" nlmcategory="METHODS">
      Prospective studies of ThinPrep and conventional Papanicolaou smears were analyzed for cytologic diagnosis and sample adequacy. Computerized databases, references in published studies, and index reviews published in English were used to identify direct-to-vial and split-sample clinical trials of cervical smears performed by conventional and liquid-based techniques. Only published studies that used the Bethesda system nomenclature with clearly documented outcome data were included. Each trial was assessed for the quality of its method, inclusion and exclusion criteria, adequacy of randomization, sampling protocols, definition of outcome, and statistical analyses.
     </abstracttext>
     <abstracttext label="RESULTS" nlmcategory="RESULTS">
      Twenty-five studies met inclusion criteria for this review. Odds ratios with 95% confidence intervals were calculated for each outcome. Estimates of odds ratios and risk differences for dichotomous outcomes were calculated by use of random and fixed-effects models. Homogeneity was tested across the studies. Results indicate that the ThinPrep test is as good as or superior to the conventional Papanicolaou smear in diagnosing uterine cervical premalignant abnormalities. Also the ThinPrep test provides improved sample adequacy when compared with the conventional Papanicolaou test.
     </abstracttext>
     <abstracttext label="CONCLUSION" nlmcategory="CONCLUSIONS">
      The ThinPrep test improved sample adequacy and led to improved diagnosis of low-grade and high-grade squamous intraepithelial lesions. However, there is no difference in the rate of atypical cells of undetermined significance diagnosis between ThinPrep and conventional smear groups. The added cost of ThinPrep cytologic screening and, hence, its cost-effectiveness are not evaluated in this study.
     </abstracttext>
    </abstract>
    <affiliation>
     Department of Obstetrics and Gynecology, University of Florida Health Science Center, Jacksonville, FL 32209, USA.
    </affiliation>
    <authorlist completeyn="Y">
     <author validyn="Y">
      <lastname>
       Bernstein
      </lastname>
      <forename>
       S J
      </forename>
      <initials>
       SJ
      </initials>
     </author>
     <author validyn="Y">
      <lastname>
       Sanchez-Ramos
      </lastname>
      <forename>
       L
      </forename>
      <initials>
       L
      </initials>
     </author>
     <author validyn="Y">
      <lastname>
       Ndubisi
      </lastname>
      <forename>
       B
      </forename>
      <initials>
       B
      </initials>
     </author>
    </authorlist>
    <language>
     eng
    </language>
    <publicationtypelist>
     <publicationtype>
      Comparative Study
     </publicationtype>
     <publicationtype>
      Journal Article
     </publicationtype>
     <publicationtype>
      Meta-Analysis
     </publicationtype>
    </publicationtypelist>
   </article>
   <medlinejournalinfo>
    <country>
     United States
    </country>
    <medlineta>
     Am J Obstet Gynecol
    </medlineta>
    <nlmuniqueid>
     0370476
    </nlmuniqueid>
    <issnlinking>
     0002-9378
    </issnlinking>
   </medlinejournalinfo>
   <chemicallist>
    <chemical>
     <registrynumber>
      0
     </registrynumber>
     <nameofsubstance>
      Solutions
     </nameofsubstance>
    </chemical>
   </chemicallist>
   <citationsubset>
    AIM
   </citationsubset>
   <citationsubset>
    IM
   </citationsubset>
   <meshheadinglist>
    <meshheading>
     <descriptorname majortopicyn="N">
      Cervical Intraepithelial Neoplasia
     </descriptorname>
     <qualifiername majortopicyn="N">
      diagnosis
     </qualifiername>
    </meshheading>
    <meshheading>
     <descriptorname majortopicyn="N">
      Cytodiagnosis
     </descriptorname>
     <qualifiername majortopicyn="Y">
      methods
     </qualifiername>
    </meshheading>
    <meshheading>
     <descriptorname majortopicyn="N">
      Female
     </descriptorname>
    </meshheading>
    <meshheading>
     <descriptorname majortopicyn="N">
      Humans
     </descriptorname>
    </meshheading>
    <meshheading>
     <descriptorname majortopicyn="N">
      Odds Ratio
     </descriptorname>
    </meshheading>
    <meshheading>
     <descriptorname majortopicyn="N">
      Prospective Studies
     </descriptorname>
    </meshheading>
    <meshheading>
     <descriptorname majortopicyn="N">
      Sensitivity and Specificity
     </descriptorname>
    </meshheading>
    <meshheading>
     <descriptorname majortopicyn="N">
      Solutions
     </descriptorname>
    </meshheading>
    <meshheading>
     <descriptorname majortopicyn="N">
      Uterine Cervical Neoplasms
     </descriptorname>
     <qualifiername majortopicyn="N">
      diagnosis
     </qualifiername>
    </meshheading>
    <meshheading>
     <descriptorname majortopicyn="Y">
      Vaginal Smears
     </descriptorname>
    </meshheading>
   </meshheadinglist>
  </medlinecitation>
  <pubmeddata>
   <history>
    <pubmedpubdate pubstatus="pubmed">
     <year>
      2001
     </year>
     <month>
      8
     </month>
     <day>
      24
     </day>
     <hour>
      10
     </hour>
     <minute>
      0
     </minute>
    </pubmedpubdate>
    <pubmedpubdate pubstatus="medline">
     <year>
      2001
     </year>
     <month>
      9
     </month>
     <day>
      14
     </day>
     <hour>
      10
     </hour>
     <minute>
      1
     </minute>
    </pubmedpubdate>
    <pubmedpubdate pubstatus="entrez">
     <year>
      2001
     </year>
     <month>
      8
     </month>
     <day>
      24
     </day>
     <hour>
      10
     </hour>
     <minute>
      0
     </minute>
    </pubmedpubdate>
   </history>
   <publicationstatus>
    ppublish
   </publicationstatus>
   <articleidlist>
    <articleid idtype="pubmed">
     11518884
    </articleid>
    <articleid idtype="pii">
     S0002-9378(01)51011-X
    </articleid>
    <articleid idtype="doi">
     10.1067/mob.2001.116736
    </articleid>
   </articleidlist>
  </pubmeddata>
 </pubmedarticle>
</pubmedarticleset>

