<?xml version='1.0' encoding='utf-8'?>
<!DOCTYPE PubmedArticleSet PUBLIC "-//NLM//DTD PubMedArticle, 1st January 2011//EN" "http://www.ncbi.nlm.nih.gov/entrez/query/DTD/pubmed_110101.dtd">
<pubmedarticleset>
 <pubmedarticle>
  <medlinecitation owner="NLM" status="MEDLINE">
   <pmid version="1">
    11521913
   </pmid>
   <datecreated>
    <year>
     2001
    </year>
    <month>
     08
    </month>
    <day>
     27
    </day>
   </datecreated>
   <datecompleted>
    <year>
     2001
    </year>
    <month>
     09
    </month>
    <day>
     06
    </day>
   </datecompleted>
   <daterevised>
    <year>
     2010
    </year>
    <month>
     11
    </month>
    <day>
     18
    </day>
   </daterevised>
   <article pubmodel="Print">
    <journal>
     <issn issntype="Print">
      1057-5987
     </issn>
     <journalissue citedmedium="Print">
      <volume>
       50
      </volume>
      <issue>
       RR-14
      </issue>
      <pubdate>
       <year>
        2001
       </year>
       <month>
        Aug
       </month>
       <day>
        17
       </day>
      </pubdate>
     </journalissue>
     <title>
      MMWR. Recommendations and reports : Morbidity and mortality weekly report. Recommendations and reports / Centers for Disease Control
     </title>
     <isoabbreviation>
      MMWR Recomm Rep
     </isoabbreviation>
    </journal>
    <articletitle>
     Recommendations for using fluoride to prevent and control dental caries in the United States. Centers for Disease Control and Prevention.
    </articletitle>
    <pagination>
     <medlinepgn>
      1-42
     </medlinepgn>
    </pagination>
    <abstract>
     <abstracttext>
      Widespread use of fluoride has been a major factor in the decline in the prevalence and severity of dental caries (i.e., tooth decay) in the United States and other economically developed countries. When used appropriately, fluoride is both safe and effective in preventing and controlling dental caries. All U.S. residents are likely exposed to some degree to fluoride, which is available from multiple sources. Both health-care professionals and the public have sought guidance on selecting the best way to provide and receive fluoride. During the late 1990s, CDC convened a work group to develop recommendations for using fluoride to prevent and control dental caries in the United States. This report includes these recommendations, as well as a) critical analysis of the scientific evidence regarding the efficacy and effectiveness of fluoride modalities in preventing and controlling dental caries, b) ordinal grading of the quality of the evidence, and c) assessment of the strength of each recommendation. Because frequent exposure to small amounts of fluoride each day will best reduce the risk for dental caries in all age groups, the work group recommends that all persons drink water with an optimal fluoride concentration and brush their teeth twice daily with fluoride toothpaste. For persons at high risk for dental caries, additional fluoride measures might be needed. Measured use of fluoride modalities is particularly appropriate during the time of anterior tooth enamel development (i.e., age &lt;6 years). The recommendations in this report guide dental and other health-care providers, public health officials, policy makers, and the public in the use of fluoride to achieve maximum protection against dental caries while using resources efficiently and reducing the likelihood of enamel fluorosis. The recommendations address public health and professional practice, self-care, consumer product industries and health agencies, and further research. Adoption of these recommendations could further reduce dental caries in the United States and save public and private resources.
     </abstracttext>
    </abstract>
    <language>
     eng
    </language>
    <publicationtypelist>
     <publicationtype>
      Guideline
     </publicationtype>
     <publicationtype>
      Journal Article
     </publicationtype>
    </publicationtypelist>
   </article>
   <medlinejournalinfo>
    <country>
     United States
    </country>
    <medlineta>
     MMWR Recomm Rep
    </medlineta>
    <nlmuniqueid>
     101124922
    </nlmuniqueid>
    <issnlinking>
     1057-5987
    </issnlinking>
   </medlinejournalinfo>
   <chemicallist>
    <chemical>
     <registrynumber>
      0
     </registrynumber>
     <nameofsubstance>
      Fluorides
     </nameofsubstance>
    </chemical>
    <chemical>
     <registrynumber>
      0
     </registrynumber>
     <nameofsubstance>
      Fluorides, Topical
     </nameofsubstance>
    </chemical>
    <chemical>
     <registrynumber>
      0
     </registrynumber>
     <nameofsubstance>
      Mouthwashes
     </nameofsubstance>
    </chemical>
    <chemical>
     <registrynumber>
      0
     </registrynumber>
     <nameofsubstance>
      Toothpastes
     </nameofsubstance>
    </chemical>
   </chemicallist>
   <citationsubset>
    IM
   </citationsubset>
   <meshheadinglist>
    <meshheading>
     <descriptorname majortopicyn="N">
      Dental Caries
     </descriptorname>
     <qualifiername majortopicyn="Y">
      prevention &amp; control
     </qualifiername>
    </meshheading>
    <meshheading>
     <descriptorname majortopicyn="N">
      Dietary Supplements
     </descriptorname>
    </meshheading>
    <meshheading>
     <descriptorname majortopicyn="N">
      Fluoridation
     </descriptorname>
     <qualifiername majortopicyn="Y">
      standards
     </qualifiername>
    </meshheading>
    <meshheading>
     <descriptorname majortopicyn="N">
      Fluorides
     </descriptorname>
     <qualifiername majortopicyn="N">
      administration &amp; dosage
     </qualifiername>
    </meshheading>
    <meshheading>
     <descriptorname majortopicyn="N">
      Fluorides, Topical
     </descriptorname>
    </meshheading>
    <meshheading>
     <descriptorname majortopicyn="N">
      Fluorosis, Dental
     </descriptorname>
    </meshheading>
    <meshheading>
     <descriptorname majortopicyn="N">
      Humans
     </descriptorname>
    </meshheading>
    <meshheading>
     <descriptorname majortopicyn="N">
      Mouthwashes
     </descriptorname>
    </meshheading>
    <meshheading>
     <descriptorname majortopicyn="N">
      Toothpastes
     </descriptorname>
    </meshheading>
   </meshheadinglist>
  </medlinecitation>
  <pubmeddata>
   <history>
    <pubmedpubdate pubstatus="pubmed">
     <year>
      2001
     </year>
     <month>
      8
     </month>
     <day>
      28
     </day>
     <hour>
      10
     </hour>
     <minute>
      0
     </minute>
    </pubmedpubdate>
    <pubmedpubdate pubstatus="medline">
     <year>
      2001
     </year>
     <month>
      9
     </month>
     <day>
      8
     </day>
     <hour>
      10
     </hour>
     <minute>
      1
     </minute>
    </pubmedpubdate>
    <pubmedpubdate pubstatus="entrez">
     <year>
      2001
     </year>
     <month>
      8
     </month>
     <day>
      28
     </day>
     <hour>
      10
     </hour>
     <minute>
      0
     </minute>
    </pubmedpubdate>
   </history>
   <publicationstatus>
    ppublish
   </publicationstatus>
   <articleidlist>
    <articleid idtype="pubmed">
     11521913
    </articleid>
   </articleidlist>
  </pubmeddata>
 </pubmedarticle>
</pubmedarticleset>

