<?xml version='1.0' encoding='utf-8'?>
<!DOCTYPE PubmedArticleSet PUBLIC "-//NLM//DTD PubMedArticle, 1st January 2011//EN" "http://www.ncbi.nlm.nih.gov/entrez/query/DTD/pubmed_110101.dtd">
<pubmedarticleset>
 <pubmedarticle>
  <medlinecitation owner="NLM" status="MEDLINE">
   <pmid version="1">
    11527233
   </pmid>
   <datecreated>
    <year>
     2001
    </year>
    <month>
     08
    </month>
    <day>
     30
    </day>
   </datecreated>
   <datecompleted>
    <year>
     2001
    </year>
    <month>
     09
    </month>
    <day>
     13
    </day>
   </datecompleted>
   <daterevised>
    <year>
     2005
    </year>
    <month>
     11
    </month>
    <day>
     16
    </day>
   </daterevised>
   <article pubmodel="Print">
    <journal>
     <issn issntype="Print">
      0731-3810
     </issn>
     <journalissue citedmedium="Print">
      <volume>
       39
      </volume>
      <issue>
       4
      </issue>
      <pubdate>
       <year>
        2001
       </year>
      </pubdate>
     </journalissue>
     <title>
      Journal of toxicology. Clinical toxicology
     </title>
     <isoabbreviation>
      J. Toxicol. Clin. Toxicol.
     </isoabbreviation>
    </journal>
    <articletitle>
     The effects of lithium, valproic acid, and carbamazepine during pregnancy and lactation.
    </articletitle>
    <pagination>
     <medlinepgn>
      381-92
     </medlinepgn>
    </pagination>
    <abstract>
     <abstracttext>
      The chronic, complex, and episodic course of bipolar mood disorder presents a particularly formidable challenge to the clinician making a treatment plan for the onset or recurrence of the illness during pregnancy and lactation. Women treated with anti-manic drugs who become pregnant are commonly considered to be at high risk for fetal complications during the pregnancy or during lactation. The risks of antimanic drug use during pregnancy include teratogenic effects, direct neonatal toxicity, and the potential for longer-term neurobehavioral sequela. The use of medications during pregnancy and lactation requires critical attention to the timing of exposure, dosage, duration of use, and fetal susceptibility. The postnatal period is a time of increased onset and relapse of mental illness. No antimanic drug can be proven completely safe. Prescribing antimanic medications with a long safety record, avoiding exposure in the first trimester; avoiding multidrug regimens, and prescribing the lowest dose for the shortest duration will minimize the fetal risk. This review considers treatment with lithium, valproic acid, and carbamazepine. It assesses the risk to the fetus, the perinatal risks for the infant, the risks associated with treatment during the puerperium and breast-feeding, and the risks to the later development of the child.
     </abstracttext>
    </abstract>
    <affiliation>
     Department of Psychiatry &amp; Behavioral Neurobiology, The University of Alabama at Birmingham, 35294-0017, USA. miqbal@uabmc.edu
    </affiliation>
    <authorlist completeyn="Y">
     <author validyn="Y">
      <lastname>
       Iqbal
      </lastname>
      <forename>
       M M
      </forename>
      <initials>
       MM
      </initials>
     </author>
     <author validyn="Y">
      <lastname>
       Sohhan
      </lastname>
      <forename>
       T
      </forename>
      <initials>
       T
      </initials>
     </author>
     <author validyn="Y">
      <lastname>
       Mahmud
      </lastname>
      <forename>
       S Z
      </forename>
      <initials>
       SZ
      </initials>
     </author>
    </authorlist>
    <language>
     eng
    </language>
    <publicationtypelist>
     <publicationtype>
      Journal Article
     </publicationtype>
     <publicationtype>
      Review
     </publicationtype>
    </publicationtypelist>
   </article>
   <medlinejournalinfo>
    <country>
     United States
    </country>
    <medlineta>
     J Toxicol Clin Toxicol
    </medlineta>
    <nlmuniqueid>
     8213460
    </nlmuniqueid>
    <issnlinking>
     0731-3810
    </issnlinking>
   </medlinejournalinfo>
   <chemicallist>
    <chemical>
     <registrynumber>
      0
     </registrynumber>
     <nameofsubstance>
      Anticonvulsants
     </nameofsubstance>
    </chemical>
    <chemical>
     <registrynumber>
      0
     </registrynumber>
     <nameofsubstance>
      Antimanic Agents
     </nameofsubstance>
    </chemical>
    <chemical>
     <registrynumber>
      298-46-4
     </registrynumber>
     <nameofsubstance>
      Carbamazepine
     </nameofsubstance>
    </chemical>
    <chemical>
     <registrynumber>
      7439-93-2
     </registrynumber>
     <nameofsubstance>
      Lithium
     </nameofsubstance>
    </chemical>
    <chemical>
     <registrynumber>
      99-66-1
     </registrynumber>
     <nameofsubstance>
      Valproic Acid
     </nameofsubstance>
    </chemical>
   </chemicallist>
   <citationsubset>
    AIM
   </citationsubset>
   <citationsubset>
    IM
   </citationsubset>
   <meshheadinglist>
    <meshheading>
     <descriptorname majortopicyn="N">
      Adult
     </descriptorname>
    </meshheading>
    <meshheading>
     <descriptorname majortopicyn="N">
      Anticonvulsants
     </descriptorname>
     <qualifiername majortopicyn="Y">
      adverse effects
     </qualifiername>
    </meshheading>
    <meshheading>
     <descriptorname majortopicyn="N">
      Antimanic Agents
     </descriptorname>
     <qualifiername majortopicyn="Y">
      adverse effects
     </qualifiername>
    </meshheading>
    <meshheading>
     <descriptorname majortopicyn="N">
      Carbamazepine
     </descriptorname>
     <qualifiername majortopicyn="Y">
      adverse effects
     </qualifiername>
    </meshheading>
    <meshheading>
     <descriptorname majortopicyn="N">
      Female
     </descriptorname>
    </meshheading>
    <meshheading>
     <descriptorname majortopicyn="N">
      Humans
     </descriptorname>
    </meshheading>
    <meshheading>
     <descriptorname majortopicyn="N">
      Lactation
     </descriptorname>
     <qualifiername majortopicyn="Y">
      physiology
     </qualifiername>
    </meshheading>
    <meshheading>
     <descriptorname majortopicyn="N">
      Lithium
     </descriptorname>
     <qualifiername majortopicyn="Y">
      adverse effects
     </qualifiername>
    </meshheading>
    <meshheading>
     <descriptorname majortopicyn="N">
      Pregnancy
     </descriptorname>
    </meshheading>
    <meshheading>
     <descriptorname majortopicyn="N">
      Pregnancy Complications
     </descriptorname>
     <qualifiername majortopicyn="N">
      psychology
     </qualifiername>
    </meshheading>
    <meshheading>
     <descriptorname majortopicyn="N">
      Valproic Acid
     </descriptorname>
     <qualifiername majortopicyn="Y">
      adverse effects
     </qualifiername>
    </meshheading>
   </meshheadinglist>
   <numberofreferences>
    127
   </numberofreferences>
  </medlinecitation>
  <pubmeddata>
   <history>
    <pubmedpubdate pubstatus="pubmed">
     <year>
      2001
     </year>
     <month>
      8
     </month>
     <day>
      31
     </day>
     <hour>
      10
     </hour>
     <minute>
      0
     </minute>
    </pubmedpubdate>
    <pubmedpubdate pubstatus="medline">
     <year>
      2001
     </year>
     <month>
      9
     </month>
     <day>
      14
     </day>
     <hour>
      10
     </hour>
     <minute>
      1
     </minute>
    </pubmedpubdate>
    <pubmedpubdate pubstatus="entrez">
     <year>
      2001
     </year>
     <month>
      8
     </month>
     <day>
      31
     </day>
     <hour>
      10
     </hour>
     <minute>
      0
     </minute>
    </pubmedpubdate>
   </history>
   <publicationstatus>
    ppublish
   </publicationstatus>
   <articleidlist>
    <articleid idtype="pubmed">
     11527233
    </articleid>
   </articleidlist>
  </pubmeddata>
 </pubmedarticle>
</pubmedarticleset>

