<?xml version='1.0' encoding='utf-8'?>
<!DOCTYPE PubmedArticleSet PUBLIC "-//NLM//DTD PubMedArticle, 1st January 2011//EN" "http://www.ncbi.nlm.nih.gov/entrez/query/DTD/pubmed_110101.dtd">
<pubmedarticleset>
 <pubmedarticle>
  <medlinecitation owner="NLM" status="MEDLINE">
   <pmid version="1">
    11675555
   </pmid>
   <datecreated>
    <year>
     2001
    </year>
    <month>
     10
    </month>
    <day>
     24
    </day>
   </datecreated>
   <datecompleted>
    <year>
     2001
    </year>
    <month>
     12
    </month>
    <day>
     17
    </day>
   </datecompleted>
   <daterevised>
    <year>
     2004
    </year>
    <month>
     11
    </month>
    <day>
     17
    </day>
   </daterevised>
   <article pubmodel="Print">
    <journal>
     <issn issntype="Print">
      0271-6798
     </issn>
     <journalissue citedmedium="Print">
      <volume>
       21
      </volume>
      <issue>
       6
      </issue>
      <pubdate>
       <medlinedate>
        2001 Nov-Dec
       </medlinedate>
      </pubdate>
     </journalissue>
     <title>
      Journal of pediatric orthopedics
     </title>
     <isoabbreviation>
      J Pediatr Orthop
     </isoabbreviation>
    </journal>
    <articletitle>
     Electromyographic test to differentiate mild diplegic cerebral palsy and idiopathic toe-walking.
    </articletitle>
    <pagination>
     <medlinepgn>
      784-9
     </medlinepgn>
    </pagination>
    <abstract>
     <abstracttext>
      The purpose of this study was to determine whether children with mild spastic diplegic cerebral palsy (CP) could be differentiated from those with idiopathic toe-walking (ITW) based on an obligatory coactivation during voluntary contraction of the quadriceps or gastrocnemius. Twenty-four subjects participated in this study, eight children with mild spastic diplegia CP, eight with ITW, and eight age-matched controls. Measurements included passive range of motion and surface electromyographic recordings of the lateral quadriceps and lateral gastrocnemius. Electromyographic recordings were obtained during resisted knee extension with knee flexed 30 degrees, isometric quadriceps contraction with knee extended (quad set), active plantarflexion, and during gait. The range-of-motion values were not different between the CP and ITW subjects, with the exception of the popliteal angle, which was greater in subjects with CP, with an overlap in values. Gait electromyography showed premature firing of gastrocnemius in swing in both groups of subjects compared with controls. During resisted knee extension and quad set, the mean duration of gastrocnemius coactivation in subjects with CP was high: 86% and 86% compared with 20% and 35% for the subjects with ITW and 0.4% and 3% for controls, respectively. Voluntary plantarflexion did not consistently elicit coactivation of the quadriceps. The results suggest that electromyographic testing of resisted knee extension and quad set to identify gastrocnemius coactivation can help differentiate patients with mild CP from those with ITW.
     </abstracttext>
    </abstract>
    <affiliation>
     Department of Orthopaedic Surgery, Children's Hospital, Oakland, California, USA.
    </affiliation>
    <authorlist completeyn="Y">
     <author validyn="Y">
      <lastname>
       Policy
      </lastname>
      <forename>
       J F
      </forename>
      <initials>
       JF
      </initials>
     </author>
     <author validyn="Y">
      <lastname>
       Torburn
      </lastname>
      <forename>
       L
      </forename>
      <initials>
       L
      </initials>
     </author>
     <author validyn="Y">
      <lastname>
       Rinsky
      </lastname>
      <forename>
       L A
      </forename>
      <initials>
       LA
      </initials>
     </author>
     <author validyn="Y">
      <lastname>
       Rose
      </lastname>
      <forename>
       J
      </forename>
      <initials>
       J
      </initials>
     </author>
    </authorlist>
    <language>
     eng
    </language>
    <publicationtypelist>
     <publicationtype>
      Journal Article
     </publicationtype>
    </publicationtypelist>
   </article>
   <medlinejournalinfo>
    <country>
     United States
    </country>
    <medlineta>
     J Pediatr Orthop
    </medlineta>
    <nlmuniqueid>
     8109053
    </nlmuniqueid>
    <issnlinking>
     0271-6798
    </issnlinking>
   </medlinejournalinfo>
   <citationsubset>
    IM
   </citationsubset>
   <meshheadinglist>
    <meshheading>
     <descriptorname majortopicyn="N">
      Case-Control Studies
     </descriptorname>
    </meshheading>
    <meshheading>
     <descriptorname majortopicyn="N">
      Cerebral Palsy
     </descriptorname>
     <qualifiername majortopicyn="Y">
      diagnosis
     </qualifiername>
     <qualifiername majortopicyn="Y">
      physiopathology
     </qualifiername>
    </meshheading>
    <meshheading>
     <descriptorname majortopicyn="N">
      Child
     </descriptorname>
    </meshheading>
    <meshheading>
     <descriptorname majortopicyn="N">
      Child, Preschool
     </descriptorname>
    </meshheading>
    <meshheading>
     <descriptorname majortopicyn="N">
      Diagnosis, Differential
     </descriptorname>
    </meshheading>
    <meshheading>
     <descriptorname majortopicyn="N">
      Electromyography
     </descriptorname>
     <qualifiername majortopicyn="Y">
      methods
     </qualifiername>
    </meshheading>
    <meshheading>
     <descriptorname majortopicyn="N">
      Female
     </descriptorname>
    </meshheading>
    <meshheading>
     <descriptorname majortopicyn="N">
      Gait
     </descriptorname>
     <qualifiername majortopicyn="N">
      physiology
     </qualifiername>
    </meshheading>
    <meshheading>
     <descriptorname majortopicyn="N">
      Humans
     </descriptorname>
    </meshheading>
    <meshheading>
     <descriptorname majortopicyn="N">
      Knee Joint
     </descriptorname>
     <qualifiername majortopicyn="Y">
      physiopathology
     </qualifiername>
    </meshheading>
    <meshheading>
     <descriptorname majortopicyn="N">
      Male
     </descriptorname>
    </meshheading>
    <meshheading>
     <descriptorname majortopicyn="N">
      Movement Disorders
     </descriptorname>
     <qualifiername majortopicyn="Y">
      diagnosis
     </qualifiername>
     <qualifiername majortopicyn="Y">
      physiopathology
     </qualifiername>
    </meshheading>
    <meshheading>
     <descriptorname majortopicyn="N">
      Muscle Spasticity
     </descriptorname>
     <qualifiername majortopicyn="N">
      physiopathology
     </qualifiername>
    </meshheading>
    <meshheading>
     <descriptorname majortopicyn="N">
      Range of Motion, Articular
     </descriptorname>
    </meshheading>
    <meshheading>
     <descriptorname majortopicyn="N">
      Statistics, Nonparametric
     </descriptorname>
    </meshheading>
    <meshheading>
     <descriptorname majortopicyn="Y">
      Toes
     </descriptorname>
    </meshheading>
   </meshheadinglist>
  </medlinecitation>
  <pubmeddata>
   <history>
    <pubmedpubdate pubstatus="pubmed">
     <year>
      2001
     </year>
     <month>
      10
     </month>
     <day>
      25
     </day>
     <hour>
      10
     </hour>
     <minute>
      0
     </minute>
    </pubmedpubdate>
    <pubmedpubdate pubstatus="medline">
     <year>
      2002
     </year>
     <month>
      1
     </month>
     <day>
      5
     </day>
     <hour>
      10
     </hour>
     <minute>
      1
     </minute>
    </pubmedpubdate>
    <pubmedpubdate pubstatus="entrez">
     <year>
      2001
     </year>
     <month>
      10
     </month>
     <day>
      25
     </day>
     <hour>
      10
     </hour>
     <minute>
      0
     </minute>
    </pubmedpubdate>
   </history>
   <publicationstatus>
    ppublish
   </publicationstatus>
   <articleidlist>
    <articleid idtype="pubmed">
     11675555
    </articleid>
   </articleidlist>
  </pubmeddata>
 </pubmedarticle>
</pubmedarticleset>

