<?xml version='1.0' encoding='utf-8'?>
<!DOCTYPE PubmedArticleSet PUBLIC "-//NLM//DTD PubMedArticle, 1st January 2011//EN" "http://www.ncbi.nlm.nih.gov/entrez/query/DTD/pubmed_110101.dtd">
<pubmedarticleset>
 <pubmedarticle>
  <medlinecitation owner="NLM" status="MEDLINE">
   <pmid version="1">
    11708514
   </pmid>
   <datecreated>
    <year>
     2001
    </year>
    <month>
     11
    </month>
    <day>
     15
    </day>
   </datecreated>
   <datecompleted>
    <year>
     2001
    </year>
    <month>
     12
    </month>
    <day>
     05
    </day>
   </datecompleted>
   <daterevised>
    <year>
     2007
    </year>
    <month>
     11
    </month>
    <day>
     15
    </day>
   </daterevised>
   <article pubmodel="Print">
    <journal>
     <issn issntype="Print">
      1072-7515
     </issn>
     <journalissue citedmedium="Print">
      <volume>
       193
      </volume>
      <issue>
       5
      </issue>
      <pubdate>
       <year>
        2001
       </year>
       <month>
        Nov
       </month>
      </pubdate>
     </journalissue>
     <title>
      Journal of the American College of Surgeons
     </title>
     <isoabbreviation>
      J. Am. Coll. Surg.
     </isoabbreviation>
    </journal>
    <articletitle>
     Ligation versus anticoagulation: treatment of above-knee superficial thrombophlebitis not involving the deep venous system.
    </articletitle>
    <pagination>
     <medlinepgn>
      556-62
     </medlinepgn>
    </pagination>
    <affiliation>
     University of Michigan Medical Center, Department of Surgery, Ann Arbor 48109, USA.
    </affiliation>
    <authorlist completeyn="Y">
     <author validyn="Y">
      <lastname>
       Sullivan
      </lastname>
      <forename>
       V
      </forename>
      <initials>
       V
      </initials>
     </author>
     <author validyn="Y">
      <lastname>
       Denk
      </lastname>
      <forename>
       P M
      </forename>
      <initials>
       PM
      </initials>
     </author>
     <author validyn="Y">
      <lastname>
       Sonnad
      </lastname>
      <forename>
       S S
      </forename>
      <initials>
       SS
      </initials>
     </author>
     <author validyn="Y">
      <lastname>
       Eagleton
      </lastname>
      <forename>
       M J
      </forename>
      <initials>
       MJ
      </initials>
     </author>
     <author validyn="Y">
      <lastname>
       Wakefield
      </lastname>
      <forename>
       T W
      </forename>
      <initials>
       TW
      </initials>
     </author>
    </authorlist>
    <language>
     eng
    </language>
    <publicationtypelist>
     <publicationtype>
      Comparative Study
     </publicationtype>
     <publicationtype>
      Journal Article
     </publicationtype>
     <publicationtype>
      Meta-Analysis
     </publicationtype>
    </publicationtypelist>
   </article>
   <medlinejournalinfo>
    <country>
     United States
    </country>
    <medlineta>
     J Am Coll Surg
    </medlineta>
    <nlmuniqueid>
     9431305
    </nlmuniqueid>
    <issnlinking>
     1072-7515
    </issnlinking>
   </medlinejournalinfo>
   <chemicallist>
    <chemical>
     <registrynumber>
      0
     </registrynumber>
     <nameofsubstance>
      Anticoagulants
     </nameofsubstance>
    </chemical>
   </chemicallist>
   <citationsubset>
    AIM
   </citationsubset>
   <citationsubset>
    IM
   </citationsubset>
   <meshheadinglist>
    <meshheading>
     <descriptorname majortopicyn="N">
      Anticoagulants
     </descriptorname>
     <qualifiername majortopicyn="N">
      adverse effects
     </qualifiername>
     <qualifiername majortopicyn="Y">
      therapeutic use
     </qualifiername>
    </meshheading>
    <meshheading>
     <descriptorname majortopicyn="N">
      Clinical Trials as Topic
     </descriptorname>
    </meshheading>
    <meshheading>
     <descriptorname majortopicyn="N">
      Evidence-Based Medicine
     </descriptorname>
    </meshheading>
    <meshheading>
     <descriptorname majortopicyn="N">
      Female
     </descriptorname>
    </meshheading>
    <meshheading>
     <descriptorname majortopicyn="N">
      Humans
     </descriptorname>
    </meshheading>
    <meshheading>
     <descriptorname majortopicyn="N">
      Ligation
     </descriptorname>
    </meshheading>
    <meshheading>
     <descriptorname majortopicyn="N">
      Male
     </descriptorname>
    </meshheading>
    <meshheading>
     <descriptorname majortopicyn="N">
      Middle Aged
     </descriptorname>
    </meshheading>
    <meshheading>
     <descriptorname majortopicyn="N">
      Outcome and Process Assessment (Health Care)
     </descriptorname>
    </meshheading>
    <meshheading>
     <descriptorname majortopicyn="N">
      Thrombophlebitis
     </descriptorname>
     <qualifiername majortopicyn="N">
      drug therapy
     </qualifiername>
     <qualifiername majortopicyn="Y">
      surgery
     </qualifiername>
    </meshheading>
   </meshheadinglist>
  </medlinecitation>
  <pubmeddata>
   <history>
    <pubmedpubdate pubstatus="pubmed">
     <year>
      2001
     </year>
     <month>
      11
     </month>
     <day>
      16
     </day>
     <hour>
      10
     </hour>
     <minute>
      0
     </minute>
    </pubmedpubdate>
    <pubmedpubdate pubstatus="medline">
     <year>
      2002
     </year>
     <month>
      1
     </month>
     <day>
      5
     </day>
     <hour>
      10
     </hour>
     <minute>
      1
     </minute>
    </pubmedpubdate>
    <pubmedpubdate pubstatus="entrez">
     <year>
      2001
     </year>
     <month>
      11
     </month>
     <day>
      16
     </day>
     <hour>
      10
     </hour>
     <minute>
      0
     </minute>
    </pubmedpubdate>
   </history>
   <publicationstatus>
    ppublish
   </publicationstatus>
   <articleidlist>
    <articleid idtype="pubmed">
     11708514
    </articleid>
    <articleid idtype="pii">
     S1072-7515(01)01043-2
    </articleid>
   </articleidlist>
  </pubmeddata>
 </pubmedarticle>
</pubmedarticleset>

