<?xml version='1.0' encoding='utf-8'?>
<!DOCTYPE PubmedArticleSet PUBLIC "-//NLM//DTD PubMedArticle, 1st January 2011//EN" "http://www.ncbi.nlm.nih.gov/entrez/query/DTD/pubmed_110101.dtd">
<pubmedarticleset>
 <pubmedarticle>
  <medlinecitation owner="NLM" status="MEDLINE">
   <pmid version="1">
    11724031
   </pmid>
   <datecreated>
    <year>
     2001
    </year>
    <month>
     11
    </month>
    <day>
     27
    </day>
   </datecreated>
   <datecompleted>
    <year>
     2001
    </year>
    <month>
     12
    </month>
    <day>
     14
    </day>
   </datecompleted>
   <daterevised>
    <year>
     2004
    </year>
    <month>
     11
    </month>
    <day>
     17
    </day>
   </daterevised>
   <article pubmodel="Print">
    <journal>
     <issn issntype="Print">
      0020-7292
     </issn>
     <journalissue citedmedium="Print">
      <volume>
       75
      </volume>
      <issue>
       2
      </issue>
      <pubdate>
       <year>
        2001
       </year>
       <month>
        Nov
       </month>
      </pubdate>
     </journalissue>
     <title>
      International journal of gynaecology and obstetrics: the official organ of the International Federation of Gynaecology and Obstetrics
     </title>
     <isoabbreviation>
      Int J Gynaecol Obstet
     </isoabbreviation>
    </journal>
    <articletitle>
     ACOG practice bulletin. Thrombembolism in pregnancy.
    </articletitle>
    <pagination>
     <medlinepgn>
      203-12
     </medlinepgn>
    </pagination>
    <authorlist completeyn="Y">
     <author validyn="Y">
      <lastname>
       Barbour
      </lastname>
      <forename>
       L A
      </forename>
      <initials>
       LA
      </initials>
     </author>
     <author validyn="Y">
      <collectivename>
       ACOG Committee on Practice Bulletins--Obstetrics
      </collectivename>
     </author>
    </authorlist>
    <language>
     eng
    </language>
    <publicationtypelist>
     <publicationtype>
      Guideline
     </publicationtype>
     <publicationtype>
      Journal Article
     </publicationtype>
     <publicationtype>
      Practice Guideline
     </publicationtype>
    </publicationtypelist>
   </article>
   <medlinejournalinfo>
    <country>
     Ireland
    </country>
    <medlineta>
     Int J Gynaecol Obstet
    </medlineta>
    <nlmuniqueid>
     0210174
    </nlmuniqueid>
    <issnlinking>
     0020-7292
    </issnlinking>
   </medlinejournalinfo>
   <chemicallist>
    <chemical>
     <registrynumber>
      0
     </registrynumber>
     <nameofsubstance>
      Anticoagulants
     </nameofsubstance>
    </chemical>
    <chemical>
     <registrynumber>
      0
     </registrynumber>
     <nameofsubstance>
      Heparin, Low-Molecular-Weight
     </nameofsubstance>
    </chemical>
    <chemical>
     <registrynumber>
      81-81-2
     </registrynumber>
     <nameofsubstance>
      Warfarin
     </nameofsubstance>
    </chemical>
    <chemical>
     <registrynumber>
      9005-49-6
     </registrynumber>
     <nameofsubstance>
      Heparin
     </nameofsubstance>
    </chemical>
   </chemicallist>
   <citationsubset>
    IM
   </citationsubset>
   <meshheadinglist>
    <meshheading>
     <descriptorname majortopicyn="N">
      Anesthesia, Conduction
     </descriptorname>
    </meshheading>
    <meshheading>
     <descriptorname majortopicyn="N">
      Anticoagulants
     </descriptorname>
     <qualifiername majortopicyn="N">
      therapeutic use
     </qualifiername>
    </meshheading>
    <meshheading>
     <descriptorname majortopicyn="N">
      Evidence-Based Medicine
     </descriptorname>
    </meshheading>
    <meshheading>
     <descriptorname majortopicyn="N">
      Female
     </descriptorname>
    </meshheading>
    <meshheading>
     <descriptorname majortopicyn="N">
      Heparin
     </descriptorname>
     <qualifiername majortopicyn="N">
      therapeutic use
     </qualifiername>
    </meshheading>
    <meshheading>
     <descriptorname majortopicyn="N">
      Heparin, Low-Molecular-Weight
     </descriptorname>
     <qualifiername majortopicyn="N">
      therapeutic use
     </qualifiername>
    </meshheading>
    <meshheading>
     <descriptorname majortopicyn="N">
      Humans
     </descriptorname>
    </meshheading>
    <meshheading>
     <descriptorname majortopicyn="N">
      Pregnancy
     </descriptorname>
    </meshheading>
    <meshheading>
     <descriptorname majortopicyn="N">
      Pregnancy Complications, Cardiovascular
     </descriptorname>
     <qualifiername majortopicyn="N">
      diagnosis
     </qualifiername>
     <qualifiername majortopicyn="N">
      epidemiology
     </qualifiername>
     <qualifiername majortopicyn="N">
      prevention &amp; control
     </qualifiername>
     <qualifiername majortopicyn="Y">
      therapy
     </qualifiername>
    </meshheading>
    <meshheading>
     <descriptorname majortopicyn="N">
      Pulmonary Embolism
     </descriptorname>
     <qualifiername majortopicyn="N">
      diagnosis
     </qualifiername>
    </meshheading>
    <meshheading>
     <descriptorname majortopicyn="N">
      Risk Factors
     </descriptorname>
    </meshheading>
    <meshheading>
     <descriptorname majortopicyn="N">
      Thromboembolism
     </descriptorname>
     <qualifiername majortopicyn="N">
      diagnosis
     </qualifiername>
     <qualifiername majortopicyn="N">
      epidemiology
     </qualifiername>
     <qualifiername majortopicyn="N">
      prevention &amp; control
     </qualifiername>
     <qualifiername majortopicyn="Y">
      therapy
     </qualifiername>
    </meshheading>
    <meshheading>
     <descriptorname majortopicyn="N">
      Thrombophilia
     </descriptorname>
     <qualifiername majortopicyn="N">
      diagnosis
     </qualifiername>
    </meshheading>
    <meshheading>
     <descriptorname majortopicyn="N">
      Venous Thrombosis
     </descriptorname>
     <qualifiername majortopicyn="N">
      diagnosis
     </qualifiername>
    </meshheading>
    <meshheading>
     <descriptorname majortopicyn="N">
      Warfarin
     </descriptorname>
     <qualifiername majortopicyn="N">
      therapeutic use
     </qualifiername>
    </meshheading>
   </meshheadinglist>
  </medlinecitation>
  <pubmeddata>
   <history>
    <pubmedpubdate pubstatus="pubmed">
     <year>
      2001
     </year>
     <month>
      11
     </month>
     <day>
      29
     </day>
     <hour>
      10
     </hour>
     <minute>
      0
     </minute>
    </pubmedpubdate>
    <pubmedpubdate pubstatus="medline">
     <year>
      2002
     </year>
     <month>
      1
     </month>
     <day>
      5
     </day>
     <hour>
      10
     </hour>
     <minute>
      1
     </minute>
    </pubmedpubdate>
    <pubmedpubdate pubstatus="entrez">
     <year>
      2001
     </year>
     <month>
      11
     </month>
     <day>
      29
     </day>
     <hour>
      10
     </hour>
     <minute>
      0
     </minute>
    </pubmedpubdate>
   </history>
   <publicationstatus>
    ppublish
   </publicationstatus>
   <articleidlist>
    <articleid idtype="pubmed">
     11724031
    </articleid>
   </articleidlist>
  </pubmeddata>
 </pubmedarticle>
</pubmedarticleset>

