<?xml version='1.0' encoding='utf-8'?>
<!DOCTYPE PubmedArticleSet PUBLIC "-//NLM//DTD PubMedArticle, 1st January 2011//EN" "http://www.ncbi.nlm.nih.gov/entrez/query/DTD/pubmed_110101.dtd">
<pubmedarticleset>
 <pubmedarticle>
  <medlinecitation owner="NLM" status="MEDLINE">
   <pmid version="1">
    11732123
   </pmid>
   <datecreated>
    <year>
     2001
    </year>
    <month>
     12
    </month>
    <day>
     04
    </day>
   </datecreated>
   <datecompleted>
    <year>
     2002
    </year>
    <month>
     01
    </month>
    <day>
     23
    </day>
   </datecompleted>
   <daterevised>
    <year>
     2006
    </year>
    <month>
     11
    </month>
    <day>
     15
    </day>
   </daterevised>
   <article pubmodel="Print">
    <journal>
     <issn issntype="Print">
      0031-3955
     </issn>
     <journalissue citedmedium="Print">
      <volume>
       48
      </volume>
      <issue>
       6
      </issue>
      <pubdate>
       <year>
        2001
       </year>
       <month>
        Dec
       </month>
      </pubdate>
     </journalissue>
     <title>
      Pediatric clinics of North America
     </title>
     <isoabbreviation>
      Pediatr. Clin. North Am.
     </isoabbreviation>
    </journal>
    <articletitle>
     Pediatric urine testing.
    </articletitle>
    <pagination>
     <medlinepgn>
      1425-40; vii-viii
     </medlinepgn>
    </pagination>
    <abstract>
     <abstracttext>
      Today, urinalysis is one of the most common clinical tests ordered for adult and pediatric patients. Because urine specimens are usually readily available and are obtained noninvasively, the urine testing is well suited for children. This article discusses the most common urine tests performed in children for screening purposes and also less common tests for diagnosis of specific disorders. Special considerations regarding urine specimen collection in children are discussed. Some simple tests that are underused by clinicians are mentioned, as are some exciting new molecular applications of urine testing.
     </abstracttext>
    </abstract>
    <affiliation>
     Department of Urology, University of California Los Angeles School of Medicine, USA.
    </affiliation>
    <authorlist completeyn="Y">
     <author validyn="Y">
      <lastname>
       Liao
      </lastname>
      <forename>
       J C
      </forename>
      <initials>
       JC
      </initials>
     </author>
     <author validyn="Y">
      <lastname>
       Churchill
      </lastname>
      <forename>
       B M
      </forename>
      <initials>
       BM
      </initials>
     </author>
    </authorlist>
    <language>
     eng
    </language>
    <publicationtypelist>
     <publicationtype>
      Journal Article
     </publicationtype>
     <publicationtype>
      Research Support, Non-U.S. Gov't
     </publicationtype>
     <publicationtype>
      Review
     </publicationtype>
    </publicationtypelist>
   </article>
   <medlinejournalinfo>
    <country>
     United States
    </country>
    <medlineta>
     Pediatr Clin North Am
    </medlineta>
    <nlmuniqueid>
     0401126
    </nlmuniqueid>
    <issnlinking>
     0031-3955
    </issnlinking>
   </medlinejournalinfo>
   <citationsubset>
    AIM
   </citationsubset>
   <citationsubset>
    IM
   </citationsubset>
   <meshheadinglist>
    <meshheading>
     <descriptorname majortopicyn="N">
      Child
     </descriptorname>
    </meshheading>
    <meshheading>
     <descriptorname majortopicyn="N">
      Humans
     </descriptorname>
    </meshheading>
    <meshheading>
     <descriptorname majortopicyn="Y">
      Urinalysis
     </descriptorname>
     <qualifiername majortopicyn="N">
      methods
     </qualifiername>
    </meshheading>
    <meshheading>
     <descriptorname majortopicyn="N">
      Urinary Tract Infections
     </descriptorname>
     <qualifiername majortopicyn="N">
      diagnosis
     </qualifiername>
    </meshheading>
    <meshheading>
     <descriptorname majortopicyn="N">
      Urine
     </descriptorname>
     <qualifiername majortopicyn="N">
      chemistry
     </qualifiername>
     <qualifiername majortopicyn="N">
      cytology
     </qualifiername>
    </meshheading>
    <meshheading>
     <descriptorname majortopicyn="N">
      Urologic Diseases
     </descriptorname>
     <qualifiername majortopicyn="N">
      diagnosis
     </qualifiername>
    </meshheading>
   </meshheadinglist>
   <numberofreferences>
    38
   </numberofreferences>
  </medlinecitation>
  <pubmeddata>
   <history>
    <pubmedpubdate pubstatus="pubmed">
     <year>
      2001
     </year>
     <month>
      12
     </month>
     <day>
      6
     </day>
     <hour>
      10
     </hour>
     <minute>
      0
     </minute>
    </pubmedpubdate>
    <pubmedpubdate pubstatus="medline">
     <year>
      2002
     </year>
     <month>
      1
     </month>
     <day>
      24
     </day>
     <hour>
      10
     </hour>
     <minute>
      1
     </minute>
    </pubmedpubdate>
    <pubmedpubdate pubstatus="entrez">
     <year>
      2001
     </year>
     <month>
      12
     </month>
     <day>
      6
     </day>
     <hour>
      10
     </hour>
     <minute>
      0
     </minute>
    </pubmedpubdate>
   </history>
   <publicationstatus>
    ppublish
   </publicationstatus>
   <articleidlist>
    <articleid idtype="pubmed">
     11732123
    </articleid>
   </articleidlist>
  </pubmeddata>
 </pubmedarticle>
</pubmedarticleset>

