<?xml version='1.0' encoding='utf-8'?>
<!DOCTYPE PubmedArticleSet PUBLIC "-//NLM//DTD PubMedArticle, 1st January 2011//EN" "http://www.ncbi.nlm.nih.gov/entrez/query/DTD/pubmed_110101.dtd">
<pubmedarticleset>
 <pubmedarticle>
  <medlinecitation owner="NLM" status="MEDLINE">
   <pmid version="1">
    11759078
   </pmid>
   <datecreated>
    <year>
     2001
    </year>
    <month>
     12
    </month>
    <day>
     07
    </day>
   </datecreated>
   <datecompleted>
    <year>
     2002
    </year>
    <month>
     01
    </month>
    <day>
     11
    </day>
   </datecompleted>
   <daterevised>
    <year>
     2005
    </year>
    <month>
     11
    </month>
    <day>
     16
    </day>
   </daterevised>
   <article pubmodel="Print">
    <journal>
     <issn issntype="Print">
      0002-838X
     </issn>
     <journalissue citedmedium="Print">
      <volume>
       64
      </volume>
      <issue>
       10
      </issue>
      <pubdate>
       <year>
        2001
       </year>
       <month>
        Nov
       </month>
       <day>
        15
       </day>
      </pubdate>
     </journalissue>
     <title>
      American family physician
     </title>
     <isoabbreviation>
      Am Fam Physician
     </isoabbreviation>
    </journal>
    <articletitle>
     Treatment of hypothyroidism.
    </articletitle>
    <pagination>
     <medlinepgn>
      1717-24
     </medlinepgn>
    </pagination>
    <abstract>
     <abstracttext>
      Thyroid disease affects up to 0.5 percent of the population of the United States. Its prevalence is higher in women and the elderly. The management of hypothyroidism focuses on ensuring that patients receive appropriate thyroid hormone replacement therapy and monitoring their response. Hormone replacement should be initiated in a low dosage, especially in the elderly and in patients prone to cardiac problems. The dosage should be increased gradually, and laboratory values should be monitored six to eight weeks after any dosage change. Once a stable dosage is achieved, annual monitoring of the thyroid-stimulating hormone (TSH) level is probably unnecessary, except in older patients. After full replacement of thyroxine (T4) using levothyroxine, the addition of triiodothyronine (T3) in a low dosage may be beneficial in some patients who continue to have mood or memory problems. The management of patients with subclinical hypothyroidism (a high TSH in the presence of normal free T4 and T3 levels) remains controversial. In these patients, physicians should weigh the benefits of replacement (e.g., improved cardiac function) against problems that can accompany the excessive use of levothyroxine (e.g., osteoporosis).
     </abstracttext>
    </abstract>
    <affiliation>
     Department of Family Medicine, Medical University of South Carolina, Charleston, 29425, USA. huestowj@musc.edu
    </affiliation>
    <authorlist completeyn="Y">
     <author validyn="Y">
      <lastname>
       Hueston
      </lastname>
      <forename>
       W J
      </forename>
      <initials>
       WJ
      </initials>
     </author>
    </authorlist>
    <language>
     eng
    </language>
    <publicationtypelist>
     <publicationtype>
      Journal Article
     </publicationtype>
     <publicationtype>
      Review
     </publicationtype>
    </publicationtypelist>
   </article>
   <medlinejournalinfo>
    <country>
     United States
    </country>
    <medlineta>
     Am Fam Physician
    </medlineta>
    <nlmuniqueid>
     1272646
    </nlmuniqueid>
    <issnlinking>
     0002-838X
    </issnlinking>
   </medlinejournalinfo>
   <chemicallist>
    <chemical>
     <registrynumber>
      0
     </registrynumber>
     <nameofsubstance>
      Thyroid Hormones
     </nameofsubstance>
    </chemical>
   </chemicallist>
   <citationsubset>
    AIM
   </citationsubset>
   <citationsubset>
    IM
   </citationsubset>
   <commentscorrectionslist>
    <commentscorrections reftype="CommentIn">
     <refsource>
      Am Fam Physician. 2002 Jun 1;65(11):2212; author reply 2212, 2214
     </refsource>
     <pmid version="1">
      12074522
     </pmid>
    </commentscorrections>
    <commentscorrections reftype="ErratumIn">
     <refsource>
      Am Fam Physician 2002 Jun 15;65(12):2438
     </refsource>
    </commentscorrections>
   </commentscorrectionslist>
   <meshheadinglist>
    <meshheading>
     <descriptorname majortopicyn="N">
      Drug Interactions
     </descriptorname>
    </meshheading>
    <meshheading>
     <descriptorname majortopicyn="Y">
      Hormone Replacement Therapy
     </descriptorname>
    </meshheading>
    <meshheading>
     <descriptorname majortopicyn="N">
      Humans
     </descriptorname>
    </meshheading>
    <meshheading>
     <descriptorname majortopicyn="N">
      Hypothyroidism
     </descriptorname>
     <qualifiername majortopicyn="N">
      diagnosis
     </qualifiername>
     <qualifiername majortopicyn="Y">
      drug therapy
     </qualifiername>
     <qualifiername majortopicyn="N">
      epidemiology
     </qualifiername>
     <qualifiername majortopicyn="N">
      etiology
     </qualifiername>
    </meshheading>
    <meshheading>
     <descriptorname majortopicyn="N">
      Thyroid Hormones
     </descriptorname>
     <qualifiername majortopicyn="N">
      administration &amp; dosage
     </qualifiername>
     <qualifiername majortopicyn="Y">
      therapeutic use
     </qualifiername>
    </meshheading>
    <meshheading>
     <descriptorname majortopicyn="N" type="Geographic">
      United States
     </descriptorname>
     <qualifiername majortopicyn="N">
      epidemiology
     </qualifiername>
    </meshheading>
   </meshheadinglist>
   <numberofreferences>
    24
   </numberofreferences>
  </medlinecitation>
  <pubmeddata>
   <history>
    <pubmedpubdate pubstatus="pubmed">
     <year>
      2002
     </year>
     <month>
      1
     </month>
     <day>
      5
     </day>
     <hour>
      10
     </hour>
     <minute>
      0
     </minute>
    </pubmedpubdate>
    <pubmedpubdate pubstatus="medline">
     <year>
      2002
     </year>
     <month>
      1
     </month>
     <day>
      12
     </day>
     <hour>
      10
     </hour>
     <minute>
      1
     </minute>
    </pubmedpubdate>
    <pubmedpubdate pubstatus="entrez">
     <year>
      2002
     </year>
     <month>
      1
     </month>
     <day>
      5
     </day>
     <hour>
      10
     </hour>
     <minute>
      0
     </minute>
    </pubmedpubdate>
   </history>
   <publicationstatus>
    ppublish
   </publicationstatus>
   <articleidlist>
    <articleid idtype="pubmed">
     11759078
    </articleid>
   </articleidlist>
  </pubmeddata>
 </pubmedarticle>
</pubmedarticleset>

