<?xml version='1.0' encoding='utf-8'?>
<!DOCTYPE PubmedArticleSet PUBLIC "-//NLM//DTD PubMedArticle, 1st January 2011//EN" "http://www.ncbi.nlm.nih.gov/entrez/query/DTD/pubmed_110101.dtd">
<pubmedarticleset>
 <pubmedarticle>
  <medlinecitation owner="NLM" status="MEDLINE">
   <pmid version="1">
    11814369
   </pmid>
   <datecreated>
    <year>
     2002
    </year>
    <month>
     01
    </month>
    <day>
     29
    </day>
   </datecreated>
   <datecompleted>
    <year>
     2002
    </year>
    <month>
     02
    </month>
    <day>
     20
    </day>
   </datecompleted>
   <daterevised>
    <year>
     2007
    </year>
    <month>
     11
    </month>
    <day>
     15
    </day>
   </daterevised>
   <article pubmodel="Print">
    <journal>
     <issn issntype="Print">
      1072-4710
     </issn>
     <journalissue citedmedium="Print">
      <volume>
       156
      </volume>
      <issue>
       2
      </issue>
      <pubdate>
       <year>
        2002
       </year>
       <month>
        Feb
       </month>
      </pubdate>
     </journalissue>
     <title>
      Archives of pediatrics &amp; adolescent medicine
     </title>
     <isoabbreviation>
      Arch Pediatr Adolesc Med
     </isoabbreviation>
    </journal>
    <articletitle>
     A systematic review of nonpharmacological and nonsurgical therapies for gastroesophageal reflux in infants.
    </articletitle>
    <pagination>
     <medlinepgn>
      109-13
     </medlinepgn>
    </pagination>
    <abstract>
     <abstracttext label="BACKGROUND" nlmcategory="BACKGROUND">
      Nonpharmacological and nonsurgical measures are often recommended for gastroesophageal reflux disease (GERD) in infants, despite ambiguous supporting evidence.
     </abstracttext>
     <abstracttext label="OBJECTIVE" nlmcategory="OBJECTIVE">
      To conduct a systematic review of rigorously evaluated nonpharmacological and nonsurgical therapies for GERD in infants.
     </abstracttext>
     <abstracttext label="DESIGN/METHODS" nlmcategory="METHODS">
      We searched online bibliographic databases, including MEDLINE, EMBASE, the Cochrane Collaboration and Clinical Trials Database, and alternative medicine databases for the terms gastroesophageal reflux and infants. We selected randomized controlled trials of nonpharmacological and nonsurgical GERD therapies in otherwise healthy infants. Data were extracted from the selected articles regarding reflux, emetic episodes and intraesophageal pH.
     </abstracttext>
     <abstracttext label="RESULTS" nlmcategory="RESULTS">
      We identified 43 relevant studies, of which 10 met the selection criteria. These studies examined positioning, pacifier use, and feeding changes. Positioning at a 60 degree elevation in an infant seat was found to increase reflux compared with the prone position. No significant difference was shown between the flat and head-elevated prone positions. The impact of pacifier use on reflux frequency was equivocal and dependent on infant position. The protein content of formula was not found to affect reflux. Although no study demonstrated a significant reflux-reducing benefit of thickened infant foods compared with placebo, 1 study detected a significant benefit of formula thickened with carob bean gum compared with rice flour (pH&lt;4 for 5% vs 8% of time). Another study showed that if supplementing with dextrose 5% water or dextrose 10% water, the lower-osmolality fluid was associated with less reflux.
     </abstracttext>
     <abstracttext label="CONCLUSIONS" nlmcategory="CONCLUSIONS">
      Many conservative measures commonly used to treat GERD in infants have no proven efficacy. Although thickened formulas do not appear to reduce measurable reflux, they may reduce vomiting. Further studies with clinical outcomes are needed to answer questions about efficacy definitively.
     </abstracttext>
    </abstract>
    <affiliation>
     Robert Wood Johnson Clinical Scholars Program, University of Washington, H-220 Health Sciences Center, Box 357183, Seattle, WA 98195-7183, USA. acarro@u.washington.edu
    </affiliation>
    <authorlist completeyn="Y">
     <author validyn="Y">
      <lastname>
       Carroll
      </lastname>
      <forename>
       Aaron E
      </forename>
      <initials>
       AE
      </initials>
     </author>
     <author validyn="Y">
      <lastname>
       Garrison
      </lastname>
      <forename>
       Michelle M
      </forename>
      <initials>
       MM
      </initials>
     </author>
     <author validyn="Y">
      <lastname>
       Christakis
      </lastname>
      <forename>
       Dimitri A
      </forename>
      <initials>
       DA
      </initials>
     </author>
    </authorlist>
    <language>
     eng
    </language>
    <publicationtypelist>
     <publicationtype>
      Journal Article
     </publicationtype>
     <publicationtype>
      Review
     </publicationtype>
    </publicationtypelist>
   </article>
   <medlinejournalinfo>
    <country>
     United States
    </country>
    <medlineta>
     Arch Pediatr Adolesc Med
    </medlineta>
    <nlmuniqueid>
     9422751
    </nlmuniqueid>
    <issnlinking>
     1072-4710
    </issnlinking>
   </medlinejournalinfo>
   <citationsubset>
    AIM
   </citationsubset>
   <citationsubset>
    IM
   </citationsubset>
   <meshheadinglist>
    <meshheading>
     <descriptorname majortopicyn="N">
      Gastroesophageal Reflux
     </descriptorname>
     <qualifiername majortopicyn="N">
      epidemiology
     </qualifiername>
     <qualifiername majortopicyn="Y">
      therapy
     </qualifiername>
    </meshheading>
    <meshheading>
     <descriptorname majortopicyn="N">
      Humans
     </descriptorname>
    </meshheading>
    <meshheading>
     <descriptorname majortopicyn="N">
      Infant
     </descriptorname>
    </meshheading>
    <meshheading>
     <descriptorname majortopicyn="Y">
      Infant Food
     </descriptorname>
    </meshheading>
    <meshheading>
     <descriptorname majortopicyn="N">
      Infant, Newborn
     </descriptorname>
    </meshheading>
    <meshheading>
     <descriptorname majortopicyn="N">
      Prevalence
     </descriptorname>
    </meshheading>
    <meshheading>
     <descriptorname majortopicyn="N">
      Prone Position
     </descriptorname>
    </meshheading>
    <meshheading>
     <descriptorname majortopicyn="N">
      Randomized Controlled Trials as Topic
     </descriptorname>
    </meshheading>
   </meshheadinglist>
   <numberofreferences>
    47
   </numberofreferences>
  </medlinecitation>
  <pubmeddata>
   <history>
    <pubmedpubdate pubstatus="pubmed">
     <year>
      2002
     </year>
     <month>
      2
     </month>
     <day>
      9
     </day>
     <hour>
      10
     </hour>
     <minute>
      0
     </minute>
    </pubmedpubdate>
    <pubmedpubdate pubstatus="medline">
     <year>
      2002
     </year>
     <month>
      2
     </month>
     <day>
      21
     </day>
     <hour>
      10
     </hour>
     <minute>
      1
     </minute>
    </pubmedpubdate>
    <pubmedpubdate pubstatus="entrez">
     <year>
      2002
     </year>
     <month>
      2
     </month>
     <day>
      9
     </day>
     <hour>
      10
     </hour>
     <minute>
      0
     </minute>
    </pubmedpubdate>
   </history>
   <publicationstatus>
    ppublish
   </publicationstatus>
   <articleidlist>
    <articleid idtype="pubmed">
     11814369
    </articleid>
    <articleid idtype="pii">
     poa10190
    </articleid>
   </articleidlist>
  </pubmeddata>
 </pubmedarticle>
</pubmedarticleset>

