<?xml version='1.0' encoding='utf-8'?>
<!DOCTYPE PubmedArticleSet PUBLIC "-//NLM//DTD PubMedArticle, 1st January 2011//EN" "http://www.ncbi.nlm.nih.gov/entrez/query/DTD/pubmed_110101.dtd">
<pubmedarticleset>
 <pubmedarticle>
  <medlinecitation owner="NLM" status="MEDLINE">
   <pmid version="1">
    11826195
   </pmid>
   <datecreated>
    <year>
     2002
    </year>
    <month>
     02
    </month>
    <day>
     04
    </day>
   </datecreated>
   <datecompleted>
    <year>
     2002
    </year>
    <month>
     03
    </month>
    <day>
     12
    </day>
   </datecompleted>
   <daterevised>
    <year>
     2006
    </year>
    <month>
     11
    </month>
    <day>
     15
    </day>
   </daterevised>
   <article pubmodel="Print">
    <journal>
     <issn issntype="Electronic">
      1098-4275
     </issn>
     <journalissue citedmedium="Internet">
      <volume>
       109
      </volume>
      <issue>
       2
      </issue>
      <pubdate>
       <year>
        2002
       </year>
       <month>
        Feb
       </month>
      </pubdate>
     </journalissue>
     <title>
      Pediatrics
     </title>
     <isoabbreviation>
      Pediatrics
     </isoabbreviation>
    </journal>
    <articletitle>
     Infant weight gain and childhood overweight status in a multicenter, cohort study.
    </articletitle>
    <pagination>
     <medlinepgn>
      194-9
     </medlinepgn>
    </pagination>
    <abstract>
     <abstracttext label="OBJECTIVE" nlmcategory="OBJECTIVE">
      To determine whether a rapid rate of weight gain in early infancy is associated with overweight status in childhood.
     </abstracttext>
     <abstracttext label="DESIGN" nlmcategory="METHODS">
      Prospective, cohort study from birth to age 7 years.
     </abstracttext>
     <abstracttext label="SETTING" nlmcategory="METHODS">
      Twelve sites across the United States.
     </abstracttext>
     <abstracttext label="PARTICIPANTS" nlmcategory="METHODS">
      Twenty-seven thousand, eight hundred ninety-nine (27 899) eligible participants born at full term between 1959 and 1965.
     </abstracttext>
     <abstracttext label="MAIN OUTCOME MEASURE" nlmcategory="METHODS">
      Overweight status at age 7 years, defined by a body mass index above the 95th percentile of the Centers for Disease Control and Prevention reference data.
     </abstracttext>
     <abstracttext label="RESULTS" nlmcategory="RESULTS">
      In the 19 397 participants with complete data (69.6%), the prevalence of overweight status at age 7 years was 5.4%. The rate of weight gain during the first 4 months of life (as 100 g/month) was associated with being overweight at age 7 years, after adjustment for several confounding factors: odds ratio: 1.38; 95% confidence interval: 1.32-1.44. This association was present in each birth weight quintile, and remained significant after adjustment for the weight attained at age 1 year (odds ratio: 1.17; 95% confidence interval: 1.11-1.24).
     </abstracttext>
     <abstracttext label="CONCLUSIONS" nlmcategory="CONCLUSIONS">
      A pattern of rapid weight gain during the first 4 months of life was associated with an increased risk of overweight status at age 7 years, independent of birth weight and weight attained at age 1 year. These findings may lead to new hypotheses regarding the cause of childhood obesity, which may contribute to our understanding of this increasing public health problem in the United States.
     </abstracttext>
    </abstract>
    <affiliation>
     The Children's Hospital of Philadelphia, Division of Gastroenterology and Nutrition, Philadelphia, Pennsylvania 19104-4399, USA. nstettle@cceb.med.upenn.edu
    </affiliation>
    <authorlist completeyn="Y">
     <author validyn="Y">
      <lastname>
       Stettler
      </lastname>
      <forename>
       Nicolas
      </forename>
      <initials>
       N
      </initials>
     </author>
     <author validyn="Y">
      <lastname>
       Zemel
      </lastname>
      <forename>
       Babette S
      </forename>
      <initials>
       BS
      </initials>
     </author>
     <author validyn="Y">
      <lastname>
       Kumanyika
      </lastname>
      <forename>
       Shiriki
      </forename>
      <initials>
       S
      </initials>
     </author>
     <author validyn="Y">
      <lastname>
       Stallings
      </lastname>
      <forename>
       Virginia A
      </forename>
      <initials>
       VA
      </initials>
     </author>
    </authorlist>
    <language>
     eng
    </language>
    <publicationtypelist>
     <publicationtype>
      Comparative Study
     </publicationtype>
     <publicationtype>
      Journal Article
     </publicationtype>
     <publicationtype>
      Multicenter Study
     </publicationtype>
     <publicationtype>
      Research Support, Non-U.S. Gov't
     </publicationtype>
    </publicationtypelist>
   </article>
   <medlinejournalinfo>
    <country>
     United States
    </country>
    <medlineta>
     Pediatrics
    </medlineta>
    <nlmuniqueid>
     0376422
    </nlmuniqueid>
    <issnlinking>
     0031-4005
    </issnlinking>
   </medlinejournalinfo>
   <citationsubset>
    AIM
   </citationsubset>
   <citationsubset>
    IM
   </citationsubset>
   <meshheadinglist>
    <meshheading>
     <descriptorname majortopicyn="N">
      Adult
     </descriptorname>
    </meshheading>
    <meshheading>
     <descriptorname majortopicyn="N">
      Age Factors
     </descriptorname>
    </meshheading>
    <meshheading>
     <descriptorname majortopicyn="N">
      Birth Weight
     </descriptorname>
    </meshheading>
    <meshheading>
     <descriptorname majortopicyn="N">
      Body Mass Index
     </descriptorname>
    </meshheading>
    <meshheading>
     <descriptorname majortopicyn="N">
      Child Development
     </descriptorname>
     <qualifiername majortopicyn="Y">
      physiology
     </qualifiername>
    </meshheading>
    <meshheading>
     <descriptorname majortopicyn="N">
      Cohort Studies
     </descriptorname>
    </meshheading>
    <meshheading>
     <descriptorname majortopicyn="N">
      Confidence Intervals
     </descriptorname>
    </meshheading>
    <meshheading>
     <descriptorname majortopicyn="N">
      Female
     </descriptorname>
    </meshheading>
    <meshheading>
     <descriptorname majortopicyn="N">
      Gestational Age
     </descriptorname>
    </meshheading>
    <meshheading>
     <descriptorname majortopicyn="N">
      Humans
     </descriptorname>
    </meshheading>
    <meshheading>
     <descriptorname majortopicyn="N">
      Infant, Newborn
     </descriptorname>
    </meshheading>
    <meshheading>
     <descriptorname majortopicyn="N">
      Male
     </descriptorname>
    </meshheading>
    <meshheading>
     <descriptorname majortopicyn="N">
      Maternal Age
     </descriptorname>
    </meshheading>
    <meshheading>
     <descriptorname majortopicyn="N">
      Obesity
     </descriptorname>
     <qualifiername majortopicyn="Y">
      epidemiology
     </qualifiername>
    </meshheading>
    <meshheading>
     <descriptorname majortopicyn="N">
      Odds Ratio
     </descriptorname>
    </meshheading>
    <meshheading>
     <descriptorname majortopicyn="N">
      Pregnancy
     </descriptorname>
    </meshheading>
    <meshheading>
     <descriptorname majortopicyn="N">
      Prevalence
     </descriptorname>
    </meshheading>
    <meshheading>
     <descriptorname majortopicyn="N" type="Geographic">
      United States
     </descriptorname>
     <qualifiername majortopicyn="N">
      epidemiology
     </qualifiername>
    </meshheading>
    <meshheading>
     <descriptorname majortopicyn="N">
      Weight Gain
     </descriptorname>
     <qualifiername majortopicyn="Y">
      physiology
     </qualifiername>
    </meshheading>
   </meshheadinglist>
  </medlinecitation>
  <pubmeddata>
   <history>
    <pubmedpubdate pubstatus="pubmed">
     <year>
      2002
     </year>
     <month>
      2
     </month>
     <day>
      5
     </day>
     <hour>
      10
     </hour>
     <minute>
      0
     </minute>
    </pubmedpubdate>
    <pubmedpubdate pubstatus="medline">
     <year>
      2002
     </year>
     <month>
      3
     </month>
     <day>
      13
     </day>
     <hour>
      10
     </hour>
     <minute>
      1
     </minute>
    </pubmedpubdate>
    <pubmedpubdate pubstatus="entrez">
     <year>
      2002
     </year>
     <month>
      2
     </month>
     <day>
      5
     </day>
     <hour>
      10
     </hour>
     <minute>
      0
     </minute>
    </pubmedpubdate>
   </history>
   <publicationstatus>
    ppublish
   </publicationstatus>
   <articleidlist>
    <articleid idtype="pubmed">
     11826195
    </articleid>
   </articleidlist>
  </pubmeddata>
 </pubmedarticle>
</pubmedarticleset>

