<?xml version='1.0' encoding='utf-8'?>
<!DOCTYPE PubmedArticleSet PUBLIC "-//NLM//DTD PubMedArticle, 1st January 2011//EN" "http://www.ncbi.nlm.nih.gov/entrez/query/DTD/pubmed_110101.dtd">
<pubmedarticleset>
 <pubmedarticle>
  <medlinecitation owner="NLM" status="MEDLINE">
   <pmid version="1">
    11843383
   </pmid>
   <datecreated>
    <year>
     2002
    </year>
    <month>
     02
    </month>
    <day>
     14
    </day>
   </datecreated>
   <datecompleted>
    <year>
     2002
    </year>
    <month>
     02
    </month>
    <day>
     26
    </day>
   </datecompleted>
   <daterevised>
    <year>
     2006
    </year>
    <month>
     11
    </month>
    <day>
     15
    </day>
   </daterevised>
   <article pubmodel="Print">
    <journal>
     <issn issntype="Print">
      1470-0328
     </issn>
     <journalissue citedmedium="Print">
      <volume>
       108
      </volume>
      <issue>
       12
      </issue>
      <pubdate>
       <year>
        2001
       </year>
       <month>
        Dec
       </month>
      </pubdate>
     </journalissue>
     <title>
      BJOG : an international journal of obstetrics and gynaecology
     </title>
     <isoabbreviation>
      BJOG
     </isoabbreviation>
    </journal>
    <articletitle>
     Five-year follow up of women randomised to medical management or transcervical resection of the endometrium for heavy menstrual loss: clinical and quality of life outcomes.
    </articletitle>
    <pagination>
     <medlinepgn>
      1222-8
     </medlinepgn>
    </pagination>
    <abstract>
     <abstracttext label="OBJECTIVE" nlmcategory="OBJECTIVE">
      To assess clinical status, changes in health related quality of life, and subsequent management five years after medical management or transcervical resection of the endometrium for treatment of heavy menstrual loss.
     </abstracttext>
     <abstracttext label="DESIGN" nlmcategory="METHODS">
      Five year follow up using postal questionnaires and operative databank review.
     </abstracttext>
     <abstracttext label="SETTING" nlmcategory="METHODS">
      Gynaecology department of a large UK teaching hospital.
     </abstracttext>
     <abstracttext label="POPULATION" nlmcategory="METHODS">
      Women referred to the gynaecologist for treatment of heavy menstrual loss.
     </abstracttext>
     <abstracttext label="METHODS" nlmcategory="METHODS">
      Eligible women, without a treatment preference, were randomised equally to either medical treatment or transcervical resection of the endometrium.
     </abstracttext>
     <abstracttext label="MAIN OUTCOME MEASURES" nlmcategory="METHODS">
      Women's satisfaction with treatment, menstrual status, changes in health related quality of life, and additional treatments received at five years.
     </abstracttext>
     <abstracttext label="RESULTS" nlmcategory="RESULTS">
      One hundred and forty-four patients completed questionnaires, achieving 77% follow up (medical n = 71/94; transcervical resection of the endometrium n = 73/93). At five-year follow up, 7/71 (10%) of those randomised to the medical arm still used medical treatment, while 72/94 (77%) had undergone surgical treatment and 17/94 (18%) a hysterectomy. Twenty-five (27%) women allocated to transcervical resection of the endometrium had undergone further surgery, 18/93 (19%) a hysterectomy. At five years women initially randomised to medical treatment were significantly less likely to be totally satisfied (P &lt; 0.01, difference 21%, 95% CI -37% to -4%), or to recommend their allocated treatment to a friend (P &lt; 0.001, difference 59%, 95% CI -73% to -45%). Bleeding and pain scores were similar in both groups and highly significantly reduced. Significantly more women in the transcervical resection of the endometrium arm had no bleeding or very light bleeding (P &lt; 0.02, difference -22%, CI -31% to -4%), and they had significantly less days heavy bleeding (P &lt; 0.02). Short Form 36 health survey scores were significantly improved from baseline for all eight health scales in the transcervical resection of the endometrium arm, and four in the medical arm.
     </abstracttext>
     <abstracttext label="CONCLUSIONS" nlmcategory="CONCLUSIONS">
      A policy of immediate transcervical resection of the endometrium for women referred to a gynaecologist for treatment of heavy menstrual loss achieves higher levels of satisfaction, better menstrual status, and greater improvements in health related quality of life than medical treatment. In addition, transcervical resection of the endometrium is safe and does not lead to an increase in the number of hysterectomies. An effective endometrial ablative technique should be offered to all eligible women seeking treatment of their heavy menses from a gynaecologist.
     </abstracttext>
    </abstract>
    <affiliation>
     Department of Obstetrics and Gynaecology, Aberdeen Royal Infirmary, UK.
    </affiliation>
    <authorlist completeyn="Y">
     <author validyn="Y">
      <lastname>
       Cooper
      </lastname>
      <forename>
       K G
      </forename>
      <initials>
       KG
      </initials>
     </author>
     <author validyn="Y">
      <lastname>
       Jack
      </lastname>
      <forename>
       S A
      </forename>
      <initials>
       SA
      </initials>
     </author>
     <author validyn="Y">
      <lastname>
       Parkin
      </lastname>
      <forename>
       D E
      </forename>
      <initials>
       DE
      </initials>
     </author>
     <author validyn="Y">
      <lastname>
       Grant
      </lastname>
      <forename>
       A M
      </forename>
      <initials>
       AM
      </initials>
     </author>
    </authorlist>
    <language>
     eng
    </language>
    <publicationtypelist>
     <publicationtype>
      Clinical Trial
     </publicationtype>
     <publicationtype>
      Journal Article
     </publicationtype>
     <publicationtype>
      Randomized Controlled Trial
     </publicationtype>
     <publicationtype>
      Research Support, Non-U.S. Gov't
     </publicationtype>
    </publicationtypelist>
   </article>
   <medlinejournalinfo>
    <country>
     England
    </country>
    <medlineta>
     BJOG
    </medlineta>
    <nlmuniqueid>
     100935741
    </nlmuniqueid>
    <issnlinking>
     1470-0328
    </issnlinking>
   </medlinejournalinfo>
   <citationsubset>
    AIM
   </citationsubset>
   <citationsubset>
    IM
   </citationsubset>
   <commentscorrectionslist>
    <commentscorrections reftype="CommentIn">
     <refsource>
      BJOG. 2003 Jan;110(1):87
     </refsource>
     <pmid version="1">
      12504953
     </pmid>
    </commentscorrections>
   </commentscorrectionslist>
   <meshheadinglist>
    <meshheading>
     <descriptorname majortopicyn="N">
      Adult
     </descriptorname>
    </meshheading>
    <meshheading>
     <descriptorname majortopicyn="N">
      Endometrium
     </descriptorname>
     <qualifiername majortopicyn="Y">
      surgery
     </qualifiername>
    </meshheading>
    <meshheading>
     <descriptorname majortopicyn="N">
      Female
     </descriptorname>
    </meshheading>
    <meshheading>
     <descriptorname majortopicyn="N">
      Health Status
     </descriptorname>
    </meshheading>
    <meshheading>
     <descriptorname majortopicyn="N">
      Humans
     </descriptorname>
    </meshheading>
    <meshheading>
     <descriptorname majortopicyn="N">
      Hysterectomy
     </descriptorname>
     <qualifiername majortopicyn="N">
      methods
     </qualifiername>
    </meshheading>
    <meshheading>
     <descriptorname majortopicyn="N">
      Intrauterine Devices, Medicated
     </descriptorname>
    </meshheading>
    <meshheading>
     <descriptorname majortopicyn="N">
      Menorrhagia
     </descriptorname>
     <qualifiername majortopicyn="Y">
      drug therapy
     </qualifiername>
     <qualifiername majortopicyn="Y">
      surgery
     </qualifiername>
    </meshheading>
    <meshheading>
     <descriptorname majortopicyn="N">
      Patient Satisfaction
     </descriptorname>
    </meshheading>
    <meshheading>
     <descriptorname majortopicyn="N">
      Pelvic Pain
     </descriptorname>
     <qualifiername majortopicyn="N">
      etiology
     </qualifiername>
    </meshheading>
    <meshheading>
     <descriptorname majortopicyn="N">
      Quality of Life
     </descriptorname>
    </meshheading>
    <meshheading>
     <descriptorname majortopicyn="N">
      Questionnaires
     </descriptorname>
    </meshheading>
    <meshheading>
     <descriptorname majortopicyn="N">
      Survival Analysis
     </descriptorname>
    </meshheading>
    <meshheading>
     <descriptorname majortopicyn="N">
      Treatment Outcome
     </descriptorname>
    </meshheading>
   </meshheadinglist>
  </medlinecitation>
  <pubmeddata>
   <history>
    <pubmedpubdate pubstatus="pubmed">
     <year>
      2002
     </year>
     <month>
      2
     </month>
     <day>
      15
     </day>
     <hour>
      10
     </hour>
     <minute>
      0
     </minute>
    </pubmedpubdate>
    <pubmedpubdate pubstatus="medline">
     <year>
      2002
     </year>
     <month>
      2
     </month>
     <day>
      28
     </day>
     <hour>
      10
     </hour>
     <minute>
      1
     </minute>
    </pubmedpubdate>
    <pubmedpubdate pubstatus="entrez">
     <year>
      2002
     </year>
     <month>
      2
     </month>
     <day>
      15
     </day>
     <hour>
      10
     </hour>
     <minute>
      0
     </minute>
    </pubmedpubdate>
   </history>
   <publicationstatus>
    ppublish
   </publicationstatus>
   <articleidlist>
    <articleid idtype="pubmed">
     11843383
    </articleid>
   </articleidlist>
  </pubmeddata>
 </pubmedarticle>
</pubmedarticleset>

