<?xml version='1.0' encoding='utf-8'?>
<!DOCTYPE PubmedArticleSet PUBLIC "-//NLM//DTD PubMedArticle, 1st January 2011//EN" "http://www.ncbi.nlm.nih.gov/entrez/query/DTD/pubmed_110101.dtd">
<pubmedarticleset>
 <pubmedarticle>
  <medlinecitation owner="NLM" status="MEDLINE">
   <pmid version="1">
    11869676
   </pmid>
   <datecreated>
    <year>
     2002
    </year>
    <month>
     02
    </month>
    <day>
     28
    </day>
   </datecreated>
   <datecompleted>
    <year>
     2002
    </year>
    <month>
     05
    </month>
    <day>
     28
    </day>
   </datecompleted>
   <daterevised>
    <year>
     2004
    </year>
    <month>
     11
    </month>
    <day>
     17
    </day>
   </daterevised>
   <article pubmodel="Print">
    <journal>
     <issn issntype="Electronic">
      1469-493X
     </issn>
     <journalissue citedmedium="Internet">
      <issue>
       1
      </issue>
      <pubdate>
       <year>
        2002
       </year>
      </pubdate>
     </journalissue>
     <title>
      Cochrane database of systematic reviews (Online)
     </title>
     <isoabbreviation>
      Cochrane Database Syst Rev
     </isoabbreviation>
    </journal>
    <articletitle>
     Inhaled corticosteroid effects on bone metabolism in asthma and mild chronic obstructive pulmonary disease.
    </articletitle>
    <pagination>
     <medlinepgn>
      CD003537
     </medlinepgn>
    </pagination>
    <abstract>
     <abstracttext label="BACKGROUND" nlmcategory="BACKGROUND">
      Inhaled corticosteroids form the main therapy for asthma, but there is increasing concern about the potential systematic effects of long-term inhaled corticosteroids including their effect on bone metabolism and bone loss.
     </abstracttext>
     <abstracttext label="OBJECTIVES" nlmcategory="OBJECTIVE">
      To determine the effect of inhaled corticosteroids use on biochemical markers of bone turnover, bone mineral density and the development of fractures.
     </abstracttext>
     <abstracttext label="SEARCH STRATEGY" nlmcategory="METHODS">
      We searched the Cochrane Airways Group trials register, electronic reference databases, UK National Research Register, bibliographies of included studies, and contacted pharmaceutical companies.
     </abstracttext>
     <abstracttext label="SELECTION CRITERIA" nlmcategory="METHODS">
      Randomised trials of the effect of inhaled steroid versus placebo on markers of bone function and metabolism, in adults with asthma or mild COPD.
     </abstracttext>
     <abstracttext label="DATA COLLECTION AND ANALYSIS" nlmcategory="METHODS">
      Trial quality was assessed and data extracted from the papers included (2 reviewers per paper) and from additional data supplied by the authors.
     </abstracttext>
     <abstracttext label="MAIN RESULTS" nlmcategory="RESULTS">
      Of 438 references found, seven met the inclusion criteria. Three studies were in healthy subjects asthma or COPD. The patients were generally less than 60 years old and the male:female ratio was 2:1. There was no evidence of increased risk of loss of bone mineral density (BMD) or fractures. There was no significant change in osteocalcin at conventional doses of inhaled corticosteroids (Standardised Mean Difference [SMD] -0.34 (95% Confidence Interval [CI] -0.72, 0.04), although a statistically significant change was seen in those studies using experimental doses of inhaled steroid in excess of the doses recommended by the British Thoracic Society SMD 0.97 (95% CI -1.61, -0.34). A statistically significant change in parathyroid hormone seen in one small short trial (n=10, 6 weeks) may have been due to the trial design and outcome measurements used.
     </abstracttext>
     <abstracttext label="REVIEWER'S CONCLUSIONS" nlmcategory="CONCLUSIONS">
      In patients with asthma or mild COPD, there is no evidence of an effect of inhaled corticosteroid at conventional doses given for two or three years on BMD or vertebral fracture. Higher doses were associated with biochemical markers of increased bone turnover, but data on BMD and fractures at these doses are not available. There is a need for further, even longer term prospective studies of conventional and high doses of inhaled corticosteroids.
     </abstracttext>
    </abstract>
    <affiliation>
     Department of General Practice, University of Wales College of Medicine, Dept. of General Practice, Llanedeyrn Health Centre, Cardiff, UK, CF23 7PN. research@gors.freeserve.co.uk
    </affiliation>
    <authorlist completeyn="Y">
     <author validyn="Y">
      <lastname>
       Jones
      </lastname>
      <forename>
       A
      </forename>
      <initials>
       A
      </initials>
     </author>
     <author validyn="Y">
      <lastname>
       Fay
      </lastname>
      <forename>
       J K
      </forename>
      <initials>
       JK
      </initials>
     </author>
     <author validyn="Y">
      <lastname>
       Burr
      </lastname>
      <forename>
       M
      </forename>
      <initials>
       M
      </initials>
     </author>
     <author validyn="Y">
      <lastname>
       Stone
      </lastname>
      <forename>
       M
      </forename>
      <initials>
       M
      </initials>
     </author>
     <author validyn="Y">
      <lastname>
       Hood
      </lastname>
      <forename>
       K
      </forename>
      <initials>
       K
      </initials>
     </author>
     <author validyn="Y">
      <lastname>
       Roberts
      </lastname>
      <forename>
       G
      </forename>
      <initials>
       G
      </initials>
     </author>
    </authorlist>
    <language>
     eng
    </language>
    <publicationtypelist>
     <publicationtype>
      Journal Article
     </publicationtype>
     <publicationtype>
      Review
     </publicationtype>
    </publicationtypelist>
   </article>
   <medlinejournalinfo>
    <country>
     England
    </country>
    <medlineta>
     Cochrane Database Syst Rev
    </medlineta>
    <nlmuniqueid>
     100909747
    </nlmuniqueid>
    <issnlinking>
     1361-6137
    </issnlinking>
   </medlinejournalinfo>
   <chemicallist>
    <chemical>
     <registrynumber>
      0
     </registrynumber>
     <nameofsubstance>
      Glucocorticoids
     </nameofsubstance>
    </chemical>
   </chemicallist>
   <citationsubset>
    IM
   </citationsubset>
   <commentscorrectionslist>
    <commentscorrections reftype="CommentIn">
     <refsource>
      ACP J Club. 2002 Sep-Oct;137(2):63
     </refsource>
     <pmid version="1">
      12207441
     </pmid>
    </commentscorrections>
   </commentscorrectionslist>
   <meshheadinglist>
    <meshheading>
     <descriptorname majortopicyn="N">
      Administration, Inhalation
     </descriptorname>
    </meshheading>
    <meshheading>
     <descriptorname majortopicyn="N">
      Asthma
     </descriptorname>
     <qualifiername majortopicyn="Y">
      drug therapy
     </qualifiername>
     <qualifiername majortopicyn="N">
      metabolism
     </qualifiername>
    </meshheading>
    <meshheading>
     <descriptorname majortopicyn="N">
      Bone Density
     </descriptorname>
     <qualifiername majortopicyn="N">
      drug effects
     </qualifiername>
    </meshheading>
    <meshheading>
     <descriptorname majortopicyn="N">
      Bone and Bones
     </descriptorname>
     <qualifiername majortopicyn="Y">
      drug effects
     </qualifiername>
     <qualifiername majortopicyn="N">
      metabolism
     </qualifiername>
    </meshheading>
    <meshheading>
     <descriptorname majortopicyn="N">
      Female
     </descriptorname>
    </meshheading>
    <meshheading>
     <descriptorname majortopicyn="N">
      Glucocorticoids
     </descriptorname>
     <qualifiername majortopicyn="N">
      administration &amp; dosage
     </qualifiername>
     <qualifiername majortopicyn="Y">
      pharmacology
     </qualifiername>
    </meshheading>
    <meshheading>
     <descriptorname majortopicyn="N">
      Humans
     </descriptorname>
    </meshheading>
    <meshheading>
     <descriptorname majortopicyn="N">
      Male
     </descriptorname>
    </meshheading>
    <meshheading>
     <descriptorname majortopicyn="N">
      Middle Aged
     </descriptorname>
    </meshheading>
    <meshheading>
     <descriptorname majortopicyn="N">
      Pulmonary Disease, Chronic Obstructive
     </descriptorname>
     <qualifiername majortopicyn="Y">
      drug therapy
     </qualifiername>
     <qualifiername majortopicyn="N">
      metabolism
     </qualifiername>
    </meshheading>
   </meshheadinglist>
   <numberofreferences>
    52
   </numberofreferences>
  </medlinecitation>
  <pubmeddata>
   <history>
    <pubmedpubdate pubstatus="pubmed">
     <year>
      2002
     </year>
     <month>
      3
     </month>
     <day>
      1
     </day>
     <hour>
      10
     </hour>
     <minute>
      0
     </minute>
    </pubmedpubdate>
    <pubmedpubdate pubstatus="medline">
     <year>
      2002
     </year>
     <month>
      5
     </month>
     <day>
      29
     </day>
     <hour>
      10
     </hour>
     <minute>
      1
     </minute>
    </pubmedpubdate>
    <pubmedpubdate pubstatus="entrez">
     <year>
      2002
     </year>
     <month>
      3
     </month>
     <day>
      1
     </day>
     <hour>
      10
     </hour>
     <minute>
      0
     </minute>
    </pubmedpubdate>
   </history>
   <publicationstatus>
    ppublish
   </publicationstatus>
   <articleidlist>
    <articleid idtype="pubmed">
     11869676
    </articleid>
    <articleid idtype="pii">
     CD003537
    </articleid>
    <articleid idtype="doi">
     10.1002/14651858.CD003537
    </articleid>
   </articleidlist>
  </pubmeddata>
 </pubmedarticle>
</pubmedarticleset>

