<?xml version='1.0' encoding='utf-8'?>
<!DOCTYPE PubmedArticleSet PUBLIC "-//NLM//DTD PubMedArticle, 1st January 2011//EN" "http://www.ncbi.nlm.nih.gov/entrez/query/DTD/pubmed_110101.dtd">
<pubmedarticleset>
 <pubmedarticle>
  <medlinecitation owner="NLM" status="MEDLINE">
   <pmid version="1">
    11886019
   </pmid>
   <datecreated>
    <year>
     2002
    </year>
    <month>
     03
    </month>
    <day>
     11
    </day>
   </datecreated>
   <datecompleted>
    <year>
     2002
    </year>
    <month>
     05
    </month>
    <day>
     07
    </day>
   </datecompleted>
   <daterevised>
    <year>
     2004
    </year>
    <month>
     11
    </month>
    <day>
     17
    </day>
   </daterevised>
   <article pubmodel="Print">
    <journal>
     <issn issntype="Print">
      0890-8567
     </issn>
     <journalissue citedmedium="Print">
      <volume>
       41
      </volume>
      <issue>
       3
      </issue>
      <pubdate>
       <year>
        2002
       </year>
       <month>
        Mar
       </month>
      </pubdate>
     </journalissue>
     <title>
      Journal of the American Academy of Child and Adolescent Psychiatry
     </title>
     <isoabbreviation>
      J Am Acad Child Adolesc Psychiatry
     </isoabbreviation>
    </journal>
    <articletitle>
     Psychopharmacology and aggression. I: A meta-analysis of stimulant effects on overt/covert aggression-related behaviors in ADHD.
    </articletitle>
    <pagination>
     <medlinepgn>
      253-61
     </medlinepgn>
    </pagination>
    <abstract>
     <abstracttext label="OBJECTIVE" nlmcategory="OBJECTIVE">
      To determine by meta-analysis the effect size for stimulants on overt and covert aggression-related behaviors in children with attention-deficit/hyperactivity disorder (ADHD), separately from stimulant effects on the core symptoms of ADHD.
     </abstracttext>
     <abstracttext label="METHOD" nlmcategory="METHODS">
      A review of the literature from 1970 to 2001 revealed 28 studies meeting inclusion/exclusion criteria for meta-analysis. These studies yielded 28 independent effects of overt aggression and 7 independent effects of covert aggression.
     </abstracttext>
     <abstracttext label="RESULTS" nlmcategory="RESULTS">
      The overall weighted mean effect size was 0.84 for overt and 0.69 for covert aggression related behaviors in ADHD. Comorbid conduct disorder is associated with diminishing stimulant effect size for overt aggression.
     </abstracttext>
     <abstracttext label="CONCLUSION" nlmcategory="CONCLUSIONS">
      Stimulant effects for aggression-related behaviors in ADHD have effect sizes similar to those for the core symptoms of ADHD.
     </abstracttext>
    </abstract>
    <affiliation>
     Division of Child and Adolescent Psychiatry, University of Massachusetts Medical School, Worcester 01655, USA.
    </affiliation>
    <authorlist completeyn="Y">
     <author validyn="Y">
      <lastname>
       Connor
      </lastname>
      <forename>
       Daniel F
      </forename>
      <initials>
       DF
      </initials>
     </author>
     <author validyn="Y">
      <lastname>
       Glatt
      </lastname>
      <forename>
       Stephen J
      </forename>
      <initials>
       SJ
      </initials>
     </author>
     <author validyn="Y">
      <lastname>
       Lopez
      </lastname>
      <forename>
       Ivan D
      </forename>
      <initials>
       ID
      </initials>
     </author>
     <author validyn="Y">
      <lastname>
       Jackson
      </lastname>
      <forename>
       Denise
      </forename>
      <initials>
       D
      </initials>
     </author>
     <author validyn="Y">
      <lastname>
       Melloni
      </lastname>
      <forename>
       Richard H
      </forename>
      <initials>
       RH
      </initials>
      <suffix>
       Jr
      </suffix>
     </author>
    </authorlist>
    <language>
     eng
    </language>
    <publicationtypelist>
     <publicationtype>
      Journal Article
     </publicationtype>
     <publicationtype>
      Meta-Analysis
     </publicationtype>
    </publicationtypelist>
   </article>
   <medlinejournalinfo>
    <country>
     United States
    </country>
    <medlineta>
     J Am Acad Child Adolesc Psychiatry
    </medlineta>
    <nlmuniqueid>
     8704565
    </nlmuniqueid>
    <issnlinking>
     0890-8567
    </issnlinking>
   </medlinejournalinfo>
   <chemicallist>
    <chemical>
     <registrynumber>
      0
     </registrynumber>
     <nameofsubstance>
      Central Nervous System Stimulants
     </nameofsubstance>
    </chemical>
   </chemicallist>
   <citationsubset>
    IM
   </citationsubset>
   <commentscorrectionslist>
    <commentscorrections reftype="CommentIn">
     <refsource>
      Evid Based Ment Health. 2002 Nov;5(4):108
     </refsource>
     <pmid version="1">
      12440448
     </pmid>
    </commentscorrections>
   </commentscorrectionslist>
   <meshheadinglist>
    <meshheading>
     <descriptorname majortopicyn="N">
      Adolescent
     </descriptorname>
    </meshheading>
    <meshheading>
     <descriptorname majortopicyn="N">
      Aggression
     </descriptorname>
     <qualifiername majortopicyn="Y">
      psychology
     </qualifiername>
    </meshheading>
    <meshheading>
     <descriptorname majortopicyn="N">
      Attention Deficit Disorder with Hyperactivity
     </descriptorname>
     <qualifiername majortopicyn="Y">
      drug therapy
     </qualifiername>
     <qualifiername majortopicyn="Y">
      psychology
     </qualifiername>
    </meshheading>
    <meshheading>
     <descriptorname majortopicyn="N">
      Central Nervous System Stimulants
     </descriptorname>
     <qualifiername majortopicyn="Y">
      therapeutic use
     </qualifiername>
    </meshheading>
    <meshheading>
     <descriptorname majortopicyn="N">
      Child
     </descriptorname>
    </meshheading>
    <meshheading>
     <descriptorname majortopicyn="N">
      Conduct Disorder
     </descriptorname>
     <qualifiername majortopicyn="Y">
      diagnosis
     </qualifiername>
     <qualifiername majortopicyn="Y">
      etiology
     </qualifiername>
     <qualifiername majortopicyn="N">
      psychology
     </qualifiername>
    </meshheading>
    <meshheading>
     <descriptorname majortopicyn="N">
      Female
     </descriptorname>
    </meshheading>
    <meshheading>
     <descriptorname majortopicyn="N">
      Humans
     </descriptorname>
    </meshheading>
    <meshheading>
     <descriptorname majortopicyn="N">
      Male
     </descriptorname>
    </meshheading>
   </meshheadinglist>
  </medlinecitation>
  <pubmeddata>
   <history>
    <pubmedpubdate pubstatus="pubmed">
     <year>
      2002
     </year>
     <month>
      3
     </month>
     <day>
      12
     </day>
     <hour>
      10
     </hour>
     <minute>
      0
     </minute>
    </pubmedpubdate>
    <pubmedpubdate pubstatus="medline">
     <year>
      2002
     </year>
     <month>
      5
     </month>
     <day>
      8
     </day>
     <hour>
      10
     </hour>
     <minute>
      1
     </minute>
    </pubmedpubdate>
    <pubmedpubdate pubstatus="entrez">
     <year>
      2002
     </year>
     <month>
      3
     </month>
     <day>
      12
     </day>
     <hour>
      10
     </hour>
     <minute>
      0
     </minute>
    </pubmedpubdate>
   </history>
   <publicationstatus>
    ppublish
   </publicationstatus>
   <articleidlist>
    <articleid idtype="pubmed">
     11886019
    </articleid>
    <articleid idtype="pii">
     S0890-8567(09)60782-6
    </articleid>
    <articleid idtype="doi">
     10.1097/00004583-200203000-00004
    </articleid>
   </articleidlist>
  </pubmeddata>
 </pubmedarticle>
</pubmedarticleset>

