<?xml version='1.0' encoding='utf-8'?>
<!DOCTYPE PubmedArticleSet PUBLIC "-//NLM//DTD PubMedArticle, 1st January 2011//EN" "http://www.ncbi.nlm.nih.gov/entrez/query/DTD/pubmed_110101.dtd">
<pubmedarticleset>
 <pubmedarticle>
  <medlinecitation owner="NLM" status="MEDLINE">
   <pmid version="1">
    11927715
   </pmid>
   <datecreated>
    <year>
     2002
    </year>
    <month>
     04
    </month>
    <day>
     02
    </day>
   </datecreated>
   <datecompleted>
    <year>
     2002
    </year>
    <month>
     04
    </month>
    <day>
     22
    </day>
   </datecompleted>
   <daterevised>
    <year>
     2007
    </year>
    <month>
     11
    </month>
    <day>
     14
    </day>
   </daterevised>
   <article pubmodel="Print">
    <journal>
     <issn issntype="Electronic">
      1098-4275
     </issn>
     <journalissue citedmedium="Internet">
      <volume>
       109
      </volume>
      <issue>
       4
      </issue>
      <pubdate>
       <year>
        2002
       </year>
       <month>
        Apr
       </month>
      </pubdate>
     </journalissue>
     <title>
      Pediatrics
     </title>
     <isoabbreviation>
      Pediatrics
     </isoabbreviation>
    </journal>
    <articletitle>
     Lactobacillus therapy for acute infectious diarrhea in children: a meta-analysis.
    </articletitle>
    <pagination>
     <medlinepgn>
      678-84
     </medlinepgn>
    </pagination>
    <abstract>
     <abstracttext label="OBJECTIVE" nlmcategory="OBJECTIVE">
      Childhood diarrhea accounts for substantial morbidity and mortality worldwide. Multiple studies in children have shown that Lactobacillus, administered orally, may have antidiarrheal properties. We conducted a meta-analysis of randomized, controlled studies to assess whether treatment with Lactobacillus improves clinical outcomes in children with acute infectious diarrhea.
     </abstracttext>
     <abstracttext label="METHODS" nlmcategory="METHODS">
      Studies were sought in bibliographic databases of traditional biomedical as well as complementary and alternative medicine literature published from 1966 to 2000. Search terms were "competitive inhibition," "diarrhea," "gastroenteritis," "Lactobacillus," "probiotic," "rotavirus," and "yog(h)urt." We included studies that were adequately randomized, blinded, controlled trials in which the treatment group received Lactobacillus and the control group received an adequate placebo and that reported clinical outcome measures of diarrhea intensity. These inclusion criteria were applied by blind review and consensus. The original search yielded 26 studies, 9 of which met the criteria. Multiple observers independently extracted study characteristics and clinical outcomes. Data sufficient to perform meta-analysis of the effect of Lactobacillus on diarrhea duration and diarrhea frequency on day 2 were contained in 7 and 3 of the included studies, respectively.
     </abstracttext>
     <abstracttext label="RESULTS" nlmcategory="RESULTS">
      Summary point estimates indicate a reduction in diarrhea duration of 0.7 days (95% confidence interval: 0.3-1.2 days) and a reduction in diarrhea frequency of 1.6 stools on day 2 of treatment (95% confidence interval: 0.7-2.6 fewer stools) in the participants who received Lactobacillus compared with those who received placebo. Details of treatment protocols varied among the studies. A preplanned subanalysis suggests a dose-effect relationship.
     </abstracttext>
     <abstracttext label="CONCLUSION" nlmcategory="CONCLUSIONS">
      The results of this meta-analysis suggest that Lactobacillus is safe and effective as a treatment for children with acute infectious diarrhea.
     </abstracttext>
    </abstract>
    <affiliation>
     Sea Mar Community Health Center, Seattle, Washington 98108, USA. cvanniel@u.washington.edu
    </affiliation>
    <authorlist completeyn="Y">
     <author validyn="Y">
      <lastname>
       Van Niel
      </lastname>
      <forename>
       Cornelius W
      </forename>
      <initials>
       CW
      </initials>
     </author>
     <author validyn="Y">
      <lastname>
       Feudtner
      </lastname>
      <forename>
       Chris
      </forename>
      <initials>
       C
      </initials>
     </author>
     <author validyn="Y">
      <lastname>
       Garrison
      </lastname>
      <forename>
       Michelle M
      </forename>
      <initials>
       MM
      </initials>
     </author>
     <author validyn="Y">
      <lastname>
       Christakis
      </lastname>
      <forename>
       Dimitri A
      </forename>
      <initials>
       DA
      </initials>
     </author>
    </authorlist>
    <language>
     eng
    </language>
    <grantlist completeyn="Y">
     <grant>
      <grantid>
       K08 HS00002
      </grantid>
      <acronym>
       HS
      </acronym>
      <agency>
       AHRQ HHS
      </agency>
      <country>
       United States
      </country>
     </grant>
    </grantlist>
    <publicationtypelist>
     <publicationtype>
      Journal Article
     </publicationtype>
     <publicationtype>
      Meta-Analysis
     </publicationtype>
     <publicationtype>
      Research Support, Non-U.S. Gov't
     </publicationtype>
     <publicationtype>
      Research Support, U.S. Gov't, P.H.S.
     </publicationtype>
    </publicationtypelist>
   </article>
   <medlinejournalinfo>
    <country>
     United States
    </country>
    <medlineta>
     Pediatrics
    </medlineta>
    <nlmuniqueid>
     0376422
    </nlmuniqueid>
    <issnlinking>
     0031-4005
    </issnlinking>
   </medlinejournalinfo>
   <citationsubset>
    AIM
   </citationsubset>
   <citationsubset>
    IM
   </citationsubset>
   <commentscorrectionslist>
    <commentscorrections reftype="CommentIn">
     <refsource>
      ACP J Club. 2002 Nov-Dec;137(3):96
     </refsource>
     <pmid version="1">
      12418836
     </pmid>
    </commentscorrections>
   </commentscorrectionslist>
   <meshheadinglist>
    <meshheading>
     <descriptorname majortopicyn="N">
      Administration, Oral
     </descriptorname>
    </meshheading>
    <meshheading>
     <descriptorname majortopicyn="N">
      Child, Preschool
     </descriptorname>
    </meshheading>
    <meshheading>
     <descriptorname majortopicyn="N">
      Diarrhea
     </descriptorname>
     <qualifiername majortopicyn="N">
      etiology
     </qualifiername>
     <qualifiername majortopicyn="Y">
      therapy
     </qualifiername>
    </meshheading>
    <meshheading>
     <descriptorname majortopicyn="N">
      Gastroenteritis
     </descriptorname>
     <qualifiername majortopicyn="N">
      complications
     </qualifiername>
     <qualifiername majortopicyn="N">
      therapy
     </qualifiername>
    </meshheading>
    <meshheading>
     <descriptorname majortopicyn="N">
      Humans
     </descriptorname>
    </meshheading>
    <meshheading>
     <descriptorname majortopicyn="N">
      Infant
     </descriptorname>
    </meshheading>
    <meshheading>
     <descriptorname majortopicyn="Y">
      Lactobacillus
     </descriptorname>
    </meshheading>
    <meshheading>
     <descriptorname majortopicyn="N">
      Probiotics
     </descriptorname>
     <qualifiername majortopicyn="Y">
      administration &amp; dosage
     </qualifiername>
    </meshheading>
   </meshheadinglist>
  </medlinecitation>
  <pubmeddata>
   <history>
    <pubmedpubdate pubstatus="pubmed">
     <year>
      2002
     </year>
     <month>
      4
     </month>
     <day>
      3
     </day>
     <hour>
      10
     </hour>
     <minute>
      0
     </minute>
    </pubmedpubdate>
    <pubmedpubdate pubstatus="medline">
     <year>
      2002
     </year>
     <month>
      4
     </month>
     <day>
      23
     </day>
     <hour>
      10
     </hour>
     <minute>
      1
     </minute>
    </pubmedpubdate>
    <pubmedpubdate pubstatus="entrez">
     <year>
      2002
     </year>
     <month>
      4
     </month>
     <day>
      3
     </day>
     <hour>
      10
     </hour>
     <minute>
      0
     </minute>
    </pubmedpubdate>
   </history>
   <publicationstatus>
    ppublish
   </publicationstatus>
   <articleidlist>
    <articleid idtype="pubmed">
     11927715
    </articleid>
   </articleidlist>
  </pubmeddata>
 </pubmedarticle>
</pubmedarticleset>

