<?xml version='1.0' encoding='utf-8'?>
<!DOCTYPE PubmedArticleSet PUBLIC "-//NLM//DTD PubMedArticle, 1st January 2011//EN" "http://www.ncbi.nlm.nih.gov/entrez/query/DTD/pubmed_110101.dtd">
<pubmedarticleset>
 <pubmedarticle>
  <medlinecitation owner="NLM" status="MEDLINE">
   <pmid version="1">
    11930093
   </pmid>
   <datecreated>
    <year>
     2002
    </year>
    <month>
     04
    </month>
    <day>
     03
    </day>
   </datecreated>
   <datecompleted>
    <year>
     2002
    </year>
    <month>
     06
    </month>
    <day>
     26
    </day>
   </datecompleted>
   <daterevised>
    <year>
     2009
    </year>
    <month>
     11
    </month>
    <day>
     19
    </day>
   </daterevised>
   <article pubmodel="Print">
    <journal>
     <issn issntype="Print">
      0277-2116
     </issn>
     <journalissue citedmedium="Print">
      <volume>
       34
      </volume>
      <issue>
       4
      </issue>
      <pubdate>
       <year>
        2002
       </year>
       <month>
        Apr
       </month>
      </pubdate>
     </journalissue>
     <title>
      Journal of pediatric gastroenterology and nutrition
     </title>
     <isoabbreviation>
      J. Pediatr. Gastroenterol. Nutr.
     </isoabbreviation>
    </journal>
    <articletitle>
     Treatment of childhood encopresis: a randomized trial comparing three treatment protocols.
    </articletitle>
    <pagination>
     <medlinepgn>
      378-84
     </medlinepgn>
    </pagination>
    <abstract>
     <abstracttext label="OBJECTIVES" nlmcategory="OBJECTIVE">
      To compare short- and long-term effectiveness of three additive treatment protocols in children experiencing chronic encopresis.
     </abstracttext>
     <abstracttext label="METHODS" nlmcategory="METHODS">
      Children, 6 to 15 years of age, who experienced at least weekly fecal soiling for 6 months or longer were eligible for the study. Children were randomly assigned to a group that received intensive medical therapy (IMT), a group that received intensive medical therapy plus a behavior management program called enhanced toilet training (ETT), or a group that received intensive medical therapy with enhanced toilet training and external anal sphincter electromyographic biofeedback (BF). Data concerning toileting habits were collected for 14 consecutive days before an initial visit, and at 3, 6, and 12 months after initiation of therapy. All data were collected using a computerized voice-mail system that telephoned the families each day. At 12 months, children were classified as significantly improved (reduction in soiling, P &lt; 0.001) or cured (&lt;one fecal accident in 2 weeks).
     </abstracttext>
     <abstracttext label="RESULTS" nlmcategory="RESULTS">
      Eighty-seven children participated in the study, 72 boys and 15 girls. Mean age at enrollment was 8.6 +/- 2.0 years, and mean duration of symptoms was 58.2 +/- 38.5 months. At 12 months, the cure rates for the IMM, ETT, and BF groups were 36, 48, and 39, respectively (not significant). The improvement rates for these three groups were 45, 78, and 54, respectively (P &lt; 0.05). These results were very stable over time (r &gt; 0.90, P &lt; 0.001 in each case). Response to treatment during the first 2 weeks of therapy was highly predictive of outcome at 3, 6, and 12 months (P &lt; 0.0001). Children in the ETT group used less laxative medication (P &lt; 0.04) and required fewer treatment contacts (P = 0.08) than children in the IMM group. All three treatments resulted in significant increases in daily bowel movements passed in the toilet and self-initiated toileting, and resulted in decreases in average daily soiling at 3, 6, and 12 months (P &lt; 0.05).
     </abstracttext>
     <abstracttext label="CONCLUSIONS" nlmcategory="CONCLUSIONS">
      Enhanced toilet training is somewhat more effective in treating childhood encopresis than either intensive medical therapy or anal sphincter biofeedback therapy. Although similar total cure rates at 1 year can be expected with these three forms of therapy, enhanced toilet training results in statistically significant decreases in the daily frequency of soiling for the greatest number of children.
     </abstracttext>
    </abstract>
    <affiliation>
     Department of Pediatrics, University of Virginia, Charlottesville, Virginia 22908, USA. Witz@virginia.edu
    </affiliation>
    <authorlist completeyn="Y">
     <author validyn="Y">
      <lastname>
       Borowitz
      </lastname>
      <forename>
       Stephen M
      </forename>
      <initials>
       SM
      </initials>
     </author>
     <author validyn="Y">
      <lastname>
       Cox
      </lastname>
      <forename>
       Daniel J
      </forename>
      <initials>
       DJ
      </initials>
     </author>
     <author validyn="Y">
      <lastname>
       Sutphen
      </lastname>
      <forename>
       James L
      </forename>
      <initials>
       JL
      </initials>
     </author>
     <author validyn="Y">
      <lastname>
       Kovatchev
      </lastname>
      <forename>
       Boris
      </forename>
      <initials>
       B
      </initials>
     </author>
    </authorlist>
    <language>
     eng
    </language>
    <grantlist completeyn="Y">
     <grant>
      <grantid>
       R01 HD28160
      </grantid>
      <acronym>
       HD
      </acronym>
      <agency>
       NICHD NIH HHS
      </agency>
      <country>
       United States
      </country>
     </grant>
    </grantlist>
    <publicationtypelist>
     <publicationtype>
      Clinical Trial
     </publicationtype>
     <publicationtype>
      Comparative Study
     </publicationtype>
     <publicationtype>
      Journal Article
     </publicationtype>
     <publicationtype>
      Randomized Controlled Trial
     </publicationtype>
     <publicationtype>
      Research Support, U.S. Gov't, P.H.S.
     </publicationtype>
    </publicationtypelist>
   </article>
   <medlinejournalinfo>
    <country>
     United States
    </country>
    <medlineta>
     J Pediatr Gastroenterol Nutr
    </medlineta>
    <nlmuniqueid>
     8211545
    </nlmuniqueid>
    <issnlinking>
     0277-2116
    </issnlinking>
   </medlinejournalinfo>
   <chemicallist>
    <chemical>
     <registrynumber>
      0
     </registrynumber>
     <nameofsubstance>
      Cathartics
     </nameofsubstance>
    </chemical>
   </chemicallist>
   <citationsubset>
    IM
   </citationsubset>
   <commentscorrectionslist>
    <commentscorrections reftype="CommentIn">
     <refsource>
      J Pediatr Gastroenterol Nutr. 2002 Apr;34(4):357-8
     </refsource>
     <pmid version="1">
      11930088
     </pmid>
    </commentscorrections>
   </commentscorrectionslist>
   <meshheadinglist>
    <meshheading>
     <descriptorname majortopicyn="N">
      Adolescent
     </descriptorname>
    </meshheading>
    <meshheading>
     <descriptorname majortopicyn="N">
      Behavior Therapy
     </descriptorname>
    </meshheading>
    <meshheading>
     <descriptorname majortopicyn="N">
      Biofeedback, Psychology
     </descriptorname>
     <qualifiername majortopicyn="N">
      physiology
     </qualifiername>
    </meshheading>
    <meshheading>
     <descriptorname majortopicyn="N">
      Cathartics
     </descriptorname>
     <qualifiername majortopicyn="N">
      therapeutic use
     </qualifiername>
    </meshheading>
    <meshheading>
     <descriptorname majortopicyn="N">
      Child
     </descriptorname>
    </meshheading>
    <meshheading>
     <descriptorname majortopicyn="N">
      Child, Preschool
     </descriptorname>
    </meshheading>
    <meshheading>
     <descriptorname majortopicyn="N">
      Encopresis
     </descriptorname>
     <qualifiername majortopicyn="Y">
      psychology
     </qualifiername>
     <qualifiername majortopicyn="Y">
      therapy
     </qualifiername>
    </meshheading>
    <meshheading>
     <descriptorname majortopicyn="N">
      Enema
     </descriptorname>
    </meshheading>
    <meshheading>
     <descriptorname majortopicyn="N">
      Female
     </descriptorname>
    </meshheading>
    <meshheading>
     <descriptorname majortopicyn="N">
      Humans
     </descriptorname>
    </meshheading>
    <meshheading>
     <descriptorname majortopicyn="N">
      Male
     </descriptorname>
    </meshheading>
    <meshheading>
     <descriptorname majortopicyn="N">
      Toilet Training
     </descriptorname>
    </meshheading>
   </meshheadinglist>
  </medlinecitation>
  <pubmeddata>
   <history>
    <pubmedpubdate pubstatus="pubmed">
     <year>
      2002
     </year>
     <month>
      4
     </month>
     <day>
      4
     </day>
     <hour>
      10
     </hour>
     <minute>
      0
     </minute>
    </pubmedpubdate>
    <pubmedpubdate pubstatus="medline">
     <year>
      2002
     </year>
     <month>
      6
     </month>
     <day>
      27
     </day>
     <hour>
      10
     </hour>
     <minute>
      1
     </minute>
    </pubmedpubdate>
    <pubmedpubdate pubstatus="entrez">
     <year>
      2002
     </year>
     <month>
      4
     </month>
     <day>
      4
     </day>
     <hour>
      10
     </hour>
     <minute>
      0
     </minute>
    </pubmedpubdate>
   </history>
   <publicationstatus>
    ppublish
   </publicationstatus>
   <articleidlist>
    <articleid idtype="pubmed">
     11930093
    </articleid>
   </articleidlist>
  </pubmeddata>
 </pubmedarticle>
</pubmedarticleset>

