<?xml version='1.0' encoding='utf-8'?>
<!DOCTYPE PubmedArticleSet PUBLIC "-//NLM//DTD PubMedArticle, 1st January 2011//EN" "http://www.ncbi.nlm.nih.gov/entrez/query/DTD/pubmed_110101.dtd">
<pubmedarticleset>
 <pubmedarticle>
  <medlinecitation owner="NLM" status="MEDLINE">
   <pmid version="1">
    11943036
   </pmid>
   <datecreated>
    <year>
     2002
    </year>
    <month>
     04
    </month>
    <day>
     10
    </day>
   </datecreated>
   <datecompleted>
    <year>
     2002
    </year>
    <month>
     06
    </month>
    <day>
     04
    </day>
   </datecompleted>
   <daterevised>
    <year>
     2008
    </year>
    <month>
     03
    </month>
    <day>
     10
    </day>
   </daterevised>
   <article pubmodel="Print">
    <journal>
     <issn issntype="Print">
      0002-8614
     </issn>
     <journalissue citedmedium="Print">
      <volume>
       50
      </volume>
      <issue>
       3
      </issue>
      <pubdate>
       <year>
        2002
       </year>
       <month>
        Mar
       </month>
      </pubdate>
     </journalissue>
     <title>
      Journal of the American Geriatrics Society
     </title>
     <isoabbreviation>
      J Am Geriatr Soc
     </isoabbreviation>
    </journal>
    <articletitle>
     Oral care reduces pneumonia in older patients in nursing homes.
    </articletitle>
    <pagination>
     <medlinepgn>
      430-3
     </medlinepgn>
    </pagination>
    <abstract>
     <abstracttext label="OBJECTIVES" nlmcategory="OBJECTIVE">
      Aspiration of oral secretions and their bacteria is increasingly being recognized as an important factor in pneumonia. We investigated whether oral care lowers the frequency of pneumonia in institutionalized older people.
     </abstracttext>
     <abstracttext label="DESIGN" nlmcategory="METHODS">
      Survey.
     </abstracttext>
     <abstracttext label="SETTING" nlmcategory="METHODS">
      Eleven nursing homes in Japan.
     </abstracttext>
     <abstracttext label="PARTICIPANTS" nlmcategory="METHODS">
      Four hundred seventeen patients randomly assigned to an oral care group or a no oral care group.
     </abstracttext>
     <abstracttext label="INTERVENTION" nlmcategory="METHODS">
      Nurses or caregivers cleaned the patients' teeth by toothbrush after each meal. Swabbing with povidone iodine was additionally used in some cases. Dentists or dental hygienists provided professional care once a week.
     </abstracttext>
     <abstracttext label="MEASUREMENTS" nlmcategory="METHODS">
      Pneumonia, febrile days, death from pneumonia, activities of daily living, and cognitive functions.
     </abstracttext>
     <abstracttext label="RESULTS" nlmcategory="RESULTS">
      During follow-up, pneumonia, febrile days, and death from pneumonia decreased significantly in patients with oral care. Oral care was beneficial in edentate and dentate patients. Activities of daily living and cognitive functions showed a tendency to improve with oral care.
     </abstracttext>
     <abstracttext label="CONCLUSION" nlmcategory="CONCLUSIONS">
      We suggest that oral care may be useful in preventing pneumonia in older patients in nursing homes.
     </abstracttext>
    </abstract>
    <affiliation>
     Department of Geriatric and Respiratory Medicine, Tohoku University School of Medicine, 1-1 Seiryo-machi, Aoba-ku, Sendai 980-8574, Japan.
    </affiliation>
    <authorlist completeyn="Y">
     <author validyn="Y">
      <lastname>
       Yoneyama
      </lastname>
      <forename>
       Takeyoshi
      </forename>
      <initials>
       T
      </initials>
     </author>
     <author validyn="Y">
      <lastname>
       Yoshida
      </lastname>
      <forename>
       Mitsuyoshi
      </forename>
      <initials>
       M
      </initials>
     </author>
     <author validyn="Y">
      <lastname>
       Ohrui
      </lastname>
      <forename>
       Takashi
      </forename>
      <initials>
       T
      </initials>
     </author>
     <author validyn="Y">
      <lastname>
       Mukaiyama
      </lastname>
      <forename>
       Hideki
      </forename>
      <initials>
       H
      </initials>
     </author>
     <author validyn="Y">
      <lastname>
       Okamoto
      </lastname>
      <forename>
       Hiroshi
      </forename>
      <initials>
       H
      </initials>
     </author>
     <author validyn="Y">
      <lastname>
       Hoshiba
      </lastname>
      <forename>
       Kanji
      </forename>
      <initials>
       K
      </initials>
     </author>
     <author validyn="Y">
      <lastname>
       Ihara
      </lastname>
      <forename>
       Shinichi
      </forename>
      <initials>
       S
      </initials>
     </author>
     <author validyn="Y">
      <lastname>
       Yanagisawa
      </lastname>
      <forename>
       Shozo
      </forename>
      <initials>
       S
      </initials>
     </author>
     <author validyn="Y">
      <lastname>
       Ariumi
      </lastname>
      <forename>
       Shiro
      </forename>
      <initials>
       S
      </initials>
     </author>
     <author validyn="Y">
      <lastname>
       Morita
      </lastname>
      <forename>
       Tomonori
      </forename>
      <initials>
       T
      </initials>
     </author>
     <author validyn="Y">
      <lastname>
       Mizuno
      </lastname>
      <forename>
       Yasuro
      </forename>
      <initials>
       Y
      </initials>
     </author>
     <author validyn="Y">
      <lastname>
       Ohsawa
      </lastname>
      <forename>
       Takayuki
      </forename>
      <initials>
       T
      </initials>
     </author>
     <author validyn="Y">
      <lastname>
       Akagawa
      </lastname>
      <forename>
       Yasumasa
      </forename>
      <initials>
       Y
      </initials>
     </author>
     <author validyn="Y">
      <lastname>
       Hashimoto
      </lastname>
      <forename>
       Kenji
      </forename>
      <initials>
       K
      </initials>
     </author>
     <author validyn="Y">
      <lastname>
       Sasaki
      </lastname>
      <forename>
       Hidetada
      </forename>
      <initials>
       H
      </initials>
     </author>
     <author validyn="Y">
      <collectivename>
       Oral Care Working Group
      </collectivename>
     </author>
    </authorlist>
    <language>
     eng
    </language>
    <publicationtypelist>
     <publicationtype>
      Clinical Trial
     </publicationtype>
     <publicationtype>
      Journal Article
     </publicationtype>
     <publicationtype>
      Randomized Controlled Trial
     </publicationtype>
     <publicationtype>
      Research Support, Non-U.S. Gov't
     </publicationtype>
    </publicationtypelist>
   </article>
   <medlinejournalinfo>
    <country>
     United States
    </country>
    <medlineta>
     J Am Geriatr Soc
    </medlineta>
    <nlmuniqueid>
     7503062
    </nlmuniqueid>
    <issnlinking>
     0002-8614
    </issnlinking>
   </medlinejournalinfo>
   <citationsubset>
    IM
   </citationsubset>
   <commentscorrectionslist>
    <commentscorrections reftype="CommentIn">
     <refsource>
      J Am Geriatr Soc. 2002 Mar;50(3):584-5
     </refsource>
     <pmid version="1">
      11943061
     </pmid>
    </commentscorrections>
   </commentscorrectionslist>
   <meshheadinglist>
    <meshheading>
     <descriptorname majortopicyn="N">
      Age Factors
     </descriptorname>
    </meshheading>
    <meshheading>
     <descriptorname majortopicyn="N">
      Aged
     </descriptorname>
    </meshheading>
    <meshheading>
     <descriptorname majortopicyn="N">
      Aged, 80 and over
     </descriptorname>
    </meshheading>
    <meshheading>
     <descriptorname majortopicyn="N">
      DMF Index
     </descriptorname>
    </meshheading>
    <meshheading>
     <descriptorname majortopicyn="Y">
      Dental Care for Aged
     </descriptorname>
    </meshheading>
    <meshheading>
     <descriptorname majortopicyn="N">
      Female
     </descriptorname>
    </meshheading>
    <meshheading>
     <descriptorname majortopicyn="N">
      Follow-Up Studies
     </descriptorname>
    </meshheading>
    <meshheading>
     <descriptorname majortopicyn="N">
      Homes for the Aged
     </descriptorname>
    </meshheading>
    <meshheading>
     <descriptorname majortopicyn="N">
      Humans
     </descriptorname>
    </meshheading>
    <meshheading>
     <descriptorname majortopicyn="N">
      Male
     </descriptorname>
    </meshheading>
    <meshheading>
     <descriptorname majortopicyn="N">
      Nursing Homes
     </descriptorname>
    </meshheading>
    <meshheading>
     <descriptorname majortopicyn="N">
      Pneumonia, Aspiration
     </descriptorname>
     <qualifiername majortopicyn="Y">
      prevention &amp; control
     </qualifiername>
    </meshheading>
   </meshheadinglist>
  </medlinecitation>
  <pubmeddata>
   <history>
    <pubmedpubdate pubstatus="pubmed">
     <year>
      2002
     </year>
     <month>
      4
     </month>
     <day>
      12
     </day>
     <hour>
      10
     </hour>
     <minute>
      0
     </minute>
    </pubmedpubdate>
    <pubmedpubdate pubstatus="medline">
     <year>
      2002
     </year>
     <month>
      6
     </month>
     <day>
      5
     </day>
     <hour>
      10
     </hour>
     <minute>
      1
     </minute>
    </pubmedpubdate>
    <pubmedpubdate pubstatus="entrez">
     <year>
      2002
     </year>
     <month>
      4
     </month>
     <day>
      12
     </day>
     <hour>
      10
     </hour>
     <minute>
      0
     </minute>
    </pubmedpubdate>
   </history>
   <publicationstatus>
    ppublish
   </publicationstatus>
   <articleidlist>
    <articleid idtype="pubmed">
     11943036
    </articleid>
    <articleid idtype="pii">
     50106
    </articleid>
   </articleidlist>
  </pubmeddata>
 </pubmedarticle>
</pubmedarticleset>

