<?xml version='1.0' encoding='utf-8'?>
<!DOCTYPE PubmedArticleSet PUBLIC "-//NLM//DTD PubMedArticle, 1st January 2011//EN" "http://www.ncbi.nlm.nih.gov/entrez/query/DTD/pubmed_110101.dtd">
<pubmedarticleset>
 <pubmedarticle>
  <medlinecitation owner="NLM" status="MEDLINE">
   <pmid version="1">
    11952542
   </pmid>
   <datecreated>
    <year>
     2002
    </year>
    <month>
     04
    </month>
    <day>
     15
    </day>
   </datecreated>
   <datecompleted>
    <year>
     2002
    </year>
    <month>
     05
    </month>
    <day>
     07
    </day>
   </datecompleted>
   <daterevised>
    <year>
     2004
    </year>
    <month>
     11
    </month>
    <day>
     17
    </day>
   </daterevised>
   <article pubmodel="Print">
    <journal>
     <issn issntype="Print">
      0007-0963
     </issn>
     <journalissue citedmedium="Print">
      <volume>
       146
      </volume>
      <issue>
       3
      </issue>
      <pubdate>
       <year>
        2002
       </year>
       <month>
        Mar
       </month>
      </pubdate>
     </journalissue>
     <title>
      The British journal of dermatology
     </title>
     <isoabbreviation>
      Br. J. Dermatol.
     </isoabbreviation>
    </journal>
    <articletitle>
     Oral zinc sulphate in the treatment of recalcitrant viral warts: randomized placebo-controlled clinical trial.
    </articletitle>
    <pagination>
     <medlinepgn>
      423-31
     </medlinepgn>
    </pagination>
    <abstract>
     <abstracttext label="BACKGROUND" nlmcategory="BACKGROUND">
      Viral warts are common dermatological diseases; although the rate of spontaneous recovery is high, it usually takes a long time, and some patients might not show this spontaneous healing. Zinc has an important effect on the immune system and it has been used as an immunomodulator to treat a variety of skin disorders.
     </abstracttext>
     <abstracttext label="OBJECTIVE" nlmcategory="OBJECTIVE">
      To assess whether oral zinc was effective in treating viral warts of patients evaluated between May 1999 and April 2000.
     </abstracttext>
     <abstracttext label="PATIENTS AND METHODS" nlmcategory="METHODS">
      This was a placebo-controlled clinical trial. Eighty patients with viral warts (common, plantar and plane) were all resistant to all forms of treatment. Each patient had &gt; 15 warts. Forty patients were treated by oral zinc sulphate at a dose of 10 mg kg(-1) daily up to 600 mg day(-1) and followed-up for resolution of their warts and for any evidence of recurrence for 2-6 months. Another 40 patients were given a placebo oral treatment in the form of glucose, and followed-up for the same period.
     </abstracttext>
     <abstracttext label="RESULTS" nlmcategory="RESULTS">
      Only 23 patients of the first group (zinc treated) and 20 patients of the second group (placebo treated) completed the study. In all patients the serum level of zinc was low. In the zinc-treated group, the overall response was complete clearance of warts observed in 20 patients (86.9%) after 2 months of treatment. Fourteen patients (60.9%) showed complete disappearance of their warts after 1 month. Three patients (13.3%) failed to respond to the treatment after 2 months of therapy. The response to treatment was directly related to the increment in serum zinc level. No patient of the placebo-treated group showed any response.
     </abstracttext>
     <abstracttext label="CONCLUSIONS" nlmcategory="CONCLUSIONS">
      We conclude that zinc sulphate at a dose of 10 mg kg(-1) daily seems to be a highly efficacious therapeutic option for recalcitrant viral warts and proved to be safe with few adverse effects.
     </abstracttext>
    </abstract>
    <affiliation>
     Department of Dermatology and Venereology, Baghdad Teaching Hospital, Baghdad, Iraq.
    </affiliation>
    <authorlist completeyn="Y">
     <author validyn="Y">
      <lastname>
       Al-Gurairi
      </lastname>
      <forename>
       F T
      </forename>
      <initials>
       FT
      </initials>
     </author>
     <author validyn="Y">
      <lastname>
       Al-Waiz
      </lastname>
      <forename>
       M
      </forename>
      <initials>
       M
      </initials>
     </author>
     <author validyn="Y">
      <lastname>
       Sharquie
      </lastname>
      <forename>
       K E
      </forename>
      <initials>
       KE
      </initials>
     </author>
    </authorlist>
    <language>
     eng
    </language>
    <publicationtypelist>
     <publicationtype>
      Clinical Trial
     </publicationtype>
     <publicationtype>
      Journal Article
     </publicationtype>
     <publicationtype>
      Randomized Controlled Trial
     </publicationtype>
    </publicationtypelist>
   </article>
   <medlinejournalinfo>
    <country>
     England
    </country>
    <medlineta>
     Br J Dermatol
    </medlineta>
    <nlmuniqueid>
     0004041
    </nlmuniqueid>
    <issnlinking>
     0007-0963
    </issnlinking>
   </medlinejournalinfo>
   <chemicallist>
    <chemical>
     <registrynumber>
      0
     </registrynumber>
     <nameofsubstance>
      Astringents
     </nameofsubstance>
    </chemical>
    <chemical>
     <registrynumber>
      7440-66-6
     </registrynumber>
     <nameofsubstance>
      Zinc
     </nameofsubstance>
    </chemical>
    <chemical>
     <registrynumber>
      7733-02-0
     </registrynumber>
     <nameofsubstance>
      Zinc Sulfate
     </nameofsubstance>
    </chemical>
   </chemicallist>
   <citationsubset>
    IM
   </citationsubset>
   <commentscorrectionslist>
    <commentscorrections reftype="CommentIn">
     <refsource>
      Br J Dermatol. 2003 May;148(5):1082-3
     </refsource>
     <pmid version="1">
      12786862
     </pmid>
    </commentscorrections>
   </commentscorrectionslist>
   <meshheadinglist>
    <meshheading>
     <descriptorname majortopicyn="N">
      Administration, Oral
     </descriptorname>
    </meshheading>
    <meshheading>
     <descriptorname majortopicyn="N">
      Adolescent
     </descriptorname>
    </meshheading>
    <meshheading>
     <descriptorname majortopicyn="N">
      Adult
     </descriptorname>
    </meshheading>
    <meshheading>
     <descriptorname majortopicyn="N">
      Analysis of Variance
     </descriptorname>
    </meshheading>
    <meshheading>
     <descriptorname majortopicyn="N">
      Astringents
     </descriptorname>
     <qualifiername majortopicyn="N">
      adverse effects
     </qualifiername>
     <qualifiername majortopicyn="Y">
      therapeutic use
     </qualifiername>
    </meshheading>
    <meshheading>
     <descriptorname majortopicyn="N">
      Child
     </descriptorname>
    </meshheading>
    <meshheading>
     <descriptorname majortopicyn="N">
      Child, Preschool
     </descriptorname>
    </meshheading>
    <meshheading>
     <descriptorname majortopicyn="N">
      Chronic Disease
     </descriptorname>
    </meshheading>
    <meshheading>
     <descriptorname majortopicyn="N">
      Female
     </descriptorname>
    </meshheading>
    <meshheading>
     <descriptorname majortopicyn="N">
      Follow-Up Studies
     </descriptorname>
    </meshheading>
    <meshheading>
     <descriptorname majortopicyn="N">
      Humans
     </descriptorname>
    </meshheading>
    <meshheading>
     <descriptorname majortopicyn="N">
      Male
     </descriptorname>
    </meshheading>
    <meshheading>
     <descriptorname majortopicyn="N">
      Middle Aged
     </descriptorname>
    </meshheading>
    <meshheading>
     <descriptorname majortopicyn="N">
      Nausea
     </descriptorname>
     <qualifiername majortopicyn="N">
      chemically induced
     </qualifiername>
    </meshheading>
    <meshheading>
     <descriptorname majortopicyn="N">
      Warts
     </descriptorname>
     <qualifiername majortopicyn="N">
      blood
     </qualifiername>
     <qualifiername majortopicyn="Y">
      drug therapy
     </qualifiername>
     <qualifiername majortopicyn="N">
      immunology
     </qualifiername>
    </meshheading>
    <meshheading>
     <descriptorname majortopicyn="N">
      Zinc
     </descriptorname>
     <qualifiername majortopicyn="N">
      blood
     </qualifiername>
    </meshheading>
    <meshheading>
     <descriptorname majortopicyn="N">
      Zinc Sulfate
     </descriptorname>
     <qualifiername majortopicyn="N">
      adverse effects
     </qualifiername>
     <qualifiername majortopicyn="Y">
      therapeutic use
     </qualifiername>
    </meshheading>
   </meshheadinglist>
  </medlinecitation>
  <pubmeddata>
   <history>
    <pubmedpubdate pubstatus="pubmed">
     <year>
      2002
     </year>
     <month>
      4
     </month>
     <day>
      16
     </day>
     <hour>
      10
     </hour>
     <minute>
      0
     </minute>
    </pubmedpubdate>
    <pubmedpubdate pubstatus="medline">
     <year>
      2002
     </year>
     <month>
      5
     </month>
     <day>
      8
     </day>
     <hour>
      10
     </hour>
     <minute>
      1
     </minute>
    </pubmedpubdate>
    <pubmedpubdate pubstatus="entrez">
     <year>
      2002
     </year>
     <month>
      4
     </month>
     <day>
      16
     </day>
     <hour>
      10
     </hour>
     <minute>
      0
     </minute>
    </pubmedpubdate>
   </history>
   <publicationstatus>
    ppublish
   </publicationstatus>
   <articleidlist>
    <articleid idtype="pubmed">
     11952542
    </articleid>
    <articleid idtype="pii">
     4617
    </articleid>
   </articleidlist>
  </pubmeddata>
 </pubmedarticle>
</pubmedarticleset>

