<?xml version='1.0' encoding='utf-8'?>
<!DOCTYPE PubmedArticleSet PUBLIC "-//NLM//DTD PubMedArticle, 1st January 2011//EN" "http://www.ncbi.nlm.nih.gov/entrez/query/DTD/pubmed_110101.dtd">
<pubmedarticleset>
 <pubmedarticle>
  <medlinecitation owner="NLM" status="MEDLINE">
   <pmid version="1">
    11985936
   </pmid>
   <datecreated>
    <year>
     2002
    </year>
    <month>
     05
    </month>
    <day>
     02
    </day>
   </datecreated>
   <datecompleted>
    <year>
     2002
    </year>
    <month>
     07
    </month>
    <day>
     17
    </day>
   </datecompleted>
   <daterevised>
    <year>
     2004
    </year>
    <month>
     11
    </month>
    <day>
     17
    </day>
   </daterevised>
   <article pubmodel="Print">
    <journal>
     <issn issntype="Print">
      0749-3797
     </issn>
     <journalissue citedmedium="Print">
      <volume>
       22
      </volume>
      <issue>
       4 Suppl
      </issue>
      <pubdate>
       <year>
        2002
       </year>
       <month>
        May
       </month>
      </pubdate>
     </journalissue>
     <title>
      American journal of preventive medicine
     </title>
     <isoabbreviation>
      Am J Prev Med
     </isoabbreviation>
    </journal>
    <articletitle>
     The effectiveness of interventions to increase physical activity. A systematic review.
    </articletitle>
    <pagination>
     <medlinepgn>
      73-107
     </medlinepgn>
    </pagination>
    <abstract>
     <abstracttext>
      The Guide to Community Preventive Service's methods for systematic reviews were used to evaluate the effectiveness of various approaches to increasing physical activity: informational, behavioral and social, and environmental and policy approaches. Changes in physical activity behavior and aerobic capacity were used to assess effectiveness. Two informational interventions ("point-of-decision" prompts to encourage stair use and community-wide campaigns) were effective, as were three behavioral and social interventions (school-based physical education, social support in community settings, and individually-adapted health behavior change) and one environmental and policy intervention (creation of or enhanced access to places for physical activity combined with informational outreach activities). Additional information about applicability, other effects, and barriers to implementation are provided for these interventions. Evidence is insufficient to assess a number of interventions: classroom-based health education focused on information provision, and family-based social support (because of inconsistent findings); mass media campaigns and college-based health education and physical education (because of an insufficient number of studies); and classroom-based health education focused on reducing television viewing and video game playing (because of insufficient evidence of an increase in physical activity). These recommendations should serve the needs of researchers, planners, and other public health decision makers.
     </abstracttext>
    </abstract>
    <affiliation>
     Division of Prevention Research and Analytic Methods, Epidemiology Program Office, Centers for Disease Control and Prevention, Atlanta, Georgia 30341, USA.
    </affiliation>
    <authorlist completeyn="Y">
     <author validyn="Y">
      <lastname>
       Kahn
      </lastname>
      <forename>
       Emily B
      </forename>
      <initials>
       EB
      </initials>
     </author>
     <author validyn="Y">
      <lastname>
       Ramsey
      </lastname>
      <forename>
       Leigh T
      </forename>
      <initials>
       LT
      </initials>
     </author>
     <author validyn="Y">
      <lastname>
       Brownson
      </lastname>
      <forename>
       Ross C
      </forename>
      <initials>
       RC
      </initials>
     </author>
     <author validyn="Y">
      <lastname>
       Heath
      </lastname>
      <forename>
       Gregory W
      </forename>
      <initials>
       GW
      </initials>
     </author>
     <author validyn="Y">
      <lastname>
       Howze
      </lastname>
      <forename>
       Elizabeth H
      </forename>
      <initials>
       EH
      </initials>
     </author>
     <author validyn="Y">
      <lastname>
       Powell
      </lastname>
      <forename>
       Kenneth E
      </forename>
      <initials>
       KE
      </initials>
     </author>
     <author validyn="Y">
      <lastname>
       Stone
      </lastname>
      <forename>
       Elaine J
      </forename>
      <initials>
       EJ
      </initials>
     </author>
     <author validyn="Y">
      <lastname>
       Rajab
      </lastname>
      <forename>
       Mummy W
      </forename>
      <initials>
       MW
      </initials>
     </author>
     <author validyn="Y">
      <lastname>
       Corso
      </lastname>
      <forename>
       Phaedra
      </forename>
      <initials>
       P
      </initials>
     </author>
    </authorlist>
    <language>
     eng
    </language>
    <publicationtypelist>
     <publicationtype>
      Journal Article
     </publicationtype>
     <publicationtype>
      Review
     </publicationtype>
    </publicationtypelist>
   </article>
   <medlinejournalinfo>
    <country>
     Netherlands
    </country>
    <medlineta>
     Am J Prev Med
    </medlineta>
    <nlmuniqueid>
     8704773
    </nlmuniqueid>
    <issnlinking>
     0749-3797
    </issnlinking>
   </medlinejournalinfo>
   <citationsubset>
    IM
   </citationsubset>
   <meshheadinglist>
    <meshheading>
     <descriptorname majortopicyn="N">
      Evidence-Based Medicine
     </descriptorname>
    </meshheading>
    <meshheading>
     <descriptorname majortopicyn="Y">
      Exercise
     </descriptorname>
    </meshheading>
    <meshheading>
     <descriptorname majortopicyn="N">
      Health Behavior
     </descriptorname>
    </meshheading>
    <meshheading>
     <descriptorname majortopicyn="Y">
      Health Promotion
     </descriptorname>
    </meshheading>
    <meshheading>
     <descriptorname majortopicyn="N">
      Humans
     </descriptorname>
    </meshheading>
    <meshheading>
     <descriptorname majortopicyn="N">
      Leisure Activities
     </descriptorname>
    </meshheading>
    <meshheading>
     <descriptorname majortopicyn="N">
      Physical Fitness
     </descriptorname>
    </meshheading>
    <meshheading>
     <descriptorname majortopicyn="N">
      Preventive Medicine
     </descriptorname>
    </meshheading>
    <meshheading>
     <descriptorname majortopicyn="N" type="Geographic">
      United States
     </descriptorname>
    </meshheading>
   </meshheadinglist>
   <numberofreferences>
    156
   </numberofreferences>
  </medlinecitation>
  <pubmeddata>
   <history>
    <pubmedpubdate pubstatus="pubmed">
     <year>
      2002
     </year>
     <month>
      5
     </month>
     <day>
      3
     </day>
     <hour>
      10
     </hour>
     <minute>
      0
     </minute>
    </pubmedpubdate>
    <pubmedpubdate pubstatus="medline">
     <year>
      2002
     </year>
     <month>
      7
     </month>
     <day>
      18
     </day>
     <hour>
      10
     </hour>
     <minute>
      1
     </minute>
    </pubmedpubdate>
    <pubmedpubdate pubstatus="entrez">
     <year>
      2002
     </year>
     <month>
      5
     </month>
     <day>
      3
     </day>
     <hour>
      10
     </hour>
     <minute>
      0
     </minute>
    </pubmedpubdate>
   </history>
   <publicationstatus>
    ppublish
   </publicationstatus>
   <articleidlist>
    <articleid idtype="pubmed">
     11985936
    </articleid>
    <articleid idtype="pii">
     S0749379702004348
    </articleid>
   </articleidlist>
  </pubmeddata>
 </pubmedarticle>
</pubmedarticleset>

