<?xml version='1.0' encoding='utf-8'?>
<!DOCTYPE PubmedArticleSet PUBLIC "-//NLM//DTD PubMedArticle, 1st January 2011//EN" "http://www.ncbi.nlm.nih.gov/entrez/query/DTD/pubmed_110101.dtd">
<pubmedarticleset>
 <pubmedarticle>
  <medlinecitation owner="NLM" status="MEDLINE">
   <pmid version="1">
    11983188
   </pmid>
   <datecreated>
    <year>
     2002
    </year>
    <month>
     05
    </month>
    <day>
     01
    </day>
   </datecreated>
   <datecompleted>
    <year>
     2002
    </year>
    <month>
     08
    </month>
    <day>
     21
    </day>
   </datecompleted>
   <daterevised>
    <year>
     2007
    </year>
    <month>
     11
    </month>
    <day>
     14
    </day>
   </daterevised>
   <article pubmodel="Print">
    <journal>
     <issn issntype="Print">
      0006-3223
     </issn>
     <journalissue citedmedium="Print">
      <volume>
       51
      </volume>
      <issue>
       9
      </issue>
      <pubdate>
       <year>
        2002
       </year>
       <month>
        May
       </month>
       <day>
        1
       </day>
      </pubdate>
     </journalissue>
     <title>
      Biological psychiatry
     </title>
     <isoabbreviation>
      Biol. Psychiatry
     </isoabbreviation>
    </journal>
    <articletitle>
     Verapamil treatment for women with bipolar disorder.
    </articletitle>
    <pagination>
     <medlinepgn>
      745-52
     </medlinepgn>
    </pagination>
    <abstract>
     <abstracttext label="BACKGROUND" nlmcategory="BACKGROUND">
      Additional pharmacological treatments are needed for patients with bipolar disorder. We describe our experience with verapamil in an inclusive, sequential series of outpatient women (some pregnant) with bipolar disorder.
     </abstracttext>
     <abstracttext label="METHODS" nlmcategory="METHODS">
      All women who were prescribed verapamil for bipolar disorder (n = 37) were included. We used the criterion of 50% reduction in scores on the Mania Rating Scale or the Hamilton Rating Scale for Depression to define response for women who were treated for an acute episode of bipolar hypomania/mania or depression, respectively. For euthymic women who chose verapamil maintenance treatment, we evaluated whether they met criteria for a recurrent episode during therapy.
     </abstracttext>
     <abstracttext label="RESULTS" nlmcategory="RESULTS">
      Treatment for acute episodes was initiated in 28 women. Of women with depression and mania, 39% and 100% responded, respectively. Seven of the nine patients (77%) with mixed states responded: all seven improved to response criterion on the mania scale, and two responded on the depression scales as well. Six of eight patients who received continuation therapy remained well.
     </abstracttext>
     <abstracttext label="CONCLUSIONS" nlmcategory="CONCLUSIONS">
      These data provide evidence that verapamil is effective for mania. The response rate for mania compares favorably to that for other mood stabilizers. After decades of case reports and underpowered clinical trials, we must definitively study verapamil for efficacy and gender specificity in bipolar disorder.
     </abstracttext>
    </abstract>
    <affiliation>
     Women's Mental HealthCARE, Louisville, Kentucky 40202, USA.
    </affiliation>
    <authorlist completeyn="Y">
     <author validyn="Y">
      <lastname>
       Wisner
      </lastname>
      <forename>
       Katherine L
      </forename>
      <initials>
       KL
      </initials>
     </author>
     <author validyn="Y">
      <lastname>
       Peindl
      </lastname>
      <forename>
       Kathleen S
      </forename>
      <initials>
       KS
      </initials>
     </author>
     <author validyn="Y">
      <lastname>
       Perel
      </lastname>
      <forename>
       James M
      </forename>
      <initials>
       JM
      </initials>
     </author>
     <author validyn="Y">
      <lastname>
       Hanusa
      </lastname>
      <forename>
       Barbara H
      </forename>
      <initials>
       BH
      </initials>
     </author>
     <author validyn="Y">
      <lastname>
       Piontek
      </lastname>
      <forename>
       Catherine M
      </forename>
      <initials>
       CM
      </initials>
     </author>
     <author validyn="Y">
      <lastname>
       Baab
      </lastname>
      <forename>
       Susan
      </forename>
      <initials>
       S
      </initials>
     </author>
    </authorlist>
    <language>
     eng
    </language>
    <grantlist completeyn="Y">
     <grant>
      <grantid>
       MH-30915
      </grantid>
      <acronym>
       MH
      </acronym>
      <agency>
       NIMH NIH HHS
      </agency>
      <country>
       United States
      </country>
     </grant>
     <grant>
      <grantid>
       MH-57375
      </grantid>
      <acronym>
       MH
      </acronym>
      <agency>
       NIMH NIH HHS
      </agency>
      <country>
       United States
      </country>
     </grant>
     <grant>
      <grantid>
       MH-60335
      </grantid>
      <acronym>
       MH
      </acronym>
      <agency>
       NIMH NIH HHS
      </agency>
      <country>
       United States
      </country>
     </grant>
    </grantlist>
    <publicationtypelist>
     <publicationtype>
      Journal Article
     </publicationtype>
     <publicationtype>
      Research Support, U.S. Gov't, P.H.S.
     </publicationtype>
    </publicationtypelist>
   </article>
   <medlinejournalinfo>
    <country>
     United States
    </country>
    <medlineta>
     Biol Psychiatry
    </medlineta>
    <nlmuniqueid>
     0213264
    </nlmuniqueid>
    <issnlinking>
     0006-3223
    </issnlinking>
   </medlinejournalinfo>
   <chemicallist>
    <chemical>
     <registrynumber>
      0
     </registrynumber>
     <nameofsubstance>
      Anti-Arrhythmia Agents
     </nameofsubstance>
    </chemical>
    <chemical>
     <registrynumber>
      52-53-9
     </registrynumber>
     <nameofsubstance>
      Verapamil
     </nameofsubstance>
    </chemical>
   </chemicallist>
   <citationsubset>
    IM
   </citationsubset>
   <meshheadinglist>
    <meshheading>
     <descriptorname majortopicyn="N">
      Anti-Arrhythmia Agents
     </descriptorname>
     <qualifiername majortopicyn="Y">
      therapeutic use
     </qualifiername>
    </meshheading>
    <meshheading>
     <descriptorname majortopicyn="N">
      Bipolar Disorder
     </descriptorname>
     <qualifiername majortopicyn="Y">
      drug therapy
     </qualifiername>
     <qualifiername majortopicyn="Y">
      psychology
     </qualifiername>
    </meshheading>
    <meshheading>
     <descriptorname majortopicyn="N">
      Female
     </descriptorname>
    </meshheading>
    <meshheading>
     <descriptorname majortopicyn="N">
      Humans
     </descriptorname>
    </meshheading>
    <meshheading>
     <descriptorname majortopicyn="N">
      Pregnancy
     </descriptorname>
    </meshheading>
    <meshheading>
     <descriptorname majortopicyn="N">
      Psychiatric Status Rating Scales
     </descriptorname>
    </meshheading>
    <meshheading>
     <descriptorname majortopicyn="N">
      Verapamil
     </descriptorname>
     <qualifiername majortopicyn="Y">
      therapeutic use
     </qualifiername>
    </meshheading>
   </meshheadinglist>
  </medlinecitation>
  <pubmeddata>
   <history>
    <pubmedpubdate pubstatus="pubmed">
     <year>
      2002
     </year>
     <month>
      5
     </month>
     <day>
      2
     </day>
     <hour>
      10
     </hour>
     <minute>
      0
     </minute>
    </pubmedpubdate>
    <pubmedpubdate pubstatus="medline">
     <year>
      2002
     </year>
     <month>
      8
     </month>
     <day>
      22
     </day>
     <hour>
      10
     </hour>
     <minute>
      1
     </minute>
    </pubmedpubdate>
    <pubmedpubdate pubstatus="entrez">
     <year>
      2002
     </year>
     <month>
      5
     </month>
     <day>
      2
     </day>
     <hour>
      10
     </hour>
     <minute>
      0
     </minute>
    </pubmedpubdate>
   </history>
   <publicationstatus>
    ppublish
   </publicationstatus>
   <articleidlist>
    <articleid idtype="pubmed">
     11983188
    </articleid>
    <articleid idtype="pii">
     S0006322301013385
    </articleid>
   </articleidlist>
  </pubmeddata>
 </pubmedarticle>
</pubmedarticleset>

