<?xml version='1.0' encoding='utf-8'?>
<!DOCTYPE PubmedArticleSet PUBLIC "-//NLM//DTD PubMedArticle, 1st January 2011//EN" "http://www.ncbi.nlm.nih.gov/entrez/query/DTD/pubmed_110101.dtd">
<pubmedarticleset>
 <pubmedarticle>
  <medlinecitation owner="NLM" status="MEDLINE">
   <pmid version="1">
    11996426
   </pmid>
   <datecreated>
    <year>
     2002
    </year>
    <month>
     05
    </month>
    <day>
     08
    </day>
   </datecreated>
   <datecompleted>
    <year>
     2002
    </year>
    <month>
     05
    </month>
    <day>
     30
    </day>
   </datecompleted>
   <daterevised>
    <year>
     2005
    </year>
    <month>
     11
    </month>
    <day>
     16
    </day>
   </daterevised>
   <article pubmodel="Print">
    <journal>
     <issn issntype="Print">
      0002-838X
     </issn>
     <journalissue citedmedium="Print">
      <volume>
       65
      </volume>
      <issue>
       7
      </issue>
      <pubdate>
       <year>
        2002
       </year>
       <month>
        Apr
       </month>
       <day>
        1
       </day>
      </pubdate>
     </journalissue>
     <title>
      American family physician
     </title>
     <isoabbreviation>
      Am Fam Physician
     </isoabbreviation>
    </journal>
    <articletitle>
     Minimal excision technique for epidermoid (sebaceous) cysts.
    </articletitle>
    <pagination>
     <medlinepgn>
      1409-12, 1417-8, 1420
     </medlinepgn>
    </pagination>
    <abstract>
     <abstracttext>
      Epidermoid cysts are asymptomatic, dome-shaped lesions that often arise from a ruptured pilosebaceous follicle. The minimal excision technique for epidermoid cyst removal is less invasive than complete surgical excision and does not require suture closure. The procedure is easy to learn, and most physicians experienced in skin surgery can perform the procedure after three to five precepted sessions. It involves making a 2- to 3-mm incision, expressing the cyst contents through compression and extracting the cyst wall through the incision. Gauze or a splatter shield should be used to protect the physician from spraying of cyst contents. The rarity of associated cancer makes histologic evaluation necessary only if unusual findings or clinical suspicion of cancer is present. Inflamed cysts are difficult to excise, and it is often preferable to postpone excision until inflammation has subsided.
     </abstracttext>
    </abstract>
    <affiliation>
     Saginaw Cooperative Hospital, Michigan, USA.
    </affiliation>
    <authorlist completeyn="Y">
     <author validyn="Y">
      <lastname>
       Zuber
      </lastname>
      <forename>
       Thomas J
      </forename>
      <initials>
       TJ
      </initials>
     </author>
    </authorlist>
    <language>
     eng
    </language>
    <publicationtypelist>
     <publicationtype>
      Journal Article
     </publicationtype>
     <publicationtype>
      Review
     </publicationtype>
    </publicationtypelist>
   </article>
   <medlinejournalinfo>
    <country>
     United States
    </country>
    <medlineta>
     Am Fam Physician
    </medlineta>
    <nlmuniqueid>
     1272646
    </nlmuniqueid>
    <issnlinking>
     0002-838X
    </issnlinking>
   </medlinejournalinfo>
   <citationsubset>
    AIM
   </citationsubset>
   <citationsubset>
    IM
   </citationsubset>
   <meshheadinglist>
    <meshheading>
     <descriptorname majortopicyn="N">
      Epidermal Cyst
     </descriptorname>
     <qualifiername majortopicyn="Y">
      surgery
     </qualifiername>
    </meshheading>
    <meshheading>
     <descriptorname majortopicyn="N">
      Humans
     </descriptorname>
    </meshheading>
    <meshheading>
     <descriptorname majortopicyn="N">
      Surgical Procedures, Minimally Invasive
     </descriptorname>
    </meshheading>
   </meshheadinglist>
   <numberofreferences>
    1
   </numberofreferences>
  </medlinecitation>
  <pubmeddata>
   <history>
    <pubmedpubdate pubstatus="pubmed">
     <year>
      2002
     </year>
     <month>
      5
     </month>
     <day>
      9
     </day>
     <hour>
      10
     </hour>
     <minute>
      0
     </minute>
    </pubmedpubdate>
    <pubmedpubdate pubstatus="medline">
     <year>
      2002
     </year>
     <month>
      5
     </month>
     <day>
      31
     </day>
     <hour>
      10
     </hour>
     <minute>
      1
     </minute>
    </pubmedpubdate>
    <pubmedpubdate pubstatus="entrez">
     <year>
      2002
     </year>
     <month>
      5
     </month>
     <day>
      9
     </day>
     <hour>
      10
     </hour>
     <minute>
      0
     </minute>
    </pubmedpubdate>
   </history>
   <publicationstatus>
    ppublish
   </publicationstatus>
   <articleidlist>
    <articleid idtype="pubmed">
     11996426
    </articleid>
   </articleidlist>
  </pubmeddata>
 </pubmedarticle>
</pubmedarticleset>

