<?xml version='1.0' encoding='utf-8'?>
<!DOCTYPE PubmedArticleSet PUBLIC "-//NLM//DTD PubMedArticle, 1st January 2011//EN" "http://www.ncbi.nlm.nih.gov/entrez/query/DTD/pubmed_110101.dtd">
<pubmedarticleset>
 <pubmedarticle>
  <medlinecitation owner="NLM" status="MEDLINE">
   <pmid version="1">
    12025432
   </pmid>
   <datecreated>
    <year>
     2002
    </year>
    <month>
     05
    </month>
    <day>
     23
    </day>
   </datecreated>
   <datecompleted>
    <year>
     2002
    </year>
    <month>
     06
    </month>
    <day>
     25
    </day>
   </datecompleted>
   <daterevised>
    <year>
     2007
    </year>
    <month>
     11
    </month>
    <day>
     15
    </day>
   </daterevised>
   <article pubmodel="Print">
    <journal>
     <issn issntype="Print">
      0706-7437
     </issn>
     <journalissue citedmedium="Print">
      <volume>
       47
      </volume>
      <issue>
       4
      </issue>
      <pubdate>
       <year>
        2002
       </year>
       <month>
        May
       </month>
      </pubdate>
     </journalissue>
     <title>
      Canadian journal of psychiatry. Revue canadienne de psychiatrie
     </title>
     <isoabbreviation>
      Can J Psychiatry
     </isoabbreviation>
    </journal>
    <articletitle>
     Attention-deficit hyperactivity disorder: critical appraisal of extended treatment studies.
    </articletitle>
    <pagination>
     <medlinepgn>
      337-48
     </medlinepgn>
    </pagination>
    <abstract>
     <abstracttext>
      We undertook a systematic review of the literature on the long-term treatment of attention-deficit hyperactivity disorder (ADHD). We used systematic strategies to identify randomized treatment studies in which treatment was administered for 12 weeks or more. We included 14 studies involving 1379 subjects. Because of the limited number of high-quality studies and the heterogeneity of outcome measures, we did not perform meta-analysis. We rated 5 studies as adequate for methodological quality. Five studies followed children for more than 26 weeks. Pharmacologic interventions were studied more frequently than non-pharmacologic ones. Six studies permitted evaluation of the effects of combined drug and behavioural intervention. Twenty-five different outcomes were measured using 26 different tests. Stimulant medication appears to reduce ADHD (7 studies), dysfunctional social behaviour (6 studies), and internalizing symptoms (2 studies). Available studies provide little evidence for improved academic performance with stimulants (3 studies). Medications other than stimulants have not been studied extensively (3 studies). Only 1 study showed that combination therapy adds to the effects of medication. Rigorous treatment research among representative samples of ADHD individuals is needed.
     </abstracttext>
    </abstract>
    <affiliation>
     Department of Psychiatry, University of Toronto, Division of Child and Adolescent Psychiatry, Brain and Behaviour Program, Research Institute, Hospital for Sick Children, Toronto, Ontaro. russell.schachar@sickkids.on.ca
    </affiliation>
    <authorlist completeyn="Y">
     <author validyn="Y">
      <lastname>
       Schachar
      </lastname>
      <forename>
       Russell
      </forename>
      <initials>
       R
      </initials>
     </author>
     <author validyn="Y">
      <lastname>
       Jadad
      </lastname>
      <forename>
       Alejandro R
      </forename>
      <initials>
       AR
      </initials>
     </author>
     <author validyn="Y">
      <lastname>
       Gauld
      </lastname>
      <forename>
       Mary
      </forename>
      <initials>
       M
      </initials>
     </author>
     <author validyn="Y">
      <lastname>
       Boyle
      </lastname>
      <forename>
       Michael
      </forename>
      <initials>
       M
      </initials>
     </author>
     <author validyn="Y">
      <lastname>
       Booker
      </lastname>
      <forename>
       Lynda
      </forename>
      <initials>
       L
      </initials>
     </author>
     <author validyn="Y">
      <lastname>
       Snider
      </lastname>
      <forename>
       Anne
      </forename>
      <initials>
       A
      </initials>
     </author>
     <author validyn="Y">
      <lastname>
       Kim
      </lastname>
      <forename>
       Marie
      </forename>
      <initials>
       M
      </initials>
     </author>
     <author validyn="Y">
      <lastname>
       Cunningham
      </lastname>
      <forename>
       Charles
      </forename>
      <initials>
       C
      </initials>
     </author>
    </authorlist>
    <language>
     eng
    </language>
    <grantlist completeyn="Y">
     <grant>
      <grantid>
       290-97-0017
      </grantid>
      <agency>
       PHS HHS
      </agency>
      <country>
       United States
      </country>
     </grant>
    </grantlist>
    <publicationtypelist>
     <publicationtype>
      Journal Article
     </publicationtype>
     <publicationtype>
      Research Support, U.S. Gov't, P.H.S.
     </publicationtype>
    </publicationtypelist>
   </article>
   <medlinejournalinfo>
    <country>
     Canada
    </country>
    <medlineta>
     Can J Psychiatry
    </medlineta>
    <nlmuniqueid>
     7904187
    </nlmuniqueid>
    <issnlinking>
     0706-7437
    </issnlinking>
   </medlinejournalinfo>
   <chemicallist>
    <chemical>
     <registrynumber>
      0
     </registrynumber>
     <nameofsubstance>
      Central Nervous System Stimulants
     </nameofsubstance>
    </chemical>
   </chemicallist>
   <citationsubset>
    IM
   </citationsubset>
   <commentscorrectionslist>
    <commentscorrections reftype="CommentIn">
     <refsource>
      Evid Based Nurs. 2003 Jan;6(1):11
     </refsource>
     <pmid version="1">
      12546029
     </pmid>
    </commentscorrections>
    <commentscorrections reftype="CommentIn">
     <refsource>
      Can J Psychiatry. 2002 Dec;47(10):975
     </refsource>
     <pmid version="1">
      12553138
     </pmid>
    </commentscorrections>
   </commentscorrectionslist>
   <meshheadinglist>
    <meshheading>
     <descriptorname majortopicyn="N">
      Attention Deficit Disorder with Hyperactivity
     </descriptorname>
     <qualifiername majortopicyn="N">
      diagnosis
     </qualifiername>
     <qualifiername majortopicyn="N">
      psychology
     </qualifiername>
     <qualifiername majortopicyn="Y">
      therapy
     </qualifiername>
    </meshheading>
    <meshheading>
     <descriptorname majortopicyn="Y">
      Behavior Therapy
     </descriptorname>
    </meshheading>
    <meshheading>
     <descriptorname majortopicyn="N">
      Central Nervous System Stimulants
     </descriptorname>
     <qualifiername majortopicyn="Y">
      therapeutic use
     </qualifiername>
    </meshheading>
    <meshheading>
     <descriptorname majortopicyn="N">
      Child
     </descriptorname>
    </meshheading>
    <meshheading>
     <descriptorname majortopicyn="N">
      Combined Modality Therapy
     </descriptorname>
    </meshheading>
    <meshheading>
     <descriptorname majortopicyn="N">
      Humans
     </descriptorname>
    </meshheading>
    <meshheading>
     <descriptorname majortopicyn="N">
      Outcome and Process Assessment (Health Care)
     </descriptorname>
    </meshheading>
    <meshheading>
     <descriptorname majortopicyn="N">
      Randomized Controlled Trials as Topic
     </descriptorname>
    </meshheading>
   </meshheadinglist>
  </medlinecitation>
  <pubmeddata>
   <history>
    <pubmedpubdate pubstatus="pubmed">
     <year>
      2002
     </year>
     <month>
      5
     </month>
     <day>
      25
     </day>
     <hour>
      10
     </hour>
     <minute>
      0
     </minute>
    </pubmedpubdate>
    <pubmedpubdate pubstatus="medline">
     <year>
      2002
     </year>
     <month>
      6
     </month>
     <day>
      26
     </day>
     <hour>
      10
     </hour>
     <minute>
      1
     </minute>
    </pubmedpubdate>
    <pubmedpubdate pubstatus="entrez">
     <year>
      2002
     </year>
     <month>
      5
     </month>
     <day>
      25
     </day>
     <hour>
      10
     </hour>
     <minute>
      0
     </minute>
    </pubmedpubdate>
   </history>
   <publicationstatus>
    ppublish
   </publicationstatus>
   <articleidlist>
    <articleid idtype="pubmed">
     12025432
    </articleid>
   </articleidlist>
  </pubmeddata>
 </pubmedarticle>
</pubmedarticleset>

