<?xml version='1.0' encoding='utf-8'?>
<!DOCTYPE PubmedArticleSet PUBLIC "-//NLM//DTD PubMedArticle, 1st January 2011//EN" "http://www.ncbi.nlm.nih.gov/entrez/query/DTD/pubmed_110101.dtd">
<pubmedarticleset>
 <pubmedarticle>
  <medlinecitation owner="NLM" status="MEDLINE">
   <pmid version="1">
    1208362
   </pmid>
   <datecreated>
    <year>
     1976
    </year>
    <month>
     03
    </month>
    <day>
     11
    </day>
   </datecreated>
   <datecompleted>
    <year>
     1976
    </year>
    <month>
     03
    </month>
    <day>
     11
    </day>
   </datecompleted>
   <daterevised>
    <year>
     2004
    </year>
    <month>
     11
    </month>
    <day>
     17
    </day>
   </daterevised>
   <article pubmodel="Print">
    <journal>
     <issn issntype="Print">
      0091-7435
     </issn>
     <journalissue citedmedium="Print">
      <volume>
       4
      </volume>
      <issue>
       4
      </issue>
      <pubdate>
       <year>
        1975
       </year>
       <month>
        Dec
       </month>
      </pubdate>
     </journalissue>
     <title>
      Preventive medicine
     </title>
     <isoabbreviation>
      Prev Med
     </isoabbreviation>
    </journal>
    <articletitle>
     A controlled trial of physical training after myocardial infarction. Effects on risk factors, nonfatal reinfarction, and death.
    </articletitle>
    <pagination>
     <medlinepgn>
      491-508
     </medlinepgn>
    </pagination>
    <authorlist completeyn="Y">
     <author validyn="Y">
      <lastname>
       Wilhelmsen
      </lastname>
      <forename>
       L
      </forename>
      <initials>
       L
      </initials>
     </author>
     <author validyn="Y">
      <lastname>
       Sanne
      </lastname>
      <forename>
       H
      </forename>
      <initials>
       H
      </initials>
     </author>
     <author validyn="Y">
      <lastname>
       Elmfeldt
      </lastname>
      <forename>
       D
      </forename>
      <initials>
       D
      </initials>
     </author>
     <author validyn="Y">
      <lastname>
       Grimby
      </lastname>
      <forename>
       G
      </forename>
      <initials>
       G
      </initials>
     </author>
     <author validyn="Y">
      <lastname>
       Tibblin
      </lastname>
      <forename>
       G
      </forename>
      <initials>
       G
      </initials>
     </author>
     <author validyn="Y">
      <lastname>
       Wedel
      </lastname>
      <forename>
       H
      </forename>
      <initials>
       H
      </initials>
     </author>
    </authorlist>
    <language>
     eng
    </language>
    <publicationtypelist>
     <publicationtype>
      Journal Article
     </publicationtype>
    </publicationtypelist>
   </article>
   <medlinejournalinfo>
    <country>
     UNITED STATES
    </country>
    <medlineta>
     Prev Med
    </medlineta>
    <nlmuniqueid>
     0322116
    </nlmuniqueid>
    <issnlinking>
     0091-7435
    </issnlinking>
   </medlinejournalinfo>
   <chemicallist>
    <chemical>
     <registrynumber>
      0
     </registrynumber>
     <nameofsubstance>
      Lipids
     </nameofsubstance>
    </chemical>
   </chemicallist>
   <citationsubset>
    IM
   </citationsubset>
   <meshheadinglist>
    <meshheading>
     <descriptorname majortopicyn="N">
      Blood Pressure
     </descriptorname>
    </meshheading>
    <meshheading>
     <descriptorname majortopicyn="N">
      Female
     </descriptorname>
    </meshheading>
    <meshheading>
     <descriptorname majortopicyn="N">
      Follow-Up Studies
     </descriptorname>
    </meshheading>
    <meshheading>
     <descriptorname majortopicyn="N">
      Heart Rate
     </descriptorname>
    </meshheading>
    <meshheading>
     <descriptorname majortopicyn="N">
      Humans
     </descriptorname>
    </meshheading>
    <meshheading>
     <descriptorname majortopicyn="N">
      Lipids
     </descriptorname>
     <qualifiername majortopicyn="N">
      blood
     </qualifiername>
    </meshheading>
    <meshheading>
     <descriptorname majortopicyn="N">
      Male
     </descriptorname>
    </meshheading>
    <meshheading>
     <descriptorname majortopicyn="N">
      Middle Aged
     </descriptorname>
    </meshheading>
    <meshheading>
     <descriptorname majortopicyn="N">
      Myocardial Infarction
     </descriptorname>
     <qualifiername majortopicyn="N">
      mortality
     </qualifiername>
     <qualifiername majortopicyn="N">
      physiopathology
     </qualifiername>
     <qualifiername majortopicyn="Y">
      therapy
     </qualifiername>
    </meshheading>
    <meshheading>
     <descriptorname majortopicyn="Y">
      Physical Education and Training
     </descriptorname>
    </meshheading>
    <meshheading>
     <descriptorname majortopicyn="N">
      Recurrence
     </descriptorname>
    </meshheading>
    <meshheading>
     <descriptorname majortopicyn="N">
      Risk
     </descriptorname>
    </meshheading>
    <meshheading>
     <descriptorname majortopicyn="N">
      Smoking
     </descriptorname>
    </meshheading>
   </meshheadinglist>
  </medlinecitation>
  <pubmeddata>
   <history>
    <pubmedpubdate pubstatus="pubmed">
     <year>
      1975
     </year>
     <month>
      12
     </month>
     <day>
      1
     </day>
    </pubmedpubdate>
    <pubmedpubdate pubstatus="medline">
     <year>
      1975
     </year>
     <month>
      12
     </month>
     <day>
      1
     </day>
     <hour>
      0
     </hour>
     <minute>
      1
     </minute>
    </pubmedpubdate>
    <pubmedpubdate pubstatus="entrez">
     <year>
      1975
     </year>
     <month>
      12
     </month>
     <day>
      1
     </day>
     <hour>
      0
     </hour>
     <minute>
      0
     </minute>
    </pubmedpubdate>
   </history>
   <publicationstatus>
    ppublish
   </publicationstatus>
   <articleidlist>
    <articleid idtype="pubmed">
     1208362
    </articleid>
   </articleidlist>
  </pubmeddata>
 </pubmedarticle>
</pubmedarticleset>

