<?xml version='1.0' encoding='utf-8'?>
<!DOCTYPE PubmedArticleSet PUBLIC "-//NLM//DTD PubMedArticle, 1st January 2011//EN" "http://www.ncbi.nlm.nih.gov/entrez/query/DTD/pubmed_110101.dtd">
<pubmedarticleset>
 <pubmedarticle>
  <medlinecitation owner="NLM" status="MEDLINE">
   <pmid version="1">
    12117333
   </pmid>
   <datecreated>
    <year>
     2002
    </year>
    <month>
     07
    </month>
    <day>
     15
    </day>
   </datecreated>
   <datecompleted>
    <year>
     2002
    </year>
    <month>
     07
    </month>
    <day>
     31
    </day>
   </datecompleted>
   <daterevised>
    <year>
     2006
    </year>
    <month>
     03
    </month>
    <day>
     28
    </day>
   </daterevised>
   <article pubmodel="Print">
    <journal>
     <issn issntype="Print">
      0886-4470
     </issn>
     <journalissue citedmedium="Print">
      <volume>
       128
      </volume>
      <issue>
       7
      </issue>
      <pubdate>
       <year>
        2002
       </year>
       <month>
        Jul
       </month>
      </pubdate>
     </journalissue>
     <title>
      Archives of otolaryngology--head &amp; neck surgery
     </title>
     <isoabbreviation>
      Arch. Otolaryngol. Head Neck Surg.
     </isoabbreviation>
    </journal>
    <articletitle>
     Quality-of-life outcomes after surgical intervention for otitis media.
    </articletitle>
    <pagination>
     <medlinepgn>
      776-82
     </medlinepgn>
    </pagination>
    <abstract>
     <abstracttext label="OBJECTIVE" nlmcategory="OBJECTIVE">
      To assess the change in disease-specific quality of life in children with recurrent acute otitis media and/or chronic otitis media with effusion treated with surgical intervention.
     </abstracttext>
     <abstracttext label="DESIGN" nlmcategory="METHODS">
      Prospective questionnaire-based outcome study.
     </abstracttext>
     <abstracttext label="SETTING" nlmcategory="METHODS">
      An academic pediatric otolaryngology practice.
     </abstracttext>
     <abstracttext label="PARTICIPANTS" nlmcategory="METHODS">
      Consecutive series of 123 children referred for surgical treatment of recurrent acute otitis media and/or chronic otitis media with effusion. INTERVENTION AND METHODS: Surgery included bilateral myringotomy and tympanostomy tube placement either alone or with adenoidectomy. An otitis media disease-specific questionnaire was administered before and after surgical intervention.
     </abstracttext>
     <abstracttext label="MAIN OUTCOME MEASURES" nlmcategory="METHODS">
      Comparison of the mean percentage change in total ear symptom score between presurgery and postsurgery scores at 1 and 6 months after surgery.
     </abstracttext>
     <abstracttext label="RESULTS" nlmcategory="RESULTS">
      The mean percentage change in total ear symptom score was a 74.5% improvement (P&lt;.001) at the 1-month follow-up and a 59.8% improvement (P&lt;.001) at the 6-month follow-up. Parental worry related to the child's ear problems was also significantly decreased, with a mean otitis media disease-specific questionnaire score of 3.43 (P&lt;.001) at 1 month and 2.64 (P&lt;.001) at 6 months after surgery. When caregivers were asked if they would have their child undergo tympanostomy tube placement if they had to make the decision again, 91% and 84% responded yes at the 1- and 6-month follow-up, respectively.
     </abstracttext>
     <abstracttext label="CONCLUSIONS" nlmcategory="CONCLUSIONS">
      The disease-specific quality of life of children with recurrent acute otitis media and/or chronic otitis media with effusion with appropriate surgical indications significantly improved after surgical intervention. The amount of parental worry concerning their children's ear problems also significantly improved following surgery, and most caregivers would opt again for tube placement.
     </abstracttext>
    </abstract>
    <affiliation>
     Department of Otolaryngology, University of Florida, Box 100264, 1600 SW Archer Rd, Gainesville, FL 32610-0264, USA.
    </affiliation>
    <authorlist completeyn="Y">
     <author validyn="Y">
      <lastname>
       Richards
      </lastname>
      <forename>
       Michele
      </forename>
      <initials>
       M
      </initials>
     </author>
     <author validyn="Y">
      <lastname>
       Giannoni
      </lastname>
      <forename>
       Carla
      </forename>
      <initials>
       C
      </initials>
     </author>
    </authorlist>
    <language>
     eng
    </language>
    <publicationtypelist>
     <publicationtype>
      Journal Article
     </publicationtype>
    </publicationtypelist>
   </article>
   <medlinejournalinfo>
    <country>
     United States
    </country>
    <medlineta>
     Arch Otolaryngol Head Neck Surg
    </medlineta>
    <nlmuniqueid>
     8603209
    </nlmuniqueid>
    <issnlinking>
     0886-4470
    </issnlinking>
   </medlinejournalinfo>
   <citationsubset>
    AIM
   </citationsubset>
   <citationsubset>
    IM
   </citationsubset>
   <meshheadinglist>
    <meshheading>
     <descriptorname majortopicyn="N">
      Acute Disease
     </descriptorname>
    </meshheading>
    <meshheading>
     <descriptorname majortopicyn="N">
      Anxiety
     </descriptorname>
    </meshheading>
    <meshheading>
     <descriptorname majortopicyn="N">
      Chronic Disease
     </descriptorname>
    </meshheading>
    <meshheading>
     <descriptorname majortopicyn="N">
      Female
     </descriptorname>
    </meshheading>
    <meshheading>
     <descriptorname majortopicyn="N">
      Follow-Up Studies
     </descriptorname>
    </meshheading>
    <meshheading>
     <descriptorname majortopicyn="N">
      Humans
     </descriptorname>
    </meshheading>
    <meshheading>
     <descriptorname majortopicyn="N">
      Male
     </descriptorname>
    </meshheading>
    <meshheading>
     <descriptorname majortopicyn="N">
      Middle Ear Ventilation
     </descriptorname>
    </meshheading>
    <meshheading>
     <descriptorname majortopicyn="N">
      Myringoplasty
     </descriptorname>
    </meshheading>
    <meshheading>
     <descriptorname majortopicyn="N">
      Otitis Media
     </descriptorname>
     <qualifiername majortopicyn="Y">
      psychology
     </qualifiername>
     <qualifiername majortopicyn="Y">
      surgery
     </qualifiername>
    </meshheading>
    <meshheading>
     <descriptorname majortopicyn="N">
      Otitis Media with Effusion
     </descriptorname>
     <qualifiername majortopicyn="Y">
      psychology
     </qualifiername>
     <qualifiername majortopicyn="Y">
      surgery
     </qualifiername>
    </meshheading>
    <meshheading>
     <descriptorname majortopicyn="N">
      Parents
     </descriptorname>
     <qualifiername majortopicyn="N">
      psychology
     </qualifiername>
    </meshheading>
    <meshheading>
     <descriptorname majortopicyn="N">
      Prospective Studies
     </descriptorname>
    </meshheading>
    <meshheading>
     <descriptorname majortopicyn="Y">
      Quality of Life
     </descriptorname>
    </meshheading>
    <meshheading>
     <descriptorname majortopicyn="N">
      Questionnaires
     </descriptorname>
    </meshheading>
    <meshheading>
     <descriptorname majortopicyn="N">
      Recurrence
     </descriptorname>
    </meshheading>
    <meshheading>
     <descriptorname majortopicyn="N">
      Treatment Outcome
     </descriptorname>
    </meshheading>
   </meshheadinglist>
  </medlinecitation>
  <pubmeddata>
   <history>
    <pubmedpubdate pubstatus="pubmed">
     <year>
      2002
     </year>
     <month>
      7
     </month>
     <day>
      16
     </day>
     <hour>
      10
     </hour>
     <minute>
      0
     </minute>
    </pubmedpubdate>
    <pubmedpubdate pubstatus="medline">
     <year>
      2002
     </year>
     <month>
      8
     </month>
     <day>
      1
     </day>
     <hour>
      10
     </hour>
     <minute>
      1
     </minute>
    </pubmedpubdate>
    <pubmedpubdate pubstatus="entrez">
     <year>
      2002
     </year>
     <month>
      7
     </month>
     <day>
      16
     </day>
     <hour>
      10
     </hour>
     <minute>
      0
     </minute>
    </pubmedpubdate>
   </history>
   <publicationstatus>
    ppublish
   </publicationstatus>
   <articleidlist>
    <articleid idtype="pubmed">
     12117333
    </articleid>
    <articleid idtype="pii">
     ooa10160
    </articleid>
   </articleidlist>
  </pubmeddata>
 </pubmedarticle>
</pubmedarticleset>

