<?xml version='1.0' encoding='utf-8'?>
<!DOCTYPE PubmedArticleSet PUBLIC "-//NLM//DTD PubMedArticle, 1st January 2011//EN" "http://www.ncbi.nlm.nih.gov/entrez/query/DTD/pubmed_110101.dtd">
<pubmedarticleset>
 <pubmedarticle>
  <medlinecitation owner="NLM" status="MEDLINE">
   <pmid version="1">
    12167549
   </pmid>
   <datecreated>
    <year>
     2002
    </year>
    <month>
     08
    </month>
    <day>
     08
    </day>
   </datecreated>
   <datecompleted>
    <year>
     2002
    </year>
    <month>
     11
    </month>
    <day>
     05
    </day>
   </datecompleted>
   <daterevised>
    <year>
     2006
    </year>
    <month>
     11
    </month>
    <day>
     15
    </day>
   </daterevised>
   <article pubmodel="Print">
    <journal>
     <issn issntype="Print">
      0376-8716
     </issn>
     <journalissue citedmedium="Print">
      <volume>
       68
      </volume>
      <issue>
       1
      </issue>
      <pubdate>
       <year>
        2002
       </year>
       <month>
        Sep
       </month>
       <day>
        1
       </day>
      </pubdate>
     </journalissue>
     <title>
      Drug and alcohol dependence
     </title>
     <isoabbreviation>
      Drug Alcohol Depend
     </isoabbreviation>
    </journal>
    <articletitle>
     Tramadol post-marketing surveillance in health care professionals.
    </articletitle>
    <pagination>
     <medlinepgn>
      15-22
     </medlinepgn>
    </pagination>
    <abstract>
     <abstracttext>
      Tramadol has been marketed in the US since 1995. The US Food and Drug Administration agreed to release tramadol as a non-scheduled drug if proactive post-marketing surveillance studies would be conducted. This study was one of two phase IV protocols that were part of the overall surveillance program. It focused on impaired health professionals who are a high risk/high access population for drug abuse. All active participants in four state monitoring programs between November 1, 1995 and August 15, 1998 (n = 1,601) were recruited for the study. With the exceptions of implementing a standardized intake interview and urine testing for tramadol metabolites, all states operated their programs in the usual fashion. The programs were alerted to persistent non-prescribed tramadol use so that appropriate interventions could be employed. Despite availability of tramadol and the conditions that might lead to its abuse, the incidence rate for tramadol use in the study population was only 69 per thousand persons per year and the incidence rate for tramadol abuse or dependence was 6.9 per thousand persons per year.
     </abstracttext>
    </abstract>
    <affiliation>
     Department of Psychiatry, Virginia Commonwealth University, P.O. Box 980109, Richmond, VA 23298-0109, USA. knisely@hsc.vcu.edu
    </affiliation>
    <authorlist completeyn="Y">
     <author validyn="Y">
      <lastname>
       Knisely
      </lastname>
      <forename>
       Janet S
      </forename>
      <initials>
       JS
      </initials>
     </author>
     <author validyn="Y">
      <lastname>
       Campbell
      </lastname>
      <forename>
       Eleanor D
      </forename>
      <initials>
       ED
      </initials>
     </author>
     <author validyn="Y">
      <lastname>
       Dawson
      </lastname>
      <forename>
       Kathryn S
      </forename>
      <initials>
       KS
      </initials>
     </author>
     <author validyn="Y">
      <lastname>
       Schnoll
      </lastname>
      <forename>
       Sidney H
      </forename>
      <initials>
       SH
      </initials>
     </author>
    </authorlist>
    <language>
     eng
    </language>
    <publicationtypelist>
     <publicationtype>
      Clinical Trial
     </publicationtype>
     <publicationtype>
      Clinical Trial, Phase IV
     </publicationtype>
     <publicationtype>
      Journal Article
     </publicationtype>
     <publicationtype>
      Multicenter Study
     </publicationtype>
     <publicationtype>
      Research Support, Non-U.S. Gov't
     </publicationtype>
    </publicationtypelist>
   </article>
   <medlinejournalinfo>
    <country>
     Ireland
    </country>
    <medlineta>
     Drug Alcohol Depend
    </medlineta>
    <nlmuniqueid>
     7513587
    </nlmuniqueid>
    <issnlinking>
     0376-8716
    </issnlinking>
   </medlinejournalinfo>
   <chemicallist>
    <chemical>
     <registrynumber>
      0
     </registrynumber>
     <nameofsubstance>
      Analgesics, Opioid
     </nameofsubstance>
    </chemical>
    <chemical>
     <registrynumber>
      27203-92-5
     </registrynumber>
     <nameofsubstance>
      Tramadol
     </nameofsubstance>
    </chemical>
   </chemicallist>
   <citationsubset>
    IM
   </citationsubset>
   <meshheadinglist>
    <meshheading>
     <descriptorname majortopicyn="N">
      Adult
     </descriptorname>
    </meshheading>
    <meshheading>
     <descriptorname majortopicyn="Y">
      Analgesics, Opioid
     </descriptorname>
    </meshheading>
    <meshheading>
     <descriptorname majortopicyn="N">
      Female
     </descriptorname>
    </meshheading>
    <meshheading>
     <descriptorname majortopicyn="Y">
      Health Personnel
     </descriptorname>
    </meshheading>
    <meshheading>
     <descriptorname majortopicyn="N">
      Humans
     </descriptorname>
    </meshheading>
    <meshheading>
     <descriptorname majortopicyn="N">
      Male
     </descriptorname>
    </meshheading>
    <meshheading>
     <descriptorname majortopicyn="N">
      Middle Aged
     </descriptorname>
    </meshheading>
    <meshheading>
     <descriptorname majortopicyn="N">
      Physicians
     </descriptorname>
    </meshheading>
    <meshheading>
     <descriptorname majortopicyn="N">
      Product Surveillance, Postmarketing
     </descriptorname>
     <qualifiername majortopicyn="Y">
      statistics &amp; numerical data
     </qualifiername>
    </meshheading>
    <meshheading>
     <descriptorname majortopicyn="N">
      Substance-Related Disorders
     </descriptorname>
     <qualifiername majortopicyn="Y">
      epidemiology
     </qualifiername>
    </meshheading>
    <meshheading>
     <descriptorname majortopicyn="Y">
      Tramadol
     </descriptorname>
    </meshheading>
    <meshheading>
     <descriptorname majortopicyn="N" type="Geographic">
      United States
     </descriptorname>
     <qualifiername majortopicyn="N">
      epidemiology
     </qualifiername>
    </meshheading>
    <meshheading>
     <descriptorname majortopicyn="N">
      United States Food and Drug Administration
     </descriptorname>
    </meshheading>
   </meshheadinglist>
  </medlinecitation>
  <pubmeddata>
   <history>
    <pubmedpubdate pubstatus="pubmed">
     <year>
      2002
     </year>
     <month>
      8
     </month>
     <day>
      9
     </day>
     <hour>
      10
     </hour>
     <minute>
      0
     </minute>
    </pubmedpubdate>
    <pubmedpubdate pubstatus="medline">
     <year>
      2002
     </year>
     <month>
      11
     </month>
     <day>
      26
     </day>
     <hour>
      4
     </hour>
     <minute>
      0
     </minute>
    </pubmedpubdate>
    <pubmedpubdate pubstatus="entrez">
     <year>
      2002
     </year>
     <month>
      8
     </month>
     <day>
      9
     </day>
     <hour>
      10
     </hour>
     <minute>
      0
     </minute>
    </pubmedpubdate>
   </history>
   <publicationstatus>
    ppublish
   </publicationstatus>
   <articleidlist>
    <articleid idtype="pubmed">
     12167549
    </articleid>
    <articleid idtype="pii">
     S0376871602001072
    </articleid>
   </articleidlist>
  </pubmeddata>
 </pubmedarticle>
</pubmedarticleset>

