<?xml version='1.0' encoding='utf-8'?>
<!DOCTYPE PubmedArticleSet PUBLIC "-//NLM//DTD PubMedArticle, 1st January 2011//EN" "http://www.ncbi.nlm.nih.gov/entrez/query/DTD/pubmed_110101.dtd">
<pubmedarticleset>
 <pubmedarticle>
  <medlinecitation owner="NLM" status="MEDLINE">
   <pmid version="1">
    12187337
   </pmid>
   <datecreated>
    <year>
     2002
    </year>
    <month>
     08
    </month>
    <day>
     20
    </day>
   </datecreated>
   <datecompleted>
    <year>
     2002
    </year>
    <month>
     11
    </month>
    <day>
     07
    </day>
   </datecompleted>
   <daterevised>
    <year>
     2006
    </year>
    <month>
     11
    </month>
    <day>
     15
    </day>
   </daterevised>
   <article pubmodel="Print">
    <journal>
     <issn issntype="Print">
      0148-7043
     </issn>
     <journalissue citedmedium="Print">
      <volume>
       49
      </volume>
      <issue>
       2
      </issue>
      <pubdate>
       <year>
        2002
       </year>
       <month>
        Aug
       </month>
      </pubdate>
     </journalissue>
     <title>
      Annals of plastic surgery
     </title>
     <isoabbreviation>
      Ann Plast Surg
     </isoabbreviation>
    </journal>
    <articletitle>
     Comparison between sonography and mammography for breast cancer diagnosis in oriental women after augmentation mammaplasty.
    </articletitle>
    <pagination>
     <medlinepgn>
      120-6
     </medlinepgn>
    </pagination>
    <abstract>
     <abstracttext>
      Augmentation mammaplasty has become more popular in Taiwan. Therefore, clinical imaging is necessary to evaluate those patients who develop breast cancers. The purpose of this study was to evaluate the detection of breast diseases after augmentation mammaplasty by means of mammography and sonography. A retrospective follow-up study and analysis of diagnostic methods including mammography, sonography, physical examination, and aspiration cytology was conducted on 105 patients who underwent augmentation mammaplasty at Kaohsiung Medical University Hospital between 1989 and 2001. A total of 105 patients were identified in this study, and mean follow-up was 4 years. Two tumors from 8 cancer patients were visible on standard mammograms, and seven tumors were diagnosed as cancer by sonography. One of 15 benign breast tumors was interpreted as a suspected cancer, and 7 tumors were interpreted as normal findings on mammograms. Fourteen of 15 benign breast tumors were diagnosed correctly except for one suspicious case examined by sonography. Sonography showed the highest rate of diagnostic accuracy (91.3%) and mammograms had the lowest rate (73.9%). The accuracy rate of physical examination was 73.9%, and aspiration cytology was 90.0% accurate. This study affirms that sonography is a more useful diagnostic tool than mammography in Taiwanese women who have undergone augmentation mammaplasty.
     </abstracttext>
    </abstract>
    <affiliation>
     Department of Surgery, Kaohsiung Medical University, Taiwan.
    </affiliation>
    <authorlist completeyn="Y">
     <author validyn="Y">
      <lastname>
       Hou
      </lastname>
      <forename>
       Ming-Feng
      </forename>
      <initials>
       MF
      </initials>
     </author>
     <author validyn="Y">
      <lastname>
       Ou-Yang
      </lastname>
      <forename>
       Fu
      </forename>
      <initials>
       F
      </initials>
     </author>
     <author validyn="Y">
      <lastname>
       Chuang
      </lastname>
      <forename>
       Chieh-Han
      </forename>
      <initials>
       CH
      </initials>
     </author>
     <author validyn="Y">
      <lastname>
       Wang
      </lastname>
      <forename>
       Jaw-Yuan
      </forename>
      <initials>
       JY
      </initials>
     </author>
     <author validyn="Y">
      <lastname>
       Lee
      </lastname>
      <forename>
       Li-Wei
      </forename>
      <initials>
       LW
      </initials>
     </author>
     <author validyn="Y">
      <lastname>
       Huang
      </lastname>
      <forename>
       Yu-Sheng
      </forename>
      <initials>
       YS
      </initials>
     </author>
     <author validyn="Y">
      <lastname>
       Huang
      </lastname>
      <forename>
       Che-Jen
      </forename>
      <initials>
       CJ
      </initials>
     </author>
     <author validyn="Y">
      <lastname>
       Hsieh
      </lastname>
      <forename>
       Jan-Shih
      </forename>
      <initials>
       JS
      </initials>
     </author>
     <author validyn="Y">
      <lastname>
       Lai
      </lastname>
      <forename>
       Chung-Sheng
      </forename>
      <initials>
       CS
      </initials>
     </author>
     <author validyn="Y">
      <lastname>
       Lin
      </lastname>
      <forename>
       Sin-Daw
      </forename>
      <initials>
       SD
      </initials>
     </author>
     <author validyn="Y">
      <lastname>
       Huang
      </lastname>
      <forename>
       Tsung-Jen
      </forename>
      <initials>
       TJ
      </initials>
     </author>
    </authorlist>
    <language>
     eng
    </language>
    <publicationtypelist>
     <publicationtype>
      Comparative Study
     </publicationtype>
     <publicationtype>
      Journal Article
     </publicationtype>
    </publicationtypelist>
   </article>
   <medlinejournalinfo>
    <country>
     United States
    </country>
    <medlineta>
     Ann Plast Surg
    </medlineta>
    <nlmuniqueid>
     7805336
    </nlmuniqueid>
    <issnlinking>
     0148-7043
    </issnlinking>
   </medlinejournalinfo>
   <citationsubset>
    IM
   </citationsubset>
   <meshheadinglist>
    <meshheading>
     <descriptorname majortopicyn="N">
      Adenocarcinoma
     </descriptorname>
     <qualifiername majortopicyn="Y">
      diagnosis
     </qualifiername>
    </meshheading>
    <meshheading>
     <descriptorname majortopicyn="N">
      Adult
     </descriptorname>
    </meshheading>
    <meshheading>
     <descriptorname majortopicyn="N">
      Asian Continental Ancestry Group
     </descriptorname>
    </meshheading>
    <meshheading>
     <descriptorname majortopicyn="N">
      Breast Implants
     </descriptorname>
     <qualifiername majortopicyn="Y">
      adverse effects
     </qualifiername>
    </meshheading>
    <meshheading>
     <descriptorname majortopicyn="N">
      Breast Neoplasms
     </descriptorname>
     <qualifiername majortopicyn="Y">
      diagnosis
     </qualifiername>
    </meshheading>
    <meshheading>
     <descriptorname majortopicyn="N">
      Diagnostic Errors
     </descriptorname>
     <qualifiername majortopicyn="Y">
      prevention &amp; control
     </qualifiername>
    </meshheading>
    <meshheading>
     <descriptorname majortopicyn="N">
      Female
     </descriptorname>
    </meshheading>
    <meshheading>
     <descriptorname majortopicyn="N">
      Humans
     </descriptorname>
    </meshheading>
    <meshheading>
     <descriptorname majortopicyn="N">
      Mammaplasty
     </descriptorname>
     <qualifiername majortopicyn="Y">
      adverse effects
     </qualifiername>
    </meshheading>
    <meshheading>
     <descriptorname majortopicyn="Y">
      Mammography
     </descriptorname>
    </meshheading>
    <meshheading>
     <descriptorname majortopicyn="N">
      Middle Aged
     </descriptorname>
    </meshheading>
    <meshheading>
     <descriptorname majortopicyn="N">
      Retrospective Studies
     </descriptorname>
    </meshheading>
    <meshheading>
     <descriptorname majortopicyn="Y">
      Ultrasonography, Mammary
     </descriptorname>
    </meshheading>
   </meshheadinglist>
  </medlinecitation>
  <pubmeddata>
   <history>
    <pubmedpubdate pubstatus="pubmed">
     <year>
      2002
     </year>
     <month>
      8
     </month>
     <day>
      21
     </day>
     <hour>
      10
     </hour>
     <minute>
      0
     </minute>
    </pubmedpubdate>
    <pubmedpubdate pubstatus="medline">
     <year>
      2002
     </year>
     <month>
      11
     </month>
     <day>
      26
     </day>
     <hour>
      4
     </hour>
     <minute>
      0
     </minute>
    </pubmedpubdate>
    <pubmedpubdate pubstatus="entrez">
     <year>
      2002
     </year>
     <month>
      8
     </month>
     <day>
      21
     </day>
     <hour>
      10
     </hour>
     <minute>
      0
     </minute>
    </pubmedpubdate>
   </history>
   <publicationstatus>
    ppublish
   </publicationstatus>
   <articleidlist>
    <articleid idtype="pubmed">
     12187337
    </articleid>
   </articleidlist>
  </pubmeddata>
 </pubmedarticle>
</pubmedarticleset>

