<?xml version='1.0' encoding='utf-8'?>
<!DOCTYPE PubmedArticleSet PUBLIC "-//NLM//DTD PubMedArticle, 1st January 2011//EN" "http://www.ncbi.nlm.nih.gov/entrez/query/DTD/pubmed_110101.dtd">
<pubmedarticleset>
 <pubmedarticle>
  <medlinecitation owner="NLM" status="MEDLINE">
   <pmid version="1">
    12202465
   </pmid>
   <datecreated>
    <year>
     2002
    </year>
    <month>
     08
    </month>
    <day>
     30
    </day>
   </datecreated>
   <datecompleted>
    <year>
     2003
    </year>
    <month>
     02
    </month>
    <day>
     07
    </day>
   </datecompleted>
   <daterevised>
    <year>
     2007
    </year>
    <month>
     11
    </month>
    <day>
     15
    </day>
   </daterevised>
   <article pubmodel="Print">
    <journal>
     <issn issntype="Print">
      0163-769X
     </issn>
     <journalissue citedmedium="Print">
      <volume>
       23
      </volume>
      <issue>
       4
      </issue>
      <pubdate>
       <year>
        2002
       </year>
       <month>
        Aug
       </month>
      </pubdate>
     </journalissue>
     <title>
      Endocrine reviews
     </title>
     <isoabbreviation>
      Endocr. Rev.
     </isoabbreviation>
    </journal>
    <articletitle>
     Meta-analyses of therapies for postmenopausal osteoporosis. II. Meta-analysis of alendronate for the treatment of postmenopausal women.
    </articletitle>
    <pagination>
     <medlinepgn>
      508-16
     </medlinepgn>
    </pagination>
    <abstract>
     <abstracttext label="OBJECTIVE" nlmcategory="OBJECTIVE">
      To review the effect of alendronate on bone density and fractures in postmenopausal women.
     </abstracttext>
     <abstracttext label="DATA SOURCE" nlmcategory="METHODS">
      We searched MEDLINE, EMBASE, Current Contents, and the Cochrane Controlled trials registry from 1980 to 1999, and we examined citations of relevant articles and proceedings of international meetings.
     </abstracttext>
     <abstracttext label="STUDY SELECTION" nlmcategory="METHODS">
      We included 11 trials that randomized women to alendronate or placebo and measured bone density for at least 1 yr.
     </abstracttext>
     <abstracttext label="DATA EXTRACTION" nlmcategory="METHODS">
      For each trial, three independent reviewers assessed the methodological quality and abstracted data.
     </abstracttext>
     <abstracttext label="DATA SYNTHESIS" nlmcategory="RESULTS">
      The pooled relative risk (RR) for vertebral fractures in patients given 5 mg or more of alendronate was 0.52 [95% confidence interval (CI), 0.43-0.65]. The RR of nonvertebral fractures in patients given 10 mg or more of alendronate was 0.51 (95% CI 0.38-0.69), an appreciably greater effect than for the 5 mg dose. We found a similar reduction in RR across nonvertebral fracture types; in particular, RR reductions for fractures traditionally thought to be "osteoporotic," such as hip and forearm, were very similar to RR reductions for "nonosteoporotic" fractures. Individual studies showed similar results, reflected in the P values of the test of heterogeneity (P = 0.99 for vertebral and 0.88 for nonvertebral fractures). Alendronate produced positive effects on the percentage change in bone density, which increased with both dose and time. After 3 yr of treatment with 10 mg of alendronate or more, the pooled estimate of the difference in percentage change between alendronate and placebo was 7.48% (95% CI 6.12-8.85) for the lumbar spine (2-3 yr), 5.60% (95% CI 4.80-6.39) for the hip (3-4 yr), 2.08% (95% CI 1.53-2.63) for the forearm (2-4 yr), and 2.73% (95% CI 2.27-3.20) for the total body (3 yr). Heterogeneity of the treatment effect of alendronate was not consistently explained by any of our a priori hypotheses; in particular, the effect was very similar in prevention and treatment studies. The pooled RR for discontinuing medication due to adverse effects for 5 mg or greater of alendronate was 1.15 (95% CI 0.93-1.42). The pooled RR for discontinuing medication due to gastro-intestinal (GI) side effects for 5 mg or greater was 1.03 (0.81-1.30, P = 0.83), and the pooled RR for GI adverse effects with continuation of medication was 1.03 (0.98 to 1.07) P = 0.23.
     </abstracttext>
     <abstracttext label="CONCLUSIONS" nlmcategory="CONCLUSIONS">
      Alendronate increases bone density in both early postmenopausal women and those with established osteoporosis while reducing the rate of vertebral fracture over 2-3 yr of treatment. Reductions in nonvertebral fractures are evident among postmenopausal women without prevalent fractures and have bone mineral density (BMD) levels below the World Health Organization threshold for osteoporosis. The impact on fractures appears consistent across all fracture types, casting doubt on traditional distinctions between osteoporotic and nonosteoporotic fractures.
     </abstracttext>
    </abstract>
    <authorlist completeyn="Y">
     <author validyn="Y">
      <lastname>
       Cranney
      </lastname>
      <forename>
       Ann
      </forename>
      <initials>
       A
      </initials>
     </author>
     <author validyn="Y">
      <lastname>
       Wells
      </lastname>
      <forename>
       George
      </forename>
      <initials>
       G
      </initials>
     </author>
     <author validyn="Y">
      <lastname>
       Willan
      </lastname>
      <forename>
       Andrew
      </forename>
      <initials>
       A
      </initials>
     </author>
     <author validyn="Y">
      <lastname>
       Griffith
      </lastname>
      <forename>
       Lauren
      </forename>
      <initials>
       L
      </initials>
     </author>
     <author validyn="Y">
      <lastname>
       Zytaruk
      </lastname>
      <forename>
       Nicole
      </forename>
      <initials>
       N
      </initials>
     </author>
     <author validyn="Y">
      <lastname>
       Robinson
      </lastname>
      <forename>
       Vivian
      </forename>
      <initials>
       V
      </initials>
     </author>
     <author validyn="Y">
      <lastname>
       Black
      </lastname>
      <forename>
       Dennis
      </forename>
      <initials>
       D
      </initials>
     </author>
     <author validyn="Y">
      <lastname>
       Adachi
      </lastname>
      <forename>
       Jonathan
      </forename>
      <initials>
       J
      </initials>
     </author>
     <author validyn="Y">
      <lastname>
       Shea
      </lastname>
      <forename>
       Beverley
      </forename>
      <initials>
       B
      </initials>
     </author>
     <author validyn="Y">
      <lastname>
       Tugwell
      </lastname>
      <forename>
       Peter
      </forename>
      <initials>
       P
      </initials>
     </author>
     <author validyn="Y">
      <lastname>
       Guyatt
      </lastname>
      <forename>
       Gordon
      </forename>
      <initials>
       G
      </initials>
     </author>
     <author validyn="Y">
      <collectivename>
       Osteoporosis Methodology Group and The Osteoporosis Research Advisory Group
      </collectivename>
     </author>
    </authorlist>
    <language>
     eng
    </language>
    <publicationtypelist>
     <publicationtype>
      Journal Article
     </publicationtype>
     <publicationtype>
      Meta-Analysis
     </publicationtype>
     <publicationtype>
      Research Support, Non-U.S. Gov't
     </publicationtype>
     <publicationtype>
      Review
     </publicationtype>
    </publicationtypelist>
   </article>
   <medlinejournalinfo>
    <country>
     United States
    </country>
    <medlineta>
     Endocr Rev
    </medlineta>
    <nlmuniqueid>
     8006258
    </nlmuniqueid>
    <issnlinking>
     0163-769X
    </issnlinking>
   </medlinejournalinfo>
   <chemicallist>
    <chemical>
     <registrynumber>
      66376-36-1
     </registrynumber>
     <nameofsubstance>
      Alendronate
     </nameofsubstance>
    </chemical>
   </chemicallist>
   <citationsubset>
    IM
   </citationsubset>
   <meshheadinglist>
    <meshheading>
     <descriptorname majortopicyn="N">
      Alendronate
     </descriptorname>
     <qualifiername majortopicyn="Y">
      therapeutic use
     </qualifiername>
    </meshheading>
    <meshheading>
     <descriptorname majortopicyn="N">
      Bone Density
     </descriptorname>
     <qualifiername majortopicyn="N">
      drug effects
     </qualifiername>
    </meshheading>
    <meshheading>
     <descriptorname majortopicyn="N">
      Female
     </descriptorname>
    </meshheading>
    <meshheading>
     <descriptorname majortopicyn="N">
      Humans
     </descriptorname>
    </meshheading>
    <meshheading>
     <descriptorname majortopicyn="N">
      Osteoporosis, Postmenopausal
     </descriptorname>
     <qualifiername majortopicyn="Y">
      drug therapy
     </qualifiername>
     <qualifiername majortopicyn="N">
      metabolism
     </qualifiername>
    </meshheading>
    <meshheading>
     <descriptorname majortopicyn="N">
      Randomized Controlled Trials as Topic
     </descriptorname>
    </meshheading>
   </meshheadinglist>
   <numberofreferences>
    29
   </numberofreferences>
  </medlinecitation>
  <pubmeddata>
   <history>
    <pubmedpubdate pubstatus="pubmed">
     <year>
      2002
     </year>
     <month>
      8
     </month>
     <day>
      31
     </day>
     <hour>
      10
     </hour>
     <minute>
      0
     </minute>
    </pubmedpubdate>
    <pubmedpubdate pubstatus="medline">
     <year>
      2003
     </year>
     <month>
      2
     </month>
     <day>
      8
     </day>
     <hour>
      4
     </hour>
     <minute>
      0
     </minute>
    </pubmedpubdate>
    <pubmedpubdate pubstatus="entrez">
     <year>
      2002
     </year>
     <month>
      8
     </month>
     <day>
      31
     </day>
     <hour>
      10
     </hour>
     <minute>
      0
     </minute>
    </pubmedpubdate>
   </history>
   <publicationstatus>
    ppublish
   </publicationstatus>
   <articleidlist>
    <articleid idtype="pubmed">
     12202465
    </articleid>
   </articleidlist>
  </pubmeddata>
 </pubmedarticle>
</pubmedarticleset>

