<?xml version='1.0' encoding='utf-8'?>
<!DOCTYPE PubmedArticleSet PUBLIC "-//NLM//DTD PubMedArticle, 1st January 2011//EN" "http://www.ncbi.nlm.nih.gov/entrez/query/DTD/pubmed_110101.dtd">
<pubmedarticleset>
 <pubmedarticle>
  <medlinecitation owner="NLM" status="MEDLINE">
   <pmid version="1">
    12236627
   </pmid>
   <datecreated>
    <year>
     2002
    </year>
    <month>
     09
    </month>
    <day>
     18
    </day>
   </datecreated>
   <datecompleted>
    <year>
     2003
    </year>
    <month>
     04
    </month>
    <day>
     07
    </day>
   </datecompleted>
   <daterevised>
    <year>
     2007
    </year>
    <month>
     11
    </month>
    <day>
     14
    </day>
   </daterevised>
   <article pubmodel="Print">
    <journal>
     <issn issntype="Print">
      0269-8811
     </issn>
     <journalissue citedmedium="Print">
      <volume>
       16
      </volume>
      <issue>
       3
      </issue>
      <pubdate>
       <year>
        2002
       </year>
       <month>
        Sep
       </month>
      </pubdate>
     </journalissue>
     <title>
      Journal of psychopharmacology (Oxford, England)
     </title>
     <isoabbreviation>
      J. Psychopharmacol. (Oxford)
     </isoabbreviation>
    </journal>
    <articletitle>
     Fluoxetine treatment of depressed patients with comorbid anxiety disorders.
    </articletitle>
    <pagination>
     <medlinepgn>
      215-9
     </medlinepgn>
    </pagination>
    <abstract>
     <abstracttext>
      Major depression with comorbid anxiety disorder is associated with poor antidepressant outcome compared to major depression without comorbid anxiety disorder. The purpose of our study was to assess changes in severity of both depressive and anxiety symptoms in outpatients with major depression with comorbid anxiety disorder following fluoxetine treatment. We enrolled 123 outpatients (mean age 38.9 +/- 10.8 years; 49% women) with major depressive disorder accompanied by one or more current comorbid anxiety disorders in our study. Patients were treated openly with fluoxetine 20 mg/day for 8 weeks. Efficacy assessments included the 17-item Hamilton Rating Scale for Depression (HAM-D) and the patient-rated Symptom Questionnaire (SQ) Scales for Depression and Anxiety. The mood and anxiety disorder modules of the Structured Clinical Interview for DSM-III-R were administered at screen and endpoint. We used 'intent-to-treat' analysis in examining all patients assigned to treatment and completing the baseline visit. The mean number of comorbid anxiety disorders per patient was 1.5 +/- 0.68. The mean HAM-D-17 score and mean Clinical Global Impressions-Severity scores decreased significantly from baseline to endpoint (week 8) following fluoxetine treatment (p &lt; 0.0001). There were significant decreases in all four SQ scale scores, from baseline to endpoint: depression, anxiety, somatic symptoms and anger-hostility (p &lt; 0.0001). Fifty-three percent of patients (n = 65) were depression responders (i.e. &gt; or = 50% decrease in HAM-D-17 score at endpoint) and 46% (n = 57) were remitters (HAM-D-17 &lt; or = 7 at endpoint). Patients with panic disorder had significantly higher baseline HAM-D-17 scores compared to those without panic disorder (p &lt; 0.01). Patients with comorbid obsessive-compulsive disorder (OCD) were significantly less likely to be responders to fluoxetine at endpoint (&gt; or = 50% decrease in HAM-D-17) and to be remitters (HAM-D-17 score of s 7 at endpoint) compared to patients without comorbid OCD (p &lt; 0.01). Of the 41 patients on whom endpoint Structured Clinical Interview for DSM-III-R modules for anxiety disorders were available, 49% (n = 20) no longer met criteria for one or more of their anxiety disorder diagnoses at endpoint. Our preliminary findings suggest that fluoxetine is effective in treating outpatients with major depression with comorbid anxiety disorders, with a significant effect on both depression and anxiety symptoms. Further double-blind, placebo-controlled trials are required in larger samples to confirm our findings.
     </abstracttext>
    </abstract>
    <affiliation>
     Depression Clinical and Research Program, Massachusetts General Hospital, Harvard Medical School, Boston 02114, USA. ssonawalla@partners.org
    </affiliation>
    <authorlist completeyn="Y">
     <author validyn="Y">
      <lastname>
       Sonawalla
      </lastname>
      <forename>
       Shamsah B
      </forename>
      <initials>
       SB
      </initials>
     </author>
     <author validyn="Y">
      <lastname>
       Farabaugh
      </lastname>
      <forename>
       Amy
      </forename>
      <initials>
       A
      </initials>
     </author>
     <author validyn="Y">
      <lastname>
       Johnson
      </lastname>
      <forename>
       Mary W
      </forename>
      <initials>
       MW
      </initials>
     </author>
     <author validyn="Y">
      <lastname>
       Morray
      </lastname>
      <forename>
       Meridith
      </forename>
      <initials>
       M
      </initials>
     </author>
     <author validyn="Y">
      <lastname>
       Delgado
      </lastname>
      <forename>
       Margarita L
      </forename>
      <initials>
       ML
      </initials>
     </author>
     <author validyn="Y">
      <lastname>
       Pingol
      </lastname>
      <forename>
       Mark G
      </forename>
      <initials>
       MG
      </initials>
     </author>
     <author validyn="Y">
      <lastname>
       Rosenbaum
      </lastname>
      <forename>
       Jerrold F
      </forename>
      <initials>
       JF
      </initials>
     </author>
     <author validyn="Y">
      <lastname>
       Fava
      </lastname>
      <forename>
       Maurizio
      </forename>
      <initials>
       M
      </initials>
     </author>
    </authorlist>
    <language>
     eng
    </language>
    <grantlist completeyn="Y">
     <grant>
      <grantid>
       R01-MH-48-483-05
      </grantid>
      <acronym>
       MH
      </acronym>
      <agency>
       NIMH NIH HHS
      </agency>
      <country>
       United States
      </country>
     </grant>
    </grantlist>
    <publicationtypelist>
     <publicationtype>
      Journal Article
     </publicationtype>
     <publicationtype>
      Research Support, U.S. Gov't, P.H.S.
     </publicationtype>
    </publicationtypelist>
   </article>
   <medlinejournalinfo>
    <country>
     United States
    </country>
    <medlineta>
     J Psychopharmacol
    </medlineta>
    <nlmuniqueid>
     8907828
    </nlmuniqueid>
    <issnlinking>
     0269-8811
    </issnlinking>
   </medlinejournalinfo>
   <chemicallist>
    <chemical>
     <registrynumber>
      0
     </registrynumber>
     <nameofsubstance>
      Antidepressive Agents, Second-Generation
     </nameofsubstance>
    </chemical>
    <chemical>
     <registrynumber>
      54910-89-3
     </registrynumber>
     <nameofsubstance>
      Fluoxetine
     </nameofsubstance>
    </chemical>
   </chemicallist>
   <citationsubset>
    IM
   </citationsubset>
   <meshheadinglist>
    <meshheading>
     <descriptorname majortopicyn="N">
      Adult
     </descriptorname>
    </meshheading>
    <meshheading>
     <descriptorname majortopicyn="N">
      Antidepressive Agents, Second-Generation
     </descriptorname>
     <qualifiername majortopicyn="N">
      adverse effects
     </qualifiername>
     <qualifiername majortopicyn="Y">
      therapeutic use
     </qualifiername>
    </meshheading>
    <meshheading>
     <descriptorname majortopicyn="N">
      Anxiety Disorders
     </descriptorname>
     <qualifiername majortopicyn="N">
      diagnosis
     </qualifiername>
     <qualifiername majortopicyn="Y">
      drug therapy
     </qualifiername>
     <qualifiername majortopicyn="N">
      psychology
     </qualifiername>
    </meshheading>
    <meshheading>
     <descriptorname majortopicyn="N">
      Comorbidity
     </descriptorname>
    </meshheading>
    <meshheading>
     <descriptorname majortopicyn="N">
      Depressive Disorder, Major
     </descriptorname>
     <qualifiername majortopicyn="N">
      diagnosis
     </qualifiername>
     <qualifiername majortopicyn="Y">
      drug therapy
     </qualifiername>
     <qualifiername majortopicyn="N">
      psychology
     </qualifiername>
    </meshheading>
    <meshheading>
     <descriptorname majortopicyn="N">
      Diagnostic and Statistical Manual of Mental Disorders
     </descriptorname>
    </meshheading>
    <meshheading>
     <descriptorname majortopicyn="N">
      Female
     </descriptorname>
    </meshheading>
    <meshheading>
     <descriptorname majortopicyn="N">
      Fluoxetine
     </descriptorname>
     <qualifiername majortopicyn="N">
      adverse effects
     </qualifiername>
     <qualifiername majortopicyn="Y">
      therapeutic use
     </qualifiername>
    </meshheading>
    <meshheading>
     <descriptorname majortopicyn="N">
      Humans
     </descriptorname>
    </meshheading>
    <meshheading>
     <descriptorname majortopicyn="N">
      Male
     </descriptorname>
    </meshheading>
    <meshheading>
     <descriptorname majortopicyn="N">
      Middle Aged
     </descriptorname>
    </meshheading>
    <meshheading>
     <descriptorname majortopicyn="N">
      Personality Inventory
     </descriptorname>
    </meshheading>
    <meshheading>
     <descriptorname majortopicyn="N">
      Treatment Outcome
     </descriptorname>
    </meshheading>
   </meshheadinglist>
  </medlinecitation>
  <pubmeddata>
   <history>
    <pubmedpubdate pubstatus="pubmed">
     <year>
      2002
     </year>
     <month>
      9
     </month>
     <day>
      19
     </day>
     <hour>
      10
     </hour>
     <minute>
      0
     </minute>
    </pubmedpubdate>
    <pubmedpubdate pubstatus="medline">
     <year>
      2003
     </year>
     <month>
      4
     </month>
     <day>
      8
     </day>
     <hour>
      5
     </hour>
     <minute>
      0
     </minute>
    </pubmedpubdate>
    <pubmedpubdate pubstatus="entrez">
     <year>
      2002
     </year>
     <month>
      9
     </month>
     <day>
      19
     </day>
     <hour>
      10
     </hour>
     <minute>
      0
     </minute>
    </pubmedpubdate>
   </history>
   <publicationstatus>
    ppublish
   </publicationstatus>
   <articleidlist>
    <articleid idtype="pubmed">
     12236627
    </articleid>
   </articleidlist>
  </pubmeddata>
 </pubmedarticle>
</pubmedarticleset>

