<?xml version='1.0' encoding='utf-8'?>
<!DOCTYPE PubmedArticleSet PUBLIC "-//NLM//DTD PubMedArticle, 1st January 2011//EN" "http://www.ncbi.nlm.nih.gov/entrez/query/DTD/pubmed_110101.dtd">
<pubmedarticleset>
 <pubmedarticle>
  <medlinecitation owner="NLM" status="MEDLINE">
   <pmid version="1">
    12269458
   </pmid>
   <datecreated>
    <year>
     2002
    </year>
    <month>
     09
    </month>
    <day>
     24
    </day>
   </datecreated>
   <datecompleted>
    <year>
     2002
    </year>
    <month>
     11
    </month>
    <day>
     26
    </day>
   </datecompleted>
   <daterevised>
    <year>
     2010
    </year>
    <month>
     11
    </month>
    <day>
     18
    </day>
   </daterevised>
   <article pubmodel="Print">
    <journal>
     <issn issntype="Print">
      0265-539X
     </issn>
     <journalissue citedmedium="Print">
      <volume>
       19
      </volume>
      <issue>
       3
      </issue>
      <pubdate>
       <year>
        2002
       </year>
       <month>
        Sep
       </month>
      </pubdate>
     </journalissue>
     <title>
      Community dental health
     </title>
     <isoabbreviation>
      Community Dent Health
     </isoabbreviation>
    </journal>
    <articletitle>
     A randomised controlled trial of the effectiveness of providing free fluoride toothpaste from the age of 12 months on reducing caries in 5-6 year old children.
    </articletitle>
    <pagination>
     <medlinepgn>
      131-6
     </medlinepgn>
    </pagination>
    <abstract>
     <abstracttext label="OBJECTIVE" nlmcategory="OBJECTIVE">
      To assess the impact of regularly supplying free fluoride toothpaste regularly to children, initially aged 12 months, and living in deprived areas of the north west of England on the level of caries in the deciduous dentition at 5-6 years of age. A further aim was to compare the effectiveness of a programme using a toothpaste containing 440 ppmF (Colgate 0-6 Gel) with one containing 1,450 ppmF (Colgate Great Regular Flavour) in reducing caries.
     </abstracttext>
     <abstracttext label="DESIGN" nlmcategory="METHODS">
      Randomised controlled parallel group clinical trial. Clinical data were collected from test and control groups when the children were 5-6 years old.
     </abstracttext>
     <abstracttext label="SETTING" nlmcategory="METHODS">
      A programme of posting toothpaste with dental health messages to the homes of children initially aged 12 months. Clinical examinations took place in primary schools.
     </abstracttext>
     <abstracttext label="PARTICIPANTS" nlmcategory="METHODS">
      7,422 children born in 3-month birth cohorts living in high caries areas in nine health districts in north west England. Within each district children were randomly assigned to test or control groups.
     </abstracttext>
     <abstracttext label="INTERVENTIONS" nlmcategory="METHODS">
      Toothpaste, containing either 440 ppmF or 1450 ppmF, and dental health literature posted at three monthly intervals to children in test groups until they were aged 5-6 years.
     </abstracttext>
     <abstracttext label="MAIN OUTCOME MEASURES" nlmcategory="METHODS">
      The dmft index, missing teeth and the prevalence of caries experience.
     </abstracttext>
     <abstracttext label="RESULTS" nlmcategory="RESULTS">
      An analysis of 3,731 children who were examined and remained in the programme showed the mean dmft to be 2.15 for the group who had received 1,450 ppmF toothpaste and 2.49 for the 440 ppmF group. The mean dmft for the control group was 2.57. This 16% reduction between the 1,450 ppmF and control group was statistically significant (P&lt;0.05). The difference between the 440 ppmF group and control was not significant. Further analyses to estimate the population effect of the programme also confirmed this relationship.
     </abstracttext>
     <abstracttext label="CONCLUSION" nlmcategory="CONCLUSIONS">
      This study demonstrates that a programme distributing free toothpaste containing 1,450 ppmF provides a significant clinical benefit for high caries risk children living in deprived, non-fluoridated districts.
     </abstracttext>
    </abstract>
    <affiliation>
     Dental Department, Central Manchester Primary Care Trust, UK.
    </affiliation>
    <authorlist completeyn="Y">
     <author validyn="Y">
      <lastname>
       Davies
      </lastname>
      <forename>
       G M
      </forename>
      <initials>
       GM
      </initials>
     </author>
     <author validyn="Y">
      <lastname>
       Worthington
      </lastname>
      <forename>
       H V
      </forename>
      <initials>
       HV
      </initials>
     </author>
     <author validyn="Y">
      <lastname>
       Ellwood
      </lastname>
      <forename>
       R P
      </forename>
      <initials>
       RP
      </initials>
     </author>
     <author validyn="Y">
      <lastname>
       Bentley
      </lastname>
      <forename>
       E M
      </forename>
      <initials>
       EM
      </initials>
     </author>
     <author validyn="Y">
      <lastname>
       Blinkhorn
      </lastname>
      <forename>
       A S
      </forename>
      <initials>
       AS
      </initials>
     </author>
     <author validyn="Y">
      <lastname>
       Taylor
      </lastname>
      <forename>
       G O
      </forename>
      <initials>
       GO
      </initials>
     </author>
     <author validyn="Y">
      <lastname>
       Davies
      </lastname>
      <forename>
       R M
      </forename>
      <initials>
       RM
      </initials>
     </author>
    </authorlist>
    <language>
     eng
    </language>
    <publicationtypelist>
     <publicationtype>
      Clinical Trial
     </publicationtype>
     <publicationtype>
      Journal Article
     </publicationtype>
     <publicationtype>
      Randomized Controlled Trial
     </publicationtype>
     <publicationtype>
      Research Support, Non-U.S. Gov't
     </publicationtype>
    </publicationtypelist>
   </article>
   <medlinejournalinfo>
    <country>
     England
    </country>
    <medlineta>
     Community Dent Health
    </medlineta>
    <nlmuniqueid>
     8411261
    </nlmuniqueid>
    <issnlinking>
     0265-539X
    </issnlinking>
   </medlinejournalinfo>
   <chemicallist>
    <chemical>
     <registrynumber>
      0
     </registrynumber>
     <nameofsubstance>
      Cariostatic Agents
     </nameofsubstance>
    </chemical>
    <chemical>
     <registrynumber>
      0
     </registrynumber>
     <nameofsubstance>
      Fluorides
     </nameofsubstance>
    </chemical>
    <chemical>
     <registrynumber>
      0
     </registrynumber>
     <nameofsubstance>
      Toothpastes
     </nameofsubstance>
    </chemical>
   </chemicallist>
   <citationsubset>
    D
   </citationsubset>
   <citationsubset>
    IM
   </citationsubset>
   <meshheadinglist>
    <meshheading>
     <descriptorname majortopicyn="N">
      Analysis of Variance
     </descriptorname>
    </meshheading>
    <meshheading>
     <descriptorname majortopicyn="N">
      Cariostatic Agents
     </descriptorname>
     <qualifiername majortopicyn="Y">
      administration &amp; dosage
     </qualifiername>
    </meshheading>
    <meshheading>
     <descriptorname majortopicyn="N">
      Child
     </descriptorname>
    </meshheading>
    <meshheading>
     <descriptorname majortopicyn="N">
      Child, Preschool
     </descriptorname>
    </meshheading>
    <meshheading>
     <descriptorname majortopicyn="N">
      DMF Index
     </descriptorname>
    </meshheading>
    <meshheading>
     <descriptorname majortopicyn="N">
      Dental Caries
     </descriptorname>
     <qualifiername majortopicyn="Y">
      epidemiology
     </qualifiername>
     <qualifiername majortopicyn="Y">
      prevention &amp; control
     </qualifiername>
    </meshheading>
    <meshheading>
     <descriptorname majortopicyn="N" type="Geographic">
      England
     </descriptorname>
     <qualifiername majortopicyn="N">
      epidemiology
     </qualifiername>
    </meshheading>
    <meshheading>
     <descriptorname majortopicyn="N">
      Fluorides
     </descriptorname>
     <qualifiername majortopicyn="Y">
      administration &amp; dosage
     </qualifiername>
    </meshheading>
    <meshheading>
     <descriptorname majortopicyn="Y">
      Health Education, Dental
     </descriptorname>
    </meshheading>
    <meshheading>
     <descriptorname majortopicyn="N">
      Humans
     </descriptorname>
    </meshheading>
    <meshheading>
     <descriptorname majortopicyn="N">
      Infant
     </descriptorname>
    </meshheading>
    <meshheading>
     <descriptorname majortopicyn="N">
      Toothpastes
     </descriptorname>
     <qualifiername majortopicyn="Y">
      administration &amp; dosage
     </qualifiername>
     <qualifiername majortopicyn="N">
      economics
     </qualifiername>
    </meshheading>
    <meshheading>
     <descriptorname majortopicyn="N">
      Uncompensated Care
     </descriptorname>
    </meshheading>
   </meshheadinglist>
  </medlinecitation>
  <pubmeddata>
   <history>
    <pubmedpubdate pubstatus="pubmed">
     <year>
      2002
     </year>
     <month>
      9
     </month>
     <day>
      25
     </day>
     <hour>
      6
     </hour>
     <minute>
      0
     </minute>
    </pubmedpubdate>
    <pubmedpubdate pubstatus="medline">
     <year>
      2002
     </year>
     <month>
      11
     </month>
     <day>
      28
     </day>
     <hour>
      4
     </hour>
     <minute>
      0
     </minute>
    </pubmedpubdate>
    <pubmedpubdate pubstatus="entrez">
     <year>
      2002
     </year>
     <month>
      9
     </month>
     <day>
      25
     </day>
     <hour>
      6
     </hour>
     <minute>
      0
     </minute>
    </pubmedpubdate>
   </history>
   <publicationstatus>
    ppublish
   </publicationstatus>
   <articleidlist>
    <articleid idtype="pubmed">
     12269458
    </articleid>
   </articleidlist>
  </pubmeddata>
 </pubmedarticle>
</pubmedarticleset>

