<?xml version='1.0' encoding='utf-8'?>
<!DOCTYPE PubmedArticleSet PUBLIC "-//NLM//DTD PubMedArticle, 1st January 2011//EN" "http://www.ncbi.nlm.nih.gov/entrez/query/DTD/pubmed_110101.dtd">
<pubmedarticleset>
 <pubmedarticle>
  <medlinecitation owner="NLM" status="MEDLINE">
   <pmid version="1">
    12353202
   </pmid>
   <datecreated>
    <year>
     2002
    </year>
    <month>
     09
    </month>
    <day>
     27
    </day>
   </datecreated>
   <datecompleted>
    <year>
     2002
    </year>
    <month>
     10
    </month>
    <day>
     17
    </day>
   </datecompleted>
   <daterevised>
    <year>
     2005
    </year>
    <month>
     11
    </month>
    <day>
     17
    </day>
   </daterevised>
   <article pubmodel="Print">
    <journal>
     <issn issntype="Electronic">
      1537-6591
     </issn>
     <journalissue citedmedium="Internet">
      <volume>
       35
      </volume>
      <issue>
       Suppl 2
      </issue>
      <pubdate>
       <year>
        2002
       </year>
       <month>
        Oct
       </month>
       <day>
        15
       </day>
      </pubdate>
     </journalissue>
     <title>
      Clinical infectious diseases : an official publication of the Infectious Diseases Society of America
     </title>
     <isoabbreviation>
      Clin. Infect. Dis.
     </isoabbreviation>
    </journal>
    <articletitle>
     Indications for therapy and treatment recommendations for bacterial vaginosis in nonpregnant and pregnant women: a synthesis of data.
    </articletitle>
    <pagination>
     <medlinepgn>
      S152-72
     </medlinepgn>
    </pagination>
    <abstract>
     <abstracttext>
      Accumulating evidence has associated bacterial vaginosis (BV) with serious medical complications such as premature delivery. The present article synthesizes available data on the treatment of nonpregnant and pregnant women with BV to prevent preterm delivery. A literature search identified articles published since 1976 that evaluated treatment of BV. An intention-to-treat sensitivity analysis was performed, to better compare studies. Studies that evaluated therapy efficacy varied with regard to diagnostic criteria, patient characteristics, clinicians, and laboratories. Therapies varied in efficacy for cure 4 or more weeks after therapy, from 48% to 85%. Intervention studies to reduce BV-related adverse outcomes of pregnancy differed in populations studied, medication used, type of therapy (oral or intravaginal), and timing of treatment. The benefit of treating women at high risk with oral metronidazole has been shown in several studies; however, the effect of treating women without a history of premature delivery is unclear. The use of intravaginal clindamycin therapy, especially during the latter half of the second trimester and thereafter, appears to increase infections during the neonatal period.
     </abstracttext>
    </abstract>
    <affiliation>
     Division of STD Prevention, Center for HIV, STD, and TB Prevention, Centers for Disease Control and Prevention, Atlanta, GA 30333, USA. exk0@cdc.gov
    </affiliation>
    <authorlist completeyn="Y">
     <author validyn="Y">
      <lastname>
       Koumans
      </lastname>
      <forename>
       Emilia H
      </forename>
      <initials>
       EH
      </initials>
     </author>
     <author validyn="Y">
      <lastname>
       Markowitz
      </lastname>
      <forename>
       Lauri E
      </forename>
      <initials>
       LE
      </initials>
     </author>
     <author validyn="Y">
      <lastname>
       Hogan
      </lastname>
      <forename>
       Vijaya
      </forename>
      <initials>
       V
      </initials>
     </author>
     <author validyn="Y">
      <collectivename>
       CDC BV Working Group
      </collectivename>
     </author>
    </authorlist>
    <language>
     eng
    </language>
    <publicationtypelist>
     <publicationtype>
      Journal Article
     </publicationtype>
    </publicationtypelist>
   </article>
   <medlinejournalinfo>
    <country>
     United States
    </country>
    <medlineta>
     Clin Infect Dis
    </medlineta>
    <nlmuniqueid>
     9203213
    </nlmuniqueid>
    <issnlinking>
     1058-4838
    </issnlinking>
   </medlinejournalinfo>
   <chemicallist>
    <chemical>
     <registrynumber>
      0
     </registrynumber>
     <nameofsubstance>
      Anti-Infective Agents
     </nameofsubstance>
    </chemical>
    <chemical>
     <registrynumber>
      18323-44-9
     </registrynumber>
     <nameofsubstance>
      Clindamycin
     </nameofsubstance>
    </chemical>
    <chemical>
     <registrynumber>
      443-48-1
     </registrynumber>
     <nameofsubstance>
      Metronidazole
     </nameofsubstance>
    </chemical>
   </chemicallist>
   <citationsubset>
    IM
   </citationsubset>
   <commentscorrectionslist>
    <commentscorrections reftype="CommentIn">
     <refsource>
      Clin Infect Dis. 2003 Jun 15;36(12):1630-1; author reply 1631-2
     </refsource>
     <pmid version="1">
      12802775
     </pmid>
    </commentscorrections>
   </commentscorrectionslist>
   <meshheadinglist>
    <meshheading>
     <descriptorname majortopicyn="N">
      Anti-Infective Agents
     </descriptorname>
     <qualifiername majortopicyn="Y">
      therapeutic use
     </qualifiername>
    </meshheading>
    <meshheading>
     <descriptorname majortopicyn="N">
      Clindamycin
     </descriptorname>
     <qualifiername majortopicyn="Y">
      therapeutic use
     </qualifiername>
    </meshheading>
    <meshheading>
     <descriptorname majortopicyn="N">
      Drug Therapy
     </descriptorname>
     <qualifiername majortopicyn="N">
      standards
     </qualifiername>
    </meshheading>
    <meshheading>
     <descriptorname majortopicyn="N">
      Female
     </descriptorname>
    </meshheading>
    <meshheading>
     <descriptorname majortopicyn="N">
      Humans
     </descriptorname>
    </meshheading>
    <meshheading>
     <descriptorname majortopicyn="N">
      Metronidazole
     </descriptorname>
     <qualifiername majortopicyn="Y">
      therapeutic use
     </qualifiername>
    </meshheading>
    <meshheading>
     <descriptorname majortopicyn="N">
      Obstetric Labor, Premature
     </descriptorname>
     <qualifiername majortopicyn="N">
      etiology
     </qualifiername>
     <qualifiername majortopicyn="Y">
      prevention &amp; control
     </qualifiername>
    </meshheading>
    <meshheading>
     <descriptorname majortopicyn="N">
      Pregnancy
     </descriptorname>
    </meshheading>
    <meshheading>
     <descriptorname majortopicyn="N">
      Pregnancy Outcome
     </descriptorname>
    </meshheading>
    <meshheading>
     <descriptorname majortopicyn="N">
      Vaginosis, Bacterial
     </descriptorname>
     <qualifiername majortopicyn="N">
      complications
     </qualifiername>
     <qualifiername majortopicyn="Y">
      drug therapy
     </qualifiername>
    </meshheading>
   </meshheadinglist>
  </medlinecitation>
  <pubmeddata>
   <history>
    <pubmedpubdate pubstatus="pubmed">
     <year>
      2002
     </year>
     <month>
      9
     </month>
     <day>
      28
     </day>
     <hour>
      4
     </hour>
     <minute>
      0
     </minute>
    </pubmedpubdate>
    <pubmedpubdate pubstatus="medline">
     <year>
      2002
     </year>
     <month>
      10
     </month>
     <day>
      18
     </day>
     <hour>
      4
     </hour>
     <minute>
      0
     </minute>
    </pubmedpubdate>
    <pubmedpubdate pubstatus="entrez">
     <year>
      2002
     </year>
     <month>
      9
     </month>
     <day>
      28
     </day>
     <hour>
      4
     </hour>
     <minute>
      0
     </minute>
    </pubmedpubdate>
   </history>
   <publicationstatus>
    ppublish
   </publicationstatus>
   <articleidlist>
    <articleid idtype="pubmed">
     12353202
    </articleid>
    <articleid idtype="pii">
     CID020041
    </articleid>
    <articleid idtype="doi">
     10.1086/342103
    </articleid>
   </articleidlist>
  </pubmeddata>
 </pubmedarticle>
</pubmedarticleset>

