<?xml version='1.0' encoding='utf-8'?>
<!DOCTYPE PubmedArticleSet PUBLIC "-//NLM//DTD PubMedArticle, 1st January 2011//EN" "http://www.ncbi.nlm.nih.gov/entrez/query/DTD/pubmed_110101.dtd">
<pubmedarticleset>
 <pubmedarticle>
  <medlinecitation owner="NLM" status="MEDLINE">
   <pmid version="1">
    12442064
   </pmid>
   <datecreated>
    <year>
     2002
    </year>
    <month>
     11
    </month>
    <day>
     20
    </day>
   </datecreated>
   <datecompleted>
    <year>
     2002
    </year>
    <month>
     12
    </month>
    <day>
     20
    </day>
   </datecompleted>
   <daterevised>
    <year>
     2010
    </year>
    <month>
     03
    </month>
    <day>
     23
    </day>
   </daterevised>
   <article pubmodel="Print">
    <journal>
     <issn issntype="Print">
      1262-3636
     </issn>
     <journalissue citedmedium="Print">
      <volume>
       28
      </volume>
      <issue>
       4 Pt 1
      </issue>
      <pubdate>
       <year>
        2002
       </year>
       <month>
        Sep
       </month>
      </pubdate>
     </journalissue>
     <title>
      Diabetes &amp; metabolism
     </title>
     <isoabbreviation>
      Diabetes Metab.
     </isoabbreviation>
    </journal>
    <articletitle>
     Combination-therapy with bedtime nph insulin and sulphonylureas gives similar glycaemic control but lower weight gain than insulin twice daily in patients with type 2 diabetes.
    </articletitle>
    <pagination>
     <medlinepgn>
      272-7
     </medlinepgn>
    </pagination>
    <abstract>
     <abstracttext label="BACKGROUND" nlmcategory="BACKGROUND">
      To study the effect on body weight and glycaemic control of two insulin treatment regimens in patients with Type 2 diabetes and moderate failure to oral hypoglycaemic agents.
     </abstracttext>
     <abstracttext label="METHODS" nlmcategory="METHODS">
      Sixteen patients treated with oral hypoglycaemic agents (6 men and 10 women) were included in this open-label, randomized, parallel group study. Their age was 62 +/- 2 (mean +/- SEM) years (range 44-79 years), body weight 71.3 +/- 2.9 kg, body mass index (BMI) 24.6 +/- 0.8 kg/m(2). The patients were switched to insulin treatment with bedtime NPH insulin combined with daytime sulphonylurea (combination group) or twice daily injections of a premixed combination of regular human and NPH insulin (insulin twice daily group) with measurements as given below before and after 12 and 24 weeks of treatment.
     </abstracttext>
     <abstracttext label="RESULTS" nlmcategory="RESULTS">
      HbA(1c) was lowered from 8.3 +/- 0.3% to 7.0 +/- 0.2% in the insulin twice daily group (p&lt;0.05) and from 8.3 +/- 0.3% to 6.8 +/- 0.5% in the combination group (p&lt;0.03; ns between treatment groups). Body weight increased from 71.7 +/- 4.0 kg to 77.6 +/- 4.4 kg in the insulin twice daily group (p&lt;0.001) and from 70.8 +/- 4.6 kg to 72.7 +/- 5.1 kg in the combination group (ns; p&lt;0.02 between groups). The dose of insulin at 24 weeks in the insulin twice daily group was 45.8 +/- 4.2 U and 29.4 +/- 5.4 U in the combination group (p=0.03). Combination treatment reduced fasting and stimulated C-peptide levels.
     </abstracttext>
     <abstracttext label="CONCLUSIONS" nlmcategory="CONCLUSIONS">
      Both treatments improved glycaemic control to the same extent but the combination of bedtime NPH insulin and daytime sulphonylurea gave a very small increase of body weight over a 6 months period. We conclude that combination therapy is an attractive alternative when starting insulin treatment in patients with Type 2 diabetes as this is a critical period for weight gain in such patients.
     </abstracttext>
    </abstract>
    <affiliation>
     Department of Medicine, Karlstad Central Hospital, Sweden.
    </affiliation>
    <authorlist completeyn="Y">
     <author validyn="Y">
      <lastname>
       Olsson
      </lastname>
      <forename>
       P O
      </forename>
      <initials>
       PO
      </initials>
     </author>
     <author validyn="Y">
      <lastname>
       Lindström
      </lastname>
      <forename>
       T
      </forename>
      <initials>
       T
      </initials>
     </author>
    </authorlist>
    <language>
     eng
    </language>
    <publicationtypelist>
     <publicationtype>
      Clinical Trial
     </publicationtype>
     <publicationtype>
      Journal Article
     </publicationtype>
     <publicationtype>
      Randomized Controlled Trial
     </publicationtype>
    </publicationtypelist>
   </article>
   <medlinejournalinfo>
    <country>
     France
    </country>
    <medlineta>
     Diabetes Metab
    </medlineta>
    <nlmuniqueid>
     9607599
    </nlmuniqueid>
    <issnlinking>
     1262-3636
    </issnlinking>
   </medlinejournalinfo>
   <chemicallist>
    <chemical>
     <registrynumber>
      0
     </registrynumber>
     <nameofsubstance>
      Blood Glucose
     </nameofsubstance>
    </chemical>
    <chemical>
     <registrynumber>
      0
     </registrynumber>
     <nameofsubstance>
      C-Peptide
     </nameofsubstance>
    </chemical>
    <chemical>
     <registrynumber>
      0
     </registrynumber>
     <nameofsubstance>
      Hypoglycemic Agents
     </nameofsubstance>
    </chemical>
    <chemical>
     <registrynumber>
      0
     </registrynumber>
     <nameofsubstance>
      Sulfonylurea Compounds
     </nameofsubstance>
    </chemical>
    <chemical>
     <registrynumber>
      53027-39-7
     </registrynumber>
     <nameofsubstance>
      Insulin, NPH
     </nameofsubstance>
    </chemical>
   </chemicallist>
   <citationsubset>
    IM
   </citationsubset>
   <meshheadinglist>
    <meshheading>
     <descriptorname majortopicyn="N">
      Administration, Oral
     </descriptorname>
    </meshheading>
    <meshheading>
     <descriptorname majortopicyn="N">
      Adult
     </descriptorname>
    </meshheading>
    <meshheading>
     <descriptorname majortopicyn="N">
      Aged
     </descriptorname>
    </meshheading>
    <meshheading>
     <descriptorname majortopicyn="N">
      Blood Glucose
     </descriptorname>
     <qualifiername majortopicyn="N">
      drug effects
     </qualifiername>
     <qualifiername majortopicyn="Y">
      metabolism
     </qualifiername>
    </meshheading>
    <meshheading>
     <descriptorname majortopicyn="N">
      Body Mass Index
     </descriptorname>
    </meshheading>
    <meshheading>
     <descriptorname majortopicyn="N">
      Body Weight
     </descriptorname>
    </meshheading>
    <meshheading>
     <descriptorname majortopicyn="N">
      C-Peptide
     </descriptorname>
     <qualifiername majortopicyn="N">
      blood
     </qualifiername>
    </meshheading>
    <meshheading>
     <descriptorname majortopicyn="N">
      Diabetes Mellitus, Type 2
     </descriptorname>
     <qualifiername majortopicyn="N">
      blood
     </qualifiername>
     <qualifiername majortopicyn="Y">
      drug therapy
     </qualifiername>
     <qualifiername majortopicyn="N">
      physiopathology
     </qualifiername>
    </meshheading>
    <meshheading>
     <descriptorname majortopicyn="N">
      Drug Administration Schedule
     </descriptorname>
    </meshheading>
    <meshheading>
     <descriptorname majortopicyn="N">
      Drug Therapy, Combination
     </descriptorname>
    </meshheading>
    <meshheading>
     <descriptorname majortopicyn="N">
      Humans
     </descriptorname>
    </meshheading>
    <meshheading>
     <descriptorname majortopicyn="N">
      Hypoglycemic Agents
     </descriptorname>
     <qualifiername majortopicyn="N">
      administration &amp; dosage
     </qualifiername>
     <qualifiername majortopicyn="Y">
      therapeutic use
     </qualifiername>
    </meshheading>
    <meshheading>
     <descriptorname majortopicyn="N">
      Insulin, NPH
     </descriptorname>
     <qualifiername majortopicyn="Y">
      therapeutic use
     </qualifiername>
    </meshheading>
    <meshheading>
     <descriptorname majortopicyn="N">
      Middle Aged
     </descriptorname>
    </meshheading>
    <meshheading>
     <descriptorname majortopicyn="N">
      Sulfonylurea Compounds
     </descriptorname>
     <qualifiername majortopicyn="Y">
      therapeutic use
     </qualifiername>
    </meshheading>
    <meshheading>
     <descriptorname majortopicyn="N">
      Weight Gain
     </descriptorname>
     <qualifiername majortopicyn="Y">
      physiology
     </qualifiername>
    </meshheading>
   </meshheadinglist>
  </medlinecitation>
  <pubmeddata>
   <history>
    <pubmedpubdate pubstatus="pubmed">
     <year>
      2002
     </year>
     <month>
      11
     </month>
     <day>
      21
     </day>
     <hour>
      4
     </hour>
     <minute>
      0
     </minute>
    </pubmedpubdate>
    <pubmedpubdate pubstatus="medline">
     <year>
      2002
     </year>
     <month>
      12
     </month>
     <day>
      21
     </day>
     <hour>
      4
     </hour>
     <minute>
      0
     </minute>
    </pubmedpubdate>
    <pubmedpubdate pubstatus="entrez">
     <year>
      2002
     </year>
     <month>
      11
     </month>
     <day>
      21
     </day>
     <hour>
      4
     </hour>
     <minute>
      0
     </minute>
    </pubmedpubdate>
   </history>
   <publicationstatus>
    ppublish
   </publicationstatus>
   <articleidlist>
    <articleid idtype="pubmed">
     12442064
    </articleid>
    <articleid idtype="pii">
     MDOI-DM-09-2002-28-4-1262-3636-101019-ART3
    </articleid>
   </articleidlist>
  </pubmeddata>
 </pubmedarticle>
</pubmedarticleset>

