<?xml version='1.0' encoding='utf-8'?>
<!DOCTYPE PubmedArticleSet PUBLIC "-//NLM//DTD PubMedArticle, 1st January 2011//EN" "http://www.ncbi.nlm.nih.gov/entrez/query/DTD/pubmed_110101.dtd">
<pubmedarticleset>
 <pubmedarticle>
  <medlinecitation owner="NLM" status="MEDLINE">
   <pmid version="1">
    12457519
   </pmid>
   <datecreated>
    <year>
     2002
    </year>
    <month>
     11
    </month>
    <day>
     29
    </day>
   </datecreated>
   <datecompleted>
    <year>
     2003
    </year>
    <month>
     01
    </month>
    <day>
     10
    </day>
   </datecompleted>
   <daterevised>
    <year>
     2006
    </year>
    <month>
     11
    </month>
    <day>
     15
    </day>
   </daterevised>
   <article pubmodel="Print">
    <journal>
     <issn issntype="Print">
      1471-1893
     </issn>
     <journalissue citedmedium="Print">
      <volume>
       27
      </volume>
      <issue>
       2
      </issue>
      <pubdate>
       <year>
        2001
       </year>
       <month>
        Apr
       </month>
      </pubdate>
     </journalissue>
     <title>
      The journal of family planning and reproductive health care / Faculty of Family Planning &amp; Reproductive Health Care, Royal College of Obstetricians &amp; Gynaecologists
     </title>
     <isoabbreviation>
      J Fam Plann Reprod Health Care
     </isoabbreviation>
    </journal>
    <articletitle>
     Oral contraceptive failures and body weight: findings in a large cohort study.
    </articletitle>
    <pagination>
     <medlinepgn>
      90-1
     </medlinepgn>
    </pagination>
    <abstract>
     <abstracttext>
      This report looks at data from 17 032 women who took part in the Oxford Family Planning Association contraceptive study. Thirty-eight first accidental pregnancies occurred during 6779 woman-years of use of progestogen-only oral contraceptives (0.56 per 100) and 95 first accidental pregnancies occurred during 48 692 woman-years of combined oral contraceptive use (0.20 per 100). Although associations with age and parity were found, there was no evidence of any influence of body weight on the risk of accidental pregnancy with either form of oral contraceptive.
     </abstracttext>
    </abstract>
    <affiliation>
     Institute of Health Sciences, Headington, Oxford, UK.
    </affiliation>
    <authorlist completeyn="Y">
     <author validyn="Y">
      <lastname>
       Vessey
      </lastname>
      <forename>
       M
      </forename>
      <initials>
       M
      </initials>
     </author>
    </authorlist>
    <language>
     eng
    </language>
    <publicationtypelist>
     <publicationtype>
      Journal Article
     </publicationtype>
     <publicationtype>
      Research Support, Non-U.S. Gov't
     </publicationtype>
    </publicationtypelist>
   </article>
   <medlinejournalinfo>
    <country>
     England
    </country>
    <medlineta>
     J Fam Plann Reprod Health Care
    </medlineta>
    <nlmuniqueid>
     101087687
    </nlmuniqueid>
    <issnlinking>
     1471-1893
    </issnlinking>
   </medlinejournalinfo>
   <chemicallist>
    <chemical>
     <registrynumber>
      0
     </registrynumber>
     <nameofsubstance>
      Contraceptives, Oral
     </nameofsubstance>
    </chemical>
   </chemicallist>
   <citationsubset>
    IM
   </citationsubset>
   <commentscorrectionslist>
    <commentscorrections reftype="CommentIn">
     <refsource>
      J Fam Plann Reprod Health Care. 2001 Oct;27(4):239; author reply 239
     </refsource>
     <pmid version="1">
      12457488
     </pmid>
    </commentscorrections>
    <commentscorrections reftype="CommentIn">
     <refsource>
      J Fam Plann Reprod Health Care. 2001 Oct;27(4):239; author reply 239
     </refsource>
     <pmid version="1">
      12465607
     </pmid>
    </commentscorrections>
   </commentscorrectionslist>
   <meshheadinglist>
    <meshheading>
     <descriptorname majortopicyn="N">
      Adipose Tissue
     </descriptorname>
     <qualifiername majortopicyn="N">
      metabolism
     </qualifiername>
    </meshheading>
    <meshheading>
     <descriptorname majortopicyn="N">
      Adult
     </descriptorname>
    </meshheading>
    <meshheading>
     <descriptorname majortopicyn="Y">
      Body Weight
     </descriptorname>
    </meshheading>
    <meshheading>
     <descriptorname majortopicyn="N">
      Cohort Studies
     </descriptorname>
    </meshheading>
    <meshheading>
     <descriptorname majortopicyn="N">
      Contraceptives, Oral
     </descriptorname>
     <qualifiername majortopicyn="Y">
      pharmacokinetics
     </qualifiername>
    </meshheading>
    <meshheading>
     <descriptorname majortopicyn="N">
      Female
     </descriptorname>
    </meshheading>
    <meshheading>
     <descriptorname majortopicyn="N">
      Humans
     </descriptorname>
    </meshheading>
    <meshheading>
     <descriptorname majortopicyn="N">
      Pregnancy
     </descriptorname>
    </meshheading>
    <meshheading>
     <descriptorname majortopicyn="N">
      Risk Factors
     </descriptorname>
    </meshheading>
   </meshheadinglist>
  </medlinecitation>
  <pubmeddata>
   <history>
    <pubmedpubdate pubstatus="pubmed">
     <year>
      2002
     </year>
     <month>
      11
     </month>
     <day>
      30
     </day>
     <hour>
      4
     </hour>
     <minute>
      0
     </minute>
    </pubmedpubdate>
    <pubmedpubdate pubstatus="medline">
     <year>
      2003
     </year>
     <month>
      1
     </month>
     <day>
      11
     </day>
     <hour>
      4
     </hour>
     <minute>
      0
     </minute>
    </pubmedpubdate>
    <pubmedpubdate pubstatus="entrez">
     <year>
      2002
     </year>
     <month>
      11
     </month>
     <day>
      30
     </day>
     <hour>
      4
     </hour>
     <minute>
      0
     </minute>
    </pubmedpubdate>
   </history>
   <publicationstatus>
    ppublish
   </publicationstatus>
   <articleidlist>
    <articleid idtype="pubmed">
     12457519
    </articleid>
   </articleidlist>
  </pubmeddata>
 </pubmedarticle>
</pubmedarticleset>

