<?xml version='1.0' encoding='utf-8'?>
<!DOCTYPE PubmedArticleSet PUBLIC "-//NLM//DTD PubMedArticle, 1st January 2011//EN" "http://www.ncbi.nlm.nih.gov/entrez/query/DTD/pubmed_110101.dtd">
<pubmedarticleset>
 <pubmedarticle>
  <medlinecitation owner="NLM" status="MEDLINE">
   <pmid version="1">
    12451364
   </pmid>
   <datecreated>
    <year>
     2002
    </year>
    <month>
     11
    </month>
    <day>
     26
    </day>
   </datecreated>
   <datecompleted>
    <year>
     2003
    </year>
    <month>
     01
    </month>
    <day>
     09
    </day>
   </datecompleted>
   <daterevised>
    <year>
     2005
    </year>
    <month>
     11
    </month>
    <day>
     16
    </day>
   </daterevised>
   <article pubmodel="Print">
    <journal>
     <issn issntype="Print">
      0190-9622
     </issn>
     <journalissue citedmedium="Print">
      <volume>
       47
      </volume>
      <issue>
       6
      </issue>
      <pubdate>
       <year>
        2002
       </year>
       <month>
        Dec
       </month>
      </pubdate>
     </journalissue>
     <title>
      Journal of the American Academy of Dermatology
     </title>
     <isoabbreviation>
      J. Am. Acad. Dermatol.
     </isoabbreviation>
    </journal>
    <articletitle>
     Approach to the adult female patient with diffuse nonscarring alopecia.
    </articletitle>
    <pagination>
     <medlinepgn>
      809-18; quiz 818-20
     </medlinepgn>
    </pagination>
    <abstract>
     <abstracttext>
      Alopecias are traditionally categorized by the presence or absence of scarring and by a diffuse or localized pattern. A common clinical conundrum is that of a woman presenting with the chief complaint of diffuse, nonscarring hair loss. We review the 4 main diagnostic possibilities for this clinical scenario: (1) female pattern hair loss (androgenetic alopecia), (2) acute and chronic telogen effluvium, (3) diffuse alopecia areata, and (4) loose anagen syndrome. We also outline our approach to the individual patient, emphasizing the pertinent history, physical examination, and appropriate diagnostic testing. This approach usually allows the clinician to make a definitive diagnosis or limited differential diagnosis and to offer the patient therapeutic options.
     </abstracttext>
    </abstract>
    <affiliation>
     Department of Dermatology, University of Connecticut Health Center, Farmington 06032, USA.
    </affiliation>
    <authorlist completeyn="Y">
     <author validyn="Y">
      <lastname>
       Chartier
      </lastname>
      <forename>
       Molly Beth
      </forename>
      <initials>
       MB
      </initials>
     </author>
     <author validyn="Y">
      <lastname>
       Hoss
      </lastname>
      <forename>
       Diane Marie
      </forename>
      <initials>
       DM
      </initials>
     </author>
     <author validyn="Y">
      <lastname>
       Grant-Kels
      </lastname>
      <forename>
       Jane Margaret
      </forename>
      <initials>
       JM
      </initials>
     </author>
    </authorlist>
    <language>
     eng
    </language>
    <publicationtypelist>
     <publicationtype>
      Journal Article
     </publicationtype>
     <publicationtype>
      Review
     </publicationtype>
    </publicationtypelist>
   </article>
   <medlinejournalinfo>
    <country>
     United States
    </country>
    <medlineta>
     J Am Acad Dermatol
    </medlineta>
    <nlmuniqueid>
     7907132
    </nlmuniqueid>
    <issnlinking>
     0190-9622
    </issnlinking>
   </medlinejournalinfo>
   <citationsubset>
    IM
   </citationsubset>
   <meshheadinglist>
    <meshheading>
     <descriptorname majortopicyn="N">
      Adult
     </descriptorname>
    </meshheading>
    <meshheading>
     <descriptorname majortopicyn="N">
      Alopecia
     </descriptorname>
     <qualifiername majortopicyn="Y">
      diagnosis
     </qualifiername>
     <qualifiername majortopicyn="N">
      epidemiology
     </qualifiername>
     <qualifiername majortopicyn="Y">
      therapy
     </qualifiername>
    </meshheading>
    <meshheading>
     <descriptorname majortopicyn="N">
      Biopsy, Needle
     </descriptorname>
    </meshheading>
    <meshheading>
     <descriptorname majortopicyn="N">
      Child, Preschool
     </descriptorname>
    </meshheading>
    <meshheading>
     <descriptorname majortopicyn="N">
      Female
     </descriptorname>
    </meshheading>
    <meshheading>
     <descriptorname majortopicyn="N">
      Humans
     </descriptorname>
    </meshheading>
    <meshheading>
     <descriptorname majortopicyn="N">
      Immunohistochemistry
     </descriptorname>
    </meshheading>
    <meshheading>
     <descriptorname majortopicyn="N">
      Incidence
     </descriptorname>
    </meshheading>
    <meshheading>
     <descriptorname majortopicyn="N">
      Middle Aged
     </descriptorname>
    </meshheading>
    <meshheading>
     <descriptorname majortopicyn="N">
      Prognosis
     </descriptorname>
    </meshheading>
    <meshheading>
     <descriptorname majortopicyn="N">
      Risk Assessment
     </descriptorname>
    </meshheading>
    <meshheading>
     <descriptorname majortopicyn="N">
      Risk Factors
     </descriptorname>
    </meshheading>
    <meshheading>
     <descriptorname majortopicyn="N">
      Scalp
     </descriptorname>
     <qualifiername majortopicyn="Y">
      pathology
     </qualifiername>
    </meshheading>
    <meshheading>
     <descriptorname majortopicyn="N">
      Severity of Illness Index
     </descriptorname>
    </meshheading>
   </meshheadinglist>
   <numberofreferences>
    78
   </numberofreferences>
  </medlinecitation>
  <pubmeddata>
   <history>
    <pubmedpubdate pubstatus="pubmed">
     <year>
      2002
     </year>
     <month>
      11
     </month>
     <day>
      27
     </day>
     <hour>
      4
     </hour>
     <minute>
      0
     </minute>
    </pubmedpubdate>
    <pubmedpubdate pubstatus="medline">
     <year>
      2003
     </year>
     <month>
      1
     </month>
     <day>
      10
     </day>
     <hour>
      4
     </hour>
     <minute>
      0
     </minute>
    </pubmedpubdate>
    <pubmedpubdate pubstatus="entrez">
     <year>
      2002
     </year>
     <month>
      11
     </month>
     <day>
      27
     </day>
     <hour>
      4
     </hour>
     <minute>
      0
     </minute>
    </pubmedpubdate>
   </history>
   <publicationstatus>
    ppublish
   </publicationstatus>
   <articleidlist>
    <articleid idtype="pubmed">
     12451364
    </articleid>
    <articleid idtype="doi">
     10.1067/mjd.2002.128771
    </articleid>
    <articleid idtype="pii">
     S0190962202003109
    </articleid>
   </articleidlist>
  </pubmeddata>
 </pubmedarticle>
</pubmedarticleset>

