<?xml version='1.0' encoding='utf-8'?>
<!DOCTYPE PubmedArticleSet PUBLIC "-//NLM//DTD PubMedArticle, 1st January 2011//EN" "http://www.ncbi.nlm.nih.gov/entrez/query/DTD/pubmed_110101.dtd">
<pubmedarticleset>
 <pubmedarticle>
  <medlinecitation owner="NLM" status="MEDLINE">
   <pmid version="1">
    12460095
   </pmid>
   <datecreated>
    <year>
     2002
    </year>
    <month>
     12
    </month>
    <day>
     03
    </day>
   </datecreated>
   <datecompleted>
    <year>
     2002
    </year>
    <month>
     12
    </month>
    <day>
     18
    </day>
   </datecompleted>
   <daterevised>
    <year>
     2006
    </year>
    <month>
     11
    </month>
    <day>
     15
    </day>
   </daterevised>
   <article pubmodel="Print">
    <journal>
     <issn issntype="Print">
      0098-7484
     </issn>
     <journalissue citedmedium="Print">
      <volume>
       288
      </volume>
      <issue>
       21
      </issue>
      <pubdate>
       <year>
        2002
       </year>
       <month>
        Dec
       </month>
       <day>
        4
       </day>
      </pubdate>
     </journalissue>
     <title>
      JAMA : the journal of the American Medical Association
     </title>
     <isoabbreviation>
      JAMA
     </isoabbreviation>
    </journal>
    <articletitle>
     Risk factors for sudden infant death syndrome among northern plains Indians.
    </articletitle>
    <pagination>
     <medlinepgn>
      2717-23
     </medlinepgn>
    </pagination>
    <abstract>
     <abstracttext label="CONTEXT" nlmcategory="BACKGROUND">
      Sudden infant death syndrome (SIDS) is a leading cause of postneonatal mortality among American Indians, a group whose infant death rate is consistently above the US national average.
     </abstracttext>
     <abstracttext label="OBJECTIVE" nlmcategory="OBJECTIVE">
      To determine prenatal and postnatal risk factors for SIDS among American Indians.
     </abstracttext>
     <abstracttext label="DESIGN, SETTING, AND PARTICIPANTS" nlmcategory="METHODS">
      Population-based case-control study of 33 SIDS infants and 66 matched living controls among American Indians in South Dakota, North Dakota, Nebraska, and Iowa enrolled from December 1992 to November 1996 and investigated using standardized parental interview, medical record abstraction, autopsy protocol, and infant death review.
     </abstracttext>
     <abstracttext label="MAIN OUTCOME MEASURES" nlmcategory="METHODS">
      Association of SIDS with maternal socioeconomic and behavioral factors, health care utilization, and infant care practices.
     </abstracttext>
     <abstracttext label="RESULTS" nlmcategory="RESULTS">
      The proportions of case and control infants who were usually placed prone to sleep (15.2% and 13.6%, respectively), who shared a bed with parents (59.4% and 55.4%), or whose mothers smoked during pregnancy (69.7% and 54.6%) were similar. However, mothers of 72.7% of case infants and 45.5% of control infants engaged in binge drinking during pregnancy. Conditional logistic regression revealed significant associations between SIDS and 2 or more layers of clothing on the infant (adjusted odds ratio [aOR], 6.2; 95% confidence interval [CI], 1.4-26.5), any visits by a public health nurse (aOR, 0.2; 95% CI, 0.1-0.8), periconceptional maternal alcohol use (aOR, 6.2; 95% CI, 1.6-23.3), and maternal first-trimester binge drinking (aOR, 8.2; 95% CI, 1.9-35.3).
     </abstracttext>
     <abstracttext label="CONCLUSIONS" nlmcategory="CONCLUSIONS">
      Public health nurse visits, maternal alcohol use during the periconceptional period and first trimester, and layers of clothing are important risk factors for SIDS among Northern Plains Indians. Strengthening public health nurse visiting programs and programs to reduce alcohol consumption among women of childbearing age could potentially reduce the high rate of SIDS.
     </abstracttext>
    </abstract>
    <affiliation>
     Division of Reproductive Health, National Center for Chronic Disease Prevention and Health Promotion, Centers for Disease Control and Prevention, Atlanta, Ga, USA. IyasuS@cder.fda.gov
    </affiliation>
    <authorlist completeyn="Y">
     <author validyn="Y">
      <lastname>
       Iyasu
      </lastname>
      <forename>
       Solomon
      </forename>
      <initials>
       S
      </initials>
     </author>
     <author validyn="Y">
      <lastname>
       Randall
      </lastname>
      <forename>
       Leslie L
      </forename>
      <initials>
       LL
      </initials>
     </author>
     <author validyn="Y">
      <lastname>
       Welty
      </lastname>
      <forename>
       Thomas K
      </forename>
      <initials>
       TK
      </initials>
     </author>
     <author validyn="Y">
      <lastname>
       Hsia
      </lastname>
      <forename>
       Jason
      </forename>
      <initials>
       J
      </initials>
     </author>
     <author validyn="Y">
      <lastname>
       Kinney
      </lastname>
      <forename>
       Hannah C
      </forename>
      <initials>
       HC
      </initials>
     </author>
     <author validyn="Y">
      <lastname>
       Mandell
      </lastname>
      <forename>
       Frederick
      </forename>
      <initials>
       F
      </initials>
     </author>
     <author validyn="Y">
      <lastname>
       McClain
      </lastname>
      <forename>
       Mary
      </forename>
      <initials>
       M
      </initials>
     </author>
     <author validyn="Y">
      <lastname>
       Randall
      </lastname>
      <forename>
       Brad
      </forename>
      <initials>
       B
      </initials>
     </author>
     <author validyn="Y">
      <lastname>
       Habbe
      </lastname>
      <forename>
       Don
      </forename>
      <initials>
       D
      </initials>
     </author>
     <author validyn="Y">
      <lastname>
       Wilson
      </lastname>
      <forename>
       Harry
      </forename>
      <initials>
       H
      </initials>
     </author>
     <author validyn="Y">
      <lastname>
       Willinger
      </lastname>
      <forename>
       Marian
      </forename>
      <initials>
       M
      </initials>
     </author>
    </authorlist>
    <language>
     eng
    </language>
    <publicationtypelist>
     <publicationtype>
      Journal Article
     </publicationtype>
     <publicationtype>
      Research Support, Non-U.S. Gov't
     </publicationtype>
     <publicationtype>
      Research Support, U.S. Gov't, P.H.S.
     </publicationtype>
    </publicationtypelist>
   </article>
   <medlinejournalinfo>
    <country>
     United States
    </country>
    <medlineta>
     JAMA
    </medlineta>
    <nlmuniqueid>
     7501160
    </nlmuniqueid>
    <issnlinking>
     0098-7484
    </issnlinking>
   </medlinejournalinfo>
   <citationsubset>
    AIM
   </citationsubset>
   <citationsubset>
    IM
   </citationsubset>
   <commentscorrectionslist>
    <commentscorrections reftype="ErratumIn">
     <refsource>
      JAMA. 2003 Jan 15;289(3):303
     </refsource>
    </commentscorrections>
   </commentscorrectionslist>
   <meshheadinglist>
    <meshheading>
     <descriptorname majortopicyn="N">
      Alcohol Drinking
     </descriptorname>
    </meshheading>
    <meshheading>
     <descriptorname majortopicyn="N">
      Case-Control Studies
     </descriptorname>
    </meshheading>
    <meshheading>
     <descriptorname majortopicyn="N">
      Cause of Death
     </descriptorname>
    </meshheading>
    <meshheading>
     <descriptorname majortopicyn="N">
      Female
     </descriptorname>
    </meshheading>
    <meshheading>
     <descriptorname majortopicyn="N">
      Humans
     </descriptorname>
    </meshheading>
    <meshheading>
     <descriptorname majortopicyn="Y">
      Indians, North American
     </descriptorname>
     <qualifiername majortopicyn="N">
      statistics &amp; numerical data
     </qualifiername>
    </meshheading>
    <meshheading>
     <descriptorname majortopicyn="N">
      Infant
     </descriptorname>
    </meshheading>
    <meshheading>
     <descriptorname majortopicyn="N">
      Infant Care
     </descriptorname>
    </meshheading>
    <meshheading>
     <descriptorname majortopicyn="N">
      Infant, Newborn
     </descriptorname>
    </meshheading>
    <meshheading>
     <descriptorname majortopicyn="N">
      Logistic Models
     </descriptorname>
    </meshheading>
    <meshheading>
     <descriptorname majortopicyn="N">
      Male
     </descriptorname>
    </meshheading>
    <meshheading>
     <descriptorname majortopicyn="N">
      Maternal Health Services
     </descriptorname>
     <qualifiername majortopicyn="N">
      utilization
     </qualifiername>
    </meshheading>
    <meshheading>
     <descriptorname majortopicyn="N">
      Pregnancy
     </descriptorname>
    </meshheading>
    <meshheading>
     <descriptorname majortopicyn="N">
      Risk Factors
     </descriptorname>
    </meshheading>
    <meshheading>
     <descriptorname majortopicyn="N">
      Smoking
     </descriptorname>
    </meshheading>
    <meshheading>
     <descriptorname majortopicyn="N">
      Socioeconomic Factors
     </descriptorname>
    </meshheading>
    <meshheading>
     <descriptorname majortopicyn="N">
      Sudden Infant Death
     </descriptorname>
     <qualifiername majortopicyn="N">
      epidemiology
     </qualifiername>
     <qualifiername majortopicyn="Y">
      ethnology
     </qualifiername>
    </meshheading>
    <meshheading>
     <descriptorname majortopicyn="N" type="Geographic">
      United States
     </descriptorname>
     <qualifiername majortopicyn="N">
      epidemiology
     </qualifiername>
    </meshheading>
   </meshheadinglist>
  </medlinecitation>
  <pubmeddata>
   <history>
    <pubmedpubdate pubstatus="pubmed">
     <year>
      2002
     </year>
     <month>
      12
     </month>
     <day>
      4
     </day>
     <hour>
      4
     </hour>
     <minute>
      0
     </minute>
    </pubmedpubdate>
    <pubmedpubdate pubstatus="medline">
     <year>
      2002
     </year>
     <month>
      12
     </month>
     <day>
      19
     </day>
     <hour>
      4
     </hour>
     <minute>
      0
     </minute>
    </pubmedpubdate>
    <pubmedpubdate pubstatus="entrez">
     <year>
      2002
     </year>
     <month>
      12
     </month>
     <day>
      4
     </day>
     <hour>
      4
     </hour>
     <minute>
      0
     </minute>
    </pubmedpubdate>
   </history>
   <publicationstatus>
    ppublish
   </publicationstatus>
   <articleidlist>
    <articleid idtype="pubmed">
     12460095
    </articleid>
    <articleid idtype="pii">
     joc12093
    </articleid>
   </articleidlist>
  </pubmeddata>
 </pubmedarticle>
</pubmedarticleset>

