<?xml version='1.0' encoding='utf-8'?>
<!DOCTYPE PubmedArticleSet PUBLIC "-//NLM//DTD PubMedArticle, 1st January 2011//EN" "http://www.ncbi.nlm.nih.gov/entrez/query/DTD/pubmed_110101.dtd">
<pubmedarticleset>
 <pubmedarticle>
  <medlinecitation owner="NLM" status="MEDLINE">
   <pmid version="1">
    12467690
   </pmid>
   <datecreated>
    <year>
     2002
    </year>
    <month>
     12
    </month>
    <day>
     06
    </day>
   </datecreated>
   <datecompleted>
    <year>
     2003
    </year>
    <month>
     01
    </month>
    <day>
     10
    </day>
   </datecompleted>
   <daterevised>
    <year>
     2007
    </year>
    <month>
     11
    </month>
    <day>
     15
    </day>
   </daterevised>
   <article pubmodel="Print">
    <journal>
     <issn issntype="Print">
      1473-3099
     </issn>
     <journalissue citedmedium="Print">
      <volume>
       2
      </volume>
      <issue>
       12
      </issue>
      <pubdate>
       <year>
        2002
       </year>
       <month>
        Dec
       </month>
      </pubdate>
     </journalissue>
     <title>
      The Lancet infectious diseases
     </title>
     <isoabbreviation>
      Lancet Infect Dis
     </isoabbreviation>
    </journal>
    <articletitle>
     Pertussis of adults and infants.
    </articletitle>
    <pagination>
     <medlinepgn>
      744-50
     </medlinepgn>
    </pagination>
    <abstract>
     <abstracttext>
      Bordetella pertussis continues to circulate even in populations where a high vaccine coverage of infants and children is achieved. Cases in adolescents and adults are reported with increasing frequency in many countries. Adults are a reservoir for infections in very young infants, in whom pertussis may be severe and life-threatening. The salient clinical feature of pertussis in adolescents and adults is prolonged coughing, and recognising that pertussis does occur in these age groups is the most important step in its diagnosis. A laboratory diagnosis can be made by bordetella-PCR from nasopharyngeal swabs or secretions and by detection of antibodies, mainly to pertussis toxin; laboratory diagnosis is, however, not well standardised. Vaccination of adolescents and adults is now possible with acellular pertussis vaccines, which are well tolerated, immunogenic, and effective. Adolescent boosters and the vaccination of health-care workers are already included in vaccination calendars in some countries. Vaccine-recommending bodies and national health-care organisations must have locally relevant information on the transmission of pertussis from adults to infants to be able to make decisions on the advisability, feasibility, and priority for booster immunisation against pertussis.
     </abstracttext>
    </abstract>
    <affiliation>
     German reference laboratory for pertussis, Krefeld, Germany. wvkoenig@t-online.de
    </affiliation>
    <authorlist completeyn="Y">
     <author validyn="Y">
      <lastname>
       von König
      </lastname>
      <forename>
       C H Wirsing
      </forename>
      <initials>
       CH
      </initials>
     </author>
     <author validyn="Y">
      <lastname>
       Halperin
      </lastname>
      <forename>
       S
      </forename>
      <initials>
       S
      </initials>
     </author>
     <author validyn="Y">
      <lastname>
       Riffelmann
      </lastname>
      <forename>
       M
      </forename>
      <initials>
       M
      </initials>
     </author>
     <author validyn="Y">
      <lastname>
       Guiso
      </lastname>
      <forename>
       N
      </forename>
      <initials>
       N
      </initials>
     </author>
    </authorlist>
    <language>
     eng
    </language>
    <publicationtypelist>
     <publicationtype>
      Journal Article
     </publicationtype>
     <publicationtype>
      Review
     </publicationtype>
    </publicationtypelist>
   </article>
   <medlinejournalinfo>
    <country>
     United States
    </country>
    <medlineta>
     Lancet Infect Dis
    </medlineta>
    <nlmuniqueid>
     101130150
    </nlmuniqueid>
    <issnlinking>
     1473-3099
    </issnlinking>
   </medlinejournalinfo>
   <chemicallist>
    <chemical>
     <registrynumber>
      0
     </registrynumber>
     <nameofsubstance>
      Pertussis Vaccine
     </nameofsubstance>
    </chemical>
    <chemical>
     <registrynumber>
      0
     </registrynumber>
     <nameofsubstance>
      Vaccines, Acellular
     </nameofsubstance>
    </chemical>
   </chemicallist>
   <citationsubset>
    IM
   </citationsubset>
   <meshheadinglist>
    <meshheading>
     <descriptorname majortopicyn="N">
      Adult
     </descriptorname>
    </meshheading>
    <meshheading>
     <descriptorname majortopicyn="N">
      Bordetella pertussis
     </descriptorname>
     <qualifiername majortopicyn="N">
      immunology
     </qualifiername>
    </meshheading>
    <meshheading>
     <descriptorname majortopicyn="N">
      Controlled Clinical Trials as Topic
     </descriptorname>
    </meshheading>
    <meshheading>
     <descriptorname majortopicyn="N">
      Humans
     </descriptorname>
    </meshheading>
    <meshheading>
     <descriptorname majortopicyn="N">
      Infant
     </descriptorname>
    </meshheading>
    <meshheading>
     <descriptorname majortopicyn="N">
      Pertussis Vaccine
     </descriptorname>
     <qualifiername majortopicyn="N">
      immunology
     </qualifiername>
    </meshheading>
    <meshheading>
     <descriptorname majortopicyn="N">
      Risk Factors
     </descriptorname>
    </meshheading>
    <meshheading>
     <descriptorname majortopicyn="N">
      Vaccines, Acellular
     </descriptorname>
     <qualifiername majortopicyn="N">
      immunology
     </qualifiername>
    </meshheading>
    <meshheading>
     <descriptorname majortopicyn="Y">
      Whooping Cough
     </descriptorname>
     <qualifiername majortopicyn="N">
      diagnosis
     </qualifiername>
     <qualifiername majortopicyn="N">
      epidemiology
     </qualifiername>
     <qualifiername majortopicyn="N">
      immunology
     </qualifiername>
     <qualifiername majortopicyn="N">
      prevention &amp; control
     </qualifiername>
    </meshheading>
   </meshheadinglist>
   <numberofreferences>
    78
   </numberofreferences>
  </medlinecitation>
  <pubmeddata>
   <history>
    <pubmedpubdate pubstatus="pubmed">
     <year>
      2002
     </year>
     <month>
      12
     </month>
     <day>
      7
     </day>
     <hour>
      4
     </hour>
     <minute>
      0
     </minute>
    </pubmedpubdate>
    <pubmedpubdate pubstatus="medline">
     <year>
      2003
     </year>
     <month>
      1
     </month>
     <day>
      11
     </day>
     <hour>
      4
     </hour>
     <minute>
      0
     </minute>
    </pubmedpubdate>
    <pubmedpubdate pubstatus="entrez">
     <year>
      2002
     </year>
     <month>
      12
     </month>
     <day>
      7
     </day>
     <hour>
      4
     </hour>
     <minute>
      0
     </minute>
    </pubmedpubdate>
   </history>
   <publicationstatus>
    ppublish
   </publicationstatus>
   <articleidlist>
    <articleid idtype="pubmed">
     12467690
    </articleid>
    <articleid idtype="pii">
     S1473309902004528
    </articleid>
   </articleidlist>
  </pubmeddata>
 </pubmedarticle>
</pubmedarticleset>

