<?xml version='1.0' encoding='utf-8'?>
<!DOCTYPE PubmedArticleSet PUBLIC "-//NLM//DTD PubMedArticle, 1st January 2011//EN" "http://www.ncbi.nlm.nih.gov/entrez/query/DTD/pubmed_110101.dtd">
<pubmedarticleset>
 <pubmedarticle>
  <medlinecitation owner="NLM" status="MEDLINE">
   <pmid version="1">
    12466320
   </pmid>
   <datecreated>
    <year>
     2002
    </year>
    <month>
     12
    </month>
    <day>
     05
    </day>
   </datecreated>
   <datecompleted>
    <year>
     2003
    </year>
    <month>
     01
    </month>
    <day>
     17
    </day>
   </datecompleted>
   <daterevised>
    <year>
     2004
    </year>
    <month>
     11
    </month>
    <day>
     17
    </day>
   </daterevised>
   <article pubmodel="Print">
    <journal>
     <issn issntype="Print">
      0021-972X
     </issn>
     <journalissue citedmedium="Print">
      <volume>
       87
      </volume>
      <issue>
       12
      </issue>
      <pubdate>
       <year>
        2002
       </year>
       <month>
        Dec
       </month>
      </pubdate>
     </journalissue>
     <title>
      The Journal of clinical endocrinology and metabolism
     </title>
     <isoabbreviation>
      J. Clin. Endocrinol. Metab.
     </isoabbreviation>
    </journal>
    <articletitle>
     Summary statement from a workshop on asymptomatic primary hyperparathyroidism: a perspective for the 21st century.
    </articletitle>
    <pagination>
     <medlinepgn>
      5353-61
     </medlinepgn>
    </pagination>
    <affiliation>
     Department of Medicine, Columbia University College of Physicians and Surgeons, New York, New York 10032, USA. jpb2@columbia.edu
    </affiliation>
    <authorlist completeyn="Y">
     <author validyn="Y">
      <lastname>
       Bilezikian
      </lastname>
      <forename>
       John P
      </forename>
      <initials>
       JP
      </initials>
     </author>
     <author validyn="Y">
      <lastname>
       Potts
      </lastname>
      <forename>
       John T
      </forename>
      <initials>
       JT
      </initials>
      <suffix>
       Jr
      </suffix>
     </author>
     <author validyn="Y">
      <lastname>
       Fuleihan
      </lastname>
      <forename>
       Ghada El-Hajj
      </forename>
      <initials>
       Gel-H
      </initials>
     </author>
     <author validyn="Y">
      <lastname>
       Kleerekoper
      </lastname>
      <forename>
       Michael
      </forename>
      <initials>
       M
      </initials>
     </author>
     <author validyn="Y">
      <lastname>
       Neer
      </lastname>
      <forename>
       Robert
      </forename>
      <initials>
       R
      </initials>
     </author>
     <author validyn="Y">
      <lastname>
       Peacock
      </lastname>
      <forename>
       Munro
      </forename>
      <initials>
       M
      </initials>
     </author>
     <author validyn="Y">
      <lastname>
       Rastad
      </lastname>
      <forename>
       Jonas
      </forename>
      <initials>
       J
      </initials>
     </author>
     <author validyn="Y">
      <lastname>
       Silverberg
      </lastname>
      <forename>
       Shonni J
      </forename>
      <initials>
       SJ
      </initials>
     </author>
     <author validyn="Y">
      <lastname>
       Udelsman
      </lastname>
      <forename>
       Robert
      </forename>
      <initials>
       R
      </initials>
     </author>
     <author validyn="Y">
      <lastname>
       Wells
      </lastname>
      <forename>
       Samuel A
      </forename>
      <initials>
       SA
      </initials>
     </author>
    </authorlist>
    <language>
     eng
    </language>
    <publicationtypelist>
     <publicationtype>
      Consensus Development Conference
     </publicationtype>
     <publicationtype>
      Journal Article
     </publicationtype>
     <publicationtype>
      Review
     </publicationtype>
    </publicationtypelist>
   </article>
   <medlinejournalinfo>
    <country>
     United States
    </country>
    <medlineta>
     J Clin Endocrinol Metab
    </medlineta>
    <nlmuniqueid>
     0375362
    </nlmuniqueid>
    <issnlinking>
     0021-972X
    </issnlinking>
   </medlinejournalinfo>
   <citationsubset>
    AIM
   </citationsubset>
   <citationsubset>
    IM
   </citationsubset>
   <meshheadinglist>
    <meshheading>
     <descriptorname majortopicyn="N">
      Humans
     </descriptorname>
    </meshheading>
    <meshheading>
     <descriptorname majortopicyn="N">
      Hyperparathyroidism
     </descriptorname>
     <qualifiername majortopicyn="Y">
      diagnosis
     </qualifiername>
     <qualifiername majortopicyn="N">
      drug therapy
     </qualifiername>
     <qualifiername majortopicyn="Y">
      surgery
     </qualifiername>
    </meshheading>
    <meshheading>
     <descriptorname majortopicyn="N">
      Research
     </descriptorname>
    </meshheading>
   </meshheadinglist>
   <numberofreferences>
    0
   </numberofreferences>
  </medlinecitation>
  <pubmeddata>
   <history>
    <pubmedpubdate pubstatus="pubmed">
     <year>
      2002
     </year>
     <month>
      12
     </month>
     <day>
      6
     </day>
     <hour>
      4
     </hour>
     <minute>
      0
     </minute>
    </pubmedpubdate>
    <pubmedpubdate pubstatus="medline">
     <year>
      2003
     </year>
     <month>
      1
     </month>
     <day>
      18
     </day>
     <hour>
      4
     </hour>
     <minute>
      0
     </minute>
    </pubmedpubdate>
    <pubmedpubdate pubstatus="entrez">
     <year>
      2002
     </year>
     <month>
      12
     </month>
     <day>
      6
     </day>
     <hour>
      4
     </hour>
     <minute>
      0
     </minute>
    </pubmedpubdate>
   </history>
   <publicationstatus>
    ppublish
   </publicationstatus>
   <articleidlist>
    <articleid idtype="pubmed">
     12466320
    </articleid>
   </articleidlist>
  </pubmeddata>
 </pubmedarticle>
</pubmedarticleset>

