<?xml version='1.0' encoding='utf-8'?>
<!DOCTYPE PubmedArticleSet PUBLIC "-//NLM//DTD PubMedArticle, 1st January 2011//EN" "http://www.ncbi.nlm.nih.gov/entrez/query/DTD/pubmed_110101.dtd">
<pubmedarticleset>
 <pubmedarticle>
  <medlinecitation owner="NLM" status="MEDLINE">
   <pmid version="1">
    12472618
   </pmid>
   <datecreated>
    <year>
     2002
    </year>
    <month>
     12
    </month>
    <day>
     10
    </day>
   </datecreated>
   <datecompleted>
    <year>
     2003
    </year>
    <month>
     07
    </month>
    <day>
     16
    </day>
   </datecompleted>
   <daterevised>
    <year>
     2004
    </year>
    <month>
     11
    </month>
    <day>
     17
    </day>
   </daterevised>
   <article pubmodel="Print">
    <journal>
     <issn issntype="Print">
      0303-4569
     </issn>
     <journalissue citedmedium="Print">
      <volume>
       34
      </volume>
      <issue>
       6
      </issue>
      <pubdate>
       <year>
        2002
       </year>
       <month>
        Dec
       </month>
      </pubdate>
     </journalissue>
     <title>
      Andrologia
     </title>
     <isoabbreviation>
      Andrologia
     </isoabbreviation>
    </journal>
    <articletitle>
     Optimum usage of prilocaine-lidocaine cream in premature ejaculation.
    </articletitle>
    <pagination>
     <medlinepgn>
      356-9
     </medlinepgn>
    </pagination>
    <abstract>
     <abstracttext>
      Premature ejaculation is a common male sexual disorder in which orgasm and ejaculation occur before the desired moment. The primary therapeutic approach to premature ejaculation has been behavioural and pharmacotherapy. In this study, we evaluated the efficacy and optimum usage of lidocaine-prilocaine cream 5% in preventing premature ejaculation. Forty patients were examined in the study group and randomized into four groups, each comprising 10 patients. Patients in group 1 applied lidocaine-prilocaine cream 5% for 20 min, the patients in group 2 applied it for 30 min, and the patients in group 3 applied the cream for 45 min before sexual contact, with all patients covering the penis with a condom. Patients in the fourth group applied a base cream as placebo. In group 1, the pre-ejaculation period increased to 6.71 +/- 2.54 min without any adverse effects. In group 2, although the pre-ejaculation period increased in four patients up to 8.70 +/- 1.70 min, six patients in this group and all patients in group 3 had erection loss because of numbness. In the placebo group, there was no change in their pre-ejaculation period. Therefore, lidocaine-prilocaine cream 5% is effective in premature ejaculation and 20 min of application time before sexual contact is the optimum period.
     </abstracttext>
    </abstract>
    <affiliation>
     Department of Urology, Firat University Medical Faculty, Elazig, Turkey. matikeler@hotmail.com
    </affiliation>
    <authorlist completeyn="Y">
     <author validyn="Y">
      <lastname>
       Atikeler
      </lastname>
      <forename>
       M K
      </forename>
      <initials>
       MK
      </initials>
     </author>
     <author validyn="Y">
      <lastname>
       Gecit
      </lastname>
      <forename>
       I
      </forename>
      <initials>
       I
      </initials>
     </author>
     <author validyn="Y">
      <lastname>
       Senol
      </lastname>
      <forename>
       F A
      </forename>
      <initials>
       FA
      </initials>
     </author>
    </authorlist>
    <language>
     eng
    </language>
    <publicationtypelist>
     <publicationtype>
      Clinical Trial
     </publicationtype>
     <publicationtype>
      Journal Article
     </publicationtype>
     <publicationtype>
      Randomized Controlled Trial
     </publicationtype>
    </publicationtypelist>
   </article>
   <medlinejournalinfo>
    <country>
     Germany
    </country>
    <medlineta>
     Andrologia
    </medlineta>
    <nlmuniqueid>
     0423506
    </nlmuniqueid>
    <issnlinking>
     0303-4569
    </issnlinking>
   </medlinejournalinfo>
   <chemicallist>
    <chemical>
     <registrynumber>
      0
     </registrynumber>
     <nameofsubstance>
      Anesthetics, Local
     </nameofsubstance>
    </chemical>
    <chemical>
     <registrynumber>
      0
     </registrynumber>
     <nameofsubstance>
      Drug Combinations
     </nameofsubstance>
    </chemical>
    <chemical>
     <registrynumber>
      0
     </registrynumber>
     <nameofsubstance>
      Placebos
     </nameofsubstance>
    </chemical>
    <chemical>
     <registrynumber>
      137-58-6
     </registrynumber>
     <nameofsubstance>
      Lidocaine
     </nameofsubstance>
    </chemical>
    <chemical>
     <registrynumber>
      721-50-6
     </registrynumber>
     <nameofsubstance>
      Prilocaine
     </nameofsubstance>
    </chemical>
   </chemicallist>
   <citationsubset>
    IM
   </citationsubset>
   <meshheadinglist>
    <meshheading>
     <descriptorname majortopicyn="N">
      Administration, Topical
     </descriptorname>
    </meshheading>
    <meshheading>
     <descriptorname majortopicyn="N">
      Adult
     </descriptorname>
    </meshheading>
    <meshheading>
     <descriptorname majortopicyn="N">
      Anesthetics, Local
     </descriptorname>
     <qualifiername majortopicyn="Y">
      administration &amp; dosage
     </qualifiername>
     <qualifiername majortopicyn="N">
      pharmacology
     </qualifiername>
     <qualifiername majortopicyn="N">
      therapeutic use
     </qualifiername>
    </meshheading>
    <meshheading>
     <descriptorname majortopicyn="N">
      Drug Combinations
     </descriptorname>
    </meshheading>
    <meshheading>
     <descriptorname majortopicyn="N">
      Ejaculation
     </descriptorname>
     <qualifiername majortopicyn="Y">
      drug effects
     </qualifiername>
    </meshheading>
    <meshheading>
     <descriptorname majortopicyn="N">
      Humans
     </descriptorname>
    </meshheading>
    <meshheading>
     <descriptorname majortopicyn="N">
      Lidocaine
     </descriptorname>
     <qualifiername majortopicyn="Y">
      administration &amp; dosage
     </qualifiername>
     <qualifiername majortopicyn="N">
      pharmacology
     </qualifiername>
     <qualifiername majortopicyn="N">
      therapeutic use
     </qualifiername>
    </meshheading>
    <meshheading>
     <descriptorname majortopicyn="N">
      Male
     </descriptorname>
    </meshheading>
    <meshheading>
     <descriptorname majortopicyn="N">
      Placebos
     </descriptorname>
    </meshheading>
    <meshheading>
     <descriptorname majortopicyn="N">
      Prilocaine
     </descriptorname>
     <qualifiername majortopicyn="Y">
      administration &amp; dosage
     </qualifiername>
     <qualifiername majortopicyn="N">
      pharmacology
     </qualifiername>
     <qualifiername majortopicyn="N">
      therapeutic use
     </qualifiername>
    </meshheading>
   </meshheadinglist>
  </medlinecitation>
  <pubmeddata>
   <history>
    <pubmedpubdate pubstatus="pubmed">
     <year>
      2002
     </year>
     <month>
      12
     </month>
     <day>
      11
     </day>
     <hour>
      4
     </hour>
     <minute>
      0
     </minute>
    </pubmedpubdate>
    <pubmedpubdate pubstatus="medline">
     <year>
      2003
     </year>
     <month>
      7
     </month>
     <day>
      17
     </day>
     <hour>
      5
     </hour>
     <minute>
      0
     </minute>
    </pubmedpubdate>
    <pubmedpubdate pubstatus="entrez">
     <year>
      2002
     </year>
     <month>
      12
     </month>
     <day>
      11
     </day>
     <hour>
      4
     </hour>
     <minute>
      0
     </minute>
    </pubmedpubdate>
   </history>
   <publicationstatus>
    ppublish
   </publicationstatus>
   <articleidlist>
    <articleid idtype="pubmed">
     12472618
    </articleid>
    <articleid idtype="pii">
     511
    </articleid>
   </articleidlist>
  </pubmeddata>
 </pubmedarticle>
</pubmedarticleset>

