<?xml version='1.0' encoding='utf-8'?>
<!DOCTYPE PubmedArticleSet PUBLIC "-//NLM//DTD PubMedArticle, 1st January 2011//EN" "http://www.ncbi.nlm.nih.gov/entrez/query/DTD/pubmed_110101.dtd">
<pubmedarticleset>
 <pubmedarticle>
  <medlinecitation owner="NLM" status="MEDLINE">
   <pmid version="1">
    12502618
   </pmid>
   <datecreated>
    <year>
     2002
    </year>
    <month>
     12
    </month>
    <day>
     27
    </day>
   </datecreated>
   <datecompleted>
    <year>
     2003
    </year>
    <month>
     06
    </month>
    <day>
     12
    </day>
   </datecompleted>
   <daterevised>
    <year>
     2004
    </year>
    <month>
     11
    </month>
    <day>
     17
    </day>
   </daterevised>
   <article pubmodel="Print">
    <journal>
     <issn issntype="Print">
      0149-5992
     </issn>
     <journalissue citedmedium="Print">
      <volume>
       26 Suppl 1
      </volume>
      <pubdate>
       <year>
        2003
       </year>
       <month>
        Jan
       </month>
      </pubdate>
     </journalissue>
     <title>
      Diabetes care
     </title>
     <isoabbreviation>
      Diabetes Care
     </isoabbreviation>
    </journal>
    <articletitle>
     Standards of medical care for patients with diabetes mellitus.
    </articletitle>
    <pagination>
     <medlinepgn>
      S33-50
     </medlinepgn>
    </pagination>
    <authorlist completeyn="Y">
     <author validyn="Y">
      <collectivename>
       American Diabetes Association
      </collectivename>
     </author>
    </authorlist>
    <language>
     eng
    </language>
    <publicationtypelist>
     <publicationtype>
      Guideline
     </publicationtype>
     <publicationtype>
      Journal Article
     </publicationtype>
     <publicationtype>
      Practice Guideline
     </publicationtype>
    </publicationtypelist>
   </article>
   <medlinejournalinfo>
    <country>
     United States
    </country>
    <medlineta>
     Diabetes Care
    </medlineta>
    <nlmuniqueid>
     7805975
    </nlmuniqueid>
    <issnlinking>
     0149-5992
    </issnlinking>
   </medlinejournalinfo>
   <chemicallist>
    <chemical>
     <registrynumber>
      0
     </registrynumber>
     <nameofsubstance>
      Blood Glucose
     </nameofsubstance>
    </chemical>
   </chemicallist>
   <citationsubset>
    IM
   </citationsubset>
   <commentscorrectionslist>
    <commentscorrections reftype="ErratumIn">
     <refsource>
      Diabetes Care. 2003 Mar;26(3):972
     </refsource>
    </commentscorrections>
   </commentscorrectionslist>
   <meshheadinglist>
    <meshheading>
     <descriptorname majortopicyn="N">
      Blood Glucose
     </descriptorname>
     <qualifiername majortopicyn="N">
      analysis
     </qualifiername>
    </meshheading>
    <meshheading>
     <descriptorname majortopicyn="N">
      Diabetes Mellitus
     </descriptorname>
     <qualifiername majortopicyn="N">
      diagnosis
     </qualifiername>
     <qualifiername majortopicyn="N">
      prevention &amp; control
     </qualifiername>
     <qualifiername majortopicyn="Y">
      therapy
     </qualifiername>
    </meshheading>
    <meshheading>
     <descriptorname majortopicyn="N">
      Humans
     </descriptorname>
    </meshheading>
    <meshheading>
     <descriptorname majortopicyn="N">
      Mass Screening
     </descriptorname>
     <qualifiername majortopicyn="N">
      standards
     </qualifiername>
    </meshheading>
    <meshheading>
     <descriptorname majortopicyn="N">
      Quality Assurance, Health Care
     </descriptorname>
    </meshheading>
    <meshheading>
     <descriptorname majortopicyn="N" type="Geographic">
      United States
     </descriptorname>
    </meshheading>
   </meshheadinglist>
  </medlinecitation>
  <pubmeddata>
   <history>
    <pubmedpubdate pubstatus="pubmed">
     <year>
      2002
     </year>
     <month>
      12
     </month>
     <day>
      28
     </day>
     <hour>
      4
     </hour>
     <minute>
      0
     </minute>
    </pubmedpubdate>
    <pubmedpubdate pubstatus="medline">
     <year>
      2003
     </year>
     <month>
      6
     </month>
     <day>
      13
     </day>
     <hour>
      5
     </hour>
     <minute>
      0
     </minute>
    </pubmedpubdate>
    <pubmedpubdate pubstatus="entrez">
     <year>
      2002
     </year>
     <month>
      12
     </month>
     <day>
      28
     </day>
     <hour>
      4
     </hour>
     <minute>
      0
     </minute>
    </pubmedpubdate>
   </history>
   <publicationstatus>
    ppublish
   </publicationstatus>
   <articleidlist>
    <articleid idtype="pubmed">
     12502618
    </articleid>
   </articleidlist>
  </pubmeddata>
 </pubmedarticle>
</pubmedarticleset>

