<?xml version='1.0' encoding='utf-8'?>
<!DOCTYPE PubmedArticleSet PUBLIC "-//NLM//DTD PubMedArticle, 1st January 2011//EN" "http://www.ncbi.nlm.nih.gov/entrez/query/DTD/pubmed_110101.dtd">
<pubmedarticleset>
 <pubmedarticle>
  <medlinecitation owner="NLM" status="MEDLINE">
   <pmid version="1">
    12519540
   </pmid>
   <datecreated>
    <year>
     2003
    </year>
    <month>
     01
    </month>
    <day>
     09
    </day>
   </datecreated>
   <datecompleted>
    <year>
     2003
    </year>
    <month>
     02
    </month>
    <day>
     21
    </day>
   </datecompleted>
   <daterevised>
    <year>
     2004
    </year>
    <month>
     11
    </month>
    <day>
     17
    </day>
   </daterevised>
   <article pubmodel="Print">
    <journal>
     <issn issntype="Electronic">
      1469-493X
     </issn>
     <journalissue citedmedium="Internet">
      <issue>
       4
      </issue>
      <pubdate>
       <year>
        2002
       </year>
      </pubdate>
     </journalissue>
     <title>
      Cochrane database of systematic reviews (Online)
     </title>
     <isoabbreviation>
      Cochrane Database Syst Rev
     </isoabbreviation>
    </journal>
    <articletitle>
     Heparin, low molecular weight heparin and physical methods for preventing deep vein thrombosis and pulmonary embolism following surgery for hip fractures.
    </articletitle>
    <pagination>
     <medlinepgn>
      CD000305
     </medlinepgn>
    </pagination>
    <abstract>
     <abstracttext label="BACKGROUND" nlmcategory="BACKGROUND">
      Hip fracture patients have a high risk of thrombo-embolic complications following surgical management.
     </abstracttext>
     <abstracttext label="OBJECTIVES" nlmcategory="OBJECTIVE">
      To examine the effects of heparin (unfractionated (U), and low molecular weight (LMW) heparins), and physical methods (compression stockings, calf or foot pumps) for prevention of deep venous thrombosis (DVT) and pulmonary embolism after surgery for hip fracture in the elderly.
     </abstracttext>
     <abstracttext label="SEARCH STRATEGY" nlmcategory="METHODS">
      We searched the Cochrane Musculoskeletal Injuries Group specialised register (up to March 2002), MEDLINE (1966 to March 2002), EMBASE (1980 to March 2002), CINAHL (1982 to February week 4 2002), Current Contents (1993 week 26 to 2002 week 12), reference lists of published articles and contacted trialists and other workers in the field. Date of most recent search: March 2002.
     </abstracttext>
     <abstracttext label="SELECTION CRITERIA" nlmcategory="METHODS">
      Randomised and quasi-randomised trials evaluating the use of heparins and physical agents for prevention of DVT and pulmonary embolism in patients undergoing surgery for hip fracture.
     </abstracttext>
     <abstracttext label="DATA COLLECTION AND ANALYSIS" nlmcategory="METHODS">
      Two reviewers independently assessed methodological quality and extracted data. Trials were grouped into five categories (heparin versus control, mechanical versus control, LMW heparin versus U heparin, heparin versus mechanical, and miscellaneous) and results pooled where possible.
     </abstracttext>
     <abstracttext label="MAIN RESULTS" nlmcategory="RESULTS">
      The 31 included trials involved at least 2958 predominantly female and elderly patients. Overall, trial quality was disappointing. Ten trials involving 826 patients which compared U heparin with control, and five trials of 373 patients which compared LMW heparin with control, showed a reduction in the incidence of lower limb DVT (124/474 (26%) versus 219/519 (42%); relative risk (RR) 0.60; 95% confidence interval (CI) 0.50 to 0.71). There were insufficient data to confirm the efficacy of either agent in the prevention of pulmonary embolism. There was no statistically significant difference in overall mortality (42/356 (12%) versus 38/374 (10%); RR 1.16; 95%CI 0.77 to 1.74). Data were inadequate for all other outcomes including wound complications. There is insufficient evidence from five trials, involving 644 patients, to establish if LMW heparin was superior to U heparin. Most trials evaluating heparins had methodological defects. Five trials, involving 487 patients, testing mechanical pumping devices were also methodologically flawed, and so pooled results need to be viewed cautiously. Mechanical pumping devices may protect against DVT (16/221 (7%) versus 52/229 (22%); RR 0.31; 95%CI 0.19 to 0.51) and pulmonary embolism. Data were insufficient to establish any effect on the incidence of fatal pulmonary embolism and overall mortality. Problems with skin abrasion and compliance were reported.
     </abstracttext>
     <abstracttext label="REVIEWER'S CONCLUSIONS" nlmcategory="CONCLUSIONS">
      U and LMW heparins protect against lower limb DVT. There is insufficient evidence to confirm either protection against pulmonary embolism or an overall benefit, or to distinguish between various applications of heparin. Foot and calf pumping devices appear to prevent DVT, may protect against pulmonary embolism, and reduce mortality, but compliance remains a problem. Good quality trials of mechanical methods as well as direct comparisons with heparin and low dose aspirin should be considered.
     </abstracttext>
    </abstract>
    <affiliation>
     c/o University Department of Orthopaedic Surgery, Royal Infirmary of Edinburgh, Little France, Old Dalkeith Road, Edinburgh, UK, EH16 4SU. h.handoll@ed.ac.uk
    </affiliation>
    <authorlist completeyn="Y">
     <author validyn="Y">
      <lastname>
       Handoll
      </lastname>
      <forename>
       H H
      </forename>
      <initials>
       HH
      </initials>
     </author>
     <author validyn="Y">
      <lastname>
       Farrar
      </lastname>
      <forename>
       M J
      </forename>
      <initials>
       MJ
      </initials>
     </author>
     <author validyn="Y">
      <lastname>
       McBirnie
      </lastname>
      <forename>
       J
      </forename>
      <initials>
       J
      </initials>
     </author>
     <author validyn="Y">
      <lastname>
       Tytherleigh-Strong
      </lastname>
      <forename>
       G
      </forename>
      <initials>
       G
      </initials>
     </author>
     <author validyn="Y">
      <lastname>
       Milne
      </lastname>
      <forename>
       A A
      </forename>
      <initials>
       AA
      </initials>
     </author>
     <author validyn="Y">
      <lastname>
       Gillespie
      </lastname>
      <forename>
       W J
      </forename>
      <initials>
       WJ
      </initials>
     </author>
    </authorlist>
    <language>
     eng
    </language>
    <publicationtypelist>
     <publicationtype>
      Journal Article
     </publicationtype>
     <publicationtype>
      Meta-Analysis
     </publicationtype>
     <publicationtype>
      Review
     </publicationtype>
    </publicationtypelist>
   </article>
   <medlinejournalinfo>
    <country>
     England
    </country>
    <medlineta>
     Cochrane Database Syst Rev
    </medlineta>
    <nlmuniqueid>
     100909747
    </nlmuniqueid>
    <issnlinking>
     1361-6137
    </issnlinking>
   </medlinejournalinfo>
   <chemicallist>
    <chemical>
     <registrynumber>
      0
     </registrynumber>
     <nameofsubstance>
      Anticoagulants
     </nameofsubstance>
    </chemical>
    <chemical>
     <registrynumber>
      0
     </registrynumber>
     <nameofsubstance>
      Fibrinolytic Agents
     </nameofsubstance>
    </chemical>
    <chemical>
     <registrynumber>
      0
     </registrynumber>
     <nameofsubstance>
      Heparin, Low-Molecular-Weight
     </nameofsubstance>
    </chemical>
    <chemical>
     <registrynumber>
      9005-49-6
     </registrynumber>
     <nameofsubstance>
      Heparin
     </nameofsubstance>
    </chemical>
   </chemicallist>
   <citationsubset>
    IM
   </citationsubset>
   <commentscorrectionslist>
    <commentscorrections reftype="CommentIn">
     <refsource>
      Evid Based Nurs. 2003 Jul;6(3):82
     </refsource>
     <pmid version="1">
      12882195
     </pmid>
    </commentscorrections>
    <commentscorrections reftype="UpdateOf">
     <refsource>
      Cochrane Database Syst Rev. 2000;(2):CD000305
     </refsource>
     <pmid version="1">
      10796339
     </pmid>
    </commentscorrections>
   </commentscorrectionslist>
   <meshheadinglist>
    <meshheading>
     <descriptorname majortopicyn="N">
      Anticoagulants
     </descriptorname>
     <qualifiername majortopicyn="Y">
      therapeutic use
     </qualifiername>
    </meshheading>
    <meshheading>
     <descriptorname majortopicyn="Y">
      Bandages
     </descriptorname>
    </meshheading>
    <meshheading>
     <descriptorname majortopicyn="N">
      Fibrinolytic Agents
     </descriptorname>
     <qualifiername majortopicyn="Y">
      therapeutic use
     </qualifiername>
    </meshheading>
    <meshheading>
     <descriptorname majortopicyn="N">
      Heparin
     </descriptorname>
     <qualifiername majortopicyn="Y">
      therapeutic use
     </qualifiername>
    </meshheading>
    <meshheading>
     <descriptorname majortopicyn="N">
      Heparin, Low-Molecular-Weight
     </descriptorname>
     <qualifiername majortopicyn="N">
      therapeutic use
     </qualifiername>
    </meshheading>
    <meshheading>
     <descriptorname majortopicyn="N">
      Hip Fractures
     </descriptorname>
     <qualifiername majortopicyn="Y">
      surgery
     </qualifiername>
    </meshheading>
    <meshheading>
     <descriptorname majortopicyn="N">
      Humans
     </descriptorname>
    </meshheading>
    <meshheading>
     <descriptorname majortopicyn="N">
      Postoperative Complications
     </descriptorname>
     <qualifiername majortopicyn="Y">
      prevention &amp; control
     </qualifiername>
    </meshheading>
    <meshheading>
     <descriptorname majortopicyn="N">
      Pulmonary Embolism
     </descriptorname>
     <qualifiername majortopicyn="Y">
      prevention &amp; control
     </qualifiername>
    </meshheading>
    <meshheading>
     <descriptorname majortopicyn="N">
      Venous Thrombosis
     </descriptorname>
     <qualifiername majortopicyn="Y">
      prevention &amp; control
     </qualifiername>
    </meshheading>
   </meshheadinglist>
   <numberofreferences>
    68
   </numberofreferences>
  </medlinecitation>
  <pubmeddata>
   <history>
    <pubmedpubdate pubstatus="pubmed">
     <year>
      2003
     </year>
     <month>
      1
     </month>
     <day>
      10
     </day>
     <hour>
      4
     </hour>
     <minute>
      0
     </minute>
    </pubmedpubdate>
    <pubmedpubdate pubstatus="medline">
     <year>
      2003
     </year>
     <month>
      2
     </month>
     <day>
      22
     </day>
     <hour>
      4
     </hour>
     <minute>
      0
     </minute>
    </pubmedpubdate>
    <pubmedpubdate pubstatus="entrez">
     <year>
      2003
     </year>
     <month>
      1
     </month>
     <day>
      10
     </day>
     <hour>
      4
     </hour>
     <minute>
      0
     </minute>
    </pubmedpubdate>
   </history>
   <publicationstatus>
    ppublish
   </publicationstatus>
   <articleidlist>
    <articleid idtype="pubmed">
     12519540
    </articleid>
    <articleid idtype="doi">
     10.1002/14651858.CD000305
    </articleid>
   </articleidlist>
  </pubmeddata>
 </pubmedarticle>
</pubmedarticleset>

