<?xml version='1.0' encoding='utf-8'?>
<!DOCTYPE PubmedArticleSet PUBLIC "-//NLM//DTD PubMedArticle, 1st January 2011//EN" "http://www.ncbi.nlm.nih.gov/entrez/query/DTD/pubmed_110101.dtd">
<pubmedarticleset>
 <pubmedarticle>
  <medlinecitation owner="NLM" status="MEDLINE">
   <pmid version="1">
    12548328
   </pmid>
   <datecreated>
    <year>
     2003
    </year>
    <month>
     01
    </month>
    <day>
     27
    </day>
   </datecreated>
   <datecompleted>
    <year>
     2003
    </year>
    <month>
     03
    </month>
    <day>
     13
    </day>
   </datecompleted>
   <daterevised>
    <year>
     2005
    </year>
    <month>
     11
    </month>
    <day>
     16
    </day>
   </daterevised>
   <article pubmodel="Print">
    <journal>
     <issn issntype="Print">
      1201-5989
     </issn>
     <journalissue citedmedium="Print">
      <volume>
       7
      </volume>
      <issue>
       8
      </issue>
      <pubdate>
       <year>
        2002
       </year>
       <month>
        Oct
       </month>
      </pubdate>
     </journalissue>
     <title>
      Skin therapy letter
     </title>
     <isoabbreviation>
      Skin Therapy Lett.
     </isoabbreviation>
    </journal>
    <articletitle>
     Allergic contact dermatitis in children: a practical approach to management.
    </articletitle>
    <pagination>
     <medlinepgn>
      3-5
     </medlinepgn>
    </pagination>
    <abstract>
     <abstracttext>
      Allergic contact dermatitis (ACD) may account for at least 20% of all childhood dermatitis. Clinically, its morphology is identical to other forms of dermatitis in acute, subacute and chronic forms. A persistent or unusual and localized pattern is often the key to diagnosis. Treatment has centered around the use of corticosteroids, with the adjunct of antihistamines, wet dressings, and emollients for alleviation of symptoms. The newer topical immunosuppressives, tacrolimus and pimecrolimus, may also hold promise as alternative therapies, although they have not been well-studied in this regard. Allergen identification, sometimes through patch testing and allergen avoidance are the keys to preventing recurrences of this disease.
     </abstracttext>
    </abstract>
    <affiliation>
     Department of Dermatology, University of Colorado Health Sciences Center, Aurora, Colorado, USA.
    </affiliation>
    <authorlist completeyn="Y">
     <author validyn="Y">
      <lastname>
       Bruckner
      </lastname>
      <forename>
       A L
      </forename>
      <initials>
       AL
      </initials>
     </author>
     <author validyn="Y">
      <lastname>
       Weston
      </lastname>
      <forename>
       W L
      </forename>
      <initials>
       WL
      </initials>
     </author>
    </authorlist>
    <language>
     eng
    </language>
    <publicationtypelist>
     <publicationtype>
      Journal Article
     </publicationtype>
     <publicationtype>
      Review
     </publicationtype>
    </publicationtypelist>
   </article>
   <medlinejournalinfo>
    <country>
     Canada
    </country>
    <medlineta>
     Skin Therapy Lett
    </medlineta>
    <nlmuniqueid>
     9891441
    </nlmuniqueid>
    <issnlinking>
     1201-5989
    </issnlinking>
   </medlinejournalinfo>
   <chemicallist>
    <chemical>
     <registrynumber>
      0
     </registrynumber>
     <nameofsubstance>
      Adrenal Cortex Hormones
     </nameofsubstance>
    </chemical>
    <chemical>
     <registrynumber>
      0
     </registrynumber>
     <nameofsubstance>
      Histamine H1 Antagonists
     </nameofsubstance>
    </chemical>
    <chemical>
     <registrynumber>
      0
     </registrynumber>
     <nameofsubstance>
      Immunosuppressive Agents
     </nameofsubstance>
    </chemical>
   </chemicallist>
   <citationsubset>
    IM
   </citationsubset>
   <meshheadinglist>
    <meshheading>
     <descriptorname majortopicyn="N">
      Adrenal Cortex Hormones
     </descriptorname>
     <qualifiername majortopicyn="Y">
      therapeutic use
     </qualifiername>
    </meshheading>
    <meshheading>
     <descriptorname majortopicyn="N">
      Animals
     </descriptorname>
    </meshheading>
    <meshheading>
     <descriptorname majortopicyn="N">
      Child
     </descriptorname>
    </meshheading>
    <meshheading>
     <descriptorname majortopicyn="N">
      Dermatitis, Allergic Contact
     </descriptorname>
     <qualifiername majortopicyn="Y">
      drug therapy
     </qualifiername>
     <qualifiername majortopicyn="N">
      immunology
     </qualifiername>
    </meshheading>
    <meshheading>
     <descriptorname majortopicyn="N">
      Histamine H1 Antagonists
     </descriptorname>
     <qualifiername majortopicyn="N">
      therapeutic use
     </qualifiername>
    </meshheading>
    <meshheading>
     <descriptorname majortopicyn="N">
      Humans
     </descriptorname>
    </meshheading>
    <meshheading>
     <descriptorname majortopicyn="N">
      Immunosuppressive Agents
     </descriptorname>
     <qualifiername majortopicyn="N">
      therapeutic use
     </qualifiername>
    </meshheading>
   </meshheadinglist>
   <numberofreferences>
    10
   </numberofreferences>
  </medlinecitation>
  <pubmeddata>
   <history>
    <pubmedpubdate pubstatus="pubmed">
     <year>
      2003
     </year>
     <month>
      1
     </month>
     <day>
      28
     </day>
     <hour>
      4
     </hour>
     <minute>
      0
     </minute>
    </pubmedpubdate>
    <pubmedpubdate pubstatus="medline">
     <year>
      2003
     </year>
     <month>
      3
     </month>
     <day>
      14
     </day>
     <hour>
      4
     </hour>
     <minute>
      0
     </minute>
    </pubmedpubdate>
    <pubmedpubdate pubstatus="entrez">
     <year>
      2003
     </year>
     <month>
      1
     </month>
     <day>
      28
     </day>
     <hour>
      4
     </hour>
     <minute>
      0
     </minute>
    </pubmedpubdate>
   </history>
   <publicationstatus>
    ppublish
   </publicationstatus>
   <articleidlist>
    <articleid idtype="pubmed">
     12548328
    </articleid>
   </articleidlist>
  </pubmeddata>
 </pubmedarticle>
</pubmedarticleset>

