<?xml version='1.0' encoding='utf-8'?>
<!DOCTYPE PubmedArticleSet PUBLIC "-//NLM//DTD PubMedArticle, 1st January 2011//EN" "http://www.ncbi.nlm.nih.gov/entrez/query/DTD/pubmed_110101.dtd">
<pubmedarticleset>
 <pubmedarticle>
  <medlinecitation owner="NLM" status="MEDLINE">
   <pmid version="1">
    12585994
   </pmid>
   <datecreated>
    <year>
     2003
    </year>
    <month>
     02
    </month>
    <day>
     14
    </day>
   </datecreated>
   <datecompleted>
    <year>
     2003
    </year>
    <month>
     03
    </month>
    <day>
     11
    </day>
   </datecompleted>
   <daterevised>
    <year>
     2007
    </year>
    <month>
     11
    </month>
    <day>
     15
    </day>
   </daterevised>
   <article pubmodel="Print">
    <journal>
     <issn issntype="Print">
      0094-3509
     </issn>
     <journalissue citedmedium="Print">
      <volume>
       52
      </volume>
      <issue>
       2
      </issue>
      <pubdate>
       <year>
        2003
       </year>
       <month>
        Feb
       </month>
      </pubdate>
     </journalissue>
     <title>
      The Journal of family practice
     </title>
     <isoabbreviation>
      J Fam Pract
     </isoabbreviation>
    </journal>
    <articletitle>
     Clinical inquiries. Is pneumococcal vaccine effective in nursing home patients?
    </articletitle>
    <pagination>
     <medlinepgn>
      150, 152, 154
     </medlinepgn>
    </pagination>
    <affiliation>
     Department of Family Practice, Henry Ford Hospital, Detroit, Mich, USA. oemack27@hotmail.com
    </affiliation>
    <authorlist completeyn="Y">
     <author validyn="Y">
      <lastname>
       McCormack
      </lastname>
      <forename>
       Owen
      </forename>
      <initials>
       O
      </initials>
     </author>
     <author validyn="Y">
      <lastname>
       Meza
      </lastname>
      <forename>
       James
      </forename>
      <initials>
       J
      </initials>
     </author>
     <author validyn="Y">
      <lastname>
       Martin
      </lastname>
      <forename>
       Sandra
      </forename>
      <initials>
       S
      </initials>
     </author>
     <author validyn="Y">
      <lastname>
       Tatum
      </lastname>
      <forename>
       Paul
      </forename>
      <initials>
       P
      </initials>
     </author>
    </authorlist>
    <language>
     eng
    </language>
    <publicationtypelist>
     <publicationtype>
      Journal Article
     </publicationtype>
     <publicationtype>
      Review
     </publicationtype>
    </publicationtypelist>
   </article>
   <medlinejournalinfo>
    <country>
     United States
    </country>
    <medlineta>
     J Fam Pract
    </medlineta>
    <nlmuniqueid>
     7502590
    </nlmuniqueid>
    <issnlinking>
     0094-3509
    </issnlinking>
   </medlinejournalinfo>
   <chemicallist>
    <chemical>
     <registrynumber>
      0
     </registrynumber>
     <nameofsubstance>
      Pneumococcal Vaccines
     </nameofsubstance>
    </chemical>
   </chemicallist>
   <citationsubset>
    AIM
   </citationsubset>
   <citationsubset>
    IM
   </citationsubset>
   <meshheadinglist>
    <meshheading>
     <descriptorname majortopicyn="N">
      Aged
     </descriptorname>
    </meshheading>
    <meshheading>
     <descriptorname majortopicyn="N">
      Clinical Trials as Topic
     </descriptorname>
    </meshheading>
    <meshheading>
     <descriptorname majortopicyn="N" type="Geographic">
      France
     </descriptorname>
    </meshheading>
    <meshheading>
     <descriptorname majortopicyn="N">
      Humans
     </descriptorname>
    </meshheading>
    <meshheading>
     <descriptorname majortopicyn="N" type="Geographic">
      New York City
     </descriptorname>
    </meshheading>
    <meshheading>
     <descriptorname majortopicyn="Y">
      Nursing Homes
     </descriptorname>
    </meshheading>
    <meshheading>
     <descriptorname majortopicyn="Y">
      Pneumococcal Vaccines
     </descriptorname>
    </meshheading>
    <meshheading>
     <descriptorname majortopicyn="N">
      Pneumonia, Pneumococcal
     </descriptorname>
     <qualifiername majortopicyn="Y">
      prevention &amp; control
     </qualifiername>
    </meshheading>
    <meshheading>
     <descriptorname majortopicyn="N" type="Geographic">
      United States
     </descriptorname>
    </meshheading>
   </meshheadinglist>
   <numberofreferences>
    8
   </numberofreferences>
  </medlinecitation>
  <pubmeddata>
   <history>
    <pubmedpubdate pubstatus="pubmed">
     <year>
      2003
     </year>
     <month>
      2
     </month>
     <day>
      15
     </day>
     <hour>
      4
     </hour>
     <minute>
      0
     </minute>
    </pubmedpubdate>
    <pubmedpubdate pubstatus="medline">
     <year>
      2003
     </year>
     <month>
      3
     </month>
     <day>
      12
     </day>
     <hour>
      4
     </hour>
     <minute>
      0
     </minute>
    </pubmedpubdate>
    <pubmedpubdate pubstatus="entrez">
     <year>
      2003
     </year>
     <month>
      2
     </month>
     <day>
      15
     </day>
     <hour>
      4
     </hour>
     <minute>
      0
     </minute>
    </pubmedpubdate>
   </history>
   <publicationstatus>
    ppublish
   </publicationstatus>
   <articleidlist>
    <articleid idtype="pubmed">
     12585994
    </articleid>
    <articleid idtype="pii">
     jfp_0203_5202p
    </articleid>
   </articleidlist>
  </pubmeddata>
 </pubmedarticle>
</pubmedarticleset>

