<?xml version='1.0' encoding='utf-8'?>
<!DOCTYPE PubmedArticleSet PUBLIC "-//NLM//DTD PubMedArticle, 1st January 2011//EN" "http://www.ncbi.nlm.nih.gov/entrez/query/DTD/pubmed_110101.dtd">
<pubmedarticleset>
 <pubmedarticle>
  <medlinecitation owner="NLM" status="MEDLINE">
   <pmid version="1">
    12597752
   </pmid>
   <datecreated>
    <year>
     2003
    </year>
    <month>
     02
    </month>
    <day>
     24
    </day>
   </datecreated>
   <datecompleted>
    <year>
     2003
    </year>
    <month>
     03
    </month>
    <day>
     11
    </day>
   </datecompleted>
   <daterevised>
    <year>
     2007
    </year>
    <month>
     11
    </month>
    <day>
     14
    </day>
   </daterevised>
   <article pubmodel="Print">
    <journal>
     <issn issntype="Print">
      0098-7484
     </issn>
     <journalissue citedmedium="Print">
      <volume>
       289
      </volume>
      <issue>
       8
      </issue>
      <pubdate>
       <year>
        2003
       </year>
       <month>
        Feb
       </month>
       <day>
        26
       </day>
      </pubdate>
     </journalissue>
     <title>
      JAMA : the journal of the American Medical Association
     </title>
     <isoabbreviation>
      JAMA
     </isoabbreviation>
    </journal>
    <articletitle>
     Patients' and physicians' attitudes regarding the disclosure of medical errors.
    </articletitle>
    <pagination>
     <medlinepgn>
      1001-7
     </medlinepgn>
    </pagination>
    <abstract>
     <abstracttext label="CONTEXT" nlmcategory="BACKGROUND">
      Despite the best efforts of health care practitioners, medical errors are inevitable. Disclosure of errors to patients is desired by patients and recommended by ethicists and professional organizations, but little is known about how patients and physicians think medical errors should be discussed.
     </abstracttext>
     <abstracttext label="OBJECTIVE" nlmcategory="OBJECTIVE">
      To determine patients' and physicians' attitudes about error disclosure.
     </abstracttext>
     <abstracttext label="DESIGN, SETTING, AND PARTICIPANTS" nlmcategory="METHODS">
      Thirteen focus groups were organized, including 6 groups of adult patients, 4 groups of academic and community physicians, and 3 groups of both physicians and patients. A total of 52 patients and 46 physicians participated.
     </abstracttext>
     <abstracttext label="MAIN OUTCOME MEASURES" nlmcategory="METHODS">
      Qualitative analysis of focus group transcripts to determine the attitudes of patients and physicians about medical error disclosure; whether physicians disclose the information patients desire; and patients' and physicians' emotional needs when an error occurs and whether these needs are met.
     </abstracttext>
     <abstracttext label="RESULTS" nlmcategory="RESULTS">
      Both patients and physicians had unmet needs following errors. Patients wanted disclosure of all harmful errors and sought information about what happened, why the error happened, how the error's consequences will be mitigated, and how recurrences will be prevented. Physicians agreed that harmful errors should be disclosed but "choose their words carefully" when telling patients about errors. Although physicians disclosed the adverse event, they often avoided stating that an error occurred, why the error happened, or how recurrences would be prevented. Patients also desired emotional support from physicians following errors, including an apology. However, physicians worried that an apology might create legal liability. Physicians were also upset when errors happen but were unsure where to seek emotional support.
     </abstracttext>
     <abstracttext label="CONCLUSIONS" nlmcategory="CONCLUSIONS">
      Physicians may not be providing the information or emotional support that patients seek following harmful medical errors. Physicians should strive to meet patients' desires for an apology and for information on the nature, cause, and prevention of errors. Institutions should also address the emotional needs of practitioners who are involved in medical errors.
     </abstracttext>
    </abstract>
    <affiliation>
     Department of Medicine, University of Washington School of Medicine, 1959 NE Pacific St, Box 356178, Seattle, WA 98195-0001, USA. thomasg@u.washington.edu
    </affiliation>
    <authorlist completeyn="Y">
     <author validyn="Y">
      <lastname>
       Gallagher
      </lastname>
      <forename>
       Thomas H
      </forename>
      <initials>
       TH
      </initials>
     </author>
     <author validyn="Y">
      <lastname>
       Waterman
      </lastname>
      <forename>
       Amy D
      </forename>
      <initials>
       AD
      </initials>
     </author>
     <author validyn="Y">
      <lastname>
       Ebers
      </lastname>
      <forename>
       Alison G
      </forename>
      <initials>
       AG
      </initials>
     </author>
     <author validyn="Y">
      <lastname>
       Fraser
      </lastname>
      <forename>
       Victoria J
      </forename>
      <initials>
       VJ
      </initials>
     </author>
     <author validyn="Y">
      <lastname>
       Levinson
      </lastname>
      <forename>
       Wendy
      </forename>
      <initials>
       W
      </initials>
     </author>
    </authorlist>
    <language>
     eng
    </language>
    <grantlist completeyn="Y">
     <grant>
      <grantid>
       HS11898-01
      </grantid>
      <acronym>
       HS
      </acronym>
      <agency>
       AHRQ HHS
      </agency>
      <country>
       United States
      </country>
     </grant>
    </grantlist>
    <publicationtypelist>
     <publicationtype>
      Journal Article
     </publicationtype>
     <publicationtype>
      Research Support, U.S. Gov't, P.H.S.
     </publicationtype>
    </publicationtypelist>
   </article>
   <medlinejournalinfo>
    <country>
     United States
    </country>
    <medlineta>
     JAMA
    </medlineta>
    <nlmuniqueid>
     7501160
    </nlmuniqueid>
    <issnlinking>
     0098-7484
    </issnlinking>
   </medlinejournalinfo>
   <citationsubset>
    AIM
   </citationsubset>
   <citationsubset>
    E
   </citationsubset>
   <citationsubset>
    IM
   </citationsubset>
   <meshheadinglist>
    <meshheading>
     <descriptorname majortopicyn="N">
      Adult
     </descriptorname>
    </meshheading>
    <meshheading>
     <descriptorname majortopicyn="N">
      Aged
     </descriptorname>
    </meshheading>
    <meshheading>
     <descriptorname majortopicyn="Y">
      Attitude of Health Personnel
     </descriptorname>
    </meshheading>
    <meshheading>
     <descriptorname majortopicyn="N">
      Attitude to Health
     </descriptorname>
    </meshheading>
    <meshheading>
     <descriptorname majortopicyn="N">
      Emotions
     </descriptorname>
    </meshheading>
    <meshheading>
     <descriptorname majortopicyn="N">
      Female
     </descriptorname>
    </meshheading>
    <meshheading>
     <descriptorname majortopicyn="N">
      Focus Groups
     </descriptorname>
    </meshheading>
    <meshheading>
     <descriptorname majortopicyn="N">
      Humans
     </descriptorname>
    </meshheading>
    <meshheading>
     <descriptorname majortopicyn="N">
      Male
     </descriptorname>
    </meshheading>
    <meshheading>
     <descriptorname majortopicyn="Y">
      Medical Errors
     </descriptorname>
    </meshheading>
    <meshheading>
     <descriptorname majortopicyn="N">
      Middle Aged
     </descriptorname>
    </meshheading>
    <meshheading>
     <descriptorname majortopicyn="Y">
      Patient Satisfaction
     </descriptorname>
    </meshheading>
    <meshheading>
     <descriptorname majortopicyn="N">
      Physicians
     </descriptorname>
     <qualifiername majortopicyn="Y">
      psychology
     </qualifiername>
    </meshheading>
    <meshheading>
     <descriptorname majortopicyn="N">
      Qualitative Research
     </descriptorname>
    </meshheading>
    <meshheading>
     <descriptorname majortopicyn="Y">
      Truth Disclosure
     </descriptorname>
    </meshheading>
   </meshheadinglist>
   <otherid source="KIE">
    108801
   </otherid>
   <keywordlist owner="KIE">
    <keyword majortopicyn="N">
     Empirical Approach
    </keyword>
    <keyword majortopicyn="N">
     Professional Patient Relationship
    </keyword>
   </keywordlist>
   <generalnote owner="KIE">
    67 refs.
   </generalnote>
   <generalnote owner="KIE">
    KIE Bib: patient care; truth disclosure
   </generalnote>
  </medlinecitation>
  <pubmeddata>
   <history>
    <pubmedpubdate pubstatus="pubmed">
     <year>
      2003
     </year>
     <month>
      2
     </month>
     <day>
      25
     </day>
     <hour>
      4
     </hour>
     <minute>
      0
     </minute>
    </pubmedpubdate>
    <pubmedpubdate pubstatus="medline">
     <year>
      2003
     </year>
     <month>
      3
     </month>
     <day>
      12
     </day>
     <hour>
      4
     </hour>
     <minute>
      0
     </minute>
    </pubmedpubdate>
    <pubmedpubdate pubstatus="entrez">
     <year>
      2003
     </year>
     <month>
      2
     </month>
     <day>
      25
     </day>
     <hour>
      4
     </hour>
     <minute>
      0
     </minute>
    </pubmedpubdate>
   </history>
   <publicationstatus>
    ppublish
   </publicationstatus>
   <articleidlist>
    <articleid idtype="pubmed">
     12597752
    </articleid>
    <articleid idtype="pii">
     joc21858
    </articleid>
   </articleidlist>
  </pubmeddata>
 </pubmedarticle>
</pubmedarticleset>

