<?xml version='1.0' encoding='utf-8'?>
<!DOCTYPE PubmedArticleSet PUBLIC "-//NLM//DTD PubMedArticle, 1st January 2011//EN" "http://www.ncbi.nlm.nih.gov/entrez/query/DTD/pubmed_110101.dtd">
<pubmedarticleset>
 <pubmedarticle>
  <medlinecitation owner="NLM" status="MEDLINE">
   <pmid version="1">
    12620179
   </pmid>
   <datecreated>
    <year>
     2003
    </year>
    <month>
     03
    </month>
    <day>
     06
    </day>
   </datecreated>
   <datecompleted>
    <year>
     2003
    </year>
    <month>
     04
    </month>
    <day>
     08
    </day>
   </datecompleted>
   <daterevised>
    <year>
     2010
    </year>
    <month>
     11
    </month>
    <day>
     18
    </day>
   </daterevised>
   <article pubmodel="Print">
    <journal>
     <issn issntype="Print">
      0094-3509
     </issn>
     <journalissue citedmedium="Print">
      <volume>
       52
      </volume>
      <issue>
       3
      </issue>
      <pubdate>
       <year>
        2003
       </year>
       <month>
        Mar
       </month>
      </pubdate>
     </journalissue>
     <title>
      The Journal of family practice
     </title>
     <isoabbreviation>
      J Fam Pract
     </isoabbreviation>
    </journal>
    <articletitle>
     Clinical inquiries. Does screening for microalbuminuria in diabetes prevent complications?
    </articletitle>
    <pagination>
     <medlinepgn>
      229-31
     </medlinepgn>
    </pagination>
    <affiliation>
     Moses Cone Health System Family Practice Residency, Greensboro, NC, USA.
    </affiliation>
    <authorlist completeyn="Y">
     <author validyn="Y">
      <lastname>
       Hale
      </lastname>
      <forename>
       Wayne A
      </forename>
      <initials>
       WA
      </initials>
     </author>
     <author validyn="Y">
      <lastname>
       Nashelsky
      </lastname>
      <forename>
       Joan
      </forename>
      <initials>
       J
      </initials>
     </author>
     <author validyn="Y">
      <lastname>
       Wilson
      </lastname>
      <forename>
       Stephen A
      </forename>
      <initials>
       SA
      </initials>
     </author>
    </authorlist>
    <language>
     eng
    </language>
    <publicationtypelist>
     <publicationtype>
      Journal Article
     </publicationtype>
     <publicationtype>
      Review
     </publicationtype>
    </publicationtypelist>
   </article>
   <medlinejournalinfo>
    <country>
     United States
    </country>
    <medlineta>
     J Fam Pract
    </medlineta>
    <nlmuniqueid>
     7502590
    </nlmuniqueid>
    <issnlinking>
     0094-3509
    </issnlinking>
   </medlinejournalinfo>
   <chemicallist>
    <chemical>
     <registrynumber>
      0
     </registrynumber>
     <nameofsubstance>
      Angiotensin Receptor Antagonists
     </nameofsubstance>
    </chemical>
    <chemical>
     <registrynumber>
      0
     </registrynumber>
     <nameofsubstance>
      Angiotensin-Converting Enzyme Inhibitors
     </nameofsubstance>
    </chemical>
    <chemical>
     <registrynumber>
      0
     </registrynumber>
     <nameofsubstance>
      Antihypertensive Agents
     </nameofsubstance>
    </chemical>
   </chemicallist>
   <citationsubset>
    AIM
   </citationsubset>
   <citationsubset>
    IM
   </citationsubset>
   <meshheadinglist>
    <meshheading>
     <descriptorname majortopicyn="N">
      Albuminuria
     </descriptorname>
     <qualifiername majortopicyn="Y">
      diagnosis
     </qualifiername>
    </meshheading>
    <meshheading>
     <descriptorname majortopicyn="Y">
      Angiotensin Receptor Antagonists
     </descriptorname>
    </meshheading>
    <meshheading>
     <descriptorname majortopicyn="N">
      Angiotensin-Converting Enzyme Inhibitors
     </descriptorname>
     <qualifiername majortopicyn="N">
      therapeutic use
     </qualifiername>
    </meshheading>
    <meshheading>
     <descriptorname majortopicyn="N">
      Antihypertensive Agents
     </descriptorname>
     <qualifiername majortopicyn="N">
      therapeutic use
     </qualifiername>
    </meshheading>
    <meshheading>
     <descriptorname majortopicyn="N">
      Diabetic Nephropathies
     </descriptorname>
     <qualifiername majortopicyn="N">
      diagnosis
     </qualifiername>
     <qualifiername majortopicyn="Y">
      prevention &amp; control
     </qualifiername>
    </meshheading>
    <meshheading>
     <descriptorname majortopicyn="N">
      Evidence-Based Medicine
     </descriptorname>
    </meshheading>
    <meshheading>
     <descriptorname majortopicyn="N">
      Humans
     </descriptorname>
    </meshheading>
    <meshheading>
     <descriptorname majortopicyn="N">
      Mass Screening
     </descriptorname>
     <qualifiername majortopicyn="N">
      methods
     </qualifiername>
    </meshheading>
    <meshheading>
     <descriptorname majortopicyn="N">
      Randomized Controlled Trials as Topic
     </descriptorname>
    </meshheading>
   </meshheadinglist>
   <numberofreferences>
    10
   </numberofreferences>
  </medlinecitation>
  <pubmeddata>
   <history>
    <pubmedpubdate pubstatus="pubmed">
     <year>
      2003
     </year>
     <month>
      3
     </month>
     <day>
      7
     </day>
     <hour>
      4
     </hour>
     <minute>
      0
     </minute>
    </pubmedpubdate>
    <pubmedpubdate pubstatus="medline">
     <year>
      2003
     </year>
     <month>
      4
     </month>
     <day>
      9
     </day>
     <hour>
      5
     </hour>
     <minute>
      0
     </minute>
    </pubmedpubdate>
    <pubmedpubdate pubstatus="entrez">
     <year>
      2003
     </year>
     <month>
      3
     </month>
     <day>
      7
     </day>
     <hour>
      4
     </hour>
     <minute>
      0
     </minute>
    </pubmedpubdate>
   </history>
   <publicationstatus>
    ppublish
   </publicationstatus>
   <articleidlist>
    <articleid idtype="pubmed">
     12620179
    </articleid>
    <articleid idtype="pii">
     jfp_0303_5203p
    </articleid>
   </articleidlist>
  </pubmeddata>
 </pubmedarticle>
</pubmedarticleset>

