<?xml version='1.0' encoding='utf-8'?>
<!DOCTYPE PubmedArticleSet PUBLIC "-//NLM//DTD PubMedArticle, 1st January 2011//EN" "http://www.ncbi.nlm.nih.gov/entrez/query/DTD/pubmed_110101.dtd">
<pubmedarticleset>
 <pubmedarticle>
  <medlinecitation owner="NLM" status="MEDLINE">
   <pmid version="1">
    12648310
   </pmid>
   <datecreated>
    <year>
     2003
    </year>
    <month>
     03
    </month>
    <day>
     21
    </day>
   </datecreated>
   <datecompleted>
    <year>
     2003
    </year>
    <month>
     04
    </month>
    <day>
     17
    </day>
   </datecompleted>
   <daterevised>
    <year>
     2009
    </year>
    <month>
     11
    </month>
    <day>
     18
    </day>
   </daterevised>
   <article pubmodel="Print">
    <journal>
     <issn issntype="Print">
      1064-7449
     </issn>
     <journalissue citedmedium="Print">
      <volume>
       10
      </volume>
      <issue>
       4
      </issue>
      <pubdate>
       <year>
        2002
       </year>
      </pubdate>
     </journalissue>
     <title>
      Infectious diseases in obstetrics and gynecology
     </title>
     <isoabbreviation>
      Infect Dis Obstet Gynecol
     </isoabbreviation>
    </journal>
    <articletitle>
     Accuracy of five different diagnostic techniques in mild-to-moderate pelvic inflammatory disease.
    </articletitle>
    <pagination>
     <medlinepgn>
      171-80
     </medlinepgn>
    </pagination>
    <abstract>
     <abstracttext label="OBJECTIVE" nlmcategory="OBJECTIVE">
      To evaluate the clinical diagnosis of pelvic inflammatory disease (PID) compared with the diagnosis of PID made by laparoscopy, endometrial biopsy, transvaginal ultrasound, and cervical and endometrial cultures. Study design: A diagnostic performance test study was carried out by cross-sectional analysis in 61 women. A group presenting PID (n = 31) was compared with a group (n = 30) presenting another cause for non-specific lower abdominal pain (NSLAP). Diagnosis provided by an evaluated method was compared with a standard diagnosis (by surgical findings, histopathology, and microbiology). The pathologist was unaware of the visual findings and presumptive diagnoses given by other methods.
     </abstracttext>
     <abstracttext label="RESULTS" nlmcategory="RESULTS">
      All clinical and laboratory PID criteria showed low discrimination capacity. Adnexal tenderness showed the greatest sensitivity. Clinical diagnosis had 87% sensitivity, while laparoscopy had 81% sensitivity and 100% specificity; transvaginal ultrasound had 30% sensitivity and 67% specificity; and endometrial culture had 83% sensitivity and 26% specificity.
     </abstracttext>
     <abstracttext label="CONCLUSIONS" nlmcategory="CONCLUSIONS">
      Clinical criteria represent the best diagnostic method for discriminating PID. Laparoscopy showed the best specificity and is thus useful in those cases having an atypical clinical course for discarding abdominal pain when caused by another factor. The other diagnostic methods might have limited use.
     </abstracttext>
    </abstract>
    <affiliation>
     Obstetrics and Gynecology Department, Universidad Nacional de Columbia, Bogotá, Columbia. hggaitin@cable.net.co
    </affiliation>
    <authorlist completeyn="Y">
     <author validyn="Y">
      <lastname>
       Gaitán
      </lastname>
      <forename>
       Hernando
      </forename>
      <initials>
       H
      </initials>
     </author>
     <author validyn="Y">
      <lastname>
       Angel
      </lastname>
      <forename>
       Edith
      </forename>
      <initials>
       E
      </initials>
     </author>
     <author validyn="Y">
      <lastname>
       Diaz
      </lastname>
      <forename>
       Rodrigo
      </forename>
      <initials>
       R
      </initials>
     </author>
     <author validyn="Y">
      <lastname>
       Parada
      </lastname>
      <forename>
       Arturo
      </forename>
      <initials>
       A
      </initials>
     </author>
     <author validyn="Y">
      <lastname>
       Sanchez
      </lastname>
      <forename>
       Lilia
      </forename>
      <initials>
       L
      </initials>
     </author>
     <author validyn="Y">
      <lastname>
       Vargas
      </lastname>
      <forename>
       Cara
      </forename>
      <initials>
       C
      </initials>
     </author>
    </authorlist>
    <language>
     eng
    </language>
    <publicationtypelist>
     <publicationtype>
      Evaluation Studies
     </publicationtype>
     <publicationtype>
      Journal Article
     </publicationtype>
     <publicationtype>
      Research Support, Non-U.S. Gov't
     </publicationtype>
    </publicationtypelist>
   </article>
   <medlinejournalinfo>
    <country>
     United States
    </country>
    <medlineta>
     Infect Dis Obstet Gynecol
    </medlineta>
    <nlmuniqueid>
     9318481
    </nlmuniqueid>
    <issnlinking>
     1064-7449
    </issnlinking>
   </medlinejournalinfo>
   <citationsubset>
    IM
   </citationsubset>
   <commentscorrectionslist>
    <commentscorrections reftype="Cites">
     <refsource>
      Am J Obstet Gynecol. 2001 Apr;184(5):856-63; discussion 863-4
     </refsource>
     <pmid version="1">
      11303192
     </pmid>
    </commentscorrections>
    <commentscorrections reftype="Cites">
     <refsource>
      Am J Obstet Gynecol. 1991 Jan;164(1 Pt 1):113-20
     </refsource>
     <pmid version="1">
      1824740
     </pmid>
    </commentscorrections>
    <commentscorrections reftype="Cites">
     <refsource>
      Obstet Gynecol. 1992 Dec;80(6):912-6
     </refsource>
     <pmid version="1">
      1448258
     </pmid>
    </commentscorrections>
    <commentscorrections reftype="Cites">
     <refsource>
      N Engl J Med. 1988 Nov 3;319(18):1197-202
     </refsource>
     <pmid version="1">
      3173456
     </pmid>
    </commentscorrections>
    <commentscorrections reftype="Cites">
     <refsource>
      Br J Surg. 1999 Nov;86(11):1383-6
     </refsource>
     <pmid version="1">
      10583282
     </pmid>
    </commentscorrections>
    <commentscorrections reftype="Cites">
     <refsource>
      Am J Obstet Gynecol. 1969 Dec 1;105(7):1088-98
     </refsource>
     <pmid version="1">
      4242830
     </pmid>
    </commentscorrections>
    <commentscorrections reftype="Cites">
     <refsource>
      Am J Obstet Gynecol. 1986 Nov;155(5):954-60
     </refsource>
     <pmid version="1">
      3535519
     </pmid>
    </commentscorrections>
    <commentscorrections reftype="Cites">
     <refsource>
      Am J Obstet Gynecol. 1985 Mar 1;151(5):645-50
     </refsource>
     <pmid version="1">
      3156502
     </pmid>
    </commentscorrections>
    <commentscorrections reftype="Cites">
     <refsource>
      Obstet Gynecol. 1983 Jan;61(1):113-4
     </refsource>
     <pmid version="1">
      6218430
     </pmid>
    </commentscorrections>
    <commentscorrections reftype="Cites">
     <refsource>
      N Engl J Med. 1978 Oct 26;299(17):926-30
     </refsource>
     <pmid version="1">
      692598
     </pmid>
    </commentscorrections>
    <commentscorrections reftype="Cites">
     <refsource>
      N Engl J Med. 1994 Jan 13;330(2):115-9
     </refsource>
     <pmid version="1">
      8259168
     </pmid>
    </commentscorrections>
    <commentscorrections reftype="Cites">
     <refsource>
      Br J Obstet Gynaecol. 1993 Jun;100(6):558-62
     </refsource>
     <pmid version="1">
      8334091
     </pmid>
    </commentscorrections>
    <commentscorrections reftype="Cites">
     <refsource>
      J Reprod Med. 1993 Jan;38(1):53-6
     </refsource>
     <pmid version="1">
      8441133
     </pmid>
    </commentscorrections>
    <commentscorrections reftype="Cites">
     <refsource>
      Eur J Surg. 1996 Jan;162(1):67-9
     </refsource>
     <pmid version="1">
      8679767
     </pmid>
    </commentscorrections>
    <commentscorrections reftype="Cites">
     <refsource>
      Am J Obstet Gynecol. 1996 Aug;175(2):435-41
     </refsource>
     <pmid version="1">
      8765265
     </pmid>
    </commentscorrections>
    <commentscorrections reftype="Cites">
     <refsource>
      Clin Infect Dis. 1997 Feb;24(2):170-8
     </refsource>
     <pmid version="1">
      9114143
     </pmid>
    </commentscorrections>
    <commentscorrections reftype="Cites">
     <refsource>
      Obstet Gynecol. 1997 Jul;90(1):54-7
     </refsource>
     <pmid version="1">
      9207813
     </pmid>
    </commentscorrections>
    <commentscorrections reftype="Cites">
     <refsource>
      Lancet. 1975 Feb 22;1(7904):442-5
     </refsource>
     <pmid version="1">
      48625
     </pmid>
    </commentscorrections>
    <commentscorrections reftype="Cites">
     <refsource>
      Am J Obstet Gynecol. 1998 May;178(5):977-81
     </refsource>
     <pmid version="1">
      9609570
     </pmid>
    </commentscorrections>
    <commentscorrections reftype="Cites">
     <refsource>
      Sex Transm Infect. 1998 Dec;74(6):426-32
     </refsource>
     <pmid version="1">
      10195052
     </pmid>
    </commentscorrections>
    <commentscorrections reftype="Cites">
     <refsource>
      Am J Surg Pathol. 1990 Feb;14(2):167-75
     </refsource>
     <pmid version="1">
      2137304
     </pmid>
    </commentscorrections>
    <commentscorrections reftype="Cites">
     <refsource>
      Am J Obstet Gynecol. 1991 May;164(5 Pt 2):1370-6
     </refsource>
     <pmid version="1">
      1827704
     </pmid>
    </commentscorrections>
    <commentscorrections reftype="Cites">
     <refsource>
      Int J Gynaecol Obstet. 2002 Feb;76(2):149-58
     </refsource>
     <pmid version="1">
      11818109
     </pmid>
    </commentscorrections>
   </commentscorrectionslist>
   <meshheadinglist>
    <meshheading>
     <descriptorname majortopicyn="N">
      Abdominal Pain
     </descriptorname>
     <qualifiername majortopicyn="N">
      etiology
     </qualifiername>
    </meshheading>
    <meshheading>
     <descriptorname majortopicyn="N">
      Adult
     </descriptorname>
    </meshheading>
    <meshheading>
     <descriptorname majortopicyn="N">
      Biopsy
     </descriptorname>
     <qualifiername majortopicyn="N">
      standards
     </qualifiername>
    </meshheading>
    <meshheading>
     <descriptorname majortopicyn="N">
      Cervix Uteri
     </descriptorname>
     <qualifiername majortopicyn="N">
      microbiology
     </qualifiername>
    </meshheading>
    <meshheading>
     <descriptorname majortopicyn="N">
      Chlamydia trachomatis
     </descriptorname>
     <qualifiername majortopicyn="N">
      isolation &amp; purification
     </qualifiername>
    </meshheading>
    <meshheading>
     <descriptorname majortopicyn="N">
      Cross-Sectional Studies
     </descriptorname>
    </meshheading>
    <meshheading>
     <descriptorname majortopicyn="N">
      Diagnostic Tests, Routine
     </descriptorname>
     <qualifiername majortopicyn="Y">
      standards
     </qualifiername>
    </meshheading>
    <meshheading>
     <descriptorname majortopicyn="N">
      Endometrium
     </descriptorname>
     <qualifiername majortopicyn="N">
      microbiology
     </qualifiername>
    </meshheading>
    <meshheading>
     <descriptorname majortopicyn="N">
      Female
     </descriptorname>
    </meshheading>
    <meshheading>
     <descriptorname majortopicyn="N">
      Humans
     </descriptorname>
    </meshheading>
    <meshheading>
     <descriptorname majortopicyn="N">
      Laparoscopy
     </descriptorname>
     <qualifiername majortopicyn="N">
      standards
     </qualifiername>
    </meshheading>
    <meshheading>
     <descriptorname majortopicyn="N">
      Neisseria gonorrhoeae
     </descriptorname>
     <qualifiername majortopicyn="N">
      isolation &amp; purification
     </qualifiername>
    </meshheading>
    <meshheading>
     <descriptorname majortopicyn="N">
      Pelvic Inflammatory Disease
     </descriptorname>
     <qualifiername majortopicyn="N">
      complications
     </qualifiername>
     <qualifiername majortopicyn="Y">
      diagnosis
     </qualifiername>
    </meshheading>
    <meshheading>
     <descriptorname majortopicyn="N">
      Predictive Value of Tests
     </descriptorname>
    </meshheading>
    <meshheading>
     <descriptorname majortopicyn="N">
      ROC Curve
     </descriptorname>
    </meshheading>
    <meshheading>
     <descriptorname majortopicyn="N">
      Sensitivity and Specificity
     </descriptorname>
    </meshheading>
    <meshheading>
     <descriptorname majortopicyn="N">
      Ultrasonography
     </descriptorname>
     <qualifiername majortopicyn="N">
      standards
     </qualifiername>
    </meshheading>
    <meshheading>
     <descriptorname majortopicyn="N">
      Vagina
     </descriptorname>
    </meshheading>
   </meshheadinglist>
   <otherid source="NLM">
    PMC1784624
   </otherid>
  </medlinecitation>
  <pubmeddata>
   <history>
    <pubmedpubdate pubstatus="pubmed">
     <year>
      2003
     </year>
     <month>
      3
     </month>
     <day>
      22
     </day>
     <hour>
      4
     </hour>
     <minute>
      0
     </minute>
    </pubmedpubdate>
    <pubmedpubdate pubstatus="medline">
     <year>
      2003
     </year>
     <month>
      4
     </month>
     <day>
      18
     </day>
     <hour>
      5
     </hour>
     <minute>
      0
     </minute>
    </pubmedpubdate>
    <pubmedpubdate pubstatus="entrez">
     <year>
      2003
     </year>
     <month>
      3
     </month>
     <day>
      22
     </day>
     <hour>
      4
     </hour>
     <minute>
      0
     </minute>
    </pubmedpubdate>
   </history>
   <publicationstatus>
    ppublish
   </publicationstatus>
   <articleidlist>
    <articleid idtype="pubmed">
     12648310
    </articleid>
    <articleid idtype="doi">
     10.1155/S1064744902000194
    </articleid>
    <articleid idtype="pmc">
     PMC1784624
    </articleid>
   </articleidlist>
  </pubmeddata>
 </pubmedarticle>
</pubmedarticleset>

