<?xml version='1.0' encoding='utf-8'?>
<!DOCTYPE PubmedArticleSet PUBLIC "-//NLM//DTD PubMedArticle, 1st January 2011//EN" "http://www.ncbi.nlm.nih.gov/entrez/query/DTD/pubmed_110101.dtd">
<pubmedarticleset>
 <pubmedarticle>
  <medlinecitation owner="NLM" status="MEDLINE">
   <pmid version="1">
    12661753
   </pmid>
   <datecreated>
    <year>
     2003
    </year>
    <month>
     03
    </month>
    <day>
     28
    </day>
   </datecreated>
   <datecompleted>
    <year>
     2003
    </year>
    <month>
     06
    </month>
    <day>
     10
    </day>
   </datecompleted>
   <daterevised>
    <year>
     2009
    </year>
    <month>
     11
    </month>
    <day>
     11
    </day>
   </daterevised>
   <article pubmodel="Print">
    <journal>
     <issn issntype="Print">
      0011-4162
     </issn>
     <journalissue citedmedium="Print">
      <volume>
       71
      </volume>
      <issue>
       3
      </issue>
      <pubdate>
       <year>
        2003
       </year>
       <month>
        Mar
       </month>
      </pubdate>
     </journalissue>
     <title>
      Cutis; cutaneous medicine for the practitioner
     </title>
     <isoabbreviation>
      Cutis
     </isoabbreviation>
    </journal>
    <articletitle>
     Valacyclovir for prevention of recurrent herpes labialis: 2 double-blind, placebo-controlled studies.
    </articletitle>
    <pagination>
     <medlinepgn>
      239-42
     </medlinepgn>
    </pagination>
    <abstract>
     <abstracttext>
      The oral antiviral valacyclovir, which is 3 to 5 times more bioavailable than its parent compound acyclovir, is a good candidate for effective therapy to suppress recurrent herpes labialis lesions. The efficacy of oral valacyclovir in the suppression of herpes labialis has not previously been reported. Two identical, randomized, double-blind, parallel-group studies were conducted to evaluate the efficacy of oral valacyclovir 500 mg (n=49) versus placebo (n=49) once daily for 16 weeks in the suppression of herpes labialis among patients with a history of 4 or more recurrent lesions in the previous year. Data from the studies were pooled for analysis. Twenty-eight patients (60%) in the valacyclovir group compared with only 18 patients (38%) in the placebo group were recurrence-free throughout the 4-month treatment period (P=.041). The mean time to first recurrence was significantly longer with valacyclovir (13.1 weeks) compared with placebo (9.6 weeks) (P=.016). The total number of recurrences in patients using valacyclovir was 24 compared with 41 in patients using placebo. The incidence of adverse events during the 4-month treatment period was slightly lower in the valacyclovir group (22 events, 33% of patients) compared with the placebo group (29 events, 39% of patients). The results of these small double-blind, placebo-controlled studies suggest that oral valacyclovir 500 mg once daily for 4 months is effective and well tolerated for the prevention of recurrent herpes labialis. More research with larger patient numbers is warranted to corroborate and extend these findings.
     </abstracttext>
    </abstract>
    <affiliation>
     Division of Infectious Diseases, Department of Obstetrics/Gynecology, State University of New York at Stony Brook School of Medicine, 11794-8091, USA. david.baker@stonybrook.edu
    </affiliation>
    <authorlist completeyn="Y">
     <author validyn="Y">
      <lastname>
       Baker
      </lastname>
      <forename>
       David
      </forename>
      <initials>
       D
      </initials>
     </author>
     <author validyn="Y">
      <lastname>
       Eisen
      </lastname>
      <forename>
       Drore
      </forename>
      <initials>
       D
      </initials>
     </author>
    </authorlist>
    <language>
     eng
    </language>
    <publicationtypelist>
     <publicationtype>
      Clinical Trial
     </publicationtype>
     <publicationtype>
      Journal Article
     </publicationtype>
     <publicationtype>
      Randomized Controlled Trial
     </publicationtype>
     <publicationtype>
      Research Support, Non-U.S. Gov't
     </publicationtype>
    </publicationtypelist>
   </article>
   <medlinejournalinfo>
    <country>
     United States
    </country>
    <medlineta>
     Cutis
    </medlineta>
    <nlmuniqueid>
     0006440
    </nlmuniqueid>
    <issnlinking>
     0011-4162
    </issnlinking>
   </medlinejournalinfo>
   <chemicallist>
    <chemical>
     <registrynumber>
      0
     </registrynumber>
     <nameofsubstance>
      Antiviral Agents
     </nameofsubstance>
    </chemical>
    <chemical>
     <registrynumber>
      124832-27-5
     </registrynumber>
     <nameofsubstance>
      valacyclovir
     </nameofsubstance>
    </chemical>
    <chemical>
     <registrynumber>
      59277-89-3
     </registrynumber>
     <nameofsubstance>
      Acyclovir
     </nameofsubstance>
    </chemical>
    <chemical>
     <registrynumber>
      7004-03-7
     </registrynumber>
     <nameofsubstance>
      Valine
     </nameofsubstance>
    </chemical>
   </chemicallist>
   <citationsubset>
    IM
   </citationsubset>
   <meshheadinglist>
    <meshheading>
     <descriptorname majortopicyn="N">
      Acyclovir
     </descriptorname>
     <qualifiername majortopicyn="N">
      administration &amp; dosage
     </qualifiername>
     <qualifiername majortopicyn="N">
      adverse effects
     </qualifiername>
     <qualifiername majortopicyn="Y">
      analogs &amp; derivatives
     </qualifiername>
     <qualifiername majortopicyn="Y">
      therapeutic use
     </qualifiername>
    </meshheading>
    <meshheading>
     <descriptorname majortopicyn="N">
      Administration, Oral
     </descriptorname>
    </meshheading>
    <meshheading>
     <descriptorname majortopicyn="N">
      Adult
     </descriptorname>
    </meshheading>
    <meshheading>
     <descriptorname majortopicyn="N">
      Antiviral Agents
     </descriptorname>
     <qualifiername majortopicyn="N">
      administration &amp; dosage
     </qualifiername>
     <qualifiername majortopicyn="N">
      adverse effects
     </qualifiername>
     <qualifiername majortopicyn="Y">
      therapeutic use
     </qualifiername>
    </meshheading>
    <meshheading>
     <descriptorname majortopicyn="N">
      Double-Blind Method
     </descriptorname>
    </meshheading>
    <meshheading>
     <descriptorname majortopicyn="N">
      Drug Administration Schedule
     </descriptorname>
    </meshheading>
    <meshheading>
     <descriptorname majortopicyn="N">
      Female
     </descriptorname>
    </meshheading>
    <meshheading>
     <descriptorname majortopicyn="N">
      Follow-Up Studies
     </descriptorname>
    </meshheading>
    <meshheading>
     <descriptorname majortopicyn="N">
      Herpes Labialis
     </descriptorname>
     <qualifiername majortopicyn="Y">
      drug therapy
     </qualifiername>
     <qualifiername majortopicyn="Y">
      prevention &amp; control
     </qualifiername>
    </meshheading>
    <meshheading>
     <descriptorname majortopicyn="N">
      Humans
     </descriptorname>
    </meshheading>
    <meshheading>
     <descriptorname majortopicyn="N">
      Male
     </descriptorname>
    </meshheading>
    <meshheading>
     <descriptorname majortopicyn="N">
      Middle Aged
     </descriptorname>
    </meshheading>
    <meshheading>
     <descriptorname majortopicyn="N">
      Outcome Assessment (Health Care)
     </descriptorname>
    </meshheading>
    <meshheading>
     <descriptorname majortopicyn="N">
      Recurrence
     </descriptorname>
     <qualifiername majortopicyn="N">
      prevention &amp; control
     </qualifiername>
    </meshheading>
    <meshheading>
     <descriptorname majortopicyn="N">
      Time Factors
     </descriptorname>
    </meshheading>
    <meshheading>
     <descriptorname majortopicyn="N">
      Valine
     </descriptorname>
     <qualifiername majortopicyn="N">
      administration &amp; dosage
     </qualifiername>
     <qualifiername majortopicyn="N">
      adverse effects
     </qualifiername>
     <qualifiername majortopicyn="Y">
      analogs &amp; derivatives
     </qualifiername>
     <qualifiername majortopicyn="Y">
      therapeutic use
     </qualifiername>
    </meshheading>
   </meshheadinglist>
  </medlinecitation>
  <pubmeddata>
   <history>
    <pubmedpubdate pubstatus="pubmed">
     <year>
      2003
     </year>
     <month>
      3
     </month>
     <day>
      29
     </day>
     <hour>
      5
     </hour>
     <minute>
      0
     </minute>
    </pubmedpubdate>
    <pubmedpubdate pubstatus="medline">
     <year>
      2003
     </year>
     <month>
      6
     </month>
     <day>
      11
     </day>
     <hour>
      5
     </hour>
     <minute>
      0
     </minute>
    </pubmedpubdate>
    <pubmedpubdate pubstatus="entrez">
     <year>
      2003
     </year>
     <month>
      3
     </month>
     <day>
      29
     </day>
     <hour>
      5
     </hour>
     <minute>
      0
     </minute>
    </pubmedpubdate>
   </history>
   <publicationstatus>
    ppublish
   </publicationstatus>
   <articleidlist>
    <articleid idtype="pubmed">
     12661753
    </articleid>
   </articleidlist>
  </pubmeddata>
 </pubmedarticle>
</pubmedarticleset>

