<?xml version='1.0' encoding='utf-8'?>
<!DOCTYPE PubmedArticleSet PUBLIC "-//NLM//DTD PubMedArticle, 1st January 2011//EN" "http://www.ncbi.nlm.nih.gov/entrez/query/DTD/pubmed_110101.dtd">
<pubmedarticleset>
 <pubmedarticle>
  <medlinecitation owner="NLM" status="MEDLINE">
   <pmid version="1">
    12672170
   </pmid>
   <datecreated>
    <year>
     2003
    </year>
    <month>
     04
    </month>
    <day>
     02
    </day>
   </datecreated>
   <datecompleted>
    <year>
     2003
    </year>
    <month>
     08
    </month>
    <day>
     22
    </day>
   </datecompleted>
   <daterevised>
    <year>
     2008
    </year>
    <month>
     03
    </month>
    <day>
     06
    </day>
   </daterevised>
   <article pubmodel="Print">
    <journal>
     <issn issntype="Print">
      0885-6222
     </issn>
     <journalissue citedmedium="Print">
      <volume>
       18
      </volume>
      <issue>
       3
      </issue>
      <pubdate>
       <year>
        2003
       </year>
       <month>
        Apr
       </month>
      </pubdate>
     </journalissue>
     <title>
      Human psychopharmacology
     </title>
     <isoabbreviation>
      Hum Psychopharmacol
     </isoabbreviation>
    </journal>
    <articletitle>
     Fluoxetine versus Vitex agnus castus extract in the treatment of premenstrual dysphoric disorder.
    </articletitle>
    <pagination>
     <medlinepgn>
      191-5
     </medlinepgn>
    </pagination>
    <abstract>
     <abstracttext>
      Clinical trials have demonstrated that serotonin reuptake inhibitors (SRIs) and the extract of Vitex agnus castus are effective for the treatment of premenstrual dysphoric disorder (PMDD). However, to the best of our knowledge, there has been no study comparing the efficacy of the SRIs with Vitex agnus castus (AC) extract. Therefore, the aim of the present study was to compare the efficacy of fluoxetine, a selective serotonin reuptake inhibitor (SSRI), with that of the AC extract, a natural choice. After a period of 2 screening months to screen the patients for suitability, 41 patients with PMDD according to DSM-IV were recruited into the study. The patients were randomized to fluoxetine or AC for 2 months of single-blind, rater- blinded and prospective treatment period. The outcome measures included the Penn daily symptom report (DSR), the Hamilton depression rating scale (HAM-D), and the clinical global impression-severity of illness (CGI-SI) and -improvement (CGI-I) scales. At endpoint, using the clinical criterion for improvement, a similar percentage of patients responded to fluoxetine (68.4%, n = 13) and AC (57.9%, n = 11). There was no statistically significant difference between the groups with respect to the rate of responders. This preliminary study suggests that patients with PMDD respond well to treatment with both fluoxetine and AC. However, fluoxetine was more effective for psychological symptoms while the extract diminished the physical symptoms.
     </abstracttext>
     <copyrightinformation>
      Copyright 2002 John Wiley &amp; Sons, Ltd.
     </copyrightinformation>
    </abstract>
    <affiliation>
     Firat University, School of Medicine, Department of Psychiatry, Elazig, Turkey. matmaca_p@yahoo.com
    </affiliation>
    <authorlist completeyn="Y">
     <author validyn="Y">
      <lastname>
       Atmaca
      </lastname>
      <forename>
       Murad
      </forename>
      <initials>
       M
      </initials>
     </author>
     <author validyn="Y">
      <lastname>
       Kumru
      </lastname>
      <forename>
       Selahattin
      </forename>
      <initials>
       S
      </initials>
     </author>
     <author validyn="Y">
      <lastname>
       Tezcan
      </lastname>
      <forename>
       Ertan
      </forename>
      <initials>
       E
      </initials>
     </author>
    </authorlist>
    <language>
     eng
    </language>
    <publicationtypelist>
     <publicationtype>
      Clinical Trial
     </publicationtype>
     <publicationtype>
      Comparative Study
     </publicationtype>
     <publicationtype>
      Journal Article
     </publicationtype>
     <publicationtype>
      Randomized Controlled Trial
     </publicationtype>
    </publicationtypelist>
   </article>
   <medlinejournalinfo>
    <country>
     England
    </country>
    <medlineta>
     Hum Psychopharmacol
    </medlineta>
    <nlmuniqueid>
     8702539
    </nlmuniqueid>
    <issnlinking>
     0885-6222
    </issnlinking>
   </medlinejournalinfo>
   <chemicallist>
    <chemical>
     <registrynumber>
      0
     </registrynumber>
     <nameofsubstance>
      Antidepressive Agents, Second-Generation
     </nameofsubstance>
    </chemical>
    <chemical>
     <registrynumber>
      0
     </registrynumber>
     <nameofsubstance>
      Plant Extracts
     </nameofsubstance>
    </chemical>
    <chemical>
     <registrynumber>
      0
     </registrynumber>
     <nameofsubstance>
      Serotonin Uptake Inhibitors
     </nameofsubstance>
    </chemical>
    <chemical>
     <registrynumber>
      54910-89-3
     </registrynumber>
     <nameofsubstance>
      Fluoxetine
     </nameofsubstance>
    </chemical>
   </chemicallist>
   <citationsubset>
    IM
   </citationsubset>
   <meshheadinglist>
    <meshheading>
     <descriptorname majortopicyn="N">
      Adolescent
     </descriptorname>
    </meshheading>
    <meshheading>
     <descriptorname majortopicyn="N">
      Adult
     </descriptorname>
    </meshheading>
    <meshheading>
     <descriptorname majortopicyn="N">
      Antidepressive Agents, Second-Generation
     </descriptorname>
     <qualifiername majortopicyn="Y">
      therapeutic use
     </qualifiername>
    </meshheading>
    <meshheading>
     <descriptorname majortopicyn="N">
      Female
     </descriptorname>
    </meshheading>
    <meshheading>
     <descriptorname majortopicyn="N">
      Fluoxetine
     </descriptorname>
     <qualifiername majortopicyn="Y">
      therapeutic use
     </qualifiername>
    </meshheading>
    <meshheading>
     <descriptorname majortopicyn="N">
      Humans
     </descriptorname>
    </meshheading>
    <meshheading>
     <descriptorname majortopicyn="N">
      Middle Aged
     </descriptorname>
    </meshheading>
    <meshheading>
     <descriptorname majortopicyn="Y">
      Phytotherapy
     </descriptorname>
    </meshheading>
    <meshheading>
     <descriptorname majortopicyn="N">
      Plant Extracts
     </descriptorname>
     <qualifiername majortopicyn="N">
      therapeutic use
     </qualifiername>
    </meshheading>
    <meshheading>
     <descriptorname majortopicyn="N">
      Premenstrual Syndrome
     </descriptorname>
     <qualifiername majortopicyn="Y">
      drug therapy
     </qualifiername>
    </meshheading>
    <meshheading>
     <descriptorname majortopicyn="N">
      Serotonin Uptake Inhibitors
     </descriptorname>
     <qualifiername majortopicyn="Y">
      therapeutic use
     </qualifiername>
    </meshheading>
    <meshheading>
     <descriptorname majortopicyn="N">
      Single-Blind Method
     </descriptorname>
    </meshheading>
    <meshheading>
     <descriptorname majortopicyn="N">
      Treatment Outcome
     </descriptorname>
    </meshheading>
    <meshheading>
     <descriptorname majortopicyn="Y">
      Vitex
     </descriptorname>
    </meshheading>
   </meshheadinglist>
  </medlinecitation>
  <pubmeddata>
   <history>
    <pubmedpubdate pubstatus="pubmed">
     <year>
      2003
     </year>
     <month>
      4
     </month>
     <day>
      3
     </day>
     <hour>
      5
     </hour>
     <minute>
      0
     </minute>
    </pubmedpubdate>
    <pubmedpubdate pubstatus="medline">
     <year>
      2003
     </year>
     <month>
      8
     </month>
     <day>
      23
     </day>
     <hour>
      5
     </hour>
     <minute>
      0
     </minute>
    </pubmedpubdate>
    <pubmedpubdate pubstatus="entrez">
     <year>
      2003
     </year>
     <month>
      4
     </month>
     <day>
      3
     </day>
     <hour>
      5
     </hour>
     <minute>
      0
     </minute>
    </pubmedpubdate>
   </history>
   <publicationstatus>
    ppublish
   </publicationstatus>
   <articleidlist>
    <articleid idtype="pubmed">
     12672170
    </articleid>
    <articleid idtype="doi">
     10.1002/hup.470
    </articleid>
   </articleidlist>
  </pubmeddata>
 </pubmedarticle>
</pubmedarticleset>

