<?xml version='1.0' encoding='utf-8'?>
<!DOCTYPE PubmedArticleSet PUBLIC "-//NLM//DTD PubMedArticle, 1st January 2011//EN" "http://www.ncbi.nlm.nih.gov/entrez/query/DTD/pubmed_110101.dtd">
<pubmedarticleset>
 <pubmedarticle>
  <medlinecitation owner="NLM" status="MEDLINE">
   <pmid version="1">
    12677087
   </pmid>
   <datecreated>
    <year>
     2003
    </year>
    <month>
     04
    </month>
    <day>
     04
    </day>
   </datecreated>
   <datecompleted>
    <year>
     2003
    </year>
    <month>
     04
    </month>
    <day>
     24
    </day>
   </datecompleted>
   <daterevised>
    <year>
     2007
    </year>
    <month>
     11
    </month>
    <day>
     15
    </day>
   </daterevised>
   <article pubmodel="Print">
    <journal>
     <issn issntype="Electronic">
      1524-4628
     </issn>
     <journalissue citedmedium="Internet">
      <volume>
       34
      </volume>
      <issue>
       4
      </issue>
      <pubdate>
       <year>
        2003
       </year>
       <month>
        Apr
       </month>
      </pubdate>
     </journalissue>
     <title>
      Stroke; a journal of cerebral circulation
     </title>
     <isoabbreviation>
      Stroke
     </isoabbreviation>
    </journal>
    <articletitle>
     Guidelines for the early management of patients with ischemic stroke: A scientific statement from the Stroke Council of the American Stroke Association.
    </articletitle>
    <pagination>
     <medlinepgn>
      1056-83
     </medlinepgn>
    </pagination>
    <authorlist completeyn="Y">
     <author validyn="Y">
      <lastname>
       Adams
      </lastname>
      <forename>
       Harold P
      </forename>
      <initials>
       HP
      </initials>
      <suffix>
       Jr
      </suffix>
     </author>
     <author validyn="Y">
      <lastname>
       Adams
      </lastname>
      <forename>
       Robert J
      </forename>
      <initials>
       RJ
      </initials>
     </author>
     <author validyn="Y">
      <lastname>
       Brott
      </lastname>
      <forename>
       Thomas
      </forename>
      <initials>
       T
      </initials>
     </author>
     <author validyn="Y">
      <lastname>
       del Zoppo
      </lastname>
      <forename>
       Gregory J
      </forename>
      <initials>
       GJ
      </initials>
     </author>
     <author validyn="Y">
      <lastname>
       Furlan
      </lastname>
      <forename>
       Anthony
      </forename>
      <initials>
       A
      </initials>
     </author>
     <author validyn="Y">
      <lastname>
       Goldstein
      </lastname>
      <forename>
       Larry B
      </forename>
      <initials>
       LB
      </initials>
     </author>
     <author validyn="Y">
      <lastname>
       Grubb
      </lastname>
      <forename>
       Robert L
      </forename>
      <initials>
       RL
      </initials>
     </author>
     <author validyn="Y">
      <lastname>
       Higashida
      </lastname>
      <forename>
       Randall
      </forename>
      <initials>
       R
      </initials>
     </author>
     <author validyn="Y">
      <lastname>
       Kidwell
      </lastname>
      <forename>
       Chelsea
      </forename>
      <initials>
       C
      </initials>
     </author>
     <author validyn="Y">
      <lastname>
       Kwiatkowski
      </lastname>
      <forename>
       Thomas G
      </forename>
      <initials>
       TG
      </initials>
     </author>
     <author validyn="Y">
      <lastname>
       Marler
      </lastname>
      <forename>
       John R
      </forename>
      <initials>
       JR
      </initials>
     </author>
     <author validyn="Y">
      <lastname>
       Hademenos
      </lastname>
      <forename>
       George J
      </forename>
      <initials>
       GJ
      </initials>
     </author>
     <author validyn="Y">
      <collectivename>
       Stroke Council of the American Stroke Association
      </collectivename>
     </author>
    </authorlist>
    <language>
     eng
    </language>
    <publicationtypelist>
     <publicationtype>
      Guideline
     </publicationtype>
     <publicationtype>
      Journal Article
     </publicationtype>
     <publicationtype>
      Practice Guideline
     </publicationtype>
     <publicationtype>
      Research Support, Non-U.S. Gov't
     </publicationtype>
    </publicationtypelist>
   </article>
   <medlinejournalinfo>
    <country>
     United States
    </country>
    <medlineta>
     Stroke
    </medlineta>
    <nlmuniqueid>
     0235266
    </nlmuniqueid>
    <issnlinking>
     0039-2499
    </issnlinking>
   </medlinejournalinfo>
   <chemicallist>
    <chemical>
     <registrynumber>
      0
     </registrynumber>
     <nameofsubstance>
      Anticoagulants
     </nameofsubstance>
    </chemical>
    <chemical>
     <registrynumber>
      0
     </registrynumber>
     <nameofsubstance>
      Fibrinolytic Agents
     </nameofsubstance>
    </chemical>
    <chemical>
     <registrynumber>
      0
     </registrynumber>
     <nameofsubstance>
      Platelet Aggregation Inhibitors
     </nameofsubstance>
    </chemical>
   </chemicallist>
   <citationsubset>
    IM
   </citationsubset>
   <commentscorrectionslist>
    <commentscorrections reftype="CommentIn">
     <refsource>
      Stroke. 2004 Dec;35(12):2762; author reply 2762-3
     </refsource>
     <pmid version="1">
      15514198
     </pmid>
    </commentscorrections>
   </commentscorrectionslist>
   <meshheadinglist>
    <meshheading>
     <descriptorname majortopicyn="N">
      Anticoagulants
     </descriptorname>
     <qualifiername majortopicyn="N">
      therapeutic use
     </qualifiername>
    </meshheading>
    <meshheading>
     <descriptorname majortopicyn="N">
      Brain Ischemia
     </descriptorname>
     <qualifiername majortopicyn="N">
      complications
     </qualifiername>
     <qualifiername majortopicyn="N">
      diagnosis
     </qualifiername>
     <qualifiername majortopicyn="N">
      drug therapy
     </qualifiername>
     <qualifiername majortopicyn="Y">
      therapy
     </qualifiername>
    </meshheading>
    <meshheading>
     <descriptorname majortopicyn="N">
      Fibrinolytic Agents
     </descriptorname>
     <qualifiername majortopicyn="N">
      administration &amp; dosage
     </qualifiername>
     <qualifiername majortopicyn="N">
      therapeutic use
     </qualifiername>
    </meshheading>
    <meshheading>
     <descriptorname majortopicyn="N">
      Humans
     </descriptorname>
    </meshheading>
    <meshheading>
     <descriptorname majortopicyn="N">
      Platelet Aggregation Inhibitors
     </descriptorname>
     <qualifiername majortopicyn="N">
      therapeutic use
     </qualifiername>
    </meshheading>
    <meshheading>
     <descriptorname majortopicyn="N">
      Stroke
     </descriptorname>
     <qualifiername majortopicyn="N">
      complications
     </qualifiername>
     <qualifiername majortopicyn="N">
      diagnosis
     </qualifiername>
     <qualifiername majortopicyn="N">
      drug therapy
     </qualifiername>
     <qualifiername majortopicyn="Y">
      therapy
     </qualifiername>
    </meshheading>
   </meshheadinglist>
  </medlinecitation>
  <pubmeddata>
   <history>
    <pubmedpubdate pubstatus="pubmed">
     <year>
      2003
     </year>
     <month>
      4
     </month>
     <day>
      5
     </day>
     <hour>
      5
     </hour>
     <minute>
      0
     </minute>
    </pubmedpubdate>
    <pubmedpubdate pubstatus="medline">
     <year>
      2003
     </year>
     <month>
      4
     </month>
     <day>
      25
     </day>
     <hour>
      5
     </hour>
     <minute>
      0
     </minute>
    </pubmedpubdate>
    <pubmedpubdate pubstatus="entrez">
     <year>
      2003
     </year>
     <month>
      4
     </month>
     <day>
      5
     </day>
     <hour>
      5
     </hour>
     <minute>
      0
     </minute>
    </pubmedpubdate>
   </history>
   <publicationstatus>
    ppublish
   </publicationstatus>
   <articleidlist>
    <articleid idtype="pubmed">
     12677087
    </articleid>
    <articleid idtype="doi">
     10.1161/01.STR.0000064841.47697.22
    </articleid>
    <articleid idtype="pii">
     34/4/1056
    </articleid>
   </articleidlist>
  </pubmeddata>
 </pubmedarticle>
</pubmedarticleset>

