<?xml version='1.0' encoding='utf-8'?>
<!DOCTYPE PubmedArticleSet PUBLIC "-//NLM//DTD PubMedArticle, 1st January 2011//EN" "http://www.ncbi.nlm.nih.gov/entrez/query/DTD/pubmed_110101.dtd">
<pubmedarticleset>
 <pubmedarticle>
  <medlinecitation owner="NLM" status="MEDLINE">
   <pmid version="1">
    12683477
   </pmid>
   <datecreated>
    <year>
     2003
    </year>
    <month>
     04
    </month>
    <day>
     09
    </day>
   </datecreated>
   <datecompleted>
    <year>
     2003
    </year>
    <month>
     07
    </month>
    <day>
     01
    </day>
   </datecompleted>
   <daterevised>
    <year>
     2009
    </year>
    <month>
     01
    </month>
    <day>
     29
    </day>
   </daterevised>
   <article pubmodel="Print">
    <journal>
     <issn issntype="Print">
      0161-8105
     </issn>
     <journalissue citedmedium="Print">
      <volume>
       26
      </volume>
      <issue>
       2
      </issue>
      <pubdate>
       <year>
        2003
       </year>
       <month>
        Mar
       </month>
       <day>
        15
       </day>
      </pubdate>
     </journalissue>
     <title>
      Sleep
     </title>
     <isoabbreviation>
      Sleep
     </isoabbreviation>
    </journal>
    <articletitle>
     A primary care "friendly" cognitive behavioral insomnia therapy.
    </articletitle>
    <pagination>
     <medlinepgn>
      177-82
     </medlinepgn>
    </pagination>
    <abstract>
     <abstracttext label="OBJECTIVES" nlmcategory="OBJECTIVE">
      This study was conducted to test the effectiveness of an abbreviated cognitive-behavioral insomnia therapy (ACBT) with primary
     </abstracttext>
     <abstracttext label="DESIGN" nlmcategory="METHODS">
      A single-blind, randomized group design was used in which study patients were randomized to either a brief, 2-session ACBT or a similarly brief intervention (SHC) that included only generic sleep hygiene recommendations.
     </abstracttext>
     <abstracttext label="SETTING" nlmcategory="METHODS">
      A university-affiliated Department of Veterans Affairs medical center.
     </abstracttext>
     <abstracttext label="PARTICIPANTS" nlmcategory="METHODS">
      Twenty (2 women) veteran patients (M(age) = 51.0 yrs., SD = 13.7 years) who met criteria for chronic primary insomnia.
     </abstracttext>
     <abstracttext label="MEASUREMENTS AND RESULTS" nlmcategory="RESULTS">
      Participants completed sleep logs for 2 weeks and questionnaires to measures insomnia symptoms, sleep-related self-efficacy, and dysfunctional beliefs about sleep before treatment, during a 2-week posttreatment assessment, and again at a 3-month posttreatment follow-up. Statistical analyses showed that ACBT produced significantly larger improvements across a majority of outcome measures than did SHC. Case-by-case analyses showed that only the ACBT produced consistent positive effects across study patients, and a sizeable proportion of these patients receiving this treatment achieved clinically significant improvements by their study endpoints. Approximately 52% of those receiving the ACBT reported at least a 50% reduction in their wake time after sleep onset, and 55.6% of ACBT-treated patients who entered the study with pathologic scores on an Insomnia Symptom Questionnaire (ISQ), achieved normal ISQ scores by their final outcome assessment.
     </abstracttext>
     <abstracttext label="CONCLUSIONS" nlmcategory="CONCLUSIONS">
      ACBT is effective for reducing subjective sleep disturbance and insomnia symptoms in primary care patients.
     </abstracttext>
    </abstract>
    <affiliation>
     Psychology Service, VA Medical Center, Durham, NC, USA. jack.edinger@duke.edu
    </affiliation>
    <authorlist completeyn="Y">
     <author validyn="Y">
      <lastname>
       Edinger
      </lastname>
      <forename>
       Jack D
      </forename>
      <initials>
       JD
      </initials>
     </author>
     <author validyn="Y">
      <lastname>
       Sampson
      </lastname>
      <forename>
       William S
      </forename>
      <initials>
       WS
      </initials>
     </author>
    </authorlist>
    <language>
     eng
    </language>
    <publicationtypelist>
     <publicationtype>
      Clinical Trial
     </publicationtype>
     <publicationtype>
      Journal Article
     </publicationtype>
     <publicationtype>
      Randomized Controlled Trial
     </publicationtype>
     <publicationtype>
      Research Support, U.S. Gov't, Non-P.H.S.
     </publicationtype>
    </publicationtypelist>
   </article>
   <medlinejournalinfo>
    <country>
     United States
    </country>
    <medlineta>
     Sleep
    </medlineta>
    <nlmuniqueid>
     7809084
    </nlmuniqueid>
    <issnlinking>
     0161-8105
    </issnlinking>
   </medlinejournalinfo>
   <citationsubset>
    IM
   </citationsubset>
   <meshheadinglist>
    <meshheading>
     <descriptorname majortopicyn="N">
      Cognitive Therapy
     </descriptorname>
     <qualifiername majortopicyn="Y">
      methods
     </qualifiername>
    </meshheading>
    <meshheading>
     <descriptorname majortopicyn="N">
      Culture
     </descriptorname>
    </meshheading>
    <meshheading>
     <descriptorname majortopicyn="N">
      Female
     </descriptorname>
    </meshheading>
    <meshheading>
     <descriptorname majortopicyn="N">
      Follow-Up Studies
     </descriptorname>
    </meshheading>
    <meshheading>
     <descriptorname majortopicyn="N">
      Humans
     </descriptorname>
    </meshheading>
    <meshheading>
     <descriptorname majortopicyn="N">
      Middle Aged
     </descriptorname>
    </meshheading>
    <meshheading>
     <descriptorname majortopicyn="Y">
      Primary Health Care
     </descriptorname>
    </meshheading>
    <meshheading>
     <descriptorname majortopicyn="N">
      Questionnaires
     </descriptorname>
    </meshheading>
    <meshheading>
     <descriptorname majortopicyn="N">
      Single-Blind Method
     </descriptorname>
    </meshheading>
    <meshheading>
     <descriptorname majortopicyn="N">
      Sleep Initiation and Maintenance Disorders
     </descriptorname>
     <qualifiername majortopicyn="Y">
      therapy
     </qualifiername>
    </meshheading>
   </meshheadinglist>
  </medlinecitation>
  <pubmeddata>
   <history>
    <pubmedpubdate pubstatus="pubmed">
     <year>
      2003
     </year>
     <month>
      4
     </month>
     <day>
      10
     </day>
     <hour>
      5
     </hour>
     <minute>
      0
     </minute>
    </pubmedpubdate>
    <pubmedpubdate pubstatus="medline">
     <year>
      2003
     </year>
     <month>
      7
     </month>
     <day>
      2
     </day>
     <hour>
      5
     </hour>
     <minute>
      0
     </minute>
    </pubmedpubdate>
    <pubmedpubdate pubstatus="entrez">
     <year>
      2003
     </year>
     <month>
      4
     </month>
     <day>
      10
     </day>
     <hour>
      5
     </hour>
     <minute>
      0
     </minute>
    </pubmedpubdate>
   </history>
   <publicationstatus>
    ppublish
   </publicationstatus>
   <articleidlist>
    <articleid idtype="pubmed">
     12683477
    </articleid>
   </articleidlist>
  </pubmeddata>
 </pubmedarticle>
</pubmedarticleset>

