<?xml version='1.0' encoding='utf-8'?>
<!DOCTYPE PubmedArticleSet PUBLIC "-//NLM//DTD PubMedArticle, 1st January 2011//EN" "http://www.ncbi.nlm.nih.gov/entrez/query/DTD/pubmed_110101.dtd">
<pubmedarticleset>
 <pubmedarticle>
  <medlinecitation owner="NLM" status="MEDLINE">
   <pmid version="1">
    12696781
   </pmid>
   <datecreated>
    <year>
     2003
    </year>
    <month>
     04
    </month>
    <day>
     16
    </day>
   </datecreated>
   <datecompleted>
    <year>
     2003
    </year>
    <month>
     04
    </month>
    <day>
     17
    </day>
   </datecompleted>
   <daterevised>
    <year>
     2007
    </year>
    <month>
     11
    </month>
    <day>
     15
    </day>
   </daterevised>
   <article pubmodel="Print">
    <journal>
     <issn issntype="Print">
      1057-5987
     </issn>
     <journalissue citedmedium="Print">
      <volume>
       52
      </volume>
      <issue>
       RR-6
      </issue>
      <pubdate>
       <year>
        2003
       </year>
       <month>
        Mar
       </month>
       <day>
        28
       </day>
      </pubdate>
     </journalissue>
     <title>
      MMWR. Recommendations and reports : Morbidity and mortality weekly report. Recommendations and reports / Centers for Disease Control
     </title>
     <isoabbreviation>
      MMWR Recomm Rep
     </isoabbreviation>
    </journal>
    <articletitle>
     Key clinical activities for quality asthma care. Recommendations of the National Asthma Education and Prevention Program.
    </articletitle>
    <pagination>
     <medlinepgn>
      1-8
     </medlinepgn>
    </pagination>
    <abstract>
     <abstracttext>
      In 1997, the National Asthma Education and Prevention Program (NAEPP), coordinated by the National Heart, Lung, and Blood Institute, published the second Expert Panel Report (EPR-2): Guidelines for the Diagnosis and Management of Asthma (National Heart, Lung, and Blood Institute, National Asthma Education and Prevention Program. Expert Panel Report 2: Guidelines for the diagnosis and management of asthma. Bethesda MD: US Department of Health and Human Services, National Institutes of Health, 1997; publication no. 97-4051. Available at http://www.nhlbi.nih.gov/guidelines/ asthma/asthgdln.pdf). Subsequently, the NAEPP Expert Panel identified key questions regarding asthma management that were submitted to an evidence practice center of the Agency for Healthcare Research and Quality to conduct a systematic review of the evidence. The resulting evidence report was used by the Expert Panel to update recommendations for clinical practice on selected topics. These recommendations (EPR-Update 2002) were published in 2002. (National Heart, Lung, and Blood Institute, National Asthma Education and Prevention Program. Guidelines for the diagnosis and management of asthma--update on selected topics 2002. J Allergy Clin Immunol 2002;110[November 2002, part 2]. Available at http://www.nhlbi.nih.gov/guidelines/asthma/index.htm). To improve the implementation of these guidelines, a working group of the Professional Education Subcommittee of the NAEPP extracted key clinical activities that should be considered as essential for quality asthma care in accordance with the EPR-2 guidelines and the EPR-Update 2002. The purpose was to develop a report that would help purchasers and planners of health care define the activities that are important to quality asthma care, particularly in reducing symptoms and preventing exacerbations, and subsequently reducing the overall national burden of illness and death from asthma. This report is intended to help employer health benefits managers and other health-care planners make decisions regarding delivery of health care for persons with asthma. Although this report is based on information directed to clinicians; it is not intended to substitute for recommended clinical practices for caring for persons with asthma, nor is it intended to replace the clinical decision-making required to meet individual patient needs. Readers are referred to the EPR-2 for the full asthma guidelines regarding diagnosis and management of asthma or to the abstracted Practical Guide (National Heart, Lung, and Blood Institute, National Asthma Education and Prevention Program. Practical guide for the diagnosis and management of asthma. Bethesda MD: US Department of Health and Human Services, National Institutes of Health, 1997; publication no. 97-4053. Available at http://www.nhlbi.nih.gov/health/prof/lung/asthma/practgde.htm) and to the EPR-Update 2002. The 1997 EPR-2 guidelines and EPR-Update 2002 were derived from a consensus of leading asthma researchers from academic, clinical, federal and voluntary institutions and based on scientific evidence supported by the literature. The 10 key activities highlighted here correspond to the four recommended-as-essential components of asthma management: assessment and monitoring, control of factors contributing to asthma severity, pharmacotherapy and education for a partnership in care. The key clinical activities are not intended for acute or hospital management of patients with asthma but rather for the preventive aspects of managing asthma long term. This report was developed as a collaborative activity between CDC and the NAEPP.
     </abstracttext>
    </abstract>
    <affiliation>
     Division of Environmental Hazards and Health Effects, National Center for Environmental Health, CDC, Atlanta, Georgia, USA.
    </affiliation>
    <authorlist completeyn="Y">
     <author validyn="Y">
      <lastname>
       Williams
      </lastname>
      <forename>
       Seymour G
      </forename>
      <initials>
       SG
      </initials>
     </author>
     <author validyn="Y">
      <lastname>
       Schmidt
      </lastname>
      <forename>
       Diana K
      </forename>
      <initials>
       DK
      </initials>
     </author>
     <author validyn="Y">
      <lastname>
       Redd
      </lastname>
      <forename>
       Stephen C
      </forename>
      <initials>
       SC
      </initials>
     </author>
     <author validyn="Y">
      <lastname>
       Storms
      </lastname>
      <forename>
       William
      </forename>
      <initials>
       W
      </initials>
     </author>
     <author validyn="Y">
      <collectivename>
       National Asthma Education and Prevention Program
      </collectivename>
     </author>
    </authorlist>
    <language>
     eng
    </language>
    <publicationtypelist>
     <publicationtype>
      Journal Article
     </publicationtype>
    </publicationtypelist>
   </article>
   <medlinejournalinfo>
    <country>
     United States
    </country>
    <medlineta>
     MMWR Recomm Rep
    </medlineta>
    <nlmuniqueid>
     101124922
    </nlmuniqueid>
    <issnlinking>
     1057-5987
    </issnlinking>
   </medlinejournalinfo>
   <chemicallist>
    <chemical>
     <registrynumber>
      0
     </registrynumber>
     <nameofsubstance>
      Adrenergic beta-Agonists
     </nameofsubstance>
    </chemical>
    <chemical>
     <registrynumber>
      0
     </registrynumber>
     <nameofsubstance>
      Allergens
     </nameofsubstance>
    </chemical>
    <chemical>
     <registrynumber>
      0
     </registrynumber>
     <nameofsubstance>
      Anti-Asthmatic Agents
     </nameofsubstance>
    </chemical>
    <chemical>
     <registrynumber>
      0
     </registrynumber>
     <nameofsubstance>
      Tobacco Smoke Pollution
     </nameofsubstance>
    </chemical>
   </chemicallist>
   <citationsubset>
    IM
   </citationsubset>
   <meshheadinglist>
    <meshheading>
     <descriptorname majortopicyn="N">
      Adrenergic beta-Agonists
     </descriptorname>
     <qualifiername majortopicyn="N">
      therapeutic use
     </qualifiername>
    </meshheading>
    <meshheading>
     <descriptorname majortopicyn="N">
      Allergens
     </descriptorname>
    </meshheading>
    <meshheading>
     <descriptorname majortopicyn="N">
      Anti-Asthmatic Agents
     </descriptorname>
     <qualifiername majortopicyn="N">
      therapeutic use
     </qualifiername>
    </meshheading>
    <meshheading>
     <descriptorname majortopicyn="N">
      Asthma
     </descriptorname>
     <qualifiername majortopicyn="N">
      diagnosis
     </qualifiername>
     <qualifiername majortopicyn="N">
      etiology
     </qualifiername>
     <qualifiername majortopicyn="N">
      prevention &amp; control
     </qualifiername>
     <qualifiername majortopicyn="Y">
      therapy
     </qualifiername>
    </meshheading>
    <meshheading>
     <descriptorname majortopicyn="N">
      Comorbidity
     </descriptorname>
    </meshheading>
    <meshheading>
     <descriptorname majortopicyn="N">
      Continuity of Patient Care
     </descriptorname>
    </meshheading>
    <meshheading>
     <descriptorname majortopicyn="N">
      Humans
     </descriptorname>
    </meshheading>
    <meshheading>
     <descriptorname majortopicyn="N">
      Patient Education as Topic
     </descriptorname>
    </meshheading>
    <meshheading>
     <descriptorname majortopicyn="N">
      Practice Guidelines as Topic
     </descriptorname>
    </meshheading>
    <meshheading>
     <descriptorname majortopicyn="N">
      Referral and Consultation
     </descriptorname>
    </meshheading>
    <meshheading>
     <descriptorname majortopicyn="N">
      Self Care
     </descriptorname>
    </meshheading>
    <meshheading>
     <descriptorname majortopicyn="N">
      Severity of Illness Index
     </descriptorname>
    </meshheading>
    <meshheading>
     <descriptorname majortopicyn="N">
      Tobacco Smoke Pollution
     </descriptorname>
    </meshheading>
   </meshheadinglist>
  </medlinecitation>
  <pubmeddata>
   <history>
    <pubmedpubdate pubstatus="pubmed">
     <year>
      2003
     </year>
     <month>
      4
     </month>
     <day>
      17
     </day>
     <hour>
      5
     </hour>
     <minute>
      0
     </minute>
    </pubmedpubdate>
    <pubmedpubdate pubstatus="medline">
     <year>
      2003
     </year>
     <month>
      4
     </month>
     <day>
      18
     </day>
     <hour>
      5
     </hour>
     <minute>
      0
     </minute>
    </pubmedpubdate>
    <pubmedpubdate pubstatus="entrez">
     <year>
      2003
     </year>
     <month>
      4
     </month>
     <day>
      17
     </day>
     <hour>
      5
     </hour>
     <minute>
      0
     </minute>
    </pubmedpubdate>
   </history>
   <publicationstatus>
    ppublish
   </publicationstatus>
   <articleidlist>
    <articleid idtype="pubmed">
     12696781
    </articleid>
   </articleidlist>
  </pubmeddata>
 </pubmedarticle>
</pubmedarticleset>

