<?xml version='1.0' encoding='utf-8'?>
<!DOCTYPE PubmedArticleSet PUBLIC "-//NLM//DTD PubMedArticle, 1st January 2011//EN" "http://www.ncbi.nlm.nih.gov/entrez/query/DTD/pubmed_110101.dtd">
<pubmedarticleset>
 <pubmedarticle>
  <medlinecitation owner="NLM" status="MEDLINE">
   <pmid version="1">
    12759719
   </pmid>
   <datecreated>
    <year>
     2003
    </year>
    <month>
     05
    </month>
    <day>
     21
    </day>
   </datecreated>
   <datecompleted>
    <year>
     2003
    </year>
    <month>
     07
    </month>
    <day>
     25
    </day>
   </datecompleted>
   <daterevised>
    <year>
     2007
    </year>
    <month>
     11
    </month>
    <day>
     15
    </day>
   </daterevised>
   <article pubmodel="Print">
    <journal>
     <issn issntype="Print">
      0937-941X
     </issn>
     <journalissue citedmedium="Print">
      <volume>
       14 Suppl 2
      </volume>
      <pubdate>
       <year>
        2003
       </year>
      </pubdate>
     </journalissue>
     <title>
      Osteoporosis international : a journal established as result of cooperation between the European Foundation for Osteoporosis and the National Osteoporosis Foundation of the USA
     </title>
     <isoabbreviation>
      Osteoporos Int
     </isoabbreviation>
    </journal>
    <articletitle>
     Health professional's guide to rehabilitation of the patient with osteoporosis.
    </articletitle>
    <pagination>
     <medlinepgn>
      S1-22
     </medlinepgn>
    </pagination>
    <affiliation>
     Medical Director, Rehabilitation Hospital of South Jersey, Vineland, NJ, USA.
    </affiliation>
    <authorlist completeyn="Y">
     <author validyn="Y">
      <lastname>
       Bonner
      </lastname>
      <forename>
       Francis J
      </forename>
      <initials>
       FJ
      </initials>
      <suffix>
       Jr
      </suffix>
     </author>
     <author validyn="Y">
      <lastname>
       Sinaki
      </lastname>
      <forename>
       Mehrsheed
      </forename>
      <initials>
       M
      </initials>
     </author>
     <author validyn="Y">
      <lastname>
       Grabois
      </lastname>
      <forename>
       Martin
      </forename>
      <initials>
       M
      </initials>
     </author>
     <author validyn="Y">
      <lastname>
       Shipp
      </lastname>
      <forename>
       Kathy M
      </forename>
      <initials>
       KM
      </initials>
     </author>
     <author validyn="Y">
      <lastname>
       Lane
      </lastname>
      <forename>
       Joseph M
      </forename>
      <initials>
       JM
      </initials>
     </author>
     <author validyn="Y">
      <lastname>
       Lindsay
      </lastname>
      <forename>
       Robert
      </forename>
      <initials>
       R
      </initials>
     </author>
     <author validyn="Y">
      <lastname>
       Gold
      </lastname>
      <forename>
       Deborah T
      </forename>
      <initials>
       DT
      </initials>
     </author>
     <author validyn="Y">
      <lastname>
       Cosman
      </lastname>
      <forename>
       Felicia
      </forename>
      <initials>
       F
      </initials>
     </author>
     <author validyn="Y">
      <lastname>
       Bouxsein
      </lastname>
      <forename>
       Mary L
      </forename>
      <initials>
       ML
      </initials>
     </author>
     <author validyn="Y">
      <lastname>
       Weinstein
      </lastname>
      <forename>
       James N
      </forename>
      <initials>
       JN
      </initials>
     </author>
     <author validyn="Y">
      <lastname>
       Gallagher
      </lastname>
      <forename>
       Rollin M
      </forename>
      <initials>
       RM
      </initials>
     </author>
     <author validyn="Y">
      <lastname>
       Melton
      </lastname>
      <forename>
       L Joseph
      </forename>
      <initials>
       LJ
      </initials>
      <suffix>
       3rd
      </suffix>
     </author>
     <author validyn="Y">
      <lastname>
       Salcido
      </lastname>
      <forename>
       Richard Sal
      </forename>
      <initials>
       RS
      </initials>
     </author>
     <author validyn="Y">
      <lastname>
       Gordon
      </lastname>
      <forename>
       Stephen L
      </forename>
      <initials>
       SL
      </initials>
     </author>
    </authorlist>
    <language>
     eng
    </language>
    <publicationtypelist>
     <publicationtype>
      Guideline
     </publicationtype>
     <publicationtype>
      Journal Article
     </publicationtype>
     <publicationtype>
      Practice Guideline
     </publicationtype>
    </publicationtypelist>
   </article>
   <medlinejournalinfo>
    <country>
     England
    </country>
    <medlineta>
     Osteoporos Int
    </medlineta>
    <nlmuniqueid>
     9100105
    </nlmuniqueid>
    <issnlinking>
     0937-941X
    </issnlinking>
   </medlinejournalinfo>
   <citationsubset>
    IM
   </citationsubset>
   <meshheadinglist>
    <meshheading>
     <descriptorname majortopicyn="N">
      Aged
     </descriptorname>
    </meshheading>
    <meshheading>
     <descriptorname majortopicyn="N">
      Diet
     </descriptorname>
    </meshheading>
    <meshheading>
     <descriptorname majortopicyn="N">
      Exercise Therapy
     </descriptorname>
     <qualifiername majortopicyn="N">
      methods
     </qualifiername>
    </meshheading>
    <meshheading>
     <descriptorname majortopicyn="N">
      Female
     </descriptorname>
    </meshheading>
    <meshheading>
     <descriptorname majortopicyn="N">
      Humans
     </descriptorname>
    </meshheading>
    <meshheading>
     <descriptorname majortopicyn="N">
      Male
     </descriptorname>
    </meshheading>
    <meshheading>
     <descriptorname majortopicyn="N">
      Osteoporosis
     </descriptorname>
     <qualifiername majortopicyn="N">
      complications
     </qualifiername>
     <qualifiername majortopicyn="N">
      prevention &amp; control
     </qualifiername>
     <qualifiername majortopicyn="Y">
      rehabilitation
     </qualifiername>
    </meshheading>
    <meshheading>
     <descriptorname majortopicyn="N">
      Patient Education as Topic
     </descriptorname>
    </meshheading>
   </meshheadinglist>
  </medlinecitation>
  <pubmeddata>
   <history>
    <pubmedpubdate pubstatus="pubmed">
     <year>
      2003
     </year>
     <month>
      5
     </month>
     <day>
      22
     </day>
     <hour>
      5
     </hour>
     <minute>
      0
     </minute>
    </pubmedpubdate>
    <pubmedpubdate pubstatus="medline">
     <year>
      2003
     </year>
     <month>
      7
     </month>
     <day>
      26
     </day>
     <hour>
      5
     </hour>
     <minute>
      0
     </minute>
    </pubmedpubdate>
    <pubmedpubdate pubstatus="entrez">
     <year>
      2003
     </year>
     <month>
      5
     </month>
     <day>
      22
     </day>
     <hour>
      5
     </hour>
     <minute>
      0
     </minute>
    </pubmedpubdate>
   </history>
   <publicationstatus>
    ppublish
   </publicationstatus>
   <articleidlist>
    <articleid idtype="pubmed">
     12759719
    </articleid>
    <articleid idtype="doi">
     10.1007/s00198-002-1308-9
    </articleid>
   </articleidlist>
  </pubmeddata>
 </pubmedarticle>
</pubmedarticleset>

