<?xml version='1.0' encoding='utf-8'?>
<!DOCTYPE PubmedArticleSet PUBLIC "-//NLM//DTD PubMedArticle, 1st January 2011//EN" "http://www.ncbi.nlm.nih.gov/entrez/query/DTD/pubmed_110101.dtd">
<pubmedarticleset>
 <pubmedarticle>
  <medlinecitation owner="NLM" status="MEDLINE">
   <pmid version="1">
    12756388
   </pmid>
   <datecreated>
    <year>
     2003
    </year>
    <month>
     05
    </month>
    <day>
     20
    </day>
   </datecreated>
   <datecompleted>
    <year>
     2003
    </year>
    <month>
     07
    </month>
    <day>
     07
    </day>
   </datecompleted>
   <daterevised>
    <year>
     2006
    </year>
    <month>
     11
    </month>
    <day>
     15
    </day>
   </daterevised>
   <article pubmodel="Print">
    <journal>
     <issn issntype="Print">
      0022-3476
     </issn>
     <journalissue citedmedium="Print">
      <volume>
       142
      </volume>
      <issue>
       5
      </issue>
      <pubdate>
       <year>
        2003
       </year>
       <month>
        May
       </month>
      </pubdate>
     </journalissue>
     <title>
      The Journal of pediatrics
     </title>
     <isoabbreviation>
      J. Pediatr.
     </isoabbreviation>
    </journal>
    <articletitle>
     Does age play a role in recovery from sports-related concussion? A comparison of high school and collegiate athletes.
    </articletitle>
    <pagination>
     <medlinepgn>
      546-53
     </medlinepgn>
    </pagination>
    <abstract>
     <abstracttext label="OBJECTIVE" nlmcategory="OBJECTIVE">
      To evaluate symptoms and neurocognitive recovery patterns after sports-related concussion in high school and college athletes.
     </abstracttext>
     <abstracttext label="STUDY DESIGN" nlmcategory="METHODS">
      College athletes (n = 371) and high school athletes (n = 183) underwent baseline neuropsychological evaluation between 1997 and 2000. Individuals who received a concussion during athletic competition (n = 54) underwent serial neuropsychologic evaluation after injury and were compared with a noninjured within-sample control group (n = 38). Main outcome measures included structured interview, four memory measures, and Concussion Symptom Scale ratings. Baseline to postinjury change scores and multiple analyses of variance were used to compare recovery curves within and between groups.
     </abstracttext>
     <abstracttext label="RESULTS" nlmcategory="RESULTS">
      High school athletes with concussion had prolonged memory dysfunction compared with college athletes with concussion. High school athletes performed significantly worse than age-matched control subjects at 7 days after injury (F = 2.90; P &lt;.005). College athletes, despite having more severe in-season concussions, displayed commensurate performance with matched control subjects by day 3 after concussion. Self-report of postconcussion symptoms by student athletes was not predictive of poor performance on neuropsychologic testing.
     </abstracttext>
     <abstracttext label="CONCLUSIONS" nlmcategory="CONCLUSIONS">
      Caution and systematic evaluation should be undertaken before returning athletes with concussion to competition. Sole reliance on the self-report of the athlete may be inadequate. Preliminary data may suggest a more protracted recovery from concussion in high school athletes.
     </abstracttext>
    </abstract>
    <affiliation>
     Department of Neurological Surgery, University of Pittsburgh School of Medicine Center for Sports Medicine, Pennsylvania 15213, USA. fieldm@msx.upmc.edu
    </affiliation>
    <authorlist completeyn="Y">
     <author validyn="Y">
      <lastname>
       Field
      </lastname>
      <forename>
       Melvin
      </forename>
      <initials>
       M
      </initials>
     </author>
     <author validyn="Y">
      <lastname>
       Collins
      </lastname>
      <forename>
       Michael W
      </forename>
      <initials>
       MW
      </initials>
     </author>
     <author validyn="Y">
      <lastname>
       Lovell
      </lastname>
      <forename>
       Mark R
      </forename>
      <initials>
       MR
      </initials>
     </author>
     <author validyn="Y">
      <lastname>
       Maroon
      </lastname>
      <forename>
       Joseph
      </forename>
      <initials>
       J
      </initials>
     </author>
    </authorlist>
    <language>
     eng
    </language>
    <publicationtypelist>
     <publicationtype>
      Comparative Study
     </publicationtype>
     <publicationtype>
      Journal Article
     </publicationtype>
    </publicationtypelist>
   </article>
   <medlinejournalinfo>
    <country>
     United States
    </country>
    <medlineta>
     J Pediatr
    </medlineta>
    <nlmuniqueid>
     0375410
    </nlmuniqueid>
    <issnlinking>
     0022-3476
    </issnlinking>
   </medlinejournalinfo>
   <citationsubset>
    AIM
   </citationsubset>
   <citationsubset>
    IM
   </citationsubset>
   <meshheadinglist>
    <meshheading>
     <descriptorname majortopicyn="N">
      Adolescent
     </descriptorname>
    </meshheading>
    <meshheading>
     <descriptorname majortopicyn="N">
      Adult
     </descriptorname>
    </meshheading>
    <meshheading>
     <descriptorname majortopicyn="N">
      Age Factors
     </descriptorname>
    </meshheading>
    <meshheading>
     <descriptorname majortopicyn="N">
      Athletic Injuries
     </descriptorname>
     <qualifiername majortopicyn="Y">
      complications
     </qualifiername>
     <qualifiername majortopicyn="Y">
      rehabilitation
     </qualifiername>
    </meshheading>
    <meshheading>
     <descriptorname majortopicyn="N">
      Brain Concussion
     </descriptorname>
     <qualifiername majortopicyn="Y">
      complications
     </qualifiername>
     <qualifiername majortopicyn="Y">
      rehabilitation
     </qualifiername>
    </meshheading>
    <meshheading>
     <descriptorname majortopicyn="N">
      Cognition Disorders
     </descriptorname>
     <qualifiername majortopicyn="N">
      diagnosis
     </qualifiername>
     <qualifiername majortopicyn="N">
      epidemiology
     </qualifiername>
     <qualifiername majortopicyn="Y">
      etiology
     </qualifiername>
    </meshheading>
    <meshheading>
     <descriptorname majortopicyn="N">
      Female
     </descriptorname>
    </meshheading>
    <meshheading>
     <descriptorname majortopicyn="N">
      Humans
     </descriptorname>
    </meshheading>
    <meshheading>
     <descriptorname majortopicyn="N">
      Incidence
     </descriptorname>
    </meshheading>
    <meshheading>
     <descriptorname majortopicyn="N">
      Injury Severity Score
     </descriptorname>
    </meshheading>
    <meshheading>
     <descriptorname majortopicyn="N">
      Male
     </descriptorname>
    </meshheading>
    <meshheading>
     <descriptorname majortopicyn="N">
      Neuropsychological Tests
     </descriptorname>
    </meshheading>
    <meshheading>
     <descriptorname majortopicyn="N">
      Post-Concussion Syndrome
     </descriptorname>
     <qualifiername majortopicyn="N">
      diagnosis
     </qualifiername>
     <qualifiername majortopicyn="Y">
      epidemiology
     </qualifiername>
    </meshheading>
    <meshheading>
     <descriptorname majortopicyn="N">
      Prospective Studies
     </descriptorname>
    </meshheading>
    <meshheading>
     <descriptorname majortopicyn="Y">
      Recovery of Function
     </descriptorname>
    </meshheading>
   </meshheadinglist>
  </medlinecitation>
  <pubmeddata>
   <history>
    <pubmedpubdate pubstatus="pubmed">
     <year>
      2003
     </year>
     <month>
      5
     </month>
     <day>
      21
     </day>
     <hour>
      5
     </hour>
     <minute>
      0
     </minute>
    </pubmedpubdate>
    <pubmedpubdate pubstatus="medline">
     <year>
      2003
     </year>
     <month>
      7
     </month>
     <day>
      8
     </day>
     <hour>
      5
     </hour>
     <minute>
      0
     </minute>
    </pubmedpubdate>
    <pubmedpubdate pubstatus="entrez">
     <year>
      2003
     </year>
     <month>
      5
     </month>
     <day>
      21
     </day>
     <hour>
      5
     </hour>
     <minute>
      0
     </minute>
    </pubmedpubdate>
   </history>
   <publicationstatus>
    ppublish
   </publicationstatus>
   <articleidlist>
    <articleid idtype="pubmed">
     12756388
    </articleid>
    <articleid idtype="pii">
     S0022-3476(03)00116-1
    </articleid>
    <articleid idtype="doi">
     10.1067/mpd.2003.190
    </articleid>
   </articleidlist>
  </pubmeddata>
 </pubmedarticle>
</pubmedarticleset>

