<?xml version='1.0' encoding='utf-8'?>
<!DOCTYPE PubmedArticleSet PUBLIC "-//NLM//DTD PubMedArticle, 1st January 2011//EN" "http://www.ncbi.nlm.nih.gov/entrez/query/DTD/pubmed_110101.dtd">
<pubmedarticleset>
 <pubmedarticle>
  <medlinecitation owner="NLM" status="MEDLINE">
   <pmid version="1">
    12804443
   </pmid>
   <datecreated>
    <year>
     2003
    </year>
    <month>
     06
    </month>
    <day>
     13
    </day>
   </datecreated>
   <datecompleted>
    <year>
     2003
    </year>
    <month>
     07
    </month>
    <day>
     28
    </day>
   </datecompleted>
   <daterevised>
    <year>
     2007
    </year>
    <month>
     11
    </month>
    <day>
     15
    </day>
   </daterevised>
   <article pubmodel="Print">
    <journal>
     <issn issntype="Electronic">
      1469-493X
     </issn>
     <journalissue citedmedium="Internet">
      <issue>
       2
      </issue>
      <pubdate>
       <year>
        2003
       </year>
      </pubdate>
     </journalissue>
     <title>
      Cochrane database of systematic reviews (Online)
     </title>
     <isoabbreviation>
      Cochrane Database Syst Rev
     </isoabbreviation>
    </journal>
    <articletitle>
     Alarm interventions for nocturnal enuresis in children.
    </articletitle>
    <pagination>
     <medlinepgn>
      CD002911
     </medlinepgn>
    </pagination>
    <abstract>
     <abstracttext label="BACKGROUND" nlmcategory="BACKGROUND">
      Enuresis (bedwetting) is a socially disruptive and stressful condition which affects around 15-20% of five year olds, and up to 2% of young adults.
     </abstracttext>
     <abstracttext label="OBJECTIVES" nlmcategory="OBJECTIVE">
      To assess the effects of alarm interventions on nocturnal enuresis in children, and to compare alarms with other interventions.
     </abstracttext>
     <abstracttext label="SEARCH STRATEGY" nlmcategory="METHODS">
      We searched the Cochrane Incontinence Group trials register (December 2002) and the reference lists of relevant articles. Date of the most recent searches: December 2002.
     </abstracttext>
     <abstracttext label="SELECTION CRITERIA" nlmcategory="METHODS">
      All randomised or quasi-randomised trials of alarm interventions for nocturnal enuresis in children were included, except those focused solely on daytime wetting. Comparison interventions included no treatment, simple and complex behavioural methods, desmopressin, tricyclics, and miscellaneous other methods.
     </abstracttext>
     <abstracttext label="DATA COLLECTION AND ANALYSIS" nlmcategory="METHODS">
      Two reviewers independently assessed the quality of the eligible trials, and extracted data.
     </abstracttext>
     <abstracttext label="MAIN RESULTS" nlmcategory="RESULTS">
      Fifty three trials met the inclusion criteria, involving 2862 children. The quality of many trials was poor, and evidence for many comparisons was inadequate. Most alarms used audio methods. Compared to no treatment, about two thirds of children became dry during alarm use (RR for failure 0.36, 95% CI 0.31 to 0.43). Nearly half who persisted with alarm use remained dry after treatment finished, compared to almost none after no treatment (RR of failure or relapse 45/81 (55%) vs 80/81 (99%), RR 0.56, 95% CI 0.46 to 0.68). There was insufficient evidence to draw conclusions about different types of alarm, or about how alarms compare to other behavioural interventions. Relapse rates were lower when overlearning was added to alarm treatment (RR 1.92, 95% CI 1.27 to 2.92). Penalties for wet beds appeared to be counter-productive. Alarms using electric shocks were unacceptable to children or their parents. Although desmopressin may have a more immediate effect, alarms appear more effective by the end of a course of treatment (RR 0.71, 95% CI 0.50 to 0.99) and there was limited evidence of greater long-term success (RR 4/22 (18%) vs 16/24 (67%),RR 0.27, 95% CI 0.11 to 0.69). Alarms were better than tricyclics during treatment (RR 0.73, 95% CI 0.61 to 0.88) and afterwards (7/12 (58%) vs 12/12 (100%), RR 0.58, 95% CI 0.36 to 0.94).
     </abstracttext>
     <abstracttext label="REVIEWER'S CONCLUSIONS" nlmcategory="CONCLUSIONS">
      Alarm interventions are an effective treatment for nocturnal bedwetting in children. Alarms appear more effective than desmopressin or tricyclics by the end of treatment, and subsequently. Overlearning (giving extra fluids at bedtime after successfully becoming dry using an alarm) and avoiding penalties may further reduce the relapse rate. Better quality research comparing alarms with other treatments is needed, including follow-up to determine relapse rates.
     </abstracttext>
    </abstract>
    <affiliation>
     Health Services Research Unit (Foresterhill Lea), University of Aberdeen, Foresterhill, Aberdeen, Scotland, UK, AB25 2ZD. c.glazener@abdn.ac.uk
    </affiliation>
    <authorlist completeyn="Y">
     <author validyn="Y">
      <lastname>
       Glazener
      </lastname>
      <forename>
       C M
      </forename>
      <initials>
       CM
      </initials>
     </author>
     <author validyn="Y">
      <lastname>
       Evans
      </lastname>
      <forename>
       J H
      </forename>
      <initials>
       JH
      </initials>
     </author>
     <author validyn="Y">
      <lastname>
       Peto
      </lastname>
      <forename>
       R E
      </forename>
      <initials>
       RE
      </initials>
     </author>
    </authorlist>
    <language>
     eng
    </language>
    <publicationtypelist>
     <publicationtype>
      Journal Article
     </publicationtype>
     <publicationtype>
      Review
     </publicationtype>
    </publicationtypelist>
   </article>
   <medlinejournalinfo>
    <country>
     England
    </country>
    <medlineta>
     Cochrane Database Syst Rev
    </medlineta>
    <nlmuniqueid>
     100909747
    </nlmuniqueid>
    <issnlinking>
     1361-6137
    </issnlinking>
   </medlinejournalinfo>
   <chemicallist>
    <chemical>
     <registrynumber>
      0
     </registrynumber>
     <nameofsubstance>
      Renal Agents
     </nameofsubstance>
    </chemical>
   </chemicallist>
   <citationsubset>
    IM
   </citationsubset>
   <commentscorrectionslist>
    <commentscorrections reftype="UpdateIn">
     <refsource>
      Cochrane Database Syst Rev. 2005;(2):CD002911
     </refsource>
     <pmid version="1">
      15846643
     </pmid>
    </commentscorrections>
    <commentscorrections reftype="UpdateOf">
     <refsource>
      Cochrane Database Syst Rev. 2001;(1):CD002911
     </refsource>
     <pmid version="1">
      11279776
     </pmid>
    </commentscorrections>
   </commentscorrectionslist>
   <meshheadinglist>
    <meshheading>
     <descriptorname majortopicyn="N">
      Adult
     </descriptorname>
    </meshheading>
    <meshheading>
     <descriptorname majortopicyn="N">
      Case-Control Studies
     </descriptorname>
    </meshheading>
    <meshheading>
     <descriptorname majortopicyn="N">
      Child, Preschool
     </descriptorname>
    </meshheading>
    <meshheading>
     <descriptorname majortopicyn="N">
      Enuresis
     </descriptorname>
     <qualifiername majortopicyn="N">
      drug therapy
     </qualifiername>
     <qualifiername majortopicyn="Y">
      prevention &amp; control
     </qualifiername>
    </meshheading>
    <meshheading>
     <descriptorname majortopicyn="N">
      Humans
     </descriptorname>
    </meshheading>
    <meshheading>
     <descriptorname majortopicyn="N">
      Nephrology
     </descriptorname>
     <qualifiername majortopicyn="N">
      methods
     </qualifiername>
    </meshheading>
    <meshheading>
     <descriptorname majortopicyn="N">
      Randomized Controlled Trials as Topic
     </descriptorname>
    </meshheading>
    <meshheading>
     <descriptorname majortopicyn="N">
      Renal Agents
     </descriptorname>
     <qualifiername majortopicyn="N">
      therapeutic use
     </qualifiername>
    </meshheading>
   </meshheadinglist>
   <numberofreferences>
    44
   </numberofreferences>
  </medlinecitation>
  <pubmeddata>
   <history>
    <pubmedpubdate pubstatus="pubmed">
     <year>
      2003
     </year>
     <month>
      6
     </month>
     <day>
      14
     </day>
     <hour>
      5
     </hour>
     <minute>
      0
     </minute>
    </pubmedpubdate>
    <pubmedpubdate pubstatus="medline">
     <year>
      2003
     </year>
     <month>
      7
     </month>
     <day>
      29
     </day>
     <hour>
      5
     </hour>
     <minute>
      0
     </minute>
    </pubmedpubdate>
    <pubmedpubdate pubstatus="entrez">
     <year>
      2003
     </year>
     <month>
      6
     </month>
     <day>
      14
     </day>
     <hour>
      5
     </hour>
     <minute>
      0
     </minute>
    </pubmedpubdate>
   </history>
   <publicationstatus>
    ppublish
   </publicationstatus>
   <articleidlist>
    <articleid idtype="pubmed">
     12804443
    </articleid>
    <articleid idtype="doi">
     10.1002/14651858.CD002911
    </articleid>
   </articleidlist>
  </pubmeddata>
 </pubmedarticle>
</pubmedarticleset>

