<?xml version='1.0' encoding='utf-8'?>
<!DOCTYPE PubmedArticleSet PUBLIC "-//NLM//DTD PubMedArticle, 1st January 2011//EN" "http://www.ncbi.nlm.nih.gov/entrez/query/DTD/pubmed_110101.dtd">
<pubmedarticleset>
 <pubmedarticle>
  <medlinecitation owner="NLM" status="MEDLINE">
   <pmid version="1">
    1280018
   </pmid>
   <datecreated>
    <year>
     1992
    </year>
    <month>
     12
    </month>
    <day>
     11
    </day>
   </datecreated>
   <datecompleted>
    <year>
     1992
    </year>
    <month>
     12
    </month>
    <day>
     11
    </day>
   </datecompleted>
   <daterevised>
    <year>
     2007
    </year>
    <month>
     11
    </month>
    <day>
     15
    </day>
   </daterevised>
   <article pubmodel="Print">
    <journal>
     <issn issntype="Print">
      0003-4819
     </issn>
     <journalissue citedmedium="Print">
      <volume>
       117
      </volume>
      <issue>
       12
      </issue>
      <pubdate>
       <year>
        1992
       </year>
       <month>
        Dec
       </month>
       <day>
        15
       </day>
      </pubdate>
     </journalissue>
     <title>
      Annals of internal medicine
     </title>
     <isoabbreviation>
      Ann. Intern. Med.
     </isoabbreviation>
    </journal>
    <articletitle>
     Prognostic implications of asymptomatic ventricular arrhythmias: the Framingham Heart Study.
    </articletitle>
    <pagination>
     <medlinepgn>
      990-6
     </medlinepgn>
    </pagination>
    <abstract>
     <abstracttext label="OBJECTIVE" nlmcategory="OBJECTIVE">
      To evaluate the prevalence and prognostic significance of asymptomatic complex or frequent ventricular premature beats detected during ambulatory electrocardiographic (ECG) monitoring.
     </abstracttext>
     <abstracttext label="DESIGN" nlmcategory="METHODS">
      Cohort study with a follow-up period of 4 to 6 years.
     </abstracttext>
     <abstracttext label="SETTING" nlmcategory="METHODS">
      Population-based.
     </abstracttext>
     <abstracttext label="PARTICIPANTS" nlmcategory="METHODS">
      Surviving patients of the original Framingham Heart Study cohort and offspring of original cohort members (2727 men and 3306 women).
     </abstracttext>
     <abstracttext label="MEASUREMENTS" nlmcategory="METHODS">
      One-hour ambulatory electrocardiography.
     </abstracttext>
     <abstracttext label="RESULTS" nlmcategory="RESULTS">
      The age-adjusted prevalence of complex or frequent arrhythmia (more than 30 ventricular premature complexes per hour or multiform premature complexes, ventricular couplets, ventricular tachycardia, or R-on-T ventricular premature complexes) was 12% (95% Cl, 11% to 13%) in the 2425 men without clinically evident coronary heart disease and 33% (Cl, 24% to 42%) in the 302 men with coronary heart disease. The corresponding values in women (3064 without disease and 242 with disease) were 12% (Cl, 11% to 13%) and 26% (Cl, 9% to 43%). After adjusting for age and traditional risk factors for coronary heart disease in a Cox proportional hazards model, men without coronary heart disease who had complex or frequent ventricular arrhythmias were at increased risk for both all-cause mortality (relative risk, 2.30; Cl, 1.65 to 3.20) and the occurrence of myocardial infarction or death from coronary heart disease (relative risk, 2.12; Cl, 1.33 to 3.38). In men with coronary heart disease and in women with and without coronary heart disease, complex or frequent arrhythmias were not associated with an increased risk for either outcome.
     </abstracttext>
     <abstracttext label="CONCLUSIONS" nlmcategory="CONCLUSIONS">
      In men who do not have clinically apparent coronary heart disease, the incidental detection of ventricular arrhythmias is associated with a twofold increase in the risk for all-cause mortality and myocardial infarction or death due to coronary heart disease. The preventive and therapeutic implications of these findings await further investigation.
     </abstracttext>
    </abstract>
    <affiliation>
     Framingham Heart Study, Massachusetts.
    </affiliation>
    <authorlist completeyn="Y">
     <author validyn="Y">
      <lastname>
       Bikkina
      </lastname>
      <forename>
       M
      </forename>
      <initials>
       M
      </initials>
     </author>
     <author validyn="Y">
      <lastname>
       Larson
      </lastname>
      <forename>
       M G
      </forename>
      <initials>
       MG
      </initials>
     </author>
     <author validyn="Y">
      <lastname>
       Levy
      </lastname>
      <forename>
       D
      </forename>
      <initials>
       D
      </initials>
     </author>
    </authorlist>
    <language>
     eng
    </language>
    <publicationtypelist>
     <publicationtype>
      Journal Article
     </publicationtype>
     <publicationtype>
      Research Support, Non-U.S. Gov't
     </publicationtype>
    </publicationtypelist>
   </article>
   <medlinejournalinfo>
    <country>
     UNITED STATES
    </country>
    <medlineta>
     Ann Intern Med
    </medlineta>
    <nlmuniqueid>
     0372351
    </nlmuniqueid>
    <issnlinking>
     0003-4819
    </issnlinking>
   </medlinejournalinfo>
   <citationsubset>
    AIM
   </citationsubset>
   <citationsubset>
    IM
   </citationsubset>
   <commentscorrectionslist>
    <commentscorrections reftype="CommentIn">
     <refsource>
      Ann Intern Med. 1992 Dec 15;117(12):1053-4
     </refsource>
     <pmid version="1">
      1443975
     </pmid>
    </commentscorrections>
   </commentscorrectionslist>
   <meshheadinglist>
    <meshheading>
     <descriptorname majortopicyn="N">
      Adult
     </descriptorname>
    </meshheading>
    <meshheading>
     <descriptorname majortopicyn="N">
      Age Factors
     </descriptorname>
    </meshheading>
    <meshheading>
     <descriptorname majortopicyn="N">
      Aged
     </descriptorname>
    </meshheading>
    <meshheading>
     <descriptorname majortopicyn="N">
      Arrhythmias, Cardiac
     </descriptorname>
     <qualifiername majortopicyn="Y">
      epidemiology
     </qualifiername>
     <qualifiername majortopicyn="N">
      mortality
     </qualifiername>
     <qualifiername majortopicyn="Y">
      physiopathology
     </qualifiername>
    </meshheading>
    <meshheading>
     <descriptorname majortopicyn="N">
      Cardiac Complexes, Premature
     </descriptorname>
     <qualifiername majortopicyn="N">
      epidemiology
     </qualifiername>
     <qualifiername majortopicyn="N">
      mortality
     </qualifiername>
    </meshheading>
    <meshheading>
     <descriptorname majortopicyn="N">
      Coronary Disease
     </descriptorname>
     <qualifiername majortopicyn="N">
      mortality
     </qualifiername>
     <qualifiername majortopicyn="Y">
      physiopathology
     </qualifiername>
    </meshheading>
    <meshheading>
     <descriptorname majortopicyn="N">
      Electrocardiography, Ambulatory
     </descriptorname>
    </meshheading>
    <meshheading>
     <descriptorname majortopicyn="N">
      Female
     </descriptorname>
    </meshheading>
    <meshheading>
     <descriptorname majortopicyn="N">
      Follow-Up Studies
     </descriptorname>
    </meshheading>
    <meshheading>
     <descriptorname majortopicyn="N">
      Heart Ventricles
     </descriptorname>
     <qualifiername majortopicyn="N">
      physiopathology
     </qualifiername>
    </meshheading>
    <meshheading>
     <descriptorname majortopicyn="N">
      Humans
     </descriptorname>
    </meshheading>
    <meshheading>
     <descriptorname majortopicyn="N">
      Male
     </descriptorname>
    </meshheading>
    <meshheading>
     <descriptorname majortopicyn="N">
      Middle Aged
     </descriptorname>
    </meshheading>
    <meshheading>
     <descriptorname majortopicyn="N">
      Myocardial Infarction
     </descriptorname>
     <qualifiername majortopicyn="N">
      epidemiology
     </qualifiername>
    </meshheading>
    <meshheading>
     <descriptorname majortopicyn="N">
      Prevalence
     </descriptorname>
    </meshheading>
    <meshheading>
     <descriptorname majortopicyn="N">
      Prognosis
     </descriptorname>
    </meshheading>
    <meshheading>
     <descriptorname majortopicyn="N">
      Sex Factors
     </descriptorname>
    </meshheading>
    <meshheading>
     <descriptorname majortopicyn="N">
      Statistics as Topic
     </descriptorname>
    </meshheading>
    <meshheading>
     <descriptorname majortopicyn="N">
      Survival Analysis
     </descriptorname>
    </meshheading>
   </meshheadinglist>
  </medlinecitation>
  <pubmeddata>
   <history>
    <pubmedpubdate pubstatus="pubmed">
     <year>
      1992
     </year>
     <month>
      12
     </month>
     <day>
      15
     </day>
    </pubmedpubdate>
    <pubmedpubdate pubstatus="medline">
     <year>
      1992
     </year>
     <month>
      12
     </month>
     <day>
      15
     </day>
     <hour>
      0
     </hour>
     <minute>
      1
     </minute>
    </pubmedpubdate>
    <pubmedpubdate pubstatus="entrez">
     <year>
      1992
     </year>
     <month>
      12
     </month>
     <day>
      15
     </day>
     <hour>
      0
     </hour>
     <minute>
      0
     </minute>
    </pubmedpubdate>
   </history>
   <publicationstatus>
    ppublish
   </publicationstatus>
   <articleidlist>
    <articleid idtype="pubmed">
     1280018
    </articleid>
   </articleidlist>
  </pubmeddata>
 </pubmedarticle>
</pubmedarticleset>

