<?xml version='1.0' encoding='utf-8'?>
<!DOCTYPE PubmedArticleSet PUBLIC "-//NLM//DTD PubMedArticle, 1st January 2011//EN" "http://www.ncbi.nlm.nih.gov/entrez/query/DTD/pubmed_110101.dtd">
<pubmedarticleset>
 <pubmedarticle>
  <medlinecitation owner="NLM" status="MEDLINE">
   <pmid version="1">
    12814733
   </pmid>
   <datecreated>
    <year>
     2003
    </year>
    <month>
     06
    </month>
    <day>
     19
    </day>
   </datecreated>
   <datecompleted>
    <year>
     2003
    </year>
    <month>
     07
    </month>
    <day>
     10
    </day>
   </datecompleted>
   <daterevised>
    <year>
     2004
    </year>
    <month>
     11
    </month>
    <day>
     17
    </day>
   </daterevised>
   <article pubmodel="Print">
    <journal>
     <issn issntype="Electronic">
      1474-547X
     </issn>
     <journalissue citedmedium="Internet">
      <volume>
       361
      </volume>
      <issue>
       9374
      </issue>
      <pubdate>
       <year>
        2003
       </year>
       <month>
        Jun
       </month>
       <day>
        14
       </day>
      </pubdate>
     </journalissue>
     <title>
      Lancet
     </title>
     <isoabbreviation>
      Lancet
     </isoabbreviation>
    </journal>
    <articletitle>
     Raynaud's disease.
    </articletitle>
    <pagination>
     <medlinepgn>
      2078-80
     </medlinepgn>
    </pagination>
    <affiliation>
     Department of Dermatology, Middlesex Hospital, London, UK.
    </affiliation>
    <authorlist completeyn="Y">
     <author validyn="Y">
      <lastname>
       Bowling
      </lastname>
      <forename>
       J C R
      </forename>
      <initials>
       JC
      </initials>
     </author>
     <author validyn="Y">
      <lastname>
       Dowd
      </lastname>
      <forename>
       P M
      </forename>
      <initials>
       PM
      </initials>
     </author>
    </authorlist>
    <language>
     eng
    </language>
    <publicationtypelist>
     <publicationtype>
      Biography
     </publicationtype>
     <publicationtype>
      Case Reports
     </publicationtype>
     <publicationtype>
      Historical Article
     </publicationtype>
     <publicationtype>
      Journal Article
     </publicationtype>
    </publicationtypelist>
   </article>
   <medlinejournalinfo>
    <country>
     England
    </country>
    <medlineta>
     Lancet
    </medlineta>
    <nlmuniqueid>
     2985213R
    </nlmuniqueid>
    <issnlinking>
     0140-6736
    </issnlinking>
   </medlinejournalinfo>
   <citationsubset>
    AIM
   </citationsubset>
   <citationsubset>
    IM
   </citationsubset>
   <meshheadinglist>
    <meshheading>
     <descriptorname majortopicyn="N">
      Adult
     </descriptorname>
    </meshheading>
    <meshheading>
     <descriptorname majortopicyn="N">
      Drug Therapy, Combination
     </descriptorname>
    </meshheading>
    <meshheading>
     <descriptorname majortopicyn="N">
      Female
     </descriptorname>
    </meshheading>
    <meshheading>
     <descriptorname majortopicyn="N" type="Geographic">
      France
     </descriptorname>
    </meshheading>
    <meshheading>
     <descriptorname majortopicyn="N">
      History, 19th Century
     </descriptorname>
    </meshheading>
    <meshheading>
     <descriptorname majortopicyn="N">
      Humans
     </descriptorname>
    </meshheading>
    <meshheading>
     <descriptorname majortopicyn="Y">
      Raynaud Disease
     </descriptorname>
     <qualifiername majortopicyn="N">
      diagnosis
     </qualifiername>
     <qualifiername majortopicyn="N">
      drug therapy
     </qualifiername>
     <qualifiername majortopicyn="N">
      etiology
     </qualifiername>
     <qualifiername majortopicyn="N">
      history
     </qualifiername>
    </meshheading>
   </meshheadinglist>
   <personalnamesubjectlist>
    <personalnamesubject>
     <lastname>
      Raynaud
     </lastname>
     <forename>
      Auguste-Maurice
     </forename>
     <initials>
      AM
     </initials>
    </personalnamesubject>
   </personalnamesubjectlist>
  </medlinecitation>
  <pubmeddata>
   <history>
    <pubmedpubdate pubstatus="pubmed">
     <year>
      2003
     </year>
     <month>
      6
     </month>
     <day>
      20
     </day>
     <hour>
      5
     </hour>
     <minute>
      0
     </minute>
    </pubmedpubdate>
    <pubmedpubdate pubstatus="medline">
     <year>
      2003
     </year>
     <month>
      7
     </month>
     <day>
      11
     </day>
     <hour>
      5
     </hour>
     <minute>
      0
     </minute>
    </pubmedpubdate>
    <pubmedpubdate pubstatus="entrez">
     <year>
      2003
     </year>
     <month>
      6
     </month>
     <day>
      20
     </day>
     <hour>
      5
     </hour>
     <minute>
      0
     </minute>
    </pubmedpubdate>
   </history>
   <publicationstatus>
    ppublish
   </publicationstatus>
   <articleidlist>
    <articleid idtype="pubmed">
     12814733
    </articleid>
    <articleid idtype="pii">
     S014067360313646X
    </articleid>
   </articleidlist>
  </pubmeddata>
 </pubmedarticle>
</pubmedarticleset>

