<?xml version='1.0' encoding='utf-8'?>
<!DOCTYPE PubmedArticleSet PUBLIC "-//NLM//DTD PubMedArticle, 1st January 2011//EN" "http://www.ncbi.nlm.nih.gov/entrez/query/DTD/pubmed_110101.dtd">
<pubmedarticleset>
 <pubmedarticle>
  <medlinecitation owner="NLM" status="MEDLINE">
   <pmid version="1">
    12821354
   </pmid>
   <datecreated>
    <year>
     2003
    </year>
    <month>
     06
    </month>
    <day>
     24
    </day>
   </datecreated>
   <datecompleted>
    <year>
     2003
    </year>
    <month>
     07
    </month>
    <day>
     24
    </day>
   </datecompleted>
   <daterevised>
    <year>
     2006
    </year>
    <month>
     11
    </month>
    <day>
     15
    </day>
   </daterevised>
   <article pubmodel="Print">
    <journal>
     <issn issntype="Print">
      0090-8258
     </issn>
     <journalissue citedmedium="Print">
      <volume>
       90
      </volume>
      <issue>
       1
      </issue>
      <pubdate>
       <year>
        2003
       </year>
       <month>
        Jul
       </month>
      </pubdate>
     </journalissue>
     <title>
      Gynecologic oncology
     </title>
     <isoabbreviation>
      Gynecol. Oncol.
     </isoabbreviation>
    </journal>
    <articletitle>
     Performance of ThinPrep liquid-based cervical cytology in comparison with conventionally prepared Papanicolaou smears: a quantitative survey.
    </articletitle>
    <pagination>
     <medlinepgn>
      137-44
     </medlinepgn>
    </pagination>
    <abstract>
     <abstracttext label="OBJECTIVES" nlmcategory="OBJECTIVE">
      The goal of this study was to evaluate the performance of ThinPrep, a liquid-based cytology preparation technique, in comparison with conventionally prepared Papanicolaou smears in detecting cervical pathology.
     </abstracttext>
     <abstracttext label="METHODS" nlmcategory="METHODS">
      Forty-seven English-language articles published between January 1990 and September 2002 were identified through Medline and manual searches. After elimination of 5 nonprimary articles, 10 unpaired studies, 5 descriptive articles with insufficient or no data, and 3 articles with data that could not be recast into a consistent format, there remained 24 usable articles. Seventeen articles contained data comparing ThinPrep with conventional cytology for 35172 patients; and 10 articles compared cytology with histology or other gold standard diagnoses for 21752 patients. Three of these articles contained both types of comparisons. The standard cytology classification into negative, atypical, low-grade (LGSIL) and high-grade (HGSIL) squamous intraepithelial lesions, and carcinoma was applied; other categorization schemes were recoded as necessary. Concordance estimates, based on five-way and dichotomous (normal/abnormal) classifications, were obtained from the 17 studies containing paired cytology data. Sensitivity and specificity rates were obtained from the 10 studies with paired cytology and histology data.
     </abstracttext>
     <abstracttext label="RESULTS" nlmcategory="RESULTS">
      The two methods tend to agree in 89 and 92% of cases based on the five-level and dichotomous classifications, respectively. ThinPrep was reported as normal in 93.5% of cases of normal conventional smears. The remaining 6.5% of ThinPrep slides were classified as follows: atypical, 4.55%; LGSIL, 1.56%; HGSIL, 0.36%; invasive cancer, 0.007%. Sensitivity rates, relative to histology, were 68% (conventional) and 76% (ThinPrep), and specificity rates were 79% (conventional) and 86% (ThinPrep).
     </abstracttext>
     <abstracttext label="CONCLUSION" nlmcategory="CONCLUSIONS">
      ThinPrep tends to be more sensitive and specific than conventional smears in detecting cervical dysplasia. The increased sensitivity of ThinPrep results in increased cytologic diagnosis of cervical atypia, LGSIL, HGSIL, and invasive cervical carcinoma.
     </abstracttext>
    </abstract>
    <affiliation>
     Department of Obstetrics and Gynecology, State University of New York at Brooklyn, Downstate Medical Center, 450 Clarkson Avenue, Box 24, Brooklyn, NY 11203, USA.
    </affiliation>
    <authorlist completeyn="Y">
     <author validyn="Y">
      <lastname>
       Abulafia
      </lastname>
      <forename>
       Ovadia
      </forename>
      <initials>
       O
      </initials>
     </author>
     <author validyn="Y">
      <lastname>
       Pezzullo
      </lastname>
      <forename>
       John C
      </forename>
      <initials>
       JC
      </initials>
     </author>
     <author validyn="Y">
      <lastname>
       Sherer
      </lastname>
      <forename>
       David M
      </forename>
      <initials>
       DM
      </initials>
     </author>
    </authorlist>
    <language>
     eng
    </language>
    <publicationtypelist>
     <publicationtype>
      Comparative Study
     </publicationtype>
     <publicationtype>
      Evaluation Studies
     </publicationtype>
     <publicationtype>
      Journal Article
     </publicationtype>
    </publicationtypelist>
   </article>
   <medlinejournalinfo>
    <country>
     United States
    </country>
    <medlineta>
     Gynecol Oncol
    </medlineta>
    <nlmuniqueid>
     0365304
    </nlmuniqueid>
    <issnlinking>
     0090-8258
    </issnlinking>
   </medlinejournalinfo>
   <citationsubset>
    IM
   </citationsubset>
   <meshheadinglist>
    <meshheading>
     <descriptorname majortopicyn="N">
      Cervical Intraepithelial Neoplasia
     </descriptorname>
     <qualifiername majortopicyn="Y">
      pathology
     </qualifiername>
    </meshheading>
    <meshheading>
     <descriptorname majortopicyn="N">
      Female
     </descriptorname>
    </meshheading>
    <meshheading>
     <descriptorname majortopicyn="N">
      Humans
     </descriptorname>
    </meshheading>
    <meshheading>
     <descriptorname majortopicyn="N">
      Sensitivity and Specificity
     </descriptorname>
    </meshheading>
    <meshheading>
     <descriptorname majortopicyn="N">
      Uterine Cervical Neoplasms
     </descriptorname>
     <qualifiername majortopicyn="Y">
      pathology
     </qualifiername>
    </meshheading>
    <meshheading>
     <descriptorname majortopicyn="N">
      Vaginal Smears
     </descriptorname>
     <qualifiername majortopicyn="Y">
      methods
     </qualifiername>
    </meshheading>
   </meshheadinglist>
  </medlinecitation>
  <pubmeddata>
   <history>
    <pubmedpubdate pubstatus="pubmed">
     <year>
      2003
     </year>
     <month>
      6
     </month>
     <day>
      25
     </day>
     <hour>
      5
     </hour>
     <minute>
      0
     </minute>
    </pubmedpubdate>
    <pubmedpubdate pubstatus="medline">
     <year>
      2003
     </year>
     <month>
      7
     </month>
     <day>
      25
     </day>
     <hour>
      5
     </hour>
     <minute>
      0
     </minute>
    </pubmedpubdate>
    <pubmedpubdate pubstatus="entrez">
     <year>
      2003
     </year>
     <month>
      6
     </month>
     <day>
      25
     </day>
     <hour>
      5
     </hour>
     <minute>
      0
     </minute>
    </pubmedpubdate>
   </history>
   <publicationstatus>
    ppublish
   </publicationstatus>
   <articleidlist>
    <articleid idtype="pubmed">
     12821354
    </articleid>
    <articleid idtype="pii">
     S0090825803001768
    </articleid>
   </articleidlist>
  </pubmeddata>
 </pubmedarticle>
</pubmedarticleset>

