<?xml version='1.0' encoding='utf-8'?>
<!DOCTYPE PubmedArticleSet PUBLIC "-//NLM//DTD PubMedArticle, 1st January 2011//EN" "http://www.ncbi.nlm.nih.gov/entrez/query/DTD/pubmed_110101.dtd">
<pubmedarticleset>
 <pubmedarticle>
  <medlinecitation owner="NLM" status="MEDLINE">
   <pmid version="1">
    12861153
   </pmid>
   <datecreated>
    <year>
     2003
    </year>
    <month>
     07
    </month>
    <day>
     15
    </day>
   </datecreated>
   <datecompleted>
    <year>
     2003
    </year>
    <month>
     08
    </month>
    <day>
     07
    </day>
   </datecompleted>
   <daterevised>
    <year>
     2005
    </year>
    <month>
     11
    </month>
    <day>
     17
    </day>
   </daterevised>
   <article pubmodel="Print">
    <journal>
     <issn issntype="Print">
      0002-9378
     </issn>
     <journalissue citedmedium="Print">
      <volume>
       189
      </volume>
      <issue>
       1
      </issue>
      <pubdate>
       <year>
        2003
       </year>
       <month>
        Jul
       </month>
      </pubdate>
     </journalissue>
     <title>
      American journal of obstetrics and gynecology
     </title>
     <isoabbreviation>
      Am. J. Obstet. Gynecol.
     </isoabbreviation>
    </journal>
    <articletitle>
     Bacterial vaginosis as a risk factor for preterm delivery: a meta-analysis.
    </articletitle>
    <pagination>
     <medlinepgn>
      139-47
     </medlinepgn>
    </pagination>
    <abstract>
     <abstracttext label="OBJECTIVE" nlmcategory="OBJECTIVE">
      We performed a meta-analysis to evaluate bacterial vaginosis as a risk factor for preterm delivery.
     </abstracttext>
     <abstracttext label="STUDY DESIGN" nlmcategory="METHODS">
      Selection criteria were (1). the data appeared in original, published English-language reports of prospective studies or control groups of clinical trials that included women at &lt;37 weeks of gestation with intact amniotic membranes, (2). all the women had to have been screened for bacterial vaginosis that was diagnosed by either clinical criteria or criteria that were based on Gram stain findings, and (3). the outcomes were preterm delivery, spontaneous abortion, maternal or neonatal infection, and perinatal death.
     </abstracttext>
     <abstracttext label="RESULTS" nlmcategory="RESULTS">
      Eighteen studies with results for 20,232 patients were included. Bacterial vaginosis increased the risk of preterm delivery &gt;2-fold (odds ratio, 2.19; 95% CI, 1.54-3.12). Higher risks were calculated for subgroups of studies that screened for bacterial vaginosis at &lt;16 weeks of gestation (odds ratio, 7.55; 95% CI, 1.80-31.65) or at &lt;20 weeks of gestation (odds ratio, 4.20; 95% CI, 2.11-8.39). Bacterial vaginosis also significantly increased the risk of spontaneous abortion (odds ratio, 9.91; 95% CI, 1.99-49.34) and maternal infection (odds ratio, 2.53; 95% CI, 1.26-5.08). No significant results were calculated for the outcome of neonatal infection or perinatal death.
     </abstracttext>
     <abstracttext label="CONCLUSION" nlmcategory="CONCLUSIONS">
      Bacterial vaginosis, early in pregnancy, is a strong risk factor for preterm delivery and spontaneous abortion.
     </abstracttext>
    </abstract>
    <affiliation>
     Departments of Obstetrics and Gynecology and Medical Computer Sciences, University of Vienna, Vienna, Austria. harald.leitich@univie.ac.at
    </affiliation>
    <authorlist completeyn="Y">
     <author validyn="Y">
      <lastname>
       Leitich
      </lastname>
      <forename>
       Harald
      </forename>
      <initials>
       H
      </initials>
     </author>
     <author validyn="Y">
      <lastname>
       Bodner-Adler
      </lastname>
      <forename>
       Barbara
      </forename>
      <initials>
       B
      </initials>
     </author>
     <author validyn="Y">
      <lastname>
       Brunbauer
      </lastname>
      <forename>
       Mathias
      </forename>
      <initials>
       M
      </initials>
     </author>
     <author validyn="Y">
      <lastname>
       Kaider
      </lastname>
      <forename>
       Alexandra
      </forename>
      <initials>
       A
      </initials>
     </author>
     <author validyn="Y">
      <lastname>
       Egarter
      </lastname>
      <forename>
       Christian
      </forename>
      <initials>
       C
      </initials>
     </author>
     <author validyn="Y">
      <lastname>
       Husslein
      </lastname>
      <forename>
       Peter
      </forename>
      <initials>
       P
      </initials>
     </author>
    </authorlist>
    <language>
     eng
    </language>
    <publicationtypelist>
     <publicationtype>
      Journal Article
     </publicationtype>
     <publicationtype>
      Meta-Analysis
     </publicationtype>
    </publicationtypelist>
   </article>
   <medlinejournalinfo>
    <country>
     United States
    </country>
    <medlineta>
     Am J Obstet Gynecol
    </medlineta>
    <nlmuniqueid>
     0370476
    </nlmuniqueid>
    <issnlinking>
     0002-9378
    </issnlinking>
   </medlinejournalinfo>
   <citationsubset>
    AIM
   </citationsubset>
   <citationsubset>
    IM
   </citationsubset>
   <meshheadinglist>
    <meshheading>
     <descriptorname majortopicyn="N">
      Abortion, Spontaneous
     </descriptorname>
     <qualifiername majortopicyn="N">
      microbiology
     </qualifiername>
    </meshheading>
    <meshheading>
     <descriptorname majortopicyn="N">
      Bacterial Infections
     </descriptorname>
     <qualifiername majortopicyn="N">
      epidemiology
     </qualifiername>
    </meshheading>
    <meshheading>
     <descriptorname majortopicyn="N">
      Female
     </descriptorname>
    </meshheading>
    <meshheading>
     <descriptorname majortopicyn="N">
      Fetal Death
     </descriptorname>
     <qualifiername majortopicyn="N">
      microbiology
     </qualifiername>
    </meshheading>
    <meshheading>
     <descriptorname majortopicyn="N">
      Gestational Age
     </descriptorname>
    </meshheading>
    <meshheading>
     <descriptorname majortopicyn="N">
      Humans
     </descriptorname>
    </meshheading>
    <meshheading>
     <descriptorname majortopicyn="N">
      Infant, Newborn
     </descriptorname>
    </meshheading>
    <meshheading>
     <descriptorname majortopicyn="N">
      Obstetric Labor, Premature
     </descriptorname>
     <qualifiername majortopicyn="Y">
      microbiology
     </qualifiername>
    </meshheading>
    <meshheading>
     <descriptorname majortopicyn="N">
      Odds Ratio
     </descriptorname>
    </meshheading>
    <meshheading>
     <descriptorname majortopicyn="N">
      Pregnancy
     </descriptorname>
    </meshheading>
    <meshheading>
     <descriptorname majortopicyn="Y">
      Pregnancy Complications, Infectious
     </descriptorname>
    </meshheading>
    <meshheading>
     <descriptorname majortopicyn="N">
      Risk Factors
     </descriptorname>
    </meshheading>
    <meshheading>
     <descriptorname majortopicyn="N">
      Vaginosis, Bacterial
     </descriptorname>
     <qualifiername majortopicyn="Y">
      complications
     </qualifiername>
     <qualifiername majortopicyn="N">
      diagnosis
     </qualifiername>
    </meshheading>
   </meshheadinglist>
  </medlinecitation>
  <pubmeddata>
   <history>
    <pubmedpubdate pubstatus="pubmed">
     <year>
      2003
     </year>
     <month>
      7
     </month>
     <day>
      16
     </day>
     <hour>
      5
     </hour>
     <minute>
      0
     </minute>
    </pubmedpubdate>
    <pubmedpubdate pubstatus="medline">
     <year>
      2003
     </year>
     <month>
      8
     </month>
     <day>
      9
     </day>
     <hour>
      5
     </hour>
     <minute>
      0
     </minute>
    </pubmedpubdate>
    <pubmedpubdate pubstatus="entrez">
     <year>
      2003
     </year>
     <month>
      7
     </month>
     <day>
      16
     </day>
     <hour>
      5
     </hour>
     <minute>
      0
     </minute>
    </pubmedpubdate>
   </history>
   <publicationstatus>
    ppublish
   </publicationstatus>
   <articleidlist>
    <articleid idtype="pubmed">
     12861153
    </articleid>
    <articleid idtype="pii">
     S0002937803002308
    </articleid>
   </articleidlist>
  </pubmeddata>
 </pubmedarticle>
</pubmedarticleset>

