<?xml version='1.0' encoding='utf-8'?>
<!DOCTYPE PubmedArticleSet PUBLIC "-//NLM//DTD PubMedArticle, 1st January 2011//EN" "http://www.ncbi.nlm.nih.gov/entrez/query/DTD/pubmed_110101.dtd">
<pubmedarticleset>
 <pubmedarticle>
  <medlinecitation owner="NLM" status="MEDLINE">
   <pmid version="1">
    12865262
   </pmid>
   <datecreated>
    <year>
     2003
    </year>
    <month>
     07
    </month>
    <day>
     16
    </day>
   </datecreated>
   <datecompleted>
    <year>
     2003
    </year>
    <month>
     09
    </month>
    <day>
     16
    </day>
   </datecompleted>
   <daterevised>
    <year>
     2009
    </year>
    <month>
     11
    </month>
    <day>
     18
    </day>
   </daterevised>
   <article pubmodel="Print">
    <journal>
     <issn issntype="Print">
      0017-5749
     </issn>
     <journalissue citedmedium="Print">
      <volume>
       52
      </volume>
      <issue>
       8
      </issue>
      <pubdate>
       <year>
        2003
       </year>
       <month>
        Aug
       </month>
      </pubdate>
     </journalissue>
     <title>
      Gut
     </title>
     <isoabbreviation>
      Gut
     </isoabbreviation>
    </journal>
    <articletitle>
     Mortality in Barrett's oesophagus: results from a population based study.
    </articletitle>
    <pagination>
     <medlinepgn>
      1081-4
     </medlinepgn>
    </pagination>
    <abstract>
     <abstracttext label="BACKGROUND" nlmcategory="BACKGROUND">
      Patients with Barrett's oesophagus have an increased risk of oesophageal adenocarcinoma but this cancer only accounts for a small proportion of deaths in these patients. Other causes of death are reportedly raised in this group. We examined cause specific mortality among individuals in a population based Barrett's oesophagus register.
     </abstracttext>
     <abstracttext label="METHODS" nlmcategory="METHODS">
      We constructed a register of all patients diagnosed with columnar mucosa (including specialised intestinal metaplasia) of the oesophagus within Northern Ireland between 1993 and 1999. Deaths occurring within this cohort until 31 December 2000 were identified and mortality rates were compared with the general population.
     </abstracttext>
     <abstracttext label="RESULTS" nlmcategory="RESULTS">
      Overall mortality was not raised in Barrett's patients. During 7413 person years of follow up in 2373 patients there were 253 deaths (standardised mortality ratio (SMR) 96 (95% confidence interval (CI) 84-107)). Mortality from oesophageal cancer was raised in patients with specialised intestinal metaplasia (SMR 774 (95% CI 317-1231)) but only 4.7% of patients died from this cancer. Mortality from stroke (SMR 65 (95% CI 37-93)) was significantly lower than the general population while mortality from non-cancerous digestive system diseases was significantly higher (SMR 211 (95% CI 111-311)). Mortality rates from all other causes were similar to those of the general population.
     </abstracttext>
     <abstracttext label="CONCLUSIONS" nlmcategory="CONCLUSIONS">
      This study demonstrates that the overall mortality rate in patients with Barrett's oesophagus is closely similar to that of the general population. Oesophageal cancer mortality was raised but is an uncommon cause of death in these patients who also appear to have a reduced risk of death from stroke.
     </abstracttext>
    </abstract>
    <affiliation>
     Northern Ireland Cancer Registry, Department of Epidemiology and Public Health, The Queen's University Belfast, UK. l.anderson@qub.ac.uk
    </affiliation>
    <authorlist completeyn="Y">
     <author validyn="Y">
      <lastname>
       Anderson
      </lastname>
      <forename>
       L A
      </forename>
      <initials>
       LA
      </initials>
     </author>
     <author validyn="Y">
      <lastname>
       Murray
      </lastname>
      <forename>
       L J
      </forename>
      <initials>
       LJ
      </initials>
     </author>
     <author validyn="Y">
      <lastname>
       Murphy
      </lastname>
      <forename>
       S J
      </forename>
      <initials>
       SJ
      </initials>
     </author>
     <author validyn="Y">
      <lastname>
       Fitzpatrick
      </lastname>
      <forename>
       D A
      </forename>
      <initials>
       DA
      </initials>
     </author>
     <author validyn="Y">
      <lastname>
       Johnston
      </lastname>
      <forename>
       B T
      </forename>
      <initials>
       BT
      </initials>
     </author>
     <author validyn="Y">
      <lastname>
       Watson
      </lastname>
      <forename>
       R G P
      </forename>
      <initials>
       RG
      </initials>
     </author>
     <author validyn="Y">
      <lastname>
       McCarron
      </lastname>
      <forename>
       P
      </forename>
      <initials>
       P
      </initials>
     </author>
     <author validyn="Y">
      <lastname>
       Gavin
      </lastname>
      <forename>
       A T
      </forename>
      <initials>
       AT
      </initials>
     </author>
    </authorlist>
    <language>
     eng
    </language>
    <publicationtypelist>
     <publicationtype>
      Journal Article
     </publicationtype>
     <publicationtype>
      Research Support, Non-U.S. Gov't
     </publicationtype>
    </publicationtypelist>
   </article>
   <medlinejournalinfo>
    <country>
     England
    </country>
    <medlineta>
     Gut
    </medlineta>
    <nlmuniqueid>
     2985108R
    </nlmuniqueid>
    <issnlinking>
     0017-5749
    </issnlinking>
   </medlinejournalinfo>
   <citationsubset>
    AIM
   </citationsubset>
   <citationsubset>
    IM
   </citationsubset>
   <commentscorrectionslist>
    <commentscorrections reftype="Cites">
     <refsource>
      Am J Gastroenterol. 1993 Jun;88(6):877-80
     </refsource>
     <pmid version="1">
      8503384
     </pmid>
    </commentscorrections>
    <commentscorrections reftype="Cites">
     <refsource>
      N Engl J Med. 1985 Oct 3;313(14):857-9
     </refsource>
     <pmid version="1">
      4033716
     </pmid>
    </commentscorrections>
    <commentscorrections reftype="Cites">
     <refsource>
      Ann Med. 1995 Aug;27(4):499-502
     </refsource>
     <pmid version="1">
      8519512
     </pmid>
    </commentscorrections>
    <commentscorrections reftype="Cites">
     <refsource>
      Gut. 1996 Jul;39(1):5-8
     </refsource>
     <pmid version="1">
      8881798
     </pmid>
    </commentscorrections>
    <commentscorrections reftype="Cites">
     <refsource>
      Am J Gastroenterol. 1997 Feb;92(2):212-5
     </refsource>
     <pmid version="1">
      9040193
     </pmid>
    </commentscorrections>
    <commentscorrections reftype="Cites">
     <refsource>
      Int J Cancer. 1993 May 28;54(3):402-7
     </refsource>
     <pmid version="1">
      8509215
     </pmid>
    </commentscorrections>
    <commentscorrections reftype="Cites">
     <refsource>
      Eur J Gastroenterol Hepatol. 1999 Jul;11(7):793-800
     </refsource>
     <pmid version="1">
      10445803
     </pmid>
    </commentscorrections>
    <commentscorrections reftype="Cites">
     <refsource>
      Int J Epidemiol. 2000 Aug;29(4):645-54
     </refsource>
     <pmid version="1">
      10922340
     </pmid>
    </commentscorrections>
    <commentscorrections reftype="Cites">
     <refsource>
      Dis Esophagus. 2000;13(1):28-31
     </refsource>
     <pmid version="1">
      11005328
     </pmid>
    </commentscorrections>
    <commentscorrections reftype="Cites">
     <refsource>
      BMJ. 2000 Nov 18;321(7271):1238-9
     </refsource>
     <pmid version="1">
      11082070
     </pmid>
    </commentscorrections>
    <commentscorrections reftype="Cites">
     <refsource>
      BMJ. 2000 Nov 18;321(7271):1252-5
     </refsource>
     <pmid version="1">
      11082084
     </pmid>
    </commentscorrections>
    <commentscorrections reftype="Cites">
     <refsource>
      Am J Med. 2001 Jul;111(1):33-7
     </refsource>
     <pmid version="1">
      11448658
     </pmid>
    </commentscorrections>
    <commentscorrections reftype="Cites">
     <refsource>
      Eur J Cancer Prev. 1992 Feb;1(2):159-64
     </refsource>
     <pmid version="1">
      1463978
     </pmid>
    </commentscorrections>
    <commentscorrections reftype="Cites">
     <refsource>
      Eur J Cancer Prev. 1992 Apr;1(3):265-9
     </refsource>
     <pmid version="1">
      1467772
     </pmid>
    </commentscorrections>
    <commentscorrections reftype="Cites">
     <refsource>
      Br J Surg. 1950 Oct;38(150):175-82
     </refsource>
     <pmid version="1">
      14791960
     </pmid>
    </commentscorrections>
    <commentscorrections reftype="Cites">
     <refsource>
      BMJ. 1989 Mar 11;298(6674):650
     </refsource>
     <pmid version="1">
      2496795
     </pmid>
    </commentscorrections>
    <commentscorrections reftype="Cites">
     <refsource>
      Gastroenterology. 1989 May;96(5 Pt 1):1249-56
     </refsource>
     <pmid version="1">
      2703113
     </pmid>
    </commentscorrections>
    <commentscorrections reftype="Cites">
     <refsource>
      Lancet. 1985 Apr 27;1(8435):946-9
     </refsource>
     <pmid version="1">
      2859411
     </pmid>
    </commentscorrections>
    <commentscorrections reftype="Cites">
     <refsource>
      Gut. 1989 Jan;30(1):14-8
     </refsource>
     <pmid version="1">
      2920919
     </pmid>
    </commentscorrections>
    <commentscorrections reftype="CommentIn">
     <refsource>
      Gut. 2003 Aug;52(8):1079-80
     </refsource>
     <pmid version="1">
      12865261
     </pmid>
    </commentscorrections>
   </commentscorrectionslist>
   <meshheadinglist>
    <meshheading>
     <descriptorname majortopicyn="N">
      Adenocarcinoma
     </descriptorname>
     <qualifiername majortopicyn="Y">
      mortality
     </qualifiername>
    </meshheading>
    <meshheading>
     <descriptorname majortopicyn="N">
      Age Distribution
     </descriptorname>
    </meshheading>
    <meshheading>
     <descriptorname majortopicyn="N">
      Aged
     </descriptorname>
    </meshheading>
    <meshheading>
     <descriptorname majortopicyn="N">
      Barrett Esophagus
     </descriptorname>
     <qualifiername majortopicyn="Y">
      mortality
     </qualifiername>
    </meshheading>
    <meshheading>
     <descriptorname majortopicyn="N">
      Cause of Death
     </descriptorname>
    </meshheading>
    <meshheading>
     <descriptorname majortopicyn="N">
      Cohort Studies
     </descriptorname>
    </meshheading>
    <meshheading>
     <descriptorname majortopicyn="N">
      Esophageal Neoplasms
     </descriptorname>
     <qualifiername majortopicyn="Y">
      mortality
     </qualifiername>
    </meshheading>
    <meshheading>
     <descriptorname majortopicyn="N">
      Female
     </descriptorname>
    </meshheading>
    <meshheading>
     <descriptorname majortopicyn="N">
      Follow-Up Studies
     </descriptorname>
    </meshheading>
    <meshheading>
     <descriptorname majortopicyn="N">
      Humans
     </descriptorname>
    </meshheading>
    <meshheading>
     <descriptorname majortopicyn="N">
      Male
     </descriptorname>
    </meshheading>
    <meshheading>
     <descriptorname majortopicyn="N">
      Middle Aged
     </descriptorname>
    </meshheading>
    <meshheading>
     <descriptorname majortopicyn="N" type="Geographic">
      Northern Ireland
     </descriptorname>
     <qualifiername majortopicyn="N">
      epidemiology
     </qualifiername>
    </meshheading>
    <meshheading>
     <descriptorname majortopicyn="N">
      Registries
     </descriptorname>
    </meshheading>
    <meshheading>
     <descriptorname majortopicyn="N">
      Sex Distribution
     </descriptorname>
    </meshheading>
    <meshheading>
     <descriptorname majortopicyn="N">
      Survival Rate
     </descriptorname>
    </meshheading>
   </meshheadinglist>
   <otherid source="NLM">
    PMC1773743
   </otherid>
  </medlinecitation>
  <pubmeddata>
   <history>
    <pubmedpubdate pubstatus="pubmed">
     <year>
      2003
     </year>
     <month>
      7
     </month>
     <day>
      17
     </day>
     <hour>
      5
     </hour>
     <minute>
      0
     </minute>
    </pubmedpubdate>
    <pubmedpubdate pubstatus="medline">
     <year>
      2003
     </year>
     <month>
      9
     </month>
     <day>
      17
     </day>
     <hour>
      5
     </hour>
     <minute>
      0
     </minute>
    </pubmedpubdate>
    <pubmedpubdate pubstatus="entrez">
     <year>
      2003
     </year>
     <month>
      7
     </month>
     <day>
      17
     </day>
     <hour>
      5
     </hour>
     <minute>
      0
     </minute>
    </pubmedpubdate>
   </history>
   <publicationstatus>
    ppublish
   </publicationstatus>
   <articleidlist>
    <articleid idtype="pubmed">
     12865262
    </articleid>
    <articleid idtype="pmc">
     PMC1773743
    </articleid>
   </articleidlist>
  </pubmeddata>
 </pubmedarticle>
</pubmedarticleset>

