<?xml version='1.0' encoding='utf-8'?>
<!DOCTYPE PubmedArticleSet PUBLIC "-//NLM//DTD PubMedArticle, 1st January 2011//EN" "http://www.ncbi.nlm.nih.gov/entrez/query/DTD/pubmed_110101.dtd">
<pubmedarticleset>
 <pubmedarticle>
  <medlinecitation owner="NLM" status="MEDLINE">
   <pmid version="1">
    12917703
   </pmid>
   <datecreated>
    <year>
     2003
    </year>
    <month>
     08
    </month>
    <day>
     14
    </day>
   </datecreated>
   <datecompleted>
    <year>
     2003
    </year>
    <month>
     10
    </month>
    <day>
     20
    </day>
   </datecompleted>
   <daterevised>
    <year>
     2007
    </year>
    <month>
     11
    </month>
    <day>
     15
    </day>
   </daterevised>
   <article pubmodel="Print">
    <journal>
     <issn issntype="Print">
      0307-0565
     </issn>
     <journalissue citedmedium="Print">
      <volume>
       27
      </volume>
      <issue>
       9
      </issue>
      <pubdate>
       <year>
        2003
       </year>
       <month>
        Sep
       </month>
      </pubdate>
     </journalissue>
     <title>
      International journal of obesity and related metabolic disorders : journal of the International Association for the Study of Obesity
     </title>
     <isoabbreviation>
      Int. J. Obes. Relat. Metab. Disord.
     </isoabbreviation>
    </journal>
    <articletitle>
     Family involvement in weight control, weight maintenance and weight-loss interventions: a systematic review of randomised trials.
    </articletitle>
    <pagination>
     <medlinepgn>
      987-1005
     </medlinepgn>
    </pagination>
    <abstract>
     <abstracttext label="OBJECTIVE" nlmcategory="OBJECTIVE">
      To conduct a descriptive systematic review into the nature and effectiveness of family involvement in weight control, weight maintenance and weight-loss interventions.
     </abstracttext>
     <abstracttext label="METHOD" nlmcategory="METHODS">
      We searched Medline and Psyclit for English language papers describing randomised trials with at least 1-y follow-up that evaluated interventions incorporating a family-based component. Studies involving people with eating disorders, learning disabilities and undernutrition or malnutrition were excluded. Data were extracted on characteristics of the participants, study design, target behaviours, nature of the intervention and study outcomes. A taxonomy was developed and used to classify family involvement in behaviour change interventions. Interventions were also classified according to an existing taxonomy that characterised the behaviour change techniques employed.
     </abstracttext>
     <abstracttext label="RESULTS" nlmcategory="RESULTS">
      A total of 21 papers describing 16 intervention studies were identified. Studies were small (mean sample size: 52), heterogeneous, poorly described but with few losses to follow-up (median 15%). The majority were North American and aimed at weight loss. Few studies described a theoretical underpinning to the behaviour change techniques employed. There was a suggestion that spouse involvement increased effectiveness but that adolescents achieved greater weight loss when treated alone. In studies including children, beneficial effects were seen when greater numbers of behaviour change techniques were taught to both parents and children.
     </abstracttext>
     <abstracttext label="CONCLUSION" nlmcategory="CONCLUSIONS">
      Relatively few intervention studies exist in this important area, particularly studies targeting adolescents, and they highlight continued uncertainty about how best to involve family members. The studies provide limited support for the involvement of spouses. They suggest that parental involvement is associated with weight loss in children, and that use of a greater range of behaviour change techniques improves weight outcomes for both parents and children. The development of future interventions and assessment of factors influencing effectiveness may be improved by paying careful attention to which family members are targeted and how they are involved in the intervention in terms of setting goals for behaviour change, providing support and training in behaviour change techniques.
     </abstracttext>
    </abstract>
    <affiliation>
     Department of Public Health and Primary Care, Institute of Public Health, University of Cambridge, Cambridge, UK. nicola.mclean@eastcambsandfenland-pct.nhs.uk
    </affiliation>
    <authorlist completeyn="Y">
     <author validyn="Y">
      <lastname>
       McLean
      </lastname>
      <forename>
       N
      </forename>
      <initials>
       N
      </initials>
     </author>
     <author validyn="Y">
      <lastname>
       Griffin
      </lastname>
      <forename>
       S
      </forename>
      <initials>
       S
      </initials>
     </author>
     <author validyn="Y">
      <lastname>
       Toney
      </lastname>
      <forename>
       K
      </forename>
      <initials>
       K
      </initials>
     </author>
     <author validyn="Y">
      <lastname>
       Hardeman
      </lastname>
      <forename>
       W
      </forename>
      <initials>
       W
      </initials>
     </author>
    </authorlist>
    <language>
     eng
    </language>
    <publicationtypelist>
     <publicationtype>
      Journal Article
     </publicationtype>
     <publicationtype>
      Research Support, Non-U.S. Gov't
     </publicationtype>
     <publicationtype>
      Review
     </publicationtype>
    </publicationtypelist>
   </article>
   <medlinejournalinfo>
    <country>
     England
    </country>
    <medlineta>
     Int J Obes Relat Metab Disord
    </medlineta>
    <nlmuniqueid>
     9313169
    </nlmuniqueid>
    <issnlinking>
     0307-0565
    </issnlinking>
   </medlinejournalinfo>
   <citationsubset>
    IM
   </citationsubset>
   <meshheadinglist>
    <meshheading>
     <descriptorname majortopicyn="N">
      Adolescent
     </descriptorname>
    </meshheading>
    <meshheading>
     <descriptorname majortopicyn="N">
      Adolescent Behavior
     </descriptorname>
     <qualifiername majortopicyn="N">
      psychology
     </qualifiername>
    </meshheading>
    <meshheading>
     <descriptorname majortopicyn="N">
      Adult
     </descriptorname>
    </meshheading>
    <meshheading>
     <descriptorname majortopicyn="N">
      Behavior Therapy
     </descriptorname>
     <qualifiername majortopicyn="N">
      classification
     </qualifiername>
     <qualifiername majortopicyn="Y">
      methods
     </qualifiername>
    </meshheading>
    <meshheading>
     <descriptorname majortopicyn="N">
      Child
     </descriptorname>
    </meshheading>
    <meshheading>
     <descriptorname majortopicyn="N">
      Child Behavior
     </descriptorname>
     <qualifiername majortopicyn="N">
      psychology
     </qualifiername>
    </meshheading>
    <meshheading>
     <descriptorname majortopicyn="N">
      Family
     </descriptorname>
     <qualifiername majortopicyn="Y">
      psychology
     </qualifiername>
    </meshheading>
    <meshheading>
     <descriptorname majortopicyn="N">
      Female
     </descriptorname>
    </meshheading>
    <meshheading>
     <descriptorname majortopicyn="N">
      Humans
     </descriptorname>
    </meshheading>
    <meshheading>
     <descriptorname majortopicyn="N">
      Male
     </descriptorname>
    </meshheading>
    <meshheading>
     <descriptorname majortopicyn="N">
      Obesity
     </descriptorname>
     <qualifiername majortopicyn="Y">
      prevention &amp; control
     </qualifiername>
     <qualifiername majortopicyn="N">
      psychology
     </qualifiername>
    </meshheading>
    <meshheading>
     <descriptorname majortopicyn="N">
      Randomized Controlled Trials as Topic
     </descriptorname>
    </meshheading>
    <meshheading>
     <descriptorname majortopicyn="N">
      Weight Loss
     </descriptorname>
    </meshheading>
   </meshheadinglist>
   <numberofreferences>
    35
   </numberofreferences>
  </medlinecitation>
  <pubmeddata>
   <history>
    <pubmedpubdate pubstatus="pubmed">
     <year>
      2003
     </year>
     <month>
      8
     </month>
     <day>
      15
     </day>
     <hour>
      5
     </hour>
     <minute>
      0
     </minute>
    </pubmedpubdate>
    <pubmedpubdate pubstatus="medline">
     <year>
      2003
     </year>
     <month>
      10
     </month>
     <day>
      21
     </day>
     <hour>
      5
     </hour>
     <minute>
      0
     </minute>
    </pubmedpubdate>
    <pubmedpubdate pubstatus="entrez">
     <year>
      2003
     </year>
     <month>
      8
     </month>
     <day>
      15
     </day>
     <hour>
      5
     </hour>
     <minute>
      0
     </minute>
    </pubmedpubdate>
   </history>
   <publicationstatus>
    ppublish
   </publicationstatus>
   <articleidlist>
    <articleid idtype="pubmed">
     12917703
    </articleid>
    <articleid idtype="doi">
     10.1038/sj.ijo.0802383
    </articleid>
    <articleid idtype="pii">
     0802383
    </articleid>
   </articleidlist>
  </pubmeddata>
 </pubmedarticle>
</pubmedarticleset>

