<?xml version='1.0' encoding='utf-8'?>
<!DOCTYPE PubmedArticleSet PUBLIC "-//NLM//DTD PubMedArticle, 1st January 2011//EN" "http://www.ncbi.nlm.nih.gov/entrez/query/DTD/pubmed_110101.dtd">
<pubmedarticleset>
 <pubmedarticle>
  <medlinecitation owner="NLM" status="MEDLINE">
   <pmid version="1">
    12954519
   </pmid>
   <datecreated>
    <year>
     2003
    </year>
    <month>
     09
    </month>
    <day>
     04
    </day>
   </datecreated>
   <datecompleted>
    <year>
     2004
    </year>
    <month>
     03
    </month>
    <day>
     15
    </day>
   </datecompleted>
   <daterevised>
    <year>
     2006
    </year>
    <month>
     11
    </month>
    <day>
     15
    </day>
   </daterevised>
   <article pubmodel="Print">
    <journal>
     <issn issntype="Print">
      0010-7824
     </issn>
     <journalissue citedmedium="Print">
      <volume>
       68
      </volume>
      <issue>
       2
      </issue>
      <pubdate>
       <year>
        2003
       </year>
       <month>
        Aug
       </month>
      </pubdate>
     </journalissue>
     <title>
      Contraception
     </title>
     <isoabbreviation>
      Contraception
     </isoabbreviation>
    </journal>
    <articletitle>
     A multicenter, randomized study of an extended cycle oral contraceptive.
    </articletitle>
    <pagination>
     <medlinepgn>
      89-96
     </medlinepgn>
    </pagination>
    <abstract>
     <abstracttext label="OBJECTIVE" nlmcategory="OBJECTIVE">
      To assess the efficacy and safety of Seasonale, 91-day extended cycle oral contraceptive (OC).
     </abstracttext>
     <abstracttext label="METHODS" nlmcategory="METHODS">
      A parallel, randomized, multicenter open-label, 1-year study of the OC Seasonale [30 microg ethinyl estradiol (EE)/150 microg levonorgestrel (LNG), and Nordette-28 (30 microg EE/150 microg LNG)] in sexually active, adult women (18-40 years) of childbearing potential. Patients received either four 91-day cycles of extended cycle regimen OC, or 13 cycles of the conventional 28-day OC with daily monitoring of compliance and bleeding via electronic diaries.
     </abstracttext>
     <abstracttext label="RESULTS" nlmcategory="RESULTS">
      When taken daily for 84 days followed by 7 days of placebo, the extended cycle regimen was effective in preventing pregnancy and had a safety profile that was comparable to that observed with the 28-day OC regimen that served as the control. While unscheduled (breakthrough) bleeding was reported among patients treated with the extended cycle regimen, it decreased with each successive cycle of therapy and was comparable to that reported by patients who received the conventional OC regimen by the fourth extended cycle.
     </abstracttext>
     <abstracttext label="CONCLUSION" nlmcategory="CONCLUSIONS">
      This study demonstrated that Seasonale, 91-day extended cycle OC containing 84 days of 30 microg EE/150 microg LNG followed by 7 days of placebo, was effective, safe and well tolerated.
     </abstracttext>
    </abstract>
    <affiliation>
     The Jones Institute for Reproductive Medicine, Eastern Virginia Medical School, Norfolk, VA 23501, USA. fanderson4@cox.net
    </affiliation>
    <authorlist completeyn="Y">
     <author validyn="Y">
      <lastname>
       Anderson
      </lastname>
      <forename>
       F D
      </forename>
      <initials>
       FD
      </initials>
     </author>
     <author validyn="Y">
      <lastname>
       Hait
      </lastname>
      <forename>
       Howard
      </forename>
      <initials>
       H
      </initials>
     </author>
    </authorlist>
    <language>
     eng
    </language>
    <publicationtypelist>
     <publicationtype>
      Clinical Trial
     </publicationtype>
     <publicationtype>
      Journal Article
     </publicationtype>
     <publicationtype>
      Multicenter Study
     </publicationtype>
     <publicationtype>
      Randomized Controlled Trial
     </publicationtype>
     <publicationtype>
      Research Support, Non-U.S. Gov't
     </publicationtype>
    </publicationtypelist>
   </article>
   <medlinejournalinfo>
    <country>
     United States
    </country>
    <medlineta>
     Contraception
    </medlineta>
    <nlmuniqueid>
     0234361
    </nlmuniqueid>
    <issnlinking>
     0010-7824
    </issnlinking>
   </medlinejournalinfo>
   <chemicallist>
    <chemical>
     <registrynumber>
      0
     </registrynumber>
     <nameofsubstance>
      Contraceptives, Oral, Combined
     </nameofsubstance>
    </chemical>
    <chemical>
     <registrynumber>
      0
     </registrynumber>
     <nameofsubstance>
      Seasonale
     </nameofsubstance>
    </chemical>
    <chemical>
     <registrynumber>
      57-63-6
     </registrynumber>
     <nameofsubstance>
      Ethinyl Estradiol
     </nameofsubstance>
    </chemical>
    <chemical>
     <registrynumber>
      797-63-7
     </registrynumber>
     <nameofsubstance>
      Levonorgestrel
     </nameofsubstance>
    </chemical>
    <chemical>
     <registrynumber>
      8056-51-7
     </registrynumber>
     <nameofsubstance>
      Ethinyl Estradiol-Norgestrel Combination
     </nameofsubstance>
    </chemical>
   </chemicallist>
   <citationsubset>
    IM
   </citationsubset>
   <commentscorrectionslist>
    <commentscorrections reftype="ErratumIn">
     <refsource>
      Contraception. 2004 Feb;69(2):175
     </refsource>
    </commentscorrections>
   </commentscorrectionslist>
   <meshheadinglist>
    <meshheading>
     <descriptorname majortopicyn="N">
      Adult
     </descriptorname>
    </meshheading>
    <meshheading>
     <descriptorname majortopicyn="N">
      Contraceptives, Oral, Combined
     </descriptorname>
     <qualifiername majortopicyn="Y">
      pharmacology
     </qualifiername>
    </meshheading>
    <meshheading>
     <descriptorname majortopicyn="N">
      Ethinyl Estradiol
     </descriptorname>
     <qualifiername majortopicyn="Y">
      pharmacology
     </qualifiername>
    </meshheading>
    <meshheading>
     <descriptorname majortopicyn="N">
      Ethinyl Estradiol-Norgestrel Combination
     </descriptorname>
     <qualifiername majortopicyn="N">
      pharmacology
     </qualifiername>
    </meshheading>
    <meshheading>
     <descriptorname majortopicyn="N">
      Female
     </descriptorname>
    </meshheading>
    <meshheading>
     <descriptorname majortopicyn="N">
      Humans
     </descriptorname>
    </meshheading>
    <meshheading>
     <descriptorname majortopicyn="N">
      Levonorgestrel
     </descriptorname>
     <qualifiername majortopicyn="Y">
      pharmacology
     </qualifiername>
    </meshheading>
    <meshheading>
     <descriptorname majortopicyn="N">
      Menstrual Cycle
     </descriptorname>
     <qualifiername majortopicyn="N">
      drug effects
     </qualifiername>
    </meshheading>
    <meshheading>
     <descriptorname majortopicyn="N">
      Menstruation
     </descriptorname>
     <qualifiername majortopicyn="N">
      drug effects
     </qualifiername>
    </meshheading>
    <meshheading>
     <descriptorname majortopicyn="N">
      Patient Compliance
     </descriptorname>
    </meshheading>
    <meshheading>
     <descriptorname majortopicyn="N">
      Pregnancy
     </descriptorname>
    </meshheading>
   </meshheadinglist>
  </medlinecitation>
  <pubmeddata>
   <history>
    <pubmedpubdate pubstatus="pubmed">
     <year>
      2003
     </year>
     <month>
      9
     </month>
     <day>
      5
     </day>
     <hour>
      5
     </hour>
     <minute>
      0
     </minute>
    </pubmedpubdate>
    <pubmedpubdate pubstatus="medline">
     <year>
      2004
     </year>
     <month>
      3
     </month>
     <day>
      17
     </day>
     <hour>
      5
     </hour>
     <minute>
      0
     </minute>
    </pubmedpubdate>
    <pubmedpubdate pubstatus="entrez">
     <year>
      2003
     </year>
     <month>
      9
     </month>
     <day>
      5
     </day>
     <hour>
      5
     </hour>
     <minute>
      0
     </minute>
    </pubmedpubdate>
   </history>
   <publicationstatus>
    ppublish
   </publicationstatus>
   <articleidlist>
    <articleid idtype="pubmed">
     12954519
    </articleid>
    <articleid idtype="pii">
     S0010782403001410
    </articleid>
   </articleidlist>
  </pubmeddata>
 </pubmedarticle>
</pubmedarticleset>

