<?xml version='1.0' encoding='utf-8'?>
<!DOCTYPE PubmedArticleSet PUBLIC "-//NLM//DTD PubMedArticle, 1st January 2011//EN" "http://www.ncbi.nlm.nih.gov/entrez/query/DTD/pubmed_110101.dtd">
<pubmedarticleset>
 <pubmedarticle>
  <medlinecitation owner="NLM" status="OLDMEDLINE">
   <pmid version="1">
    13061236
   </pmid>
   <datecreated>
    <year>
     1953
    </year>
    <month>
     12
    </month>
    <day>
     01
    </day>
   </datecreated>
   <datecompleted>
    <year>
     2003
    </year>
    <month>
     05
    </month>
    <day>
     01
    </day>
   </datecompleted>
   <article pubmodel="Print">
    <journal>
     <issn issntype="Print">
      0002-9955
     </issn>
     <journalissue citedmedium="Print">
      <volume>
       152
      </volume>
      <issue>
       13
      </issue>
      <pubdate>
       <year>
        1953
       </year>
       <month>
        Jul
       </month>
       <day>
        25
       </day>
      </pubdate>
     </journalissue>
     <title>
      Journal of the American Medical Association
     </title>
     <isoabbreviation>
      J Am Med Assoc
     </isoabbreviation>
    </journal>
    <articletitle>
     Solitary circumscribed lesions of the lung; study of 156 cases in which resection was performed.
    </articletitle>
    <pagination>
     <medlinepgn>
      1185-91
     </medlinepgn>
    </pagination>
    <authorlist completeyn="Y">
     <author validyn="Y">
      <lastname>
       HOOD
      </lastname>
      <forename>
       R T
      </forename>
      <initials>
       RT
      </initials>
      <suffix>
       Jr
      </suffix>
     </author>
     <author validyn="Y">
      <lastname>
       GOOD
      </lastname>
      <forename>
       C A
      </forename>
      <initials>
       CA
      </initials>
     </author>
     <author validyn="Y">
      <lastname>
       CLAGETT
      </lastname>
      <forename>
       O T
      </forename>
      <initials>
       OT
      </initials>
     </author>
     <author validyn="Y">
      <lastname>
       MCDONALD
      </lastname>
      <forename>
       J R
      </forename>
      <initials>
       JR
      </initials>
     </author>
    </authorlist>
    <language>
     eng
    </language>
    <publicationtypelist>
     <publicationtype>
      Journal Article
     </publicationtype>
    </publicationtypelist>
   </article>
   <medlinejournalinfo>
    <country>
     Not Available
    </country>
    <medlineta>
     J Am Med Assoc
    </medlineta>
    <nlmuniqueid>
     7507176
    </nlmuniqueid>
    <issnlinking>
     0002-9955
    </issnlinking>
   </medlinejournalinfo>
   <citationsubset>
    OM
   </citationsubset>
   <otherid source="CLML">
    5324:31882:376
   </otherid>
   <keywordlist owner="NLM">
    <keyword majortopicyn="Y">
     LUNGS/diseases
    </keyword>
   </keywordlist>
  </medlinecitation>
  <pubmeddata>
   <history>
    <pubmedpubdate pubstatus="pubmed">
     <year>
      1953
     </year>
     <month>
      7
     </month>
     <day>
      25
     </day>
    </pubmedpubdate>
    <pubmedpubdate pubstatus="medline">
     <year>
      1953
     </year>
     <month>
      7
     </month>
     <day>
      25
     </day>
     <hour>
      0
     </hour>
     <minute>
      1
     </minute>
    </pubmedpubdate>
    <pubmedpubdate pubstatus="entrez">
     <year>
      1953
     </year>
     <month>
      7
     </month>
     <day>
      25
     </day>
     <hour>
      0
     </hour>
     <minute>
      0
     </minute>
    </pubmedpubdate>
   </history>
   <publicationstatus>
    ppublish
   </publicationstatus>
   <articleidlist>
    <articleid idtype="pubmed">
     13061236
    </articleid>
   </articleidlist>
  </pubmeddata>
 </pubmedarticle>
</pubmedarticleset>

