<?xml version='1.0' encoding='utf-8'?>
<!DOCTYPE PubmedArticleSet PUBLIC "-//NLM//DTD PubMedArticle, 1st January 2011//EN" "http://www.ncbi.nlm.nih.gov/entrez/query/DTD/pubmed_110101.dtd">
<pubmedarticleset>
 <pubmedarticle>
  <medlinecitation owner="NLM" status="MEDLINE">
   <pmid version="1">
    1337553
   </pmid>
   <datecreated>
    <year>
     1993
    </year>
    <month>
     03
    </month>
    <day>
     16
    </day>
   </datecreated>
   <datecompleted>
    <year>
     1993
    </year>
    <month>
     03
    </month>
    <day>
     16
    </day>
   </datecompleted>
   <daterevised>
    <year>
     2009
    </year>
    <month>
     08
    </month>
    <day>
     04
    </day>
   </daterevised>
   <article pubmodel="Print">
    <journal>
     <issn issntype="Print">
      1120-009X
     </issn>
     <journalissue citedmedium="Print">
      <volume>
       4
      </volume>
      <issue>
       6
      </issue>
      <pubdate>
       <year>
        1992
       </year>
       <month>
        Dec
       </month>
      </pubdate>
     </journalissue>
     <title>
      Journal of chemotherapy (Florence, Italy)
     </title>
     <isoabbreviation>
      J Chemother
     </isoabbreviation>
    </journal>
    <articletitle>
     Clinical comparative study of azithromycin versus erythromycin in the treatment of acute respiratory tract infections in children.
    </articletitle>
    <pagination>
     <medlinepgn>
      364-70
     </medlinepgn>
    </pagination>
    <abstract>
     <abstracttext>
      The efficacy and tolerability of azithromycin and erythromycin in the treatment of acute respiratory tract infections in children were compared in an open, multicenter, randomized trial. A total of 151 children, aged from 2 months to 14 years, suffering from upper airways infections (60), or lower respiratory tract infections (91), were randomized to be treated either with azithromycin, 10 mg/Kg/day per os once daily for 3 or 10 mg/Kg/day 1 and 5 mg/Kg/days 2-5 (77 patients) or with erythromycin, 50 mg/Kg/day thrice daily for at least 7 days (74 patients). The two treatment groups did not significantly differ as to sex, age, weight, type and severity of infection, and infecting pathogens. Clinical evaluation was performed prior to therapy, on treatment days 1, 3, 5 and 7, and on day 10. Microbiological and laboratory assessment were carried out at baseline and after the end of therapeutic course. Chest X-ray and serologic assays for Mycoplasma pneumoniae infection were obtained in patients suspected to have lower respiratory tract infections. At the end of therapy, clinical cure was achieved in 73 out of 77 patients (94.8%) in the azithromycin group, and in 60/72 evaluable subjects (83.3%) in the erythromycin group. A significantly more rapid remission of several illness-related signs and symptoms was observed in patients treated with azithromycin. A total of 75 bacterial pathogens were isolated at baseline microbiological examination; at the end of the therapeutic course bacteriological eradication was obtained in 34/34 cases (100%) treated with azithromycin, and in 40/41 children (97.5%) treated with erythromycin.(ABSTRACT TRUNCATED AT 250 WORDS)
     </abstracttext>
    </abstract>
    <affiliation>
     Istituto Malattie Infettive, Università di Bologna, Italy.
    </affiliation>
    <authorlist completeyn="Y">
     <author validyn="Y">
      <lastname>
       Manfredi
      </lastname>
      <forename>
       R
      </forename>
      <initials>
       R
      </initials>
     </author>
     <author validyn="Y">
      <lastname>
       Jannuzzi
      </lastname>
      <forename>
       C
      </forename>
      <initials>
       C
      </initials>
     </author>
     <author validyn="Y">
      <lastname>
       Mantero
      </lastname>
      <forename>
       E
      </forename>
      <initials>
       E
      </initials>
     </author>
     <author validyn="Y">
      <lastname>
       Longo
      </lastname>
      <forename>
       L
      </forename>
      <initials>
       L
      </initials>
     </author>
     <author validyn="Y">
      <lastname>
       Schiavone
      </lastname>
      <forename>
       R
      </forename>
      <initials>
       R
      </initials>
     </author>
     <author validyn="Y">
      <lastname>
       Tempesta
      </lastname>
      <forename>
       A
      </forename>
      <initials>
       A
      </initials>
     </author>
     <author validyn="Y">
      <lastname>
       Pavesio
      </lastname>
      <forename>
       D
      </forename>
      <initials>
       D
      </initials>
     </author>
     <author validyn="Y">
      <lastname>
       Pecco
      </lastname>
      <forename>
       P
      </forename>
      <initials>
       P
      </initials>
     </author>
     <author validyn="Y">
      <lastname>
       Chiodo
      </lastname>
      <forename>
       F
      </forename>
      <initials>
       F
      </initials>
     </author>
    </authorlist>
    <language>
     eng
    </language>
    <publicationtypelist>
     <publicationtype>
      Clinical Trial
     </publicationtype>
     <publicationtype>
      Comparative Study
     </publicationtype>
     <publicationtype>
      Journal Article
     </publicationtype>
     <publicationtype>
      Multicenter Study
     </publicationtype>
     <publicationtype>
      Randomized Controlled Trial
     </publicationtype>
    </publicationtypelist>
   </article>
   <medlinejournalinfo>
    <country>
     ITALY
    </country>
    <medlineta>
     J Chemother
    </medlineta>
    <nlmuniqueid>
     8907348
    </nlmuniqueid>
    <issnlinking>
     1120-009X
    </issnlinking>
   </medlinejournalinfo>
   <chemicallist>
    <chemical>
     <registrynumber>
      114-07-8
     </registrynumber>
     <nameofsubstance>
      Erythromycin
     </nameofsubstance>
    </chemical>
    <chemical>
     <registrynumber>
      83905-01-5
     </registrynumber>
     <nameofsubstance>
      Azithromycin
     </nameofsubstance>
    </chemical>
   </chemicallist>
   <citationsubset>
    IM
   </citationsubset>
   <meshheadinglist>
    <meshheading>
     <descriptorname majortopicyn="N">
      Acute Disease
     </descriptorname>
    </meshheading>
    <meshheading>
     <descriptorname majortopicyn="N">
      Azithromycin
     </descriptorname>
    </meshheading>
    <meshheading>
     <descriptorname majortopicyn="N">
      Bacterial Infections
     </descriptorname>
     <qualifiername majortopicyn="Y">
      drug therapy
     </qualifiername>
    </meshheading>
    <meshheading>
     <descriptorname majortopicyn="N">
      Child
     </descriptorname>
    </meshheading>
    <meshheading>
     <descriptorname majortopicyn="N">
      Child, Preschool
     </descriptorname>
    </meshheading>
    <meshheading>
     <descriptorname majortopicyn="N">
      Drug Administration Schedule
     </descriptorname>
    </meshheading>
    <meshheading>
     <descriptorname majortopicyn="N">
      Erythromycin
     </descriptorname>
     <qualifiername majortopicyn="N">
      adverse effects
     </qualifiername>
     <qualifiername majortopicyn="Y">
      analogs &amp; derivatives
     </qualifiername>
     <qualifiername majortopicyn="Y">
      therapeutic use
     </qualifiername>
    </meshheading>
    <meshheading>
     <descriptorname majortopicyn="N">
      Female
     </descriptorname>
    </meshheading>
    <meshheading>
     <descriptorname majortopicyn="N">
      Humans
     </descriptorname>
    </meshheading>
    <meshheading>
     <descriptorname majortopicyn="N">
      Infant
     </descriptorname>
    </meshheading>
    <meshheading>
     <descriptorname majortopicyn="N">
      Male
     </descriptorname>
    </meshheading>
    <meshheading>
     <descriptorname majortopicyn="N">
      Respiratory Tract Infections
     </descriptorname>
     <qualifiername majortopicyn="Y">
      drug therapy
     </qualifiername>
     <qualifiername majortopicyn="N">
      microbiology
     </qualifiername>
    </meshheading>
    <meshheading>
     <descriptorname majortopicyn="N">
      Treatment Outcome
     </descriptorname>
    </meshheading>
   </meshheadinglist>
  </medlinecitation>
  <pubmeddata>
   <history>
    <pubmedpubdate pubstatus="pubmed">
     <year>
      1992
     </year>
     <month>
      12
     </month>
     <day>
      1
     </day>
    </pubmedpubdate>
    <pubmedpubdate pubstatus="medline">
     <year>
      1992
     </year>
     <month>
      12
     </month>
     <day>
      1
     </day>
     <hour>
      0
     </hour>
     <minute>
      1
     </minute>
    </pubmedpubdate>
    <pubmedpubdate pubstatus="entrez">
     <year>
      1992
     </year>
     <month>
      12
     </month>
     <day>
      1
     </day>
     <hour>
      0
     </hour>
     <minute>
      0
     </minute>
    </pubmedpubdate>
   </history>
   <publicationstatus>
    ppublish
   </publicationstatus>
   <articleidlist>
    <articleid idtype="pubmed">
     1337553
    </articleid>
   </articleidlist>
  </pubmeddata>
 </pubmedarticle>
</pubmedarticleset>

