<?xml version='1.0' encoding='utf-8'?>
<!DOCTYPE PubmedArticleSet PUBLIC "-//NLM//DTD PubMedArticle, 1st January 2011//EN" "http://www.ncbi.nlm.nih.gov/entrez/query/DTD/pubmed_110101.dtd">
<pubmedarticleset>
 <pubmedarticle>
  <medlinecitation owner="NLM" status="MEDLINE">
   <pmid version="1">
    13933441
   </pmid>
   <datecreated>
    <year>
     1963
    </year>
    <month>
     12
    </month>
    <day>
     01
    </day>
   </datecreated>
   <datecompleted>
    <year>
     1998
    </year>
    <month>
     11
    </month>
    <day>
     01
    </day>
   </datecompleted>
   <daterevised>
    <year>
     2008
    </year>
    <month>
     03
    </month>
    <day>
     17
    </day>
   </daterevised>
   <article pubmodel="Print">
    <journal>
     <issn issntype="Print">
      0003-987X
     </issn>
     <journalissue citedmedium="Print">
      <volume>
       87
      </volume>
      <pubdate>
       <year>
        1963
       </year>
       <month>
        Mar
       </month>
      </pubdate>
     </journalissue>
     <title>
      Archives of dermatology
     </title>
     <isoabbreviation>
      Arch Dermatol
     </isoabbreviation>
    </journal>
    <articletitle>
     Natural history of warts. A two-year study.
    </articletitle>
    <pagination>
     <medlinepgn>
      306-10
     </medlinepgn>
    </pagination>
    <authorlist completeyn="Y">
     <author validyn="Y">
      <lastname>
       MASSING
      </lastname>
      <forename>
       A M
      </forename>
      <initials>
       AM
      </initials>
     </author>
     <author validyn="Y">
      <lastname>
       EPSTEIN
      </lastname>
      <forename>
       W L
      </forename>
      <initials>
       WL
      </initials>
     </author>
    </authorlist>
    <language>
     eng
    </language>
    <publicationtypelist>
     <publicationtype>
      Journal Article
     </publicationtype>
    </publicationtypelist>
   </article>
   <medlinejournalinfo>
    <country>
     Not Available
    </country>
    <medlineta>
     Arch Dermatol
    </medlineta>
    <nlmuniqueid>
     0372433
    </nlmuniqueid>
    <issnlinking>
     0003-987X
    </issnlinking>
   </medlinejournalinfo>
   <citationsubset>
    OM
   </citationsubset>
   <meshheadinglist>
    <meshheading>
     <descriptorname majortopicyn="Y">
      Warts
     </descriptorname>
    </meshheading>
   </meshheadinglist>
   <keywordlist owner="NLM">
    <keyword majortopicyn="Y">
     WARTS
    </keyword>
   </keywordlist>
  </medlinecitation>
  <pubmeddata>
   <history>
    <pubmedpubdate pubstatus="pubmed">
     <year>
      1963
     </year>
     <month>
      3
     </month>
     <day>
      1
     </day>
    </pubmedpubdate>
    <pubmedpubdate pubstatus="medline">
     <year>
      1963
     </year>
     <month>
      3
     </month>
     <day>
      1
     </day>
     <hour>
      0
     </hour>
     <minute>
      1
     </minute>
    </pubmedpubdate>
    <pubmedpubdate pubstatus="entrez">
     <year>
      1963
     </year>
     <month>
      3
     </month>
     <day>
      1
     </day>
     <hour>
      0
     </hour>
     <minute>
      0
     </minute>
    </pubmedpubdate>
   </history>
   <publicationstatus>
    ppublish
   </publicationstatus>
   <articleidlist>
    <articleid idtype="pubmed">
     13933441
    </articleid>
   </articleidlist>
  </pubmeddata>
 </pubmedarticle>
</pubmedarticleset>

