<?xml version='1.0' encoding='utf-8'?>
<!DOCTYPE PubmedArticleSet PUBLIC "-//NLM//DTD PubMedArticle, 1st January 2011//EN" "http://www.ncbi.nlm.nih.gov/entrez/query/DTD/pubmed_110101.dtd">
<pubmedarticleset>
 <pubmedarticle>
  <medlinecitation owner="NLM" status="MEDLINE">
   <pmid version="1">
    1444726
   </pmid>
   <datecreated>
    <year>
     1992
    </year>
    <month>
     12
    </month>
    <day>
     03
    </day>
   </datecreated>
   <datecompleted>
    <year>
     1992
    </year>
    <month>
     12
    </month>
    <day>
     03
    </day>
   </datecompleted>
   <daterevised>
    <year>
     2007
    </year>
    <month>
     11
    </month>
    <day>
     14
    </day>
   </daterevised>
   <article pubmodel="Print">
    <journal>
     <issn issntype="Print">
      0003-990X
     </issn>
     <journalissue citedmedium="Print">
      <volume>
       49
      </volume>
      <issue>
       11
      </issue>
      <pubdate>
       <year>
        1992
       </year>
       <month>
        Nov
       </month>
      </pubdate>
     </journalissue>
     <title>
      Archives of general psychiatry
     </title>
     <isoabbreviation>
      Arch. Gen. Psychiatry
     </isoabbreviation>
    </journal>
    <articletitle>
     Naltrexone and coping skills therapy for alcohol dependence. A controlled study.
    </articletitle>
    <pagination>
     <medlinepgn>
      881-7
     </medlinepgn>
    </pagination>
    <abstract>
     <abstracttext>
      Ninety-seven alcohol-dependent patients were treated for 12 weeks in a double-blind, placebo-controlled study evaluating naltrexone and two manual guided psychotherapies in the treatment of alcohol dependence. Patients were randomized to receive either naltrexone or placebo and either coping skills/relapse prevention therapy or a supportive therapy designed to support the patient's own efforts at abstinence without teaching specific coping skills. Naltrexone proved superior to placebo in measures of drinking and alcohol-related problems, including abstention rates, number of drinking days, relapse, and severity of alcohol-related problems. Medication interacted with the type of psychotherapy received. The cumulative rate of abstinence was highest for patients treated with naltrexone and supportive therapy. For those patients who initiated drinking, however, patients who received naltrexone and coping skills therapy were the least likely to relapse.
     </abstracttext>
    </abstract>
    <affiliation>
     Department of Psychiatry, Yale University School of Medicine, New Haven, Conn. 06511.
    </affiliation>
    <authorlist completeyn="Y">
     <author validyn="Y">
      <lastname>
       O'Malley
      </lastname>
      <forename>
       S S
      </forename>
      <initials>
       SS
      </initials>
     </author>
     <author validyn="Y">
      <lastname>
       Jaffe
      </lastname>
      <forename>
       A J
      </forename>
      <initials>
       AJ
      </initials>
     </author>
     <author validyn="Y">
      <lastname>
       Chang
      </lastname>
      <forename>
       G
      </forename>
      <initials>
       G
      </initials>
     </author>
     <author validyn="Y">
      <lastname>
       Schottenfeld
      </lastname>
      <forename>
       R S
      </forename>
      <initials>
       RS
      </initials>
     </author>
     <author validyn="Y">
      <lastname>
       Meyer
      </lastname>
      <forename>
       R E
      </forename>
      <initials>
       RE
      </initials>
     </author>
     <author validyn="Y">
      <lastname>
       Rounsaville
      </lastname>
      <forename>
       B
      </forename>
      <initials>
       B
      </initials>
     </author>
    </authorlist>
    <language>
     eng
    </language>
    <grantlist completeyn="N">
     <grant>
      <grantid>
       AA-07080
      </grantid>
      <acronym>
       AA
      </acronym>
      <agency>
       NIAAA NIH HHS
      </agency>
      <country>
       United States
      </country>
     </grant>
     <grant>
      <grantid>
       AA-08033
      </grantid>
      <acronym>
       AA
      </acronym>
      <agency>
       NIAAA NIH HHS
      </agency>
      <country>
       United States
      </country>
     </grant>
     <grant>
      <grantid>
       AA-P50-03-510
      </grantid>
      <acronym>
       AA
      </acronym>
      <agency>
       NIAAA NIH HHS
      </agency>
      <country>
       United States
      </country>
     </grant>
    </grantlist>
    <publicationtypelist>
     <publicationtype>
      Clinical Trial
     </publicationtype>
     <publicationtype>
      Journal Article
     </publicationtype>
     <publicationtype>
      Randomized Controlled Trial
     </publicationtype>
     <publicationtype>
      Research Support, U.S. Gov't, P.H.S.
     </publicationtype>
    </publicationtypelist>
   </article>
   <medlinejournalinfo>
    <country>
     UNITED STATES
    </country>
    <medlineta>
     Arch Gen Psychiatry
    </medlineta>
    <nlmuniqueid>
     0372435
    </nlmuniqueid>
    <issnlinking>
     0003-990X
    </issnlinking>
   </medlinejournalinfo>
   <chemicallist>
    <chemical>
     <registrynumber>
      0
     </registrynumber>
     <nameofsubstance>
      Placebos
     </nameofsubstance>
    </chemical>
    <chemical>
     <registrynumber>
      16590-41-3
     </registrynumber>
     <nameofsubstance>
      Naltrexone
     </nameofsubstance>
    </chemical>
   </chemicallist>
   <citationsubset>
    AIM
   </citationsubset>
   <citationsubset>
    IM
   </citationsubset>
   <meshheadinglist>
    <meshheading>
     <descriptorname majortopicyn="N">
      Adaptation, Psychological
     </descriptorname>
    </meshheading>
    <meshheading>
     <descriptorname majortopicyn="N">
      Adult
     </descriptorname>
    </meshheading>
    <meshheading>
     <descriptorname majortopicyn="N">
      Alcohol Drinking
     </descriptorname>
    </meshheading>
    <meshheading>
     <descriptorname majortopicyn="N">
      Alcoholism
     </descriptorname>
     <qualifiername majortopicyn="N">
      drug therapy
     </qualifiername>
     <qualifiername majortopicyn="N">
      psychology
     </qualifiername>
     <qualifiername majortopicyn="Y">
      therapy
     </qualifiername>
    </meshheading>
    <meshheading>
     <descriptorname majortopicyn="N">
      Combined Modality Therapy
     </descriptorname>
    </meshheading>
    <meshheading>
     <descriptorname majortopicyn="N">
      Double-Blind Method
     </descriptorname>
    </meshheading>
    <meshheading>
     <descriptorname majortopicyn="N">
      Female
     </descriptorname>
    </meshheading>
    <meshheading>
     <descriptorname majortopicyn="N">
      Humans
     </descriptorname>
    </meshheading>
    <meshheading>
     <descriptorname majortopicyn="N">
      Male
     </descriptorname>
    </meshheading>
    <meshheading>
     <descriptorname majortopicyn="N">
      Naltrexone
     </descriptorname>
     <qualifiername majortopicyn="Y">
      therapeutic use
     </qualifiername>
    </meshheading>
    <meshheading>
     <descriptorname majortopicyn="N">
      Nondirective Therapy
     </descriptorname>
    </meshheading>
    <meshheading>
     <descriptorname majortopicyn="N">
      Placebos
     </descriptorname>
    </meshheading>
    <meshheading>
     <descriptorname majortopicyn="N">
      Psychiatric Status Rating Scales
     </descriptorname>
    </meshheading>
    <meshheading>
     <descriptorname majortopicyn="N">
      Psychotherapy
     </descriptorname>
     <qualifiername majortopicyn="Y">
      methods
     </qualifiername>
    </meshheading>
    <meshheading>
     <descriptorname majortopicyn="N">
      Recurrence
     </descriptorname>
    </meshheading>
    <meshheading>
     <descriptorname majortopicyn="N">
      Severity of Illness Index
     </descriptorname>
    </meshheading>
    <meshheading>
     <descriptorname majortopicyn="N">
      Temperance
     </descriptorname>
    </meshheading>
   </meshheadinglist>
  </medlinecitation>
  <pubmeddata>
   <history>
    <pubmedpubdate pubstatus="pubmed">
     <year>
      1992
     </year>
     <month>
      11
     </month>
     <day>
      1
     </day>
    </pubmedpubdate>
    <pubmedpubdate pubstatus="medline">
     <year>
      1992
     </year>
     <month>
      11
     </month>
     <day>
      1
     </day>
     <hour>
      0
     </hour>
     <minute>
      1
     </minute>
    </pubmedpubdate>
    <pubmedpubdate pubstatus="entrez">
     <year>
      1992
     </year>
     <month>
      11
     </month>
     <day>
      1
     </day>
     <hour>
      0
     </hour>
     <minute>
      0
     </minute>
    </pubmedpubdate>
   </history>
   <publicationstatus>
    ppublish
   </publicationstatus>
   <articleidlist>
    <articleid idtype="pubmed">
     1444726
    </articleid>
   </articleidlist>
  </pubmeddata>
 </pubmedarticle>
</pubmedarticleset>

