<?xml version='1.0' encoding='utf-8'?>
<!DOCTYPE PubmedArticleSet PUBLIC "-//NLM//DTD PubMedArticle, 1st January 2011//EN" "http://www.ncbi.nlm.nih.gov/entrez/query/DTD/pubmed_110101.dtd">
<pubmedarticleset>
 <pubmedarticle>
  <medlinecitation owner="NLM" status="MEDLINE">
   <pmid version="1">
    14520607
   </pmid>
   <datecreated>
    <year>
     2003
    </year>
    <month>
     10
    </month>
    <day>
     01
    </day>
   </datecreated>
   <datecompleted>
    <year>
     2004
    </year>
    <month>
     06
    </month>
    <day>
     18
    </day>
   </datecompleted>
   <daterevised>
    <year>
     2006
    </year>
    <month>
     07
    </month>
    <day>
     07
    </day>
   </daterevised>
   <article pubmodel="Print">
    <journal>
     <issn issntype="Electronic">
      1523-6838
     </issn>
     <journalissue citedmedium="Internet">
      <volume>
       42
      </volume>
      <issue>
       4 Suppl 3
      </issue>
      <pubdate>
       <year>
        2003
       </year>
       <month>
        Oct
       </month>
      </pubdate>
     </journalissue>
     <title>
      American journal of kidney diseases : the official journal of the National Kidney Foundation
     </title>
     <isoabbreviation>
      Am. J. Kidney Dis.
     </isoabbreviation>
    </journal>
    <articletitle>
     K/DOQI clinical practice guidelines for bone metabolism and disease in chronic kidney disease.
    </articletitle>
    <pagination>
     <medlinepgn>
      S1-201
     </medlinepgn>
    </pagination>
    <authorlist completeyn="Y">
     <author validyn="Y">
      <collectivename>
       National Kidney Foundation
      </collectivename>
     </author>
    </authorlist>
    <language>
     eng
    </language>
    <publicationtypelist>
     <publicationtype>
      Guideline
     </publicationtype>
     <publicationtype>
      Journal Article
     </publicationtype>
     <publicationtype>
      Practice Guideline
     </publicationtype>
    </publicationtypelist>
   </article>
   <medlinejournalinfo>
    <country>
     United States
    </country>
    <medlineta>
     Am J Kidney Dis
    </medlineta>
    <nlmuniqueid>
     8110075
    </nlmuniqueid>
    <issnlinking>
     0272-6386
    </issnlinking>
   </medlinejournalinfo>
   <citationsubset>
    IM
   </citationsubset>
   <commentscorrectionslist>
    <commentscorrections reftype="CommentIn">
     <refsource>
      Am J Kidney Dis. 2004 Aug;44(2):383-4; author reply 384
     </refsource>
     <pmid version="1">
      15264200
     </pmid>
    </commentscorrections>
    <commentscorrections reftype="CommentIn">
     <refsource>
      Am J Kidney Dis. 2006 Jul;48(1):182; author reply 182
     </refsource>
     <pmid version="1">
      16797406
     </pmid>
    </commentscorrections>
   </commentscorrectionslist>
   <meshheadinglist>
    <meshheading>
     <descriptorname majortopicyn="N">
      Bone Diseases
     </descriptorname>
     <qualifiername majortopicyn="N">
      diagnosis
     </qualifiername>
     <qualifiername majortopicyn="Y">
      etiology
     </qualifiername>
     <qualifiername majortopicyn="N">
      prevention &amp; control
     </qualifiername>
     <qualifiername majortopicyn="Y">
      therapy
     </qualifiername>
    </meshheading>
    <meshheading>
     <descriptorname majortopicyn="N">
      Bone and Bones
     </descriptorname>
     <qualifiername majortopicyn="Y">
      metabolism
     </qualifiername>
    </meshheading>
    <meshheading>
     <descriptorname majortopicyn="N">
      Calcification, Physiologic
     </descriptorname>
    </meshheading>
    <meshheading>
     <descriptorname majortopicyn="N">
      Evidence-Based Medicine
     </descriptorname>
    </meshheading>
    <meshheading>
     <descriptorname majortopicyn="N">
      Humans
     </descriptorname>
    </meshheading>
    <meshheading>
     <descriptorname majortopicyn="N">
      Kidney Diseases
     </descriptorname>
     <qualifiername majortopicyn="Y">
      complications
     </qualifiername>
     <qualifiername majortopicyn="Y">
      metabolism
     </qualifiername>
    </meshheading>
   </meshheadinglist>
  </medlinecitation>
  <pubmeddata>
   <history>
    <pubmedpubdate pubstatus="pubmed">
     <year>
      2003
     </year>
     <month>
      10
     </month>
     <day>
      2
     </day>
     <hour>
      5
     </hour>
     <minute>
      0
     </minute>
    </pubmedpubdate>
    <pubmedpubdate pubstatus="medline">
     <year>
      2004
     </year>
     <month>
      6
     </month>
     <day>
      24
     </day>
     <hour>
      5
     </hour>
     <minute>
      0
     </minute>
    </pubmedpubdate>
    <pubmedpubdate pubstatus="entrez">
     <year>
      2003
     </year>
     <month>
      10
     </month>
     <day>
      2
     </day>
     <hour>
      5
     </hour>
     <minute>
      0
     </minute>
    </pubmedpubdate>
   </history>
   <publicationstatus>
    ppublish
   </publicationstatus>
   <articleidlist>
    <articleid idtype="pubmed">
     14520607
    </articleid>
    <articleid idtype="pii">
     S0272638603009053
    </articleid>
   </articleidlist>
  </pubmeddata>
 </pubmedarticle>
</pubmedarticleset>

