<?xml version='1.0' encoding='utf-8'?>
<!DOCTYPE PubmedArticleSet PUBLIC "-//NLM//DTD PubMedArticle, 1st January 2011//EN" "http://www.ncbi.nlm.nih.gov/entrez/query/DTD/pubmed_110101.dtd">
<pubmedarticleset>
 <pubmedarticle>
  <medlinecitation owner="NLM" status="MEDLINE">
   <pmid version="1">
    14567259
   </pmid>
   <datecreated>
    <year>
     2003
    </year>
    <month>
     10
    </month>
    <day>
     21
    </day>
   </datecreated>
   <datecompleted>
    <year>
     2003
    </year>
    <month>
     10
    </month>
    <day>
     30
    </day>
   </datecompleted>
   <daterevised>
    <year>
     2007
    </year>
    <month>
     11
    </month>
    <day>
     14
    </day>
   </daterevised>
   <article pubmodel="Print">
    <journal>
     <issn issntype="Print">
      1549-3741
     </issn>
     <journalissue citedmedium="Print">
      <volume>
       29
      </volume>
      <issue>
       10
      </issue>
      <pubdate>
       <year>
        2003
       </year>
       <month>
        Oct
       </month>
      </pubdate>
     </journalissue>
     <title>
      Joint Commission journal on quality and safety
     </title>
     <isoabbreviation>
      Jt Comm J Qual Saf
     </isoabbreviation>
    </journal>
    <articletitle>
     Does full disclosure of medical errors affect malpractice liability? The jury is still out.
    </articletitle>
    <pagination>
     <medlinepgn>
      503-11
     </medlinepgn>
    </pagination>
    <abstract>
     <abstracttext label="BACKGROUND" nlmcategory="BACKGROUND">
      Mandatory disclosure of medical errors has been advocated to improve patient safety. Many resist mandatory disclosure policies because of concerns about increasing malpractice exposure. It has been countered that malpractice liability actually decreases when there is full disclosure of medical errors. A comprehensive literature search was conducted to determine what is known about the impact of full disclosure on malpractice liability.
     </abstracttext>
     <abstracttext label="METHODS" nlmcategory="METHODS">
      Electronic searches of multiple databases were supplemented with hand searches of bibliographies and communication with recognized experts in the field.
     </abstracttext>
     <abstracttext label="RESULTS" nlmcategory="RESULTS">
      Screening the titles, abstracts, and, in many cases, the full articles from more than an estimated 5,200 citations resulted in identification of one published study directly examining malpractice liability when a policy of full disclosure was implemented.
     </abstracttext>
     <abstracttext label="DISCUSSION" nlmcategory="CONCLUSIONS">
      Despite extensive literature on the impact of disclosure on malpractice liability, few well-designed studies have focused on the real-world impact on the volume and cost of suits following implementation of a full disclosure policy. Many articles examine why patients sue their doctors, suggesting that some lawsuits may be averted by disclosure, but the articles do not allow us to estimate the additional suits that would be created by disclosure. Additional studies addressing the effect of disclosure on malpractice liability are needed.
     </abstracttext>
    </abstract>
    <affiliation>
     Brigham and Women's/Faulkner Hospitalist Program, Department of Medicine, Brigham and Women's Hospital, Boston, USA. akachalia@partners.org
    </affiliation>
    <authorlist completeyn="Y">
     <author validyn="Y">
      <lastname>
       Kachalia
      </lastname>
      <forename>
       Allen
      </forename>
      <initials>
       A
      </initials>
     </author>
     <author validyn="Y">
      <lastname>
       Shojania
      </lastname>
      <forename>
       Kaveh G
      </forename>
      <initials>
       KG
      </initials>
     </author>
     <author validyn="Y">
      <lastname>
       Hofer
      </lastname>
      <forename>
       Timothy P
      </forename>
      <initials>
       TP
      </initials>
     </author>
     <author validyn="Y">
      <lastname>
       Piotrowski
      </lastname>
      <forename>
       Marcia
      </forename>
      <initials>
       M
      </initials>
     </author>
     <author validyn="Y">
      <lastname>
       Saint
      </lastname>
      <forename>
       Sanjay
      </forename>
      <initials>
       S
      </initials>
     </author>
    </authorlist>
    <language>
     eng
    </language>
    <grantlist completeyn="Y">
     <grant>
      <grantid>
       P20-HS11540
      </grantid>
      <acronym>
       HS
      </acronym>
      <agency>
       AHRQ HHS
      </agency>
      <country>
       United States
      </country>
     </grant>
    </grantlist>
    <publicationtypelist>
     <publicationtype>
      Journal Article
     </publicationtype>
     <publicationtype>
      Research Support, U.S. Gov't, Non-P.H.S.
     </publicationtype>
     <publicationtype>
      Research Support, U.S. Gov't, P.H.S.
     </publicationtype>
     <publicationtype>
      Review
     </publicationtype>
    </publicationtypelist>
   </article>
   <medlinejournalinfo>
    <country>
     United States
    </country>
    <medlineta>
     Jt Comm J Qual Saf
    </medlineta>
    <nlmuniqueid>
     101166696
    </nlmuniqueid>
    <issnlinking>
     1549-3741
    </issnlinking>
   </medlinejournalinfo>
   <citationsubset>
    IM
   </citationsubset>
   <meshheadinglist>
    <meshheading>
     <descriptorname majortopicyn="N">
      Compensation and Redress
     </descriptorname>
    </meshheading>
    <meshheading>
     <descriptorname majortopicyn="N">
      Humans
     </descriptorname>
    </meshheading>
    <meshheading>
     <descriptorname majortopicyn="N">
      Liability, Legal
     </descriptorname>
     <qualifiername majortopicyn="N">
      economics
     </qualifiername>
    </meshheading>
    <meshheading>
     <descriptorname majortopicyn="N">
      Malpractice
     </descriptorname>
     <qualifiername majortopicyn="N">
      legislation &amp; jurisprudence
     </qualifiername>
    </meshheading>
    <meshheading>
     <descriptorname majortopicyn="Y">
      Mandatory Reporting
     </descriptorname>
    </meshheading>
    <meshheading>
     <descriptorname majortopicyn="N">
      Medical Errors
     </descriptorname>
     <qualifiername majortopicyn="Y">
      legislation &amp; jurisprudence
     </qualifiername>
    </meshheading>
    <meshheading>
     <descriptorname majortopicyn="N">
      Risk Factors
     </descriptorname>
    </meshheading>
    <meshheading>
     <descriptorname majortopicyn="Y">
      Truth Disclosure
     </descriptorname>
    </meshheading>
   </meshheadinglist>
   <numberofreferences>
    78
   </numberofreferences>
  </medlinecitation>
  <pubmeddata>
   <history>
    <pubmedpubdate pubstatus="pubmed">
     <year>
      2003
     </year>
     <month>
      10
     </month>
     <day>
      22
     </day>
     <hour>
      5
     </hour>
     <minute>
      0
     </minute>
    </pubmedpubdate>
    <pubmedpubdate pubstatus="medline">
     <year>
      2003
     </year>
     <month>
      10
     </month>
     <day>
      31
     </day>
     <hour>
      5
     </hour>
     <minute>
      0
     </minute>
    </pubmedpubdate>
    <pubmedpubdate pubstatus="entrez">
     <year>
      2003
     </year>
     <month>
      10
     </month>
     <day>
      22
     </day>
     <hour>
      5
     </hour>
     <minute>
      0
     </minute>
    </pubmedpubdate>
   </history>
   <publicationstatus>
    ppublish
   </publicationstatus>
   <articleidlist>
    <articleid idtype="pubmed">
     14567259
    </articleid>
   </articleidlist>
  </pubmeddata>
 </pubmedarticle>
</pubmedarticleset>

