<?xml version='1.0' encoding='utf-8'?>
<!DOCTYPE PubmedArticleSet PUBLIC "-//NLM//DTD PubMedArticle, 1st January 2011//EN" "http://www.ncbi.nlm.nih.gov/entrez/query/DTD/pubmed_110101.dtd">
<pubmedarticleset>
 <pubmedarticle>
  <medlinecitation owner="NLM" status="MEDLINE">
   <pmid version="1">
    14583982
   </pmid>
   <datecreated>
    <year>
     2003
    </year>
    <month>
     10
    </month>
    <day>
     29
    </day>
   </datecreated>
   <datecompleted>
    <year>
     2004
    </year>
    <month>
     05
    </month>
    <day>
     04
    </day>
   </datecompleted>
   <daterevised>
    <year>
     2009
    </year>
    <month>
     11
    </month>
    <day>
     03
    </day>
   </daterevised>
   <article pubmodel="Print">
    <journal>
     <issn issntype="Electronic">
      1469-493X
     </issn>
     <journalissue citedmedium="Internet">
      <issue>
       4
      </issue>
      <pubdate>
       <year>
        2003
       </year>
      </pubdate>
     </journalissue>
     <title>
      Cochrane database of systematic reviews (Online)
     </title>
     <isoabbreviation>
      Cochrane Database Syst Rev
     </isoabbreviation>
    </journal>
    <articletitle>
     Progestogen for preventing miscarriage.
    </articletitle>
    <pagination>
     <medlinepgn>
      CD003511
     </medlinepgn>
    </pagination>
    <abstract>
     <abstracttext label="BACKGROUND" nlmcategory="BACKGROUND">
      Progesterone, a female sex hormone, is known to induce secretory changes in the lining of the uterus essential for successful implantation of a fertilized egg. It has been suggested that a causative factor in many cases of miscarriage may be inadequate secretion of progestogens. Therefore, progestational agents have been used, beginning in the first trimester of pregnancy, in an attempt to prevent spontaneous miscarriage.
     </abstracttext>
     <abstracttext label="OBJECTIVES" nlmcategory="OBJECTIVE">
      To determine the efficacy and safety of progestogens as a preventative therapy against miscarriage.
     </abstracttext>
     <abstracttext label="SEARCH STRATEGY" nlmcategory="METHODS">
      We searched the Cochrane Pregnancy and Childbirth Group trials register (April 2003), CENTRAL, MEDLINE (1966 to April 2003), EMBASE (1980 to April 2003), CINAHL (1982 to April 2003), NHMRC Clinical Trials Register (April 2003) and Meta-Register (April 2003). We searched references from relevant articles, attempting to contact authors where necessary, and contacted experts in the field for unpublished works.
     </abstracttext>
     <abstracttext label="SELECTION CRITERIA" nlmcategory="METHODS">
      Randomised or quasi-randomised controlled trials comparing progestogens with placebo or no treatment given in an effort to prevent miscarriage.
     </abstracttext>
     <abstracttext label="DATA COLLECTION AND ANALYSIS" nlmcategory="METHODS">
      Thirty trials were identified in the initial search. At least, two reviewers assessed trial quality and extracted data. Data for all outcomes were in dichotomous form and the Peto odds ratio was used in the meta-analysis for all comparisons.
     </abstracttext>
     <abstracttext label="MAIN RESULTS" nlmcategory="RESULTS">
      Fourteen trials (1988 women) met the inclusion criteria. The meta-analysis of all women, regardless of gravidity and number of previous miscarriages, showed no statistically significant difference in the risk of miscarriage between progestogen and placebo or no treatment groups (odds ratio (OR) 1.05, 95% confidence interval (CI) 0.83 to 1.34) and no statistically significant difference in the incidence of adverse effect in either mother or baby. In a subgroup analysis of three trials involving women who had recurrent miscarriages (three or more consecutive miscarriages), progestogen treatment showed a statistically significant decrease in miscarriage rate compared to placebo or no treatment (OR 0.39, 95% CI 0.17 to 0.91). No statistically significant differences were found between the route of administration of progestogen (oral, intramuscular, vaginal) versus placebo or no treatment.
     </abstracttext>
     <abstracttext label="REVIEWER'S CONCLUSIONS" nlmcategory="CONCLUSIONS">
      There is no evidence to support the routine use of progestogen to prevent miscarriage in early to mid pregnancy. However, further trials in women with a history of recurrent miscarriage may be warranted, given the trend for improved live birth rates in these women and the finding of no statistically significant difference between treatment and control groups in rates of adverse effects suffered by either mother or baby in the available evidence.
     </abstracttext>
    </abstract>
    <affiliation>
     Research Division, Royal College of Paediatrics, 50 Hallam Street, London, UK, W1W 6DE.
    </affiliation>
    <authorlist completeyn="Y">
     <author validyn="Y">
      <lastname>
       Oates-Whitehead
      </lastname>
      <forename>
       R M
      </forename>
      <initials>
       RM
      </initials>
     </author>
     <author validyn="Y">
      <lastname>
       Haas
      </lastname>
      <forename>
       D M
      </forename>
      <initials>
       DM
      </initials>
     </author>
     <author validyn="Y">
      <lastname>
       Carrier
      </lastname>
      <forename>
       J A K
      </forename>
      <initials>
       JA
      </initials>
     </author>
    </authorlist>
    <language>
     eng
    </language>
    <publicationtypelist>
     <publicationtype>
      Journal Article
     </publicationtype>
     <publicationtype>
      Meta-Analysis
     </publicationtype>
     <publicationtype>
      Review
     </publicationtype>
    </publicationtypelist>
   </article>
   <medlinejournalinfo>
    <country>
     England
    </country>
    <medlineta>
     Cochrane Database Syst Rev
    </medlineta>
    <nlmuniqueid>
     100909747
    </nlmuniqueid>
    <issnlinking>
     1361-6137
    </issnlinking>
   </medlinejournalinfo>
   <chemicallist>
    <chemical>
     <registrynumber>
      0
     </registrynumber>
     <nameofsubstance>
      Progestins
     </nameofsubstance>
    </chemical>
   </chemicallist>
   <citationsubset>
    IM
   </citationsubset>
   <commentscorrectionslist>
    <commentscorrections reftype="UpdateIn">
     <refsource>
      Cochrane Database Syst Rev. 2008;(2):CD003511
     </refsource>
     <pmid version="1">
      18425891
     </pmid>
    </commentscorrections>
   </commentscorrectionslist>
   <meshheadinglist>
    <meshheading>
     <descriptorname majortopicyn="N">
      Abortion, Habitual
     </descriptorname>
     <qualifiername majortopicyn="N">
      prevention &amp; control
     </qualifiername>
    </meshheading>
    <meshheading>
     <descriptorname majortopicyn="N">
      Abortion, Spontaneous
     </descriptorname>
     <qualifiername majortopicyn="Y">
      prevention &amp; control
     </qualifiername>
    </meshheading>
    <meshheading>
     <descriptorname majortopicyn="N">
      Female
     </descriptorname>
    </meshheading>
    <meshheading>
     <descriptorname majortopicyn="N">
      Humans
     </descriptorname>
    </meshheading>
    <meshheading>
     <descriptorname majortopicyn="N">
      Pregnancy
     </descriptorname>
    </meshheading>
    <meshheading>
     <descriptorname majortopicyn="N">
      Pregnancy Trimester, Second
     </descriptorname>
    </meshheading>
    <meshheading>
     <descriptorname majortopicyn="N">
      Progestins
     </descriptorname>
     <qualifiername majortopicyn="Y">
      therapeutic use
     </qualifiername>
    </meshheading>
    <meshheading>
     <descriptorname majortopicyn="N">
      Randomized Controlled Trials as Topic
     </descriptorname>
    </meshheading>
   </meshheadinglist>
   <numberofreferences>
    55
   </numberofreferences>
  </medlinecitation>
  <pubmeddata>
   <history>
    <pubmedpubdate pubstatus="pubmed">
     <year>
      2003
     </year>
     <month>
      10
     </month>
     <day>
      30
     </day>
     <hour>
      5
     </hour>
     <minute>
      0
     </minute>
    </pubmedpubdate>
    <pubmedpubdate pubstatus="medline">
     <year>
      2004
     </year>
     <month>
      5
     </month>
     <day>
      5
     </day>
     <hour>
      5
     </hour>
     <minute>
      0
     </minute>
    </pubmedpubdate>
    <pubmedpubdate pubstatus="entrez">
     <year>
      2003
     </year>
     <month>
      10
     </month>
     <day>
      30
     </day>
     <hour>
      5
     </hour>
     <minute>
      0
     </minute>
    </pubmedpubdate>
   </history>
   <publicationstatus>
    ppublish
   </publicationstatus>
   <articleidlist>
    <articleid idtype="pubmed">
     14583982
    </articleid>
    <articleid idtype="doi">
     10.1002/14651858.CD003511
    </articleid>
   </articleidlist>
  </pubmeddata>
 </pubmedarticle>
</pubmedarticleset>

