<?xml version='1.0' encoding='utf-8'?>
<!DOCTYPE PubmedArticleSet PUBLIC "-//NLM//DTD PubMedArticle, 1st January 2011//EN" "http://www.ncbi.nlm.nih.gov/entrez/query/DTD/pubmed_110101.dtd">
<pubmedarticleset>
 <pubmedarticle>
  <medlinecitation owner="NLM" status="MEDLINE">
   <pmid version="1">
    14587867
   </pmid>
   <datecreated>
    <year>
     2003
    </year>
    <month>
     10
    </month>
    <day>
     31
    </day>
   </datecreated>
   <datecompleted>
    <year>
     2004
    </year>
    <month>
     02
    </month>
    <day>
     17
    </day>
   </datecompleted>
   <daterevised>
    <year>
     2007
    </year>
    <month>
     11
    </month>
    <day>
     14
    </day>
   </daterevised>
   <article pubmodel="Print">
    <journal>
     <issn issntype="Print">
      1083-3021
     </issn>
     <journalissue citedmedium="Print">
      <volume>
       8
      </volume>
      <issue>
       1
      </issue>
      <pubdate>
       <year>
        2003
       </year>
       <month>
        Jan
       </month>
      </pubdate>
     </journalissue>
     <title>
      Journal of mammary gland biology and neoplasia
     </title>
     <isoabbreviation>
      J Mammary Gland Biol Neoplasia
     </isoabbreviation>
    </journal>
    <articletitle>
     Diet and breast cancer: can dietary factors influence survival?
    </articletitle>
    <pagination>
     <medlinepgn>
      119-32
     </medlinepgn>
    </pagination>
    <abstract>
     <abstracttext>
      Breast cancer accounts for over one third of invasive cancers in women. Earlier detection and improved initial treatments have resulted in an increasing number of women who have completed standard treatments but who remain at risk for breast cancer recurrence or early death. Epidemiological studies have linked diet composition with prognosis, and many women attempt to modify their diets and improve nutritional status following diagnosis The hypothesis that dietary factors may reduce risk for secondary cancer events and increase survival in this population is currently under study in two large randomized clinical trials: the Women's Intervention Nutrition Study (WINS) and the Women's Healthy Eating and Living (WHEL) Study. The WHEL Study is testing the effect of a diet high in vegetables, fruit, and fiber, and low in fat, on disease-free survival in women with early stage breast cancer. Hypothesized mechanisms include effects of diet modification on gonadal hormones, retinoid-like activities of carotenoids, and other protective effects of biologically active dietary constituents.
     </abstracttext>
    </abstract>
    <affiliation>
     Department of Family and Preventive Medicine, University of California at San Diego, 9500 Gilman Drive, La Jolla, California 92093-0901, USA. clrock@ucsd.edu
    </affiliation>
    <authorlist completeyn="Y">
     <author validyn="Y">
      <lastname>
       Rock
      </lastname>
      <forename>
       Cheryl L
      </forename>
      <initials>
       CL
      </initials>
     </author>
    </authorlist>
    <language>
     eng
    </language>
    <grantlist completeyn="Y">
     <grant>
      <grantid>
       CA69375
      </grantid>
      <acronym>
       CA
      </acronym>
      <agency>
       NCI NIH HHS
      </agency>
      <country>
       United States
      </country>
     </grant>
     <grant>
      <grantid>
       CA90413
      </grantid>
      <acronym>
       CA
      </acronym>
      <agency>
       NCI NIH HHS
      </agency>
      <country>
       United States
      </country>
     </grant>
    </grantlist>
    <publicationtypelist>
     <publicationtype>
      Journal Article
     </publicationtype>
     <publicationtype>
      Research Support, U.S. Gov't, P.H.S.
     </publicationtype>
     <publicationtype>
      Review
     </publicationtype>
    </publicationtypelist>
   </article>
   <medlinejournalinfo>
    <country>
     United States
    </country>
    <medlineta>
     J Mammary Gland Biol Neoplasia
    </medlineta>
    <nlmuniqueid>
     9601804
    </nlmuniqueid>
    <issnlinking>
     1083-3021
    </issnlinking>
   </medlinejournalinfo>
   <citationsubset>
    IM
   </citationsubset>
   <meshheadinglist>
    <meshheading>
     <descriptorname majortopicyn="N">
      Breast Neoplasms
     </descriptorname>
     <qualifiername majortopicyn="N">
      epidemiology
     </qualifiername>
     <qualifiername majortopicyn="Y">
      mortality
     </qualifiername>
     <qualifiername majortopicyn="Y">
      prevention &amp; control
     </qualifiername>
    </meshheading>
    <meshheading>
     <descriptorname majortopicyn="Y">
      Diet
     </descriptorname>
    </meshheading>
    <meshheading>
     <descriptorname majortopicyn="N">
      Disease-Free Survival
     </descriptorname>
    </meshheading>
    <meshheading>
     <descriptorname majortopicyn="N">
      Female
     </descriptorname>
    </meshheading>
    <meshheading>
     <descriptorname majortopicyn="N">
      Humans
     </descriptorname>
    </meshheading>
    <meshheading>
     <descriptorname majortopicyn="N">
      Prognosis
     </descriptorname>
    </meshheading>
    <meshheading>
     <descriptorname majortopicyn="N">
      Recurrence
     </descriptorname>
    </meshheading>
   </meshheadinglist>
   <numberofreferences>
    70
   </numberofreferences>
  </medlinecitation>
  <pubmeddata>
   <history>
    <pubmedpubdate pubstatus="pubmed">
     <year>
      2003
     </year>
     <month>
      11
     </month>
     <day>
      1
     </day>
     <hour>
      5
     </hour>
     <minute>
      0
     </minute>
    </pubmedpubdate>
    <pubmedpubdate pubstatus="medline">
     <year>
      2004
     </year>
     <month>
      2
     </month>
     <day>
      18
     </day>
     <hour>
      5
     </hour>
     <minute>
      0
     </minute>
    </pubmedpubdate>
    <pubmedpubdate pubstatus="entrez">
     <year>
      2003
     </year>
     <month>
      11
     </month>
     <day>
      1
     </day>
     <hour>
      5
     </hour>
     <minute>
      0
     </minute>
    </pubmedpubdate>
   </history>
   <publicationstatus>
    ppublish
   </publicationstatus>
   <articleidlist>
    <articleid idtype="pubmed">
     14587867
    </articleid>
   </articleidlist>
  </pubmeddata>
 </pubmedarticle>
</pubmedarticleset>

