<?xml version='1.0' encoding='utf-8'?>
<!DOCTYPE PubmedArticleSet PUBLIC "-//NLM//DTD PubMedArticle, 1st January 2011//EN" "http://www.ncbi.nlm.nih.gov/entrez/query/DTD/pubmed_110101.dtd">
<pubmedarticleset>
 <pubmedarticle>
  <medlinecitation owner="NLM" status="MEDLINE">
   <pmid version="1">
    14670769
   </pmid>
   <datecreated>
    <year>
     2003
    </year>
    <month>
     12
    </month>
    <day>
     12
    </day>
   </datecreated>
   <datecompleted>
    <year>
     2004
    </year>
    <month>
     01
    </month>
    <day>
     13
    </day>
   </datecompleted>
   <daterevised>
    <year>
     2009
    </year>
    <month>
     11
    </month>
    <day>
     18
    </day>
   </daterevised>
   <article pubmodel="Print">
    <journal>
     <issn issntype="Electronic">
      1468-2044
     </issn>
     <journalissue citedmedium="Internet">
      <volume>
       88
      </volume>
      <issue>
       12
      </issue>
      <pubdate>
       <year>
        2003
       </year>
       <month>
        Dec
       </month>
      </pubdate>
     </journalissue>
     <title>
      Archives of disease in childhood
     </title>
     <isoabbreviation>
      Arch. Dis. Child.
     </isoabbreviation>
    </journal>
    <articletitle>
     Factors relating to the infant's last sleep environment in sudden infant death syndrome in the Republic of Ireland.
    </articletitle>
    <pagination>
     <medlinepgn>
      1058-64
     </medlinepgn>
    </pagination>
    <abstract>
     <abstracttext label="AIM" nlmcategory="OBJECTIVE">
      To identify risk factors for sudden infant death syndrome (SIDS) in the sleeping environment of Irish infants.
     </abstracttext>
     <abstracttext label="METHODS" nlmcategory="METHODS">
      A five year population based case-control study with parental interviews conducted for each case and three controls matched for age, place of birth, and last sleep period. A total of 203 SIDS cases and 622 control infants born 1994-98 were studied.
     </abstracttext>
     <abstracttext label="RESULTS" nlmcategory="RESULTS">
      In a multivariate analysis, co-sleeping significantly increased the risk of SIDS both as a usual practice (adjusted OR 4.31; 95% CI 1.07 to 17.37) and during the last sleep period (adjusted OR 16.47; 95% CI 3.73 to 72.75). The associated risk was dependent on maternal smoking (OR 21.84; 95% CI 2.27 to 209.89), and was not significant for infants who were &gt; or =20 weeks of age (OR 2.63; 95% CI 0.49 to 70.10) or placed back in their own cot/bed to sleep (OR 1.07; 95% CI 0.21 to 5.41). The use of pillows, duvets, and bedding with tog value &gt; or =10 were not significant risk factors when adjusted for the effects of confounding variables, including maternal smoking and social disadvantage. However, the prone sleeping position remains a significant SIDS risk factor, and among infants using soothers, the absence of soother use during the last sleep period also significantly increased the SIDS risk (OR 5.83; CI 2.37 to 14.36).
     </abstracttext>
     <abstracttext label="CONCLUSION" nlmcategory="CONCLUSIONS">
      Co-sleeping should be avoided in infants who are &lt;20 weeks of age, or whose mothers smoked during pregnancy. The prone position remains a factor in some SIDS deaths, and the relation between soother use and SIDS is a complex variable requiring further study.
     </abstracttext>
    </abstract>
    <affiliation>
     National Sudden Infant Death Register, The Children's Hospital, Temple Street, Dublin 1, Republic of Ireland. isidansr@tsch.ie
    </affiliation>
    <authorlist completeyn="Y">
     <author validyn="Y">
      <lastname>
       McGarvey
      </lastname>
      <forename>
       C
      </forename>
      <initials>
       C
      </initials>
     </author>
     <author validyn="Y">
      <lastname>
       McDonnell
      </lastname>
      <forename>
       M
      </forename>
      <initials>
       M
      </initials>
     </author>
     <author validyn="Y">
      <lastname>
       Chong
      </lastname>
      <forename>
       A
      </forename>
      <initials>
       A
      </initials>
     </author>
     <author validyn="Y">
      <lastname>
       O'Regan
      </lastname>
      <forename>
       M
      </forename>
      <initials>
       M
      </initials>
     </author>
     <author validyn="Y">
      <lastname>
       Matthews
      </lastname>
      <forename>
       T
      </forename>
      <initials>
       T
      </initials>
     </author>
    </authorlist>
    <language>
     eng
    </language>
    <publicationtypelist>
     <publicationtype>
      Journal Article
     </publicationtype>
    </publicationtypelist>
   </article>
   <medlinejournalinfo>
    <country>
     England
    </country>
    <medlineta>
     Arch Dis Child
    </medlineta>
    <nlmuniqueid>
     0372434
    </nlmuniqueid>
    <issnlinking>
     0003-9888
    </issnlinking>
   </medlinejournalinfo>
   <citationsubset>
    AIM
   </citationsubset>
   <citationsubset>
    IM
   </citationsubset>
   <commentscorrectionslist>
    <commentscorrections reftype="Cites">
     <refsource>
      Arch Pediatr Adolesc Med. 1999 Nov;153(11):1136-41
     </refsource>
     <pmid version="1">
      10555714
     </pmid>
    </commentscorrections>
    <commentscorrections reftype="Cites">
     <refsource>
      Eur J Pediatr. 1998 Aug;157(8):681-8
     </refsource>
     <pmid version="1">
      9727856
     </pmid>
    </commentscorrections>
    <commentscorrections reftype="Cites">
     <refsource>
      Pediatrics. 2000 Mar;105(3 Pt 1):650-6
     </refsource>
     <pmid version="1">
      10699127
     </pmid>
    </commentscorrections>
    <commentscorrections reftype="Cites">
     <refsource>
      Pediatr Res. 2000 Aug;48(2):140-2
     </refsource>
     <pmid version="1">
      10926286
     </pmid>
    </commentscorrections>
    <commentscorrections reftype="Cites">
     <refsource>
      J Paediatr Child Health. 2000 Dec;36(6):552-4
     </refsource>
     <pmid version="1">
      11115030
     </pmid>
    </commentscorrections>
    <commentscorrections reftype="Cites">
     <refsource>
      J Hum Lact. 2000 Feb;16(1):13-20
     </refsource>
     <pmid version="1">
      11138219
     </pmid>
    </commentscorrections>
    <commentscorrections reftype="Cites">
     <refsource>
      Ir Med J. 2000 Dec;93(9):264-8
     </refsource>
     <pmid version="1">
      11209910
     </pmid>
    </commentscorrections>
    <commentscorrections reftype="Cites">
     <refsource>
      Pediatrics. 2001 Mar;107(3):530-6
     </refsource>
     <pmid version="1">
      11230594
     </pmid>
    </commentscorrections>
    <commentscorrections reftype="Cites">
     <refsource>
      J Pediatr. 2001 Mar;138(3):338-43
     </refsource>
     <pmid version="1">
      11241039
     </pmid>
    </commentscorrections>
    <commentscorrections reftype="Cites">
     <refsource>
      Pediatrics. 2001 Apr;107(4):693-8
     </refsource>
     <pmid version="1">
      11335746
     </pmid>
    </commentscorrections>
    <commentscorrections reftype="Cites">
     <refsource>
      Arch Dis Child. 2001 Aug;85(2):108-15
     </refsource>
     <pmid version="1">
      11466184
     </pmid>
    </commentscorrections>
    <commentscorrections reftype="Cites">
     <refsource>
      Pediatrics. 2001 Oct;108(4):923-7
     </refsource>
     <pmid version="1">
      11581445
     </pmid>
    </commentscorrections>
    <commentscorrections reftype="Cites">
     <refsource>
      Arch Dis Child. 2002 Jun;86(6):400-2
     </refsource>
     <pmid version="1">
      12023166
     </pmid>
    </commentscorrections>
    <commentscorrections reftype="Cites">
     <refsource>
      Ir Med J. 2002 Apr;95(4):111-3
     </refsource>
     <pmid version="1">
      12090440
     </pmid>
    </commentscorrections>
    <commentscorrections reftype="Cites">
     <refsource>
      Acta Paediatr. 1999 Jan;88(1):13-8
     </refsource>
     <pmid version="1">
      10090540
     </pmid>
    </commentscorrections>
    <commentscorrections reftype="Cites">
     <refsource>
      Arch Dis Child. 1998 Nov;79(5):386-93
     </refsource>
     <pmid version="1">
      10193249
     </pmid>
    </commentscorrections>
    <commentscorrections reftype="Cites">
     <refsource>
      Early Hum Dev. 1999 Jun;55(2):149-68
     </refsource>
     <pmid version="1">
      10390090
     </pmid>
    </commentscorrections>
    <commentscorrections reftype="Cites">
     <refsource>
      J Paediatr Child Health. 1992;28 Suppl 1:S3-8
     </refsource>
     <pmid version="1">
      1524879
     </pmid>
    </commentscorrections>
    <commentscorrections reftype="Cites">
     <refsource>
      BMJ. 1989 Mar 18;298(6675):721
     </refsource>
     <pmid version="1">
      2496820
     </pmid>
    </commentscorrections>
    <commentscorrections reftype="Cites">
     <refsource>
      Int J Epidemiol. 1989 Mar;18(1):113-20
     </refsource>
     <pmid version="1">
      2722353
     </pmid>
    </commentscorrections>
    <commentscorrections reftype="Cites">
     <refsource>
      Lancet. 1985 Dec 14;2(8468):1346-9
     </refsource>
     <pmid version="1">
      2866397
     </pmid>
    </commentscorrections>
    <commentscorrections reftype="Cites">
     <refsource>
      Ann N Y Acad Sci. 1988;533:13-30
     </refsource>
     <pmid version="1">
      3048169
     </pmid>
    </commentscorrections>
    <commentscorrections reftype="Cites">
     <refsource>
      J Pediatr. 1995 Nov;127(5):691-9
     </refsource>
     <pmid version="1">
      7472818
     </pmid>
    </commentscorrections>
    <commentscorrections reftype="Cites">
     <refsource>
      BMJ. 1993 Nov 20;307(6915):1312-8
     </refsource>
     <pmid version="1">
      8257885
     </pmid>
    </commentscorrections>
    <commentscorrections reftype="Cites">
     <refsource>
      N Engl J Med. 1993 Aug 5;329(6):377-82
     </refsource>
     <pmid version="1">
      8326970
     </pmid>
    </commentscorrections>
    <commentscorrections reftype="Cites">
     <refsource>
      BMJ. 1996 Jul 27;313(7051):191-5
     </refsource>
     <pmid version="1">
      8696193
     </pmid>
    </commentscorrections>
    <commentscorrections reftype="Cites">
     <refsource>
      BMJ. 1996 Jul 27;313(7051):195-8
     </refsource>
     <pmid version="1">
      8696194
     </pmid>
    </commentscorrections>
    <commentscorrections reftype="Cites">
     <refsource>
      Arch Dis Child. 1996 Sep;75(3):249-50
     </refsource>
     <pmid version="1">
      8976670
     </pmid>
    </commentscorrections>
    <commentscorrections reftype="Cites">
     <refsource>
      Br J Obstet Gynaecol. 1997 Feb;104(2):180-5
     </refsource>
     <pmid version="1">
      9070135
     </pmid>
    </commentscorrections>
    <commentscorrections reftype="Cites">
     <refsource>
      Sleep. 1996 Nov;19(9):677-84
     </refsource>
     <pmid version="1">
      9122552
     </pmid>
    </commentscorrections>
    <commentscorrections reftype="Cites">
     <refsource>
      Sleep. 1996 Nov;19(9):685-90
     </refsource>
     <pmid version="1">
      9122553
     </pmid>
    </commentscorrections>
    <commentscorrections reftype="Cites">
     <refsource>
      BMJ. 1997 May 24;314(7093):1516-20
     </refsource>
     <pmid version="1">
      9169398
     </pmid>
    </commentscorrections>
    <commentscorrections reftype="Cites">
     <refsource>
      Pediatrics. 1997 Aug;100(2 Pt 1):214-9
     </refsource>
     <pmid version="1">
      9240802
     </pmid>
    </commentscorrections>
    <commentscorrections reftype="Cites">
     <refsource>
      Pediatrics. 1997 Nov;100(5):835-40
     </refsource>
     <pmid version="1">
      9346984
     </pmid>
    </commentscorrections>
    <commentscorrections reftype="Cites">
     <refsource>
      BMJ. 1999 Dec 4;319(7223):1457-61
     </refsource>
     <pmid version="1">
      10582925
     </pmid>
    </commentscorrections>
   </commentscorrectionslist>
   <meshheadinglist>
    <meshheading>
     <descriptorname majortopicyn="N">
      Beds
     </descriptorname>
    </meshheading>
    <meshheading>
     <descriptorname majortopicyn="N">
      Case-Control Studies
     </descriptorname>
    </meshheading>
    <meshheading>
     <descriptorname majortopicyn="N">
      Crowding
     </descriptorname>
    </meshheading>
    <meshheading>
     <descriptorname majortopicyn="N">
      Humans
     </descriptorname>
    </meshheading>
    <meshheading>
     <descriptorname majortopicyn="N">
      Infant
     </descriptorname>
    </meshheading>
    <meshheading>
     <descriptorname majortopicyn="N">
      Infant Equipment
     </descriptorname>
     <qualifiername majortopicyn="N">
      statistics &amp; numerical data
     </qualifiername>
    </meshheading>
    <meshheading>
     <descriptorname majortopicyn="N" type="Geographic">
      Ireland
     </descriptorname>
     <qualifiername majortopicyn="N">
      epidemiology
     </qualifiername>
    </meshheading>
    <meshheading>
     <descriptorname majortopicyn="N">
      Multivariate Analysis
     </descriptorname>
    </meshheading>
    <meshheading>
     <descriptorname majortopicyn="N">
      Pacifiers
     </descriptorname>
     <qualifiername majortopicyn="N">
      statistics &amp; numerical data
     </qualifiername>
    </meshheading>
    <meshheading>
     <descriptorname majortopicyn="N">
      Prevalence
     </descriptorname>
    </meshheading>
    <meshheading>
     <descriptorname majortopicyn="N">
      Prone Position
     </descriptorname>
    </meshheading>
    <meshheading>
     <descriptorname majortopicyn="N">
      Risk Factors
     </descriptorname>
    </meshheading>
    <meshheading>
     <descriptorname majortopicyn="Y">
      Sleep
     </descriptorname>
    </meshheading>
    <meshheading>
     <descriptorname majortopicyn="N">
      Sudden Infant Death
     </descriptorname>
     <qualifiername majortopicyn="Y">
      epidemiology
     </qualifiername>
    </meshheading>
   </meshheadinglist>
   <otherid source="NLM">
    PMC1719406
   </otherid>
  </medlinecitation>
  <pubmeddata>
   <history>
    <pubmedpubdate pubstatus="pubmed">
     <year>
      2003
     </year>
     <month>
      12
     </month>
     <day>
      13
     </day>
     <hour>
      5
     </hour>
     <minute>
      0
     </minute>
    </pubmedpubdate>
    <pubmedpubdate pubstatus="medline">
     <year>
      2004
     </year>
     <month>
      1
     </month>
     <day>
      14
     </day>
     <hour>
      5
     </hour>
     <minute>
      0
     </minute>
    </pubmedpubdate>
    <pubmedpubdate pubstatus="entrez">
     <year>
      2003
     </year>
     <month>
      12
     </month>
     <day>
      13
     </day>
     <hour>
      5
     </hour>
     <minute>
      0
     </minute>
    </pubmedpubdate>
   </history>
   <publicationstatus>
    ppublish
   </publicationstatus>
   <articleidlist>
    <articleid idtype="pubmed">
     14670769
    </articleid>
    <articleid idtype="pmc">
     PMC1719406
    </articleid>
   </articleidlist>
  </pubmeddata>
 </pubmedarticle>
</pubmedarticleset>

