<?xml version='1.0' encoding='utf-8'?>
<!DOCTYPE PubmedArticleSet PUBLIC "-//NLM//DTD PubMedArticle, 1st January 2011//EN" "http://www.ncbi.nlm.nih.gov/entrez/query/DTD/pubmed_110101.dtd">
<pubmedarticleset>
 <pubmedarticle>
  <medlinecitation owner="NLM" status="MEDLINE">
   <pmid version="1">
    14702015
   </pmid>
   <datecreated>
    <year>
     2003
    </year>
    <month>
     12
    </month>
    <day>
     31
    </day>
   </datecreated>
   <datecompleted>
    <year>
     2004
    </year>
    <month>
     01
    </month>
    <day>
     29
    </day>
   </datecompleted>
   <daterevised>
    <year>
     2008
    </year>
    <month>
     11
    </month>
    <day>
     21
    </day>
   </daterevised>
   <article pubmodel="Print">
    <journal>
     <issn issntype="Print">
      0002-8223
     </issn>
     <journalissue citedmedium="Print">
      <volume>
       104
      </volume>
      <issue>
       1 Suppl 1
      </issue>
      <pubdate>
       <year>
        2004
       </year>
       <month>
        Jan
       </month>
      </pubdate>
     </journalissue>
     <title>
      Journal of the American Dietetic Association
     </title>
     <isoabbreviation>
      J Am Diet Assoc
     </isoabbreviation>
    </journal>
    <articletitle>
     Feeding infants and toddlers study: Improvements needed in meeting infant feeding recommendations.
    </articletitle>
    <pagination>
     <medlinepgn>
      s31-7
     </medlinepgn>
    </pagination>
    <abstract>
     <abstracttext label="OBJECTIVE" nlmcategory="OBJECTIVE">
      To assess adherence to infant feeding recommendations among a sample of infants and toddlers four to 24 months of age in the United States.
     </abstracttext>
     <abstracttext label="DESIGN" nlmcategory="METHODS">
      Descriptive analysis of data collected in the 2002 Feeding Infants and Toddlers Study (FITS) based on telephone interviews and 24-hour dietary recalls collected with the Nutrition Data System for Research of the University of Minnesota.
     </abstracttext>
     <abstracttext label="SUBJECTS" nlmcategory="METHODS">
      A national random sample of 3,022 infants and toddlers age four to 24 months, including 2,024 infants age four to 11 months.
     </abstracttext>
     <abstracttext label="MAIN OUTCOME MEASURES" nlmcategory="METHODS">
      Breastfeeding, timing of introduction of complementary foods, and adherence to infant feeding recommendations.
     </abstracttext>
     <abstracttext label="STATISTICAL ANALYSES" nlmcategory="METHODS">
      Means and standard errors, percentile distributions, and percentages by age group (four to six months, seven to eight months, and nine to 11 months).
     </abstracttext>
     <abstracttext label="RESULTS" nlmcategory="RESULTS">
      About 76% of infants and toddlers were fully or partly breastfed at birth. This percentage declined to 30% at six months and 16% at 12 months-short of Healthy People 2010 goals of 50% and 25%, respectively. The average duration of breastfeeding was 5.5 months for all who initiated breastfeeding. About two-thirds of infants had been introduced to complementary foods between four and six months-the period recommended by the American Academy of Pediatrics (AAP); 17% consumed juice before the AAP recommended age of six months or later. Twenty-two percent of infants nine to 11 months consumed cow's milk on a daily basis before the recommended age of 12 months or later, and one in 10 consumed french fries and/or sweetened beverages on any given day.
     </abstracttext>
     <abstracttext label="APPLICATIONS/CONCLUSIONS" nlmcategory="CONCLUSIONS">
      More parents and caregivers can benefit from guidance about the introduction of developmentally appropriate, micronutrient-rich first solid foods such as iron-rich infant cereals, iron-fortified grain products, meats, soft fruits, and cooked vegetables and the importance of breastfeeding through the first year of life. A smaller proportion of parents and caregivers require guidance on delaying the introduction of juices until six months of age and cow's milk other than formula until one year of age.
     </abstracttext>
    </abstract>
    <affiliation>
     Mathematica Policy Research, Inc., Washington, DC 20024, USA. rbiefel@mathematica-mpr.com
    </affiliation>
    <authorlist completeyn="Y">
     <author validyn="Y">
      <lastname>
       Briefel
      </lastname>
      <forename>
       Ronette R
      </forename>
      <initials>
       RR
      </initials>
     </author>
     <author validyn="Y">
      <lastname>
       Reidy
      </lastname>
      <forename>
       Kathleen
      </forename>
      <initials>
       K
      </initials>
     </author>
     <author validyn="Y">
      <lastname>
       Karwe
      </lastname>
      <forename>
       Vatsala
      </forename>
      <initials>
       V
      </initials>
     </author>
     <author validyn="Y">
      <lastname>
       Devaney
      </lastname>
      <forename>
       Barbara
      </forename>
      <initials>
       B
      </initials>
     </author>
    </authorlist>
    <language>
     eng
    </language>
    <publicationtypelist>
     <publicationtype>
      Journal Article
     </publicationtype>
    </publicationtypelist>
   </article>
   <medlinejournalinfo>
    <country>
     United States
    </country>
    <medlineta>
     J Am Diet Assoc
    </medlineta>
    <nlmuniqueid>
     7503061
    </nlmuniqueid>
    <issnlinking>
     0002-8223
    </issnlinking>
   </medlinejournalinfo>
   <citationsubset>
    AIM
   </citationsubset>
   <citationsubset>
    IM
   </citationsubset>
   <meshheadinglist>
    <meshheading>
     <descriptorname majortopicyn="N">
      Age Factors
     </descriptorname>
    </meshheading>
    <meshheading>
     <descriptorname majortopicyn="N">
      Breast Feeding
     </descriptorname>
     <qualifiername majortopicyn="N">
      statistics &amp; numerical data
     </qualifiername>
    </meshheading>
    <meshheading>
     <descriptorname majortopicyn="N">
      Diet Records
     </descriptorname>
    </meshheading>
    <meshheading>
     <descriptorname majortopicyn="N">
      Humans
     </descriptorname>
    </meshheading>
    <meshheading>
     <descriptorname majortopicyn="N">
      Infant
     </descriptorname>
    </meshheading>
    <meshheading>
     <descriptorname majortopicyn="N">
      Infant Food
     </descriptorname>
     <qualifiername majortopicyn="N">
      statistics &amp; numerical data
     </qualifiername>
    </meshheading>
    <meshheading>
     <descriptorname majortopicyn="N">
      Infant Formula
     </descriptorname>
     <qualifiername majortopicyn="N">
      statistics &amp; numerical data
     </qualifiername>
    </meshheading>
    <meshheading>
     <descriptorname majortopicyn="Y">
      Infant Nutritional Physiological Phenomena
     </descriptorname>
    </meshheading>
    <meshheading>
     <descriptorname majortopicyn="N">
      Interviews as Topic
     </descriptorname>
    </meshheading>
    <meshheading>
     <descriptorname majortopicyn="N">
      Mental Recall
     </descriptorname>
    </meshheading>
    <meshheading>
     <descriptorname majortopicyn="Y">
      Nutrition Surveys
     </descriptorname>
    </meshheading>
    <meshheading>
     <descriptorname majortopicyn="N">
      Patient Compliance
     </descriptorname>
    </meshheading>
    <meshheading>
     <descriptorname majortopicyn="N" type="Geographic">
      United States
     </descriptorname>
    </meshheading>
   </meshheadinglist>
  </medlinecitation>
  <pubmeddata>
   <history>
    <pubmedpubdate pubstatus="pubmed">
     <year>
      2004
     </year>
     <month>
      1
     </month>
     <day>
      1
     </day>
     <hour>
      5
     </hour>
     <minute>
      0
     </minute>
    </pubmedpubdate>
    <pubmedpubdate pubstatus="medline">
     <year>
      2004
     </year>
     <month>
      1
     </month>
     <day>
      30
     </day>
     <hour>
      5
     </hour>
     <minute>
      0
     </minute>
    </pubmedpubdate>
    <pubmedpubdate pubstatus="entrez">
     <year>
      2004
     </year>
     <month>
      1
     </month>
     <day>
      1
     </day>
     <hour>
      5
     </hour>
     <minute>
      0
     </minute>
    </pubmedpubdate>
   </history>
   <publicationstatus>
    ppublish
   </publicationstatus>
   <articleidlist>
    <articleid idtype="pubmed">
     14702015
    </articleid>
    <articleid idtype="doi">
     10.1016/j.jada.2003.10.020
    </articleid>
    <articleid idtype="pii">
     S0002822303014512
    </articleid>
   </articleidlist>
  </pubmeddata>
 </pubmedarticle>
</pubmedarticleset>

