<?xml version='1.0' encoding='utf-8'?>
<!DOCTYPE PubmedArticleSet PUBLIC "-//NLM//DTD PubMedArticle, 1st January 2011//EN" "http://www.ncbi.nlm.nih.gov/entrez/query/DTD/pubmed_110101.dtd">
<pubmedarticleset>
 <pubmedarticle>
  <medlinecitation owner="NLM" status="MEDLINE">
   <pmid version="1">
    14724869
   </pmid>
   <datecreated>
    <year>
     2004
    </year>
    <month>
     01
    </month>
    <day>
     15
    </day>
   </datecreated>
   <datecompleted>
    <year>
     2004
    </year>
    <month>
     03
    </month>
    <day>
     11
    </day>
   </datecompleted>
   <daterevised>
    <year>
     2006
    </year>
    <month>
     11
    </month>
    <day>
     15
    </day>
   </daterevised>
   <article pubmodel="Print">
    <journal>
     <issn issntype="Print">
      0735-6757
     </issn>
     <journalissue citedmedium="Print">
      <volume>
       22
      </volume>
      <issue>
       1
      </issue>
      <pubdate>
       <year>
        2004
       </year>
       <month>
        Jan
       </month>
      </pubdate>
     </journalissue>
     <title>
      The American journal of emergency medicine
     </title>
     <isoabbreviation>
      Am J Emerg Med
     </isoabbreviation>
    </journal>
    <articletitle>
     A prospective, randomized pilot evaluation of topical triple antibiotic versus mupirocin for the prevention of uncomplicated soft tissue wound infection.
    </articletitle>
    <pagination>
     <medlinepgn>
      1-3
     </medlinepgn>
    </pagination>
    <abstract>
     <abstracttext>
      Little data exists comparing the safety and efficacy of triple antibiotic ointment (TAO) and mupirocin for prevention of uncomplicated soft tissue wound infections. The purpose of this investigation was to conduct a pilot study of the relative safety, efficacy, and cost effectiveness of the 2 preparations. This was a randomized, prospective, interventional study to determine the difference in infection rates of uncomplicated soft tissue wounds between subjects treated with TAO and mupirocin ointment after standard wound care and suturing. Subjects were enrolled at presentation to the ED if they met the study inclusion criteria and were required to make one follow-up visit to the ED to determine the status of their wound (infected vs. not infected). A total of 99 patients were enrolled and assessed at the follow-up visit. The groups had similar rates of self-reported compliance with wound care and dressing changes. Patients in the mupirocin group had a greater rate of signs of infection (12% vs. 6.1%), and infection (4% vs. 0%) compared with patients in the TAO group, although neither difference achieved statistical significance. There were no serious adverse effects in either group. This pilot study found a similar rate of wound infection and adverse events between TAO and mupirocin ointments. Results should be confirmed in a larger equivalency trial.
     </abstracttext>
    </abstract>
    <affiliation>
     Department of Emergency medicine, Cleveland Clinic Foundation , Metro Health Medical Center, Ohio 44195, USA.
    </affiliation>
    <authorlist completeyn="Y">
     <author validyn="Y">
      <lastname>
       Hood
      </lastname>
      <forename>
       Robert
      </forename>
      <initials>
       R
      </initials>
     </author>
     <author validyn="Y">
      <lastname>
       Shermock
      </lastname>
      <forename>
       Kenneth M
      </forename>
      <initials>
       KM
      </initials>
     </author>
     <author validyn="Y">
      <lastname>
       Emerman
      </lastname>
      <forename>
       Charles
      </forename>
      <initials>
       C
      </initials>
     </author>
    </authorlist>
    <language>
     eng
    </language>
    <publicationtypelist>
     <publicationtype>
      Clinical Trial
     </publicationtype>
     <publicationtype>
      Comparative Study
     </publicationtype>
     <publicationtype>
      Journal Article
     </publicationtype>
     <publicationtype>
      Randomized Controlled Trial
     </publicationtype>
     <publicationtype>
      Research Support, Non-U.S. Gov't
     </publicationtype>
    </publicationtypelist>
   </article>
   <medlinejournalinfo>
    <country>
     United States
    </country>
    <medlineta>
     Am J Emerg Med
    </medlineta>
    <nlmuniqueid>
     8309942
    </nlmuniqueid>
    <issnlinking>
     0735-6757
    </issnlinking>
   </medlinejournalinfo>
   <chemicallist>
    <chemical>
     <registrynumber>
      0
     </registrynumber>
     <nameofsubstance>
      Anti-Bacterial Agents
     </nameofsubstance>
    </chemical>
    <chemical>
     <registrynumber>
      0
     </registrynumber>
     <nameofsubstance>
      Drug Combinations
     </nameofsubstance>
    </chemical>
    <chemical>
     <registrynumber>
      0
     </registrynumber>
     <nameofsubstance>
      Ointments
     </nameofsubstance>
    </chemical>
    <chemical>
     <registrynumber>
      12650-69-0
     </registrynumber>
     <nameofsubstance>
      Mupirocin
     </nameofsubstance>
    </chemical>
    <chemical>
     <registrynumber>
      1404-04-2
     </registrynumber>
     <nameofsubstance>
      Neomycin
     </nameofsubstance>
    </chemical>
    <chemical>
     <registrynumber>
      1404-26-8
     </registrynumber>
     <nameofsubstance>
      Polymyxin B
     </nameofsubstance>
    </chemical>
    <chemical>
     <registrynumber>
      1405-87-4
     </registrynumber>
     <nameofsubstance>
      Bacitracin
     </nameofsubstance>
    </chemical>
   </chemicallist>
   <citationsubset>
    IM
   </citationsubset>
   <meshheadinglist>
    <meshheading>
     <descriptorname majortopicyn="N">
      Administration, Topical
     </descriptorname>
    </meshheading>
    <meshheading>
     <descriptorname majortopicyn="N">
      Adult
     </descriptorname>
    </meshheading>
    <meshheading>
     <descriptorname majortopicyn="N">
      Anti-Bacterial Agents
     </descriptorname>
     <qualifiername majortopicyn="Y">
      administration &amp; dosage
     </qualifiername>
    </meshheading>
    <meshheading>
     <descriptorname majortopicyn="N">
      Bacitracin
     </descriptorname>
     <qualifiername majortopicyn="Y">
      administration &amp; dosage
     </qualifiername>
    </meshheading>
    <meshheading>
     <descriptorname majortopicyn="N">
      Bacterial Infections
     </descriptorname>
     <qualifiername majortopicyn="Y">
      prevention &amp; control
     </qualifiername>
    </meshheading>
    <meshheading>
     <descriptorname majortopicyn="N">
      Chi-Square Distribution
     </descriptorname>
    </meshheading>
    <meshheading>
     <descriptorname majortopicyn="N">
      Drug Combinations
     </descriptorname>
    </meshheading>
    <meshheading>
     <descriptorname majortopicyn="N">
      Female
     </descriptorname>
    </meshheading>
    <meshheading>
     <descriptorname majortopicyn="N">
      Humans
     </descriptorname>
    </meshheading>
    <meshheading>
     <descriptorname majortopicyn="N">
      Intervention Studies
     </descriptorname>
    </meshheading>
    <meshheading>
     <descriptorname majortopicyn="N">
      Male
     </descriptorname>
    </meshheading>
    <meshheading>
     <descriptorname majortopicyn="N">
      Mupirocin
     </descriptorname>
     <qualifiername majortopicyn="Y">
      administration &amp; dosage
     </qualifiername>
    </meshheading>
    <meshheading>
     <descriptorname majortopicyn="N">
      Neomycin
     </descriptorname>
     <qualifiername majortopicyn="Y">
      administration &amp; dosage
     </qualifiername>
    </meshheading>
    <meshheading>
     <descriptorname majortopicyn="N">
      Ointments
     </descriptorname>
    </meshheading>
    <meshheading>
     <descriptorname majortopicyn="N">
      Pilot Projects
     </descriptorname>
    </meshheading>
    <meshheading>
     <descriptorname majortopicyn="N">
      Polymyxin B
     </descriptorname>
     <qualifiername majortopicyn="Y">
      administration &amp; dosage
     </qualifiername>
    </meshheading>
    <meshheading>
     <descriptorname majortopicyn="N">
      Prospective Studies
     </descriptorname>
    </meshheading>
    <meshheading>
     <descriptorname majortopicyn="N">
      Statistics, Nonparametric
     </descriptorname>
    </meshheading>
    <meshheading>
     <descriptorname majortopicyn="N">
      Treatment Outcome
     </descriptorname>
    </meshheading>
    <meshheading>
     <descriptorname majortopicyn="N">
      Wound Infection
     </descriptorname>
     <qualifiername majortopicyn="Y">
      prevention &amp; control
     </qualifiername>
    </meshheading>
   </meshheadinglist>
  </medlinecitation>
  <pubmeddata>
   <history>
    <pubmedpubdate pubstatus="pubmed">
     <year>
      2004
     </year>
     <month>
      1
     </month>
     <day>
      16
     </day>
     <hour>
      5
     </hour>
     <minute>
      0
     </minute>
    </pubmedpubdate>
    <pubmedpubdate pubstatus="medline">
     <year>
      2004
     </year>
     <month>
      3
     </month>
     <day>
      12
     </day>
     <hour>
      5
     </hour>
     <minute>
      0
     </minute>
    </pubmedpubdate>
    <pubmedpubdate pubstatus="entrez">
     <year>
      2004
     </year>
     <month>
      1
     </month>
     <day>
      16
     </day>
     <hour>
      5
     </hour>
     <minute>
      0
     </minute>
    </pubmedpubdate>
   </history>
   <publicationstatus>
    ppublish
   </publicationstatus>
   <articleidlist>
    <articleid idtype="pubmed">
     14724869
    </articleid>
    <articleid idtype="pii">
     S0735675703002201
    </articleid>
   </articleidlist>
  </pubmeddata>
 </pubmedarticle>
</pubmedarticleset>

