<?xml version='1.0' encoding='utf-8'?>
<!DOCTYPE PubmedArticleSet PUBLIC "-//NLM//DTD PubMedArticle, 1st January 2011//EN" "http://www.ncbi.nlm.nih.gov/entrez/query/DTD/pubmed_110101.dtd">
<pubmedarticleset>
 <pubmedarticle>
  <medlinecitation owner="NLM" status="MEDLINE">
   <pmid version="1">
    14764753
   </pmid>
   <datecreated>
    <year>
     2004
    </year>
    <month>
     02
    </month>
    <day>
     06
    </day>
   </datecreated>
   <datecompleted>
    <year>
     2004
    </year>
    <month>
     03
    </month>
    <day>
     26
    </day>
   </datecompleted>
   <daterevised>
    <year>
     2007
    </year>
    <month>
     11
    </month>
    <day>
     14
    </day>
   </daterevised>
   <article pubmodel="Print">
    <journal>
     <issn issntype="Print">
      0021-972X
     </issn>
     <journalissue citedmedium="Print">
      <volume>
       89
      </volume>
      <issue>
       2
      </issue>
      <pubdate>
       <year>
        2004
       </year>
       <month>
        Feb
       </month>
      </pubdate>
     </journalissue>
     <title>
      The Journal of clinical endocrinology and metabolism
     </title>
     <isoabbreviation>
      J. Clin. Endocrinol. Metab.
     </isoabbreviation>
    </journal>
    <articletitle>
     Exogenous testosterone or testosterone with finasteride increases bone mineral density in older men with low serum testosterone.
    </articletitle>
    <pagination>
     <medlinepgn>
      503-10
     </medlinepgn>
    </pagination>
    <abstract>
     <abstracttext>
      Older men, particularly those with low serum testosterone (T) levels, might benefit from T therapy to improve bone mineral density (BMD) and reduce fracture risk. Concerns exist, however, about the impact of T therapy on the prostate in older men. We hypothesized that the combination of T and finasteride (F), a 5 alpha-reductase inhibitor, might increase BMD in older men without adverse effects on the prostate. Seventy men aged 65 yr or older, with a serum T less than 12.1 nmol/liter on two occasions, were randomly assigned to receive one of three regimens for 36 months: T enanthate, 200 mg im every 2 wk with placebo pills daily (T-only); T enanthate, 200 mg every 2 wk with 5 mg F daily (T+F); or placebo injections and pills (placebo). Low BMD was not an inclusion criterion. We obtained serial measurements of BMD of the lumbar spine and hip by dual x-ray absorptiometry. Prostate-specific antigen (PSA) and prostate size were measured at baseline and during treatment to assess the impact of therapy on the prostate. Fifty men completed the 36-month protocol. By an intent-to-treat analysis including all men for as long as they contributed data, T therapy for 36 months increased BMD in these men at the lumbar spine [10.2 +/- 1.4% (mean percentage increase from baseline +/- SEM; T-only) and 9.3 +/- 1.4% (T+F) vs. 1.3 +/- 1.4% for placebo (P &lt; 0.001)] and in the hip [2.7 +/- 0.7% (T-only) and 2.2 +/- 0.7% (T+F) vs. -0.2 +/- 0.7% for placebo, (P &lt; or = 0.02)]. Significant increases in BMD were seen also in the intertrochanteric and trochanteric regions of the hip. After 6 months of therapy, urinary deoxypyridinoline (a bone-resorption marker) decreased significantly compared with baseline in both the T-only and T+F groups (P &lt; 0.001) but was not significantly reduced compared with the placebo group. Over 36 months, PSA increased significantly from baseline in the T-only group (P &lt; 0.001). Prostate volume increased in all groups during the 36-month treatment period, but this increase was significantly less in the T+F group compared with both the T-only and placebo groups (P = 0.02). These results demonstrate that T therapy in older men with low serum T increases vertebral and hip BMD over 36 months, both when administered alone and when combined with F. This finding suggests that dihydrotestosterone is not essential for the beneficial effects of T on BMD in men. In addition, the concomitant administration of F with T appears to attenuate the impact of T therapy on prostate size and PSA and might reduce the chance of benign prostatic hypertrophy or other prostate-related complications in older men on T therapy. These findings have important implications for the prevention and treatment of osteoporosis in older men with low T levels.
     </abstracttext>
    </abstract>
    <affiliation>
     Department of Medicine, Veterans Affairs-Puget Sound Health Care System, Seattle, WA 98195, USA.
    </affiliation>
    <authorlist completeyn="Y">
     <author validyn="Y">
      <lastname>
       Amory
      </lastname>
      <forename>
       John K
      </forename>
      <initials>
       JK
      </initials>
     </author>
     <author validyn="Y">
      <lastname>
       Watts
      </lastname>
      <forename>
       Nelson B
      </forename>
      <initials>
       NB
      </initials>
     </author>
     <author validyn="Y">
      <lastname>
       Easley
      </lastname>
      <forename>
       Kirk A
      </forename>
      <initials>
       KA
      </initials>
     </author>
     <author validyn="Y">
      <lastname>
       Sutton
      </lastname>
      <forename>
       Paul R
      </forename>
      <initials>
       PR
      </initials>
     </author>
     <author validyn="Y">
      <lastname>
       Anawalt
      </lastname>
      <forename>
       Bradley D
      </forename>
      <initials>
       BD
      </initials>
     </author>
     <author validyn="Y">
      <lastname>
       Matsumoto
      </lastname>
      <forename>
       Alvin M
      </forename>
      <initials>
       AM
      </initials>
     </author>
     <author validyn="Y">
      <lastname>
       Bremner
      </lastname>
      <forename>
       William J
      </forename>
      <initials>
       WJ
      </initials>
     </author>
     <author validyn="Y">
      <lastname>
       Tenover
      </lastname>
      <forename>
       J Lisa
      </forename>
      <initials>
       JL
      </initials>
     </author>
    </authorlist>
    <language>
     eng
    </language>
    <grantlist completeyn="Y">
     <grant>
      <grantid>
       AG10975
      </grantid>
      <acronym>
       AG
      </acronym>
      <agency>
       NIA NIH HHS
      </agency>
      <country>
       United States
      </country>
     </grant>
    </grantlist>
    <publicationtypelist>
     <publicationtype>
      Clinical Trial
     </publicationtype>
     <publicationtype>
      Journal Article
     </publicationtype>
     <publicationtype>
      Randomized Controlled Trial
     </publicationtype>
     <publicationtype>
      Research Support, U.S. Gov't, P.H.S.
     </publicationtype>
    </publicationtypelist>
   </article>
   <medlinejournalinfo>
    <country>
     United States
    </country>
    <medlineta>
     J Clin Endocrinol Metab
    </medlineta>
    <nlmuniqueid>
     0375362
    </nlmuniqueid>
    <issnlinking>
     0021-972X
    </issnlinking>
   </medlinejournalinfo>
   <chemicallist>
    <chemical>
     <registrynumber>
      0
     </registrynumber>
     <nameofsubstance>
      Enzyme Inhibitors
     </nameofsubstance>
    </chemical>
    <chemical>
     <registrynumber>
      315-37-7
     </registrynumber>
     <nameofsubstance>
      testosterone enanthate
     </nameofsubstance>
    </chemical>
    <chemical>
     <registrynumber>
      58-22-0
     </registrynumber>
     <nameofsubstance>
      Testosterone
     </nameofsubstance>
    </chemical>
    <chemical>
     <registrynumber>
      98319-26-7
     </registrynumber>
     <nameofsubstance>
      Finasteride
     </nameofsubstance>
    </chemical>
    <chemical>
     <registrynumber>
      EC 3.4.21.77
     </registrynumber>
     <nameofsubstance>
      Prostate-Specific Antigen
     </nameofsubstance>
    </chemical>
   </chemicallist>
   <citationsubset>
    AIM
   </citationsubset>
   <citationsubset>
    IM
   </citationsubset>
   <commentscorrectionslist>
    <commentscorrections reftype="CommentIn">
     <refsource>
      J Clin Endocrinol Metab. 2004 Feb;89(2):501-2
     </refsource>
     <pmid version="1">
      14764752
     </pmid>
    </commentscorrections>
   </commentscorrectionslist>
   <meshheadinglist>
    <meshheading>
     <descriptorname majortopicyn="N">
      Aged
     </descriptorname>
    </meshheading>
    <meshheading>
     <descriptorname majortopicyn="N">
      Bone Density
     </descriptorname>
     <qualifiername majortopicyn="Y">
      drug effects
     </qualifiername>
    </meshheading>
    <meshheading>
     <descriptorname majortopicyn="N">
      Drug Therapy, Combination
     </descriptorname>
    </meshheading>
    <meshheading>
     <descriptorname majortopicyn="N">
      Enzyme Inhibitors
     </descriptorname>
     <qualifiername majortopicyn="Y">
      therapeutic use
     </qualifiername>
    </meshheading>
    <meshheading>
     <descriptorname majortopicyn="N">
      Finasteride
     </descriptorname>
     <qualifiername majortopicyn="Y">
      therapeutic use
     </qualifiername>
    </meshheading>
    <meshheading>
     <descriptorname majortopicyn="N">
      Humans
     </descriptorname>
    </meshheading>
    <meshheading>
     <descriptorname majortopicyn="N">
      Male
     </descriptorname>
    </meshheading>
    <meshheading>
     <descriptorname majortopicyn="N">
      Organ Size
     </descriptorname>
     <qualifiername majortopicyn="N">
      drug effects
     </qualifiername>
    </meshheading>
    <meshheading>
     <descriptorname majortopicyn="N">
      Prostate
     </descriptorname>
     <qualifiername majortopicyn="N">
      drug effects
     </qualifiername>
     <qualifiername majortopicyn="N">
      pathology
     </qualifiername>
    </meshheading>
    <meshheading>
     <descriptorname majortopicyn="N">
      Prostate-Specific Antigen
     </descriptorname>
     <qualifiername majortopicyn="N">
      blood
     </qualifiername>
    </meshheading>
    <meshheading>
     <descriptorname majortopicyn="N">
      Testosterone
     </descriptorname>
     <qualifiername majortopicyn="N">
      adverse effects
     </qualifiername>
     <qualifiername majortopicyn="Y">
      analogs &amp; derivatives
     </qualifiername>
     <qualifiername majortopicyn="Y">
      blood
     </qualifiername>
     <qualifiername majortopicyn="Y">
      therapeutic use
     </qualifiername>
    </meshheading>
   </meshheadinglist>
  </medlinecitation>
  <pubmeddata>
   <history>
    <pubmedpubdate pubstatus="pubmed">
     <year>
      2004
     </year>
     <month>
      2
     </month>
     <day>
      7
     </day>
     <hour>
      5
     </hour>
     <minute>
      0
     </minute>
    </pubmedpubdate>
    <pubmedpubdate pubstatus="medline">
     <year>
      2004
     </year>
     <month>
      3
     </month>
     <day>
      27
     </day>
     <hour>
      5
     </hour>
     <minute>
      0
     </minute>
    </pubmedpubdate>
    <pubmedpubdate pubstatus="entrez">
     <year>
      2004
     </year>
     <month>
      2
     </month>
     <day>
      7
     </day>
     <hour>
      5
     </hour>
     <minute>
      0
     </minute>
    </pubmedpubdate>
   </history>
   <publicationstatus>
    ppublish
   </publicationstatus>
   <articleidlist>
    <articleid idtype="pubmed">
     14764753
    </articleid>
   </articleidlist>
  </pubmeddata>
 </pubmedarticle>
</pubmedarticleset>

