<?xml version='1.0' encoding='utf-8'?>
<!DOCTYPE PubmedArticleSet PUBLIC "-//NLM//DTD PubMedArticle, 1st January 2011//EN" "http://www.ncbi.nlm.nih.gov/entrez/query/DTD/pubmed_110101.dtd">
<pubmedarticleset>
 <pubmedarticle>
  <medlinecitation owner="NLM" status="MEDLINE">
   <pmid version="1">
    14961051
   </pmid>
   <datecreated>
    <year>
     2004
    </year>
    <month>
     07
    </month>
    <day>
     23
    </day>
   </datecreated>
   <datecompleted>
    <year>
     2005
    </year>
    <month>
     02
    </month>
    <day>
     15
    </day>
   </datecompleted>
   <daterevised>
    <year>
     2007
    </year>
    <month>
     11
    </month>
    <day>
     15
    </day>
   </daterevised>
   <article pubmodel="Print">
    <journal>
     <issn issntype="Print">
      0955-9930
     </issn>
     <journalissue citedmedium="Print">
      <volume>
       16
      </volume>
      <issue>
       4
      </issue>
      <pubdate>
       <year>
        2004
       </year>
       <month>
        Aug
       </month>
      </pubdate>
     </journalissue>
     <title>
      International journal of impotence research
     </title>
     <isoabbreviation>
      Int. J. Impot. Res.
     </isoabbreviation>
    </journal>
    <articletitle>
     Relevance of methodological design for the interpretation of efficacy of drug treatment of premature ejaculation: a systematic review and meta-analysis.
    </articletitle>
    <pagination>
     <medlinepgn>
      369-81
     </medlinepgn>
    </pagination>
    <abstract>
     <abstracttext>
      The aim of this systematic review and meta-analysis is to evaluate whether the design and methodology of drug-treatment studies of premature ejaculation affect the efficacy outcome differently. Therefore, methodological, design and efficacy data from 79 studies (3034 males), published between 1943 and 2003, are reviewed. A meta-analysis is performed on 43 selective serotonin reuptake inhibitors (SSRIs) and clomipramine studies (1514 males), published between 1973 and 2003; these studies were pooled to provide a summary variance-weighted effect size. The antidepressant-induced percentage increase of the intravaginal ejaculation latency time (IELT) was calculated and examined against various methodological items. A significant difference in efficacy between SSRIs was observed. Using daily treatment, paroxetine appeared more effective than the other SSRIs. Retrospective use of a questionnaire, subjective reports, single-blind and open study designs generate far greater variability of ejaculation time both at baseline and during active drug treatment than real time assessment by stopwatch. In conclusion, at daily treatment, the overall efficacy of paroxetine, clomipramine, sertraline and fluoxetine is comparable, but paroxetine exerts the strongest ejaculation delay. Only eight (18.5%) studies on antidepressant treatment fulfilled all criteria used in evidence-based medicine, for example, randomised, double-blind studies with prospective real time (stopwatch) assessment of the IELT at each intercourse. Single-blind studies, open designs, retrospective reporting, or the use of a questionnaire to assess ejaculation time should be avoided.
     </abstracttext>
    </abstract>
    <affiliation>
     Department of Psychiatry and Neurosexology, Leyenburg Hospital, The Hague, The Netherlands. md@waldinger.demon.nl
    </affiliation>
    <authorlist completeyn="Y">
     <author validyn="Y">
      <lastname>
       Waldinger
      </lastname>
      <forename>
       M D
      </forename>
      <initials>
       MD
      </initials>
     </author>
     <author validyn="Y">
      <lastname>
       Zwinderman
      </lastname>
      <forename>
       A H
      </forename>
      <initials>
       AH
      </initials>
     </author>
     <author validyn="Y">
      <lastname>
       Schweitzer
      </lastname>
      <forename>
       D H
      </forename>
      <initials>
       DH
      </initials>
     </author>
     <author validyn="Y">
      <lastname>
       Olivier
      </lastname>
      <forename>
       B
      </forename>
      <initials>
       B
      </initials>
     </author>
    </authorlist>
    <language>
     eng
    </language>
    <publicationtypelist>
     <publicationtype>
      Journal Article
     </publicationtype>
     <publicationtype>
      Meta-Analysis
     </publicationtype>
     <publicationtype>
      Review
     </publicationtype>
    </publicationtypelist>
   </article>
   <medlinejournalinfo>
    <country>
     England
    </country>
    <medlineta>
     Int J Impot Res
    </medlineta>
    <nlmuniqueid>
     9007383
    </nlmuniqueid>
    <issnlinking>
     0955-9930
    </issnlinking>
   </medlinejournalinfo>
   <chemicallist>
    <chemical>
     <registrynumber>
      0
     </registrynumber>
     <nameofsubstance>
      Antidepressive Agents, Tricyclic
     </nameofsubstance>
    </chemical>
    <chemical>
     <registrynumber>
      0
     </registrynumber>
     <nameofsubstance>
      Serotonin Uptake Inhibitors
     </nameofsubstance>
    </chemical>
    <chemical>
     <registrynumber>
      0
     </registrynumber>
     <nameofsubstance>
      Sympatholytics
     </nameofsubstance>
    </chemical>
    <chemical>
     <registrynumber>
      303-49-1
     </registrynumber>
     <nameofsubstance>
      Clomipramine
     </nameofsubstance>
    </chemical>
    <chemical>
     <registrynumber>
      61869-08-7
     </registrynumber>
     <nameofsubstance>
      Paroxetine
     </nameofsubstance>
    </chemical>
   </chemicallist>
   <citationsubset>
    IM
   </citationsubset>
   <meshheadinglist>
    <meshheading>
     <descriptorname majortopicyn="N">
      Adult
     </descriptorname>
    </meshheading>
    <meshheading>
     <descriptorname majortopicyn="N">
      Antidepressive Agents, Tricyclic
     </descriptorname>
     <qualifiername majortopicyn="N">
      therapeutic use
     </qualifiername>
    </meshheading>
    <meshheading>
     <descriptorname majortopicyn="N">
      Clomipramine
     </descriptorname>
     <qualifiername majortopicyn="N">
      therapeutic use
     </qualifiername>
    </meshheading>
    <meshheading>
     <descriptorname majortopicyn="N">
      Dose-Response Relationship, Drug
     </descriptorname>
    </meshheading>
    <meshheading>
     <descriptorname majortopicyn="N">
      Double-Blind Method
     </descriptorname>
    </meshheading>
    <meshheading>
     <descriptorname majortopicyn="Y">
      Ejaculation
     </descriptorname>
    </meshheading>
    <meshheading>
     <descriptorname majortopicyn="N">
      Humans
     </descriptorname>
    </meshheading>
    <meshheading>
     <descriptorname majortopicyn="N">
      Male
     </descriptorname>
    </meshheading>
    <meshheading>
     <descriptorname majortopicyn="N">
      Paroxetine
     </descriptorname>
     <qualifiername majortopicyn="N">
      therapeutic use
     </qualifiername>
    </meshheading>
    <meshheading>
     <descriptorname majortopicyn="N">
      Questionnaires
     </descriptorname>
    </meshheading>
    <meshheading>
     <descriptorname majortopicyn="N">
      Randomized Controlled Trials as Topic
     </descriptorname>
    </meshheading>
    <meshheading>
     <descriptorname majortopicyn="N">
      Research Design
     </descriptorname>
    </meshheading>
    <meshheading>
     <descriptorname majortopicyn="N">
      Retrospective Studies
     </descriptorname>
    </meshheading>
    <meshheading>
     <descriptorname majortopicyn="N">
      Serotonin Uptake Inhibitors
     </descriptorname>
     <qualifiername majortopicyn="N">
      therapeutic use
     </qualifiername>
    </meshheading>
    <meshheading>
     <descriptorname majortopicyn="N">
      Sexual Dysfunction, Physiological
     </descriptorname>
     <qualifiername majortopicyn="Y">
      drug therapy
     </qualifiername>
    </meshheading>
    <meshheading>
     <descriptorname majortopicyn="N">
      Single-Blind Method
     </descriptorname>
    </meshheading>
    <meshheading>
     <descriptorname majortopicyn="N">
      Sympatholytics
     </descriptorname>
     <qualifiername majortopicyn="N">
      therapeutic use
     </qualifiername>
    </meshheading>
   </meshheadinglist>
   <numberofreferences>
    93
   </numberofreferences>
  </medlinecitation>
  <pubmeddata>
   <history>
    <pubmedpubdate pubstatus="pubmed">
     <year>
      2004
     </year>
     <month>
      2
     </month>
     <day>
      13
     </day>
     <hour>
      5
     </hour>
     <minute>
      0
     </minute>
    </pubmedpubdate>
    <pubmedpubdate pubstatus="medline">
     <year>
      2005
     </year>
     <month>
      2
     </month>
     <day>
      16
     </day>
     <hour>
      9
     </hour>
     <minute>
      0
     </minute>
    </pubmedpubdate>
    <pubmedpubdate pubstatus="entrez">
     <year>
      2004
     </year>
     <month>
      2
     </month>
     <day>
      13
     </day>
     <hour>
      5
     </hour>
     <minute>
      0
     </minute>
    </pubmedpubdate>
   </history>
   <publicationstatus>
    ppublish
   </publicationstatus>
   <articleidlist>
    <articleid idtype="pubmed">
     14961051
    </articleid>
    <articleid idtype="doi">
     10.1038/sj.ijir.3901172
    </articleid>
    <articleid idtype="pii">
     3901172
    </articleid>
   </articleidlist>
  </pubmeddata>
 </pubmedarticle>
</pubmedarticleset>

