<?xml version='1.0' encoding='utf-8'?>
<!DOCTYPE PubmedArticleSet PUBLIC "-//NLM//DTD PubMedArticle, 1st January 2011//EN" "http://www.ncbi.nlm.nih.gov/entrez/query/DTD/pubmed_110101.dtd">
<pubmedarticleset>
 <pubmedarticle>
  <medlinecitation owner="NLM" status="MEDLINE">
   <pmid version="1">
    14973954
   </pmid>
   <datecreated>
    <year>
     2004
    </year>
    <month>
     02
    </month>
    <day>
     19
    </day>
   </datecreated>
   <datecompleted>
    <year>
     2004
    </year>
    <month>
     06
    </month>
    <day>
     29
    </day>
   </datecompleted>
   <daterevised>
    <year>
     2007
    </year>
    <month>
     11
    </month>
    <day>
     15
    </day>
   </daterevised>
   <article pubmodel="Print">
    <journal>
     <issn issntype="Electronic">
      1469-493X
     </issn>
     <journalissue citedmedium="Internet">
      <issue>
       1
      </issue>
      <pubdate>
       <year>
        2004
       </year>
      </pubdate>
     </journalissue>
     <title>
      Cochrane database of systematic reviews (Online)
     </title>
     <isoabbreviation>
      Cochrane Database Syst Rev
     </isoabbreviation>
    </journal>
    <articletitle>
     Homeopathy for chronic asthma.
    </articletitle>
    <pagination>
     <medlinepgn>
      CD000353
     </medlinepgn>
    </pagination>
    <abstract>
     <abstracttext label="BACKGROUND" nlmcategory="BACKGROUND">
      Homeopathy involves the use, in dilution, of substances which cause symptoms in their undiluted form. It is one of the most widespread forms of complementary medicines and is also used to treat asthma.
     </abstracttext>
     <abstracttext label="OBJECTIVES" nlmcategory="OBJECTIVE">
      The objective of this review was to assess the effects of homeopathy in people with chronic stable asthma.
     </abstracttext>
     <abstracttext label="SEARCH STRATEGY" nlmcategory="METHODS">
      We searched the Cochrane Airways Group trials register, the Cochrane Complementary Medicine Field trials register, the Glasgow Homeopathic Hospital database, the Münchener Modell database and reference lists of articles. Searches were current as of August 2003.
     </abstracttext>
     <abstracttext label="SELECTION CRITERIA" nlmcategory="METHODS">
      Randomised trials of homeopathy for the treatment of stable chronic asthma, with observation periods of at least one week were included.
     </abstracttext>
     <abstracttext label="DATA COLLECTION AND ANALYSIS" nlmcategory="METHODS">
      Data extraction was undertaken by two reviewers. Trial quality was assessed by the reviewers.
     </abstracttext>
     <abstracttext label="MAIN RESULTS" nlmcategory="RESULTS">
      Six trials with a total of 556 people were included. These trials were all placebo-controlled and double-blind, but of variable quality. They used different homeopathic treatments which precluded quantitative pooling of results for the primary outcome. Standardised treatments in these trials are unlikely to represent common homeopathic practice, where treatment tends to be individualised. No trial reported a significant difference on validated symptom scales. There were conflicting results in terms of lung function between the studies. There has been only a limited attempt to measure a 'package of care' effect (i.e., the effect of the medication as well as the consultation, which is considered a vital part of individualised homeopathic practice).
     </abstracttext>
     <abstracttext label="REVIEWER'S CONCLUSIONS" nlmcategory="CONCLUSIONS">
      There is not enough evidence to reliably assess the possible role of homeopathy in asthma. As well as randomised trials, there is a need for observational data to document the different methods of homeopathic prescribing and how patients respond. This will help to establish to what extent people respond to a 'package of care' rather than the homeopathic intervention alone.
     </abstracttext>
    </abstract>
    <affiliation>
     Department of Psychological Medicine, Imperial College London, Room 4.06, Paterson Centre, 20 South Wharf Road, London, UK, W2 1PD.
    </affiliation>
    <authorlist completeyn="Y">
     <author validyn="Y">
      <lastname>
       McCarney
      </lastname>
      <forename>
       R W
      </forename>
      <initials>
       RW
      </initials>
     </author>
     <author validyn="Y">
      <lastname>
       Linde
      </lastname>
      <forename>
       K
      </forename>
      <initials>
       K
      </initials>
     </author>
     <author validyn="Y">
      <lastname>
       Lasserson
      </lastname>
      <forename>
       T J
      </forename>
      <initials>
       TJ
      </initials>
     </author>
    </authorlist>
    <language>
     eng
    </language>
    <publicationtypelist>
     <publicationtype>
      Journal Article
     </publicationtype>
     <publicationtype>
      Review
     </publicationtype>
    </publicationtypelist>
   </article>
   <medlinejournalinfo>
    <country>
     England
    </country>
    <medlineta>
     Cochrane Database Syst Rev
    </medlineta>
    <nlmuniqueid>
     100909747
    </nlmuniqueid>
    <issnlinking>
     1361-6137
    </issnlinking>
   </medlinejournalinfo>
   <citationsubset>
    IM
   </citationsubset>
   <commentscorrectionslist>
    <commentscorrections reftype="UpdateOf">
     <refsource>
      Cochrane Database Syst Rev. 2000;(2):CD000353
     </refsource>
     <pmid version="1">
      10796532
     </pmid>
    </commentscorrections>
   </commentscorrectionslist>
   <meshheadinglist>
    <meshheading>
     <descriptorname majortopicyn="N">
      Asthma
     </descriptorname>
     <qualifiername majortopicyn="N">
      drug therapy
     </qualifiername>
     <qualifiername majortopicyn="Y">
      therapy
     </qualifiername>
    </meshheading>
    <meshheading>
     <descriptorname majortopicyn="N">
      Chronic Disease
     </descriptorname>
    </meshheading>
    <meshheading>
     <descriptorname majortopicyn="Y">
      Homeopathy
     </descriptorname>
    </meshheading>
    <meshheading>
     <descriptorname majortopicyn="N">
      Humans
     </descriptorname>
    </meshheading>
    <meshheading>
     <descriptorname majortopicyn="N">
      Randomized Controlled Trials as Topic
     </descriptorname>
    </meshheading>
   </meshheadinglist>
   <numberofreferences>
    23
   </numberofreferences>
  </medlinecitation>
  <pubmeddata>
   <history>
    <pubmedpubdate pubstatus="pubmed">
     <year>
      2004
     </year>
     <month>
      2
     </month>
     <day>
      20
     </day>
     <hour>
      5
     </hour>
     <minute>
      0
     </minute>
    </pubmedpubdate>
    <pubmedpubdate pubstatus="medline">
     <year>
      2004
     </year>
     <month>
      6
     </month>
     <day>
      30
     </day>
     <hour>
      5
     </hour>
     <minute>
      0
     </minute>
    </pubmedpubdate>
    <pubmedpubdate pubstatus="entrez">
     <year>
      2004
     </year>
     <month>
      2
     </month>
     <day>
      20
     </day>
     <hour>
      5
     </hour>
     <minute>
      0
     </minute>
    </pubmedpubdate>
   </history>
   <publicationstatus>
    ppublish
   </publicationstatus>
   <articleidlist>
    <articleid idtype="pubmed">
     14973954
    </articleid>
    <articleid idtype="doi">
     10.1002/14651858.CD000353.pub2
    </articleid>
   </articleidlist>
  </pubmeddata>
 </pubmedarticle>
</pubmedarticleset>

