<?xml version='1.0' encoding='utf-8'?>
<!DOCTYPE PubmedArticleSet PUBLIC "-//NLM//DTD PubMedArticle, 1st January 2011//EN" "http://www.ncbi.nlm.nih.gov/entrez/query/DTD/pubmed_110101.dtd">
<pubmedarticleset>
 <pubmedarticle>
  <medlinecitation owner="NLM" status="MEDLINE">
   <pmid version="1">
    15072869
   </pmid>
   <datecreated>
    <year>
     2004
    </year>
    <month>
     04
    </month>
    <day>
     09
    </day>
   </datecreated>
   <datecompleted>
    <year>
     2004
    </year>
    <month>
     07
    </month>
    <day>
     29
    </day>
   </datecompleted>
   <daterevised>
    <year>
     2007
    </year>
    <month>
     11
    </month>
    <day>
     15
    </day>
   </daterevised>
   <article pubmodel="Print">
    <journal>
     <issn issntype="Electronic">
      1527-9995
     </issn>
     <journalissue citedmedium="Internet">
      <volume>
       63
      </volume>
      <issue>
       4
      </issue>
      <pubdate>
       <year>
        2004
       </year>
       <month>
        Apr
       </month>
      </pubdate>
     </journalissue>
     <title>
      Urology
     </title>
     <isoabbreviation>
      Urology
     </isoabbreviation>
    </journal>
    <articletitle>
     Carnitine versus androgen administration in the treatment of sexual dysfunction, depressed mood, and fatigue associated with male aging.
    </articletitle>
    <pagination>
     <medlinepgn>
      641-6
     </medlinepgn>
    </pagination>
    <abstract>
     <abstracttext label="OBJECTIVES" nlmcategory="OBJECTIVE">
      To To compare testosterone undecanoate versus propionyl-L-carnitine plus acetyl-L-carnitine and placebo in the treatment of male aging symptoms.
     </abstracttext>
     <abstracttext label="METHODS" nlmcategory="METHODS">
      A total of 120 patients were randomized into three groups. The mean patient age was 66 years (range 60 to 74). Group 1 was given testosterone undecanoate 160 mg/day, the second group was given propionyl-L-carnitine 2 g/day plus acetyl-L-carnitine 2 g/day. The third group was given a placebo (starch). Drugs and placebo were given for 6 months. The assessed variables were total prostate-specific antigen, prostate volume, peak systolic velocity, end-diastolic velocity, resistive index of cavernosal penile arteries, nocturnal penile tumescence, total and free testosterone, prolactin, luteinizing hormone, International Index of Erectile Function score, Depression Melancholia Scale score, fatigue scale score, and incidence of side effects. The assessment was performed at intervals before, during, and after therapy.
     </abstracttext>
     <abstracttext label="RESULTS" nlmcategory="RESULTS">
      Testosterone and carnitines significantly improved the peak systolic velocity, end-diastolic velocity, resistive index, nocturnal penile tumescence, International Index of Erectile Function score, Depression Melancholia Scale score, and fatigue scale score. Carnitines proved significantly more active than testosterone in improving nocturnal penile tumescence and International Index of Erectile Function score. Testosterone significantly increased the prostate volume and free and total testosterone levels and significantly lowered serum luteinizing hormone; carnitines did not. No drug significantly modified prostate-specific antigen or prolactin. Carnitines and testosterone proved effective for as long as they were administered, with suspension provoking a reversal to baseline values. Only the group 1 prostate volume proved significantly greater than baseline 6 months after testosterone suspension. Placebo administration proved ineffective. Negligible side effects emerged.
     </abstracttext>
     <abstracttext label="CONCLUSIONS" nlmcategory="CONCLUSIONS">
      Testosterone and, especially, carnitines proved to be active drugs for the therapy of symptoms associated with male aging.
     </abstracttext>
    </abstract>
    <affiliation>
     Andrological Operative Unit, Headquarters of Società Italiana di Studi di Medicina della Riproduzione, Bologna, Italy.
    </affiliation>
    <authorlist completeyn="Y">
     <author validyn="Y">
      <lastname>
       Cavallini
      </lastname>
      <forename>
       G
      </forename>
      <initials>
       G
      </initials>
     </author>
     <author validyn="Y">
      <lastname>
       Caracciolo
      </lastname>
      <forename>
       S
      </forename>
      <initials>
       S
      </initials>
     </author>
     <author validyn="Y">
      <lastname>
       Vitali
      </lastname>
      <forename>
       G
      </forename>
      <initials>
       G
      </initials>
     </author>
     <author validyn="Y">
      <lastname>
       Modenini
      </lastname>
      <forename>
       F
      </forename>
      <initials>
       F
      </initials>
     </author>
     <author validyn="Y">
      <lastname>
       Biagiotti
      </lastname>
      <forename>
       G
      </forename>
      <initials>
       G
      </initials>
     </author>
    </authorlist>
    <language>
     eng
    </language>
    <publicationtypelist>
     <publicationtype>
      Clinical Trial
     </publicationtype>
     <publicationtype>
      Comparative Study
     </publicationtype>
     <publicationtype>
      Journal Article
     </publicationtype>
     <publicationtype>
      Randomized Controlled Trial
     </publicationtype>
    </publicationtypelist>
   </article>
   <medlinejournalinfo>
    <country>
     United States
    </country>
    <medlineta>
     Urology
    </medlineta>
    <nlmuniqueid>
     0366151
    </nlmuniqueid>
    <issnlinking>
     0090-4295
    </issnlinking>
   </medlinejournalinfo>
   <chemicallist>
    <chemical>
     <registrynumber>
      0
     </registrynumber>
     <nameofsubstance>
      Placebos
     </nameofsubstance>
    </chemical>
    <chemical>
     <registrynumber>
      0
     </registrynumber>
     <nameofsubstance>
      Testosterone Congeners
     </nameofsubstance>
    </chemical>
    <chemical>
     <registrynumber>
      541-15-1
     </registrynumber>
     <nameofsubstance>
      Carnitine
     </nameofsubstance>
    </chemical>
    <chemical>
     <registrynumber>
      58-22-0
     </registrynumber>
     <nameofsubstance>
      Testosterone
     </nameofsubstance>
    </chemical>
    <chemical>
     <registrynumber>
      5949-44-0
     </registrynumber>
     <nameofsubstance>
      testosterone undecanoate
     </nameofsubstance>
    </chemical>
    <chemical>
     <registrynumber>
      EC 3.4.21.77
     </registrynumber>
     <nameofsubstance>
      Prostate-Specific Antigen
     </nameofsubstance>
    </chemical>
   </chemicallist>
   <citationsubset>
    IM
   </citationsubset>
   <meshheadinglist>
    <meshheading>
     <descriptorname majortopicyn="N">
      Aged
     </descriptorname>
    </meshheading>
    <meshheading>
     <descriptorname majortopicyn="N">
      Aging
     </descriptorname>
     <qualifiername majortopicyn="N">
      physiology
     </qualifiername>
     <qualifiername majortopicyn="N">
      psychology
     </qualifiername>
    </meshheading>
    <meshheading>
     <descriptorname majortopicyn="N">
      Carnitine
     </descriptorname>
     <qualifiername majortopicyn="N">
      pharmacology
     </qualifiername>
     <qualifiername majortopicyn="Y">
      therapeutic use
     </qualifiername>
    </meshheading>
    <meshheading>
     <descriptorname majortopicyn="N">
      Climacteric
     </descriptorname>
     <qualifiername majortopicyn="N">
      blood
     </qualifiername>
     <qualifiername majortopicyn="Y">
      drug effects
     </qualifiername>
     <qualifiername majortopicyn="N">
      physiology
     </qualifiername>
    </meshheading>
    <meshheading>
     <descriptorname majortopicyn="N">
      Depression
     </descriptorname>
     <qualifiername majortopicyn="N">
      blood
     </qualifiername>
     <qualifiername majortopicyn="Y">
      drug therapy
     </qualifiername>
     <qualifiername majortopicyn="N">
      psychology
     </qualifiername>
    </meshheading>
    <meshheading>
     <descriptorname majortopicyn="N">
      Drug Therapy, Combination
     </descriptorname>
    </meshheading>
    <meshheading>
     <descriptorname majortopicyn="N">
      Erectile Dysfunction
     </descriptorname>
     <qualifiername majortopicyn="N">
      blood
     </qualifiername>
     <qualifiername majortopicyn="Y">
      drug therapy
     </qualifiername>
     <qualifiername majortopicyn="N">
      physiopathology
     </qualifiername>
    </meshheading>
    <meshheading>
     <descriptorname majortopicyn="N">
      Fatigue
     </descriptorname>
     <qualifiername majortopicyn="N">
      blood
     </qualifiername>
     <qualifiername majortopicyn="Y">
      drug therapy
     </qualifiername>
     <qualifiername majortopicyn="N">
      psychology
     </qualifiername>
    </meshheading>
    <meshheading>
     <descriptorname majortopicyn="N">
      Humans
     </descriptorname>
    </meshheading>
    <meshheading>
     <descriptorname majortopicyn="N">
      Male
     </descriptorname>
    </meshheading>
    <meshheading>
     <descriptorname majortopicyn="N">
      Middle Aged
     </descriptorname>
    </meshheading>
    <meshheading>
     <descriptorname majortopicyn="N">
      Placebos
     </descriptorname>
    </meshheading>
    <meshheading>
     <descriptorname majortopicyn="N">
      Prostate
     </descriptorname>
     <qualifiername majortopicyn="N">
      anatomy &amp; histology
     </qualifiername>
     <qualifiername majortopicyn="N">
      drug effects
     </qualifiername>
    </meshheading>
    <meshheading>
     <descriptorname majortopicyn="N">
      Prostate-Specific Antigen
     </descriptorname>
     <qualifiername majortopicyn="N">
      blood
     </qualifiername>
    </meshheading>
    <meshheading>
     <descriptorname majortopicyn="N">
      Testosterone
     </descriptorname>
     <qualifiername majortopicyn="Y">
      analogs &amp; derivatives
     </qualifiername>
     <qualifiername majortopicyn="N">
      blood
     </qualifiername>
     <qualifiername majortopicyn="N">
      pharmacology
     </qualifiername>
     <qualifiername majortopicyn="Y">
      therapeutic use
     </qualifiername>
    </meshheading>
    <meshheading>
     <descriptorname majortopicyn="N">
      Testosterone Congeners
     </descriptorname>
     <qualifiername majortopicyn="N">
      pharmacology
     </qualifiername>
     <qualifiername majortopicyn="Y">
      therapeutic use
     </qualifiername>
    </meshheading>
    <meshheading>
     <descriptorname majortopicyn="N">
      Treatment Outcome
     </descriptorname>
    </meshheading>
   </meshheadinglist>
  </medlinecitation>
  <pubmeddata>
   <history>
    <pubmedpubdate pubstatus="pubmed">
     <year>
      2004
     </year>
     <month>
      4
     </month>
     <day>
      10
     </day>
     <hour>
      5
     </hour>
     <minute>
      0
     </minute>
    </pubmedpubdate>
    <pubmedpubdate pubstatus="medline">
     <year>
      2004
     </year>
     <month>
      7
     </month>
     <day>
      30
     </day>
     <hour>
      5
     </hour>
     <minute>
      0
     </minute>
    </pubmedpubdate>
    <pubmedpubdate pubstatus="received">
     <year>
      2003
     </year>
     <month>
      Jul
     </month>
     <day>
      11
     </day>
    </pubmedpubdate>
    <pubmedpubdate pubstatus="accepted">
     <year>
      2003
     </year>
     <month>
      Nov
     </month>
     <day>
      3
     </day>
    </pubmedpubdate>
    <pubmedpubdate pubstatus="entrez">
     <year>
      2004
     </year>
     <month>
      4
     </month>
     <day>
      10
     </day>
     <hour>
      5
     </hour>
     <minute>
      0
     </minute>
    </pubmedpubdate>
   </history>
   <publicationstatus>
    ppublish
   </publicationstatus>
   <articleidlist>
    <articleid idtype="pubmed">
     15072869
    </articleid>
    <articleid idtype="doi">
     10.1016/j.urology.2003.11.009
    </articleid>
    <articleid idtype="pii">
     S0090429503013013
    </articleid>
   </articleidlist>
  </pubmeddata>
 </pubmedarticle>
</pubmedarticleset>

