<?xml version='1.0' encoding='utf-8'?>
<!DOCTYPE PubmedArticleSet PUBLIC "-//NLM//DTD PubMedArticle, 1st January 2011//EN" "http://www.ncbi.nlm.nih.gov/entrez/query/DTD/pubmed_110101.dtd">
<pubmedarticleset>
 <pubmedarticle>
  <medlinecitation owner="NLM" status="MEDLINE">
   <pmid version="1">
    15096072
   </pmid>
   <datecreated>
    <year>
     2004
    </year>
    <month>
     04
    </month>
    <day>
     20
    </day>
   </datecreated>
   <datecompleted>
    <year>
     2004
    </year>
    <month>
     05
    </month>
    <day>
     20
    </day>
   </datecompleted>
   <daterevised>
    <year>
     2006
    </year>
    <month>
     11
    </month>
    <day>
     15
    </day>
   </daterevised>
   <article pubmodel="Print">
    <journal>
     <issn issntype="Print">
      0160-6689
     </issn>
     <journalissue citedmedium="Print">
      <volume>
       65
      </volume>
      <issue>
       3
      </issue>
      <pubdate>
       <year>
        2004
       </year>
       <month>
        Mar
       </month>
      </pubdate>
     </journalissue>
     <title>
      The Journal of clinical psychiatry
     </title>
     <isoabbreviation>
      J Clin Psychiatry
     </isoabbreviation>
    </journal>
    <articletitle>
     Citalopram and bupropion-SR: combining versus switching in patients with treatment-resistant depression.
    </articletitle>
    <pagination>
     <medlinepgn>
      337-40
     </medlinepgn>
    </pagination>
    <abstract>
     <abstracttext label="OBJECTIVE" nlmcategory="OBJECTIVE">
      There are limited data comparing medication strategies in patients with treatment-resistant depression. In this study, we compared the effects of combining citalopram and bupropion-SR versus switching to the other monotherapy in treatment-resistant depression.
     </abstracttext>
     <abstracttext label="METHOD" nlmcategory="METHODS">
      This was a naturalistic, open-label cohort study. Patients with DSM-IV major depressive disorder who had not responded to at least 1 previous antidepressant and at least 6 weeks of treatment with citalopram or bupropion-SR were treated in a standard clinical protocol. In alternate months, eligible consecutive patients were treated by adding citalopram or bupropion-SR, or by switching to the other medication. Patients were assessed at baseline and after 6 weeks of treatment with the 29-item version of the Structured Interview Guide for the Hamilton Depression Rating Scale, Seasonal Affective Disorders Version (SIGH-SAD).
     </abstracttext>
     <abstracttext label="RESULTS" nlmcategory="RESULTS">
      A total of 61 patients completed the study: 32 in the combination condition and 29 in the monotherapy switch condition. The combination condition was superior to the monotherapy switch in the SIGH-SAD change score (-14.8 vs. -10.1, respectively, p &lt;.04) and the proportion of patients in clinical remission (28% vs. 7%, p &lt;.05). There were no differences in the proportion of patients who had side effects or in the severity of the side effects experienced.
     </abstracttext>
     <abstracttext label="CONCLUSION" nlmcategory="CONCLUSIONS">
      The results of this cohort study suggest that combining citalopram and bupropion-SR is more effective than switching to a monotherapy. Combination treatment was well tolerated with no greater side effect burden than monotherapy. Limitations of this study include the nonrandomized design, open-label treatment, and small sample size.
     </abstracttext>
    </abstract>
    <affiliation>
     Division of Clinical Neuroscience, Department of Psychiatry, University of British Columbia, 2255 Wesbrook Mall, Vancouver, BC, V6T 2A1 Canada. r.lam@ubc.ca
    </affiliation>
    <authorlist completeyn="Y">
     <author validyn="Y">
      <lastname>
       Lam
      </lastname>
      <forename>
       Raymond W
      </forename>
      <initials>
       RW
      </initials>
     </author>
     <author validyn="Y">
      <lastname>
       Hossie
      </lastname>
      <forename>
       Helen
      </forename>
      <initials>
       H
      </initials>
     </author>
     <author validyn="Y">
      <lastname>
       Solomons
      </lastname>
      <forename>
       Kevin
      </forename>
      <initials>
       K
      </initials>
     </author>
     <author validyn="Y">
      <lastname>
       Yatham
      </lastname>
      <forename>
       Lakshmi N
      </forename>
      <initials>
       LN
      </initials>
     </author>
    </authorlist>
    <language>
     eng
    </language>
    <publicationtypelist>
     <publicationtype>
      Clinical Trial
     </publicationtype>
     <publicationtype>
      Journal Article
     </publicationtype>
     <publicationtype>
      Research Support, Non-U.S. Gov't
     </publicationtype>
    </publicationtypelist>
   </article>
   <medlinejournalinfo>
    <country>
     United States
    </country>
    <medlineta>
     J Clin Psychiatry
    </medlineta>
    <nlmuniqueid>
     7801243
    </nlmuniqueid>
    <issnlinking>
     0160-6689
    </issnlinking>
   </medlinejournalinfo>
   <chemicallist>
    <chemical>
     <registrynumber>
      0
     </registrynumber>
     <nameofsubstance>
      Antidepressive Agents
     </nameofsubstance>
    </chemical>
    <chemical>
     <registrynumber>
      0
     </registrynumber>
     <nameofsubstance>
      Delayed-Action Preparations
     </nameofsubstance>
    </chemical>
    <chemical>
     <registrynumber>
      0
     </registrynumber>
     <nameofsubstance>
      Serotonin Uptake Inhibitors
     </nameofsubstance>
    </chemical>
    <chemical>
     <registrynumber>
      34841-39-9
     </registrynumber>
     <nameofsubstance>
      Bupropion
     </nameofsubstance>
    </chemical>
    <chemical>
     <registrynumber>
      59729-33-8
     </registrynumber>
     <nameofsubstance>
      Citalopram
     </nameofsubstance>
    </chemical>
   </chemicallist>
   <citationsubset>
    IM
   </citationsubset>
   <meshheadinglist>
    <meshheading>
     <descriptorname majortopicyn="N">
      Adult
     </descriptorname>
    </meshheading>
    <meshheading>
     <descriptorname majortopicyn="N">
      Antidepressive Agents
     </descriptorname>
     <qualifiername majortopicyn="N">
      administration &amp; dosage
     </qualifiername>
     <qualifiername majortopicyn="N">
      pharmacokinetics
     </qualifiername>
     <qualifiername majortopicyn="Y">
      therapeutic use
     </qualifiername>
    </meshheading>
    <meshheading>
     <descriptorname majortopicyn="N">
      Bupropion
     </descriptorname>
     <qualifiername majortopicyn="N">
      administration &amp; dosage
     </qualifiername>
     <qualifiername majortopicyn="Y">
      therapeutic use
     </qualifiername>
    </meshheading>
    <meshheading>
     <descriptorname majortopicyn="N">
      Citalopram
     </descriptorname>
     <qualifiername majortopicyn="N">
      administration &amp; dosage
     </qualifiername>
     <qualifiername majortopicyn="Y">
      therapeutic use
     </qualifiername>
    </meshheading>
    <meshheading>
     <descriptorname majortopicyn="N">
      Cohort Studies
     </descriptorname>
    </meshheading>
    <meshheading>
     <descriptorname majortopicyn="N">
      Delayed-Action Preparations
     </descriptorname>
    </meshheading>
    <meshheading>
     <descriptorname majortopicyn="N">
      Depressive Disorder, Major
     </descriptorname>
     <qualifiername majortopicyn="N">
      diagnosis
     </qualifiername>
     <qualifiername majortopicyn="Y">
      drug therapy
     </qualifiername>
    </meshheading>
    <meshheading>
     <descriptorname majortopicyn="N">
      Diagnostic and Statistical Manual of Mental Disorders
     </descriptorname>
    </meshheading>
    <meshheading>
     <descriptorname majortopicyn="N">
      Drug Resistance
     </descriptorname>
    </meshheading>
    <meshheading>
     <descriptorname majortopicyn="N">
      Drug Therapy, Combination
     </descriptorname>
    </meshheading>
    <meshheading>
     <descriptorname majortopicyn="N">
      Female
     </descriptorname>
    </meshheading>
    <meshheading>
     <descriptorname majortopicyn="N">
      Humans
     </descriptorname>
    </meshheading>
    <meshheading>
     <descriptorname majortopicyn="N">
      Male
     </descriptorname>
    </meshheading>
    <meshheading>
     <descriptorname majortopicyn="N">
      Questionnaires
     </descriptorname>
    </meshheading>
    <meshheading>
     <descriptorname majortopicyn="N">
      Serotonin Uptake Inhibitors
     </descriptorname>
     <qualifiername majortopicyn="N">
      administration &amp; dosage
     </qualifiername>
     <qualifiername majortopicyn="Y">
      therapeutic use
     </qualifiername>
    </meshheading>
   </meshheadinglist>
  </medlinecitation>
  <pubmeddata>
   <history>
    <pubmedpubdate pubstatus="pubmed">
     <year>
      2004
     </year>
     <month>
      4
     </month>
     <day>
      21
     </day>
     <hour>
      5
     </hour>
     <minute>
      0
     </minute>
    </pubmedpubdate>
    <pubmedpubdate pubstatus="medline">
     <year>
      2004
     </year>
     <month>
      5
     </month>
     <day>
      21
     </day>
     <hour>
      5
     </hour>
     <minute>
      0
     </minute>
    </pubmedpubdate>
    <pubmedpubdate pubstatus="entrez">
     <year>
      2004
     </year>
     <month>
      4
     </month>
     <day>
      21
     </day>
     <hour>
      5
     </hour>
     <minute>
      0
     </minute>
    </pubmedpubdate>
   </history>
   <publicationstatus>
    ppublish
   </publicationstatus>
   <articleidlist>
    <articleid idtype="pubmed">
     15096072
    </articleid>
   </articleidlist>
  </pubmeddata>
 </pubmedarticle>
</pubmedarticleset>

