<?xml version='1.0' encoding='utf-8'?>
<!DOCTYPE PubmedArticleSet PUBLIC "-//NLM//DTD PubMedArticle, 1st January 2011//EN" "http://www.ncbi.nlm.nih.gov/entrez/query/DTD/pubmed_110101.dtd">
<pubmedarticleset>
 <pubmedarticle>
  <medlinecitation owner="NLM" status="MEDLINE">
   <pmid version="1">
    15106262
   </pmid>
   <datecreated>
    <year>
     2004
    </year>
    <month>
     04
    </month>
    <day>
     23
    </day>
   </datecreated>
   <datecompleted>
    <year>
     2004
    </year>
    <month>
     08
    </month>
    <day>
     17
    </day>
   </datecompleted>
   <daterevised>
    <year>
     2007
    </year>
    <month>
     11
    </month>
    <day>
     15
    </day>
   </daterevised>
   <article pubmodel="Print">
    <journal>
     <issn issntype="Electronic">
      1469-493X
     </issn>
     <journalissue citedmedium="Internet">
      <issue>
       2
      </issue>
      <pubdate>
       <year>
        2004
       </year>
      </pubdate>
     </journalissue>
     <title>
      Cochrane database of systematic reviews (Online)
     </title>
     <isoabbreviation>
      Cochrane Database Syst Rev
     </isoabbreviation>
    </journal>
    <articletitle>
     Interventions for improving adherence to treatment in patients with high blood pressure in ambulatory settings.
    </articletitle>
    <pagination>
     <medlinepgn>
      CD004804
     </medlinepgn>
    </pagination>
    <abstract>
     <abstracttext label="BACKGROUND" nlmcategory="BACKGROUND">
      Lack of adherence to blood pressure lowering medication is a major reason for poor control of hypertension worldwide. Interventions to improve adherence to antihypertensive medication have been evaluated in randomised trials but it is unclear which interventions are effective.
     </abstracttext>
     <abstracttext label="OBJECTIVES" nlmcategory="OBJECTIVE">
      To determine the effectiveness of interventions aiming to increase adherence to blood pressure lowering medication in adults with high blood pressure
     </abstracttext>
     <abstracttext label="SEARCH STRATEGY" nlmcategory="METHODS">
      All-language search of all articles (any year) in the Cochrane Controlled Trials Register (CCTR), MEDLINE, EMBASE, and CINAHL in April 2002.
     </abstracttext>
     <abstracttext label="SELECTION CRITERIA" nlmcategory="METHODS">
      RCTs of interventions to increase adherence to blood pressure lowering medication in adults with essential hypertension in primary care, with adherence to medication and blood pressure control as outcomes
     </abstracttext>
     <abstracttext label="DATA COLLECTION AND ANALYSIS" nlmcategory="METHODS">
      Two authors extracted data independently and in duplicate and assessed each study according to the criteria outlined by the Cochrane Collaboration Handbook.
     </abstracttext>
     <abstracttext label="MAIN RESULTS" nlmcategory="RESULTS">
      We included 38 studies testing 58 different interventions and containing data on 15519 patients. The studies were conducted in nine countries between 1975 and 2000. The duration of follow-up ranged from two to 60 months. Due to heterogeneity between studies in terms of interventions and the methods used to measure adherence, we did not pool the results. Simplifying dosing regimens increased adherence in seven out of nine studies, with a relative increase in adherence of 8 per cent to 19.6 per cent. Motivational strategies were successful in 10 out of 24 studies with generally small increases in adherence up to a maximum of 23 per cent. Complex interventions involving more than one technique increased adherence in eight out of 18 studies, ranging from 5 per cent to a maximum of 41 per cent. Patient education alone seemed largely unsuccessful.
     </abstracttext>
     <abstracttext label="REVIEWERS' CONCLUSIONS" nlmcategory="CONCLUSIONS">
      Reducing the number of daily doses appears to be effective in increasing adherence to blood pressure lowering medication and should be tried as a first line strategy, although there is less evidence of an effect on blood pressure reduction. Some motivational strategies and complex interventions appear promising, but we need more evidence on their effect through carefully designed RCTs.
     </abstracttext>
    </abstract>
    <affiliation>
     Division of Primary Health Care, University of Bristol, Cotham House, Cotham Hill, Bristol, Avon, UK, BS6 6JL.
    </affiliation>
    <authorlist completeyn="Y">
     <author validyn="Y">
      <lastname>
       Schroeder
      </lastname>
      <forename>
       K
      </forename>
      <initials>
       K
      </initials>
     </author>
     <author validyn="Y">
      <lastname>
       Fahey
      </lastname>
      <forename>
       T
      </forename>
      <initials>
       T
      </initials>
     </author>
     <author validyn="Y">
      <lastname>
       Ebrahim
      </lastname>
      <forename>
       S
      </forename>
      <initials>
       S
      </initials>
     </author>
    </authorlist>
    <language>
     eng
    </language>
    <publicationtypelist>
     <publicationtype>
      Journal Article
     </publicationtype>
     <publicationtype>
      Review
     </publicationtype>
    </publicationtypelist>
   </article>
   <medlinejournalinfo>
    <country>
     England
    </country>
    <medlineta>
     Cochrane Database Syst Rev
    </medlineta>
    <nlmuniqueid>
     100909747
    </nlmuniqueid>
    <issnlinking>
     1361-6137
    </issnlinking>
   </medlinejournalinfo>
   <chemicallist>
    <chemical>
     <registrynumber>
      0
     </registrynumber>
     <nameofsubstance>
      Antihypertensive Agents
     </nameofsubstance>
    </chemical>
   </chemicallist>
   <citationsubset>
    IM
   </citationsubset>
   <commentscorrectionslist>
    <commentscorrections reftype="CommentIn">
     <refsource>
      Evid Based Nurs. 2004 Oct;7(4):110
     </refsource>
     <pmid version="1">
      15487088
     </pmid>
    </commentscorrections>
   </commentscorrectionslist>
   <meshheadinglist>
    <meshheading>
     <descriptorname majortopicyn="N">
      Antihypertensive Agents
     </descriptorname>
     <qualifiername majortopicyn="Y">
      administration &amp; dosage
     </qualifiername>
    </meshheading>
    <meshheading>
     <descriptorname majortopicyn="N">
      Humans
     </descriptorname>
    </meshheading>
    <meshheading>
     <descriptorname majortopicyn="N">
      Hypertension
     </descriptorname>
     <qualifiername majortopicyn="Y">
      drug therapy
     </qualifiername>
     <qualifiername majortopicyn="Y">
      psychology
     </qualifiername>
    </meshheading>
    <meshheading>
     <descriptorname majortopicyn="Y">
      Patient Compliance
     </descriptorname>
    </meshheading>
    <meshheading>
     <descriptorname majortopicyn="N">
      Patient Education as Topic
     </descriptorname>
    </meshheading>
    <meshheading>
     <descriptorname majortopicyn="N">
      Randomized Controlled Trials as Topic
     </descriptorname>
    </meshheading>
   </meshheadinglist>
   <numberofreferences>
    71
   </numberofreferences>
  </medlinecitation>
  <pubmeddata>
   <history>
    <pubmedpubdate pubstatus="pubmed">
     <year>
      2004
     </year>
     <month>
      4
     </month>
     <day>
      24
     </day>
     <hour>
      5
     </hour>
     <minute>
      0
     </minute>
    </pubmedpubdate>
    <pubmedpubdate pubstatus="medline">
     <year>
      2004
     </year>
     <month>
      8
     </month>
     <day>
      18
     </day>
     <hour>
      5
     </hour>
     <minute>
      0
     </minute>
    </pubmedpubdate>
    <pubmedpubdate pubstatus="entrez">
     <year>
      2004
     </year>
     <month>
      4
     </month>
     <day>
      24
     </day>
     <hour>
      5
     </hour>
     <minute>
      0
     </minute>
    </pubmedpubdate>
   </history>
   <publicationstatus>
    ppublish
   </publicationstatus>
   <articleidlist>
    <articleid idtype="pubmed">
     15106262
    </articleid>
    <articleid idtype="doi">
     10.1002/14651858.CD004804
    </articleid>
   </articleidlist>
  </pubmeddata>
 </pubmedarticle>
</pubmedarticleset>

