<?xml version='1.0' encoding='utf-8'?>
<!DOCTYPE PubmedArticleSet PUBLIC "-//NLM//DTD PubMedArticle, 1st January 2011//EN" "http://www.ncbi.nlm.nih.gov/entrez/query/DTD/pubmed_110101.dtd">
<pubmedarticleset>
 <pubmedarticle>
  <medlinecitation owner="NLM" status="MEDLINE">
   <pmid version="1">
    15126259
   </pmid>
   <datecreated>
    <year>
     2004
    </year>
    <month>
     05
    </month>
    <day>
     05
    </day>
   </datecreated>
   <datecompleted>
    <year>
     2004
    </year>
    <month>
     05
    </month>
    <day>
     12
    </day>
   </datecompleted>
   <daterevised>
    <year>
     2007
    </year>
    <month>
     11
    </month>
    <day>
     15
    </day>
   </daterevised>
   <article pubmodel="Print">
    <journal>
     <issn issntype="Electronic">
      1539-3704
     </issn>
     <journalissue citedmedium="Internet">
      <volume>
       140
      </volume>
      <issue>
       9
      </issue>
      <pubdate>
       <year>
        2004
       </year>
       <month>
        May
       </month>
       <day>
        4
       </day>
      </pubdate>
     </journalissue>
     <title>
      Annals of internal medicine
     </title>
     <isoabbreviation>
      Ann. Intern. Med.
     </isoabbreviation>
    </journal>
    <articletitle>
     Lung cancer screening with sputum cytologic examination, chest radiography, and computed tomography: an update for the U.S. Preventive Services Task Force.
    </articletitle>
    <pagination>
     <medlinepgn>
      740-53
     </medlinepgn>
    </pagination>
    <abstract>
     <abstracttext label="BACKGROUND" nlmcategory="BACKGROUND">
      Lung cancer is the leading cause of cancer-related death in the United States and worldwide. No major professional organizations, including the U.S. Preventive Services Task Force (USPSTF), currently recommend screening for lung cancer.
     </abstracttext>
     <abstracttext label="PURPOSE" nlmcategory="OBJECTIVE">
      To examine the evidence evaluating screening for lung cancer with chest radiography, sputum cytologic examination, and low-dose computed tomography (CT) to aid the USPSTF in updating its recommendation on lung cancer screening.
     </abstracttext>
     <abstracttext label="DATA SOURCES" nlmcategory="METHODS">
      MEDLINE, the Cochrane Library, reviews, editorials, and experts.
     </abstracttext>
     <abstracttext label="STUDY SELECTION" nlmcategory="METHODS">
      Studies that evaluated mass screening programs for lung cancer involving the tests of interest were selected. All studies were reviewed, but only studies with control groups were rated in quality since these would most directly influence the USPSTF screening recommendation.
     </abstracttext>
     <abstracttext label="DATA EXTRACTION" nlmcategory="METHODS">
      Data were abstracted to data collection forms. Studies were graded according to criteria developed by the USPSTF.
     </abstracttext>
     <abstracttext label="DATA SYNTHESIS" nlmcategory="RESULTS">
      None of the 6 randomized trials of screening for lung cancer with chest radiography alone or in combination with sputum cytologic examination showed benefit among those screened. All studies were limited because some level of screening occurred in the control population. Five case-control studies from Japan suggested benefit to both high- and low-risk men and women. All studies were limited by potential healthy screenee bias. Six cohort studies showed that when CT was used to screen for lung cancer, lung cancer was diagnosed at an earlier stage than in usual clinical care. However, these studies did not have control groups, making mortality evaluation difficult. In addition, the studies demonstrated a high rate of false-positive findings.
     </abstracttext>
     <abstracttext label="CONCLUSIONS" nlmcategory="CONCLUSIONS">
      Current data do not support screening for lung cancer with any method. These data, however, are also insufficient to conclude that screening does not work, particularly in women. Two randomized trials of screening with chest radiography or low-dose CT are currently under way and will better inform lung cancer screening decisions.
     </abstracttext>
    </abstract>
    <affiliation>
     Oregon Health &amp; Science University Evidence-based Practice Center, Portland, Oregon 97239-3098, USA.
    </affiliation>
    <authorlist completeyn="Y">
     <author validyn="Y">
      <lastname>
       Humphrey
      </lastname>
      <forename>
       Linda L
      </forename>
      <initials>
       LL
      </initials>
     </author>
     <author validyn="Y">
      <lastname>
       Teutsch
      </lastname>
      <forename>
       Steven
      </forename>
      <initials>
       S
      </initials>
     </author>
     <author validyn="Y">
      <lastname>
       Johnson
      </lastname>
      <forename>
       Mark
      </forename>
      <initials>
       M
      </initials>
     </author>
     <author validyn="Y">
      <collectivename>
       U.S. Preventive Services Task Force
      </collectivename>
     </author>
    </authorlist>
    <language>
     eng
    </language>
    <grantlist completeyn="Y">
     <grant>
      <grantid>
       290-97-0018
      </grantid>
      <agency>
       PHS HHS
      </agency>
      <country>
       United States
      </country>
     </grant>
    </grantlist>
    <publicationtypelist>
     <publicationtype>
      Journal Article
     </publicationtype>
     <publicationtype>
      Research Support, U.S. Gov't, P.H.S.
     </publicationtype>
     <publicationtype>
      Review
     </publicationtype>
    </publicationtypelist>
   </article>
   <medlinejournalinfo>
    <country>
     United States
    </country>
    <medlineta>
     Ann Intern Med
    </medlineta>
    <nlmuniqueid>
     0372351
    </nlmuniqueid>
    <issnlinking>
     0003-4819
    </issnlinking>
   </medlinejournalinfo>
   <citationsubset>
    AIM
   </citationsubset>
   <citationsubset>
    IM
   </citationsubset>
   <commentscorrectionslist>
    <commentscorrections reftype="CommentIn">
     <refsource>
      Ann Intern Med. 2004 May 4;140(9):I88
     </refsource>
     <pmid version="1">
      15126274
     </pmid>
    </commentscorrections>
    <commentscorrections reftype="CommentIn">
     <refsource>
      Ann Intern Med. 2004 Oct 19;141(8):649-50
     </refsource>
     <pmid version="1">
      15492350
     </pmid>
    </commentscorrections>
   </commentscorrectionslist>
   <meshheadinglist>
    <meshheading>
     <descriptorname majortopicyn="N">
      Evidence-Based Medicine
     </descriptorname>
    </meshheading>
    <meshheading>
     <descriptorname majortopicyn="N">
      Female
     </descriptorname>
    </meshheading>
    <meshheading>
     <descriptorname majortopicyn="N">
      Humans
     </descriptorname>
    </meshheading>
    <meshheading>
     <descriptorname majortopicyn="N">
      Lung Neoplasms
     </descriptorname>
     <qualifiername majortopicyn="Y">
      diagnosis
     </qualifiername>
    </meshheading>
    <meshheading>
     <descriptorname majortopicyn="N">
      Male
     </descriptorname>
    </meshheading>
    <meshheading>
     <descriptorname majortopicyn="Y">
      Mass Screening
     </descriptorname>
    </meshheading>
    <meshheading>
     <descriptorname majortopicyn="Y">
      Radiography, Thoracic
     </descriptorname>
    </meshheading>
    <meshheading>
     <descriptorname majortopicyn="N">
      Randomized Controlled Trials as Topic
     </descriptorname>
    </meshheading>
    <meshheading>
     <descriptorname majortopicyn="N">
      Sputum
     </descriptorname>
     <qualifiername majortopicyn="Y">
      cytology
     </qualifiername>
    </meshheading>
    <meshheading>
     <descriptorname majortopicyn="Y">
      Tomography, X-Ray Computed
     </descriptorname>
    </meshheading>
   </meshheadinglist>
   <numberofreferences>
    125
   </numberofreferences>
  </medlinecitation>
  <pubmeddata>
   <history>
    <pubmedpubdate pubstatus="pubmed">
     <year>
      2004
     </year>
     <month>
      5
     </month>
     <day>
      6
     </day>
     <hour>
      5
     </hour>
     <minute>
      0
     </minute>
    </pubmedpubdate>
    <pubmedpubdate pubstatus="medline">
     <year>
      2004
     </year>
     <month>
      5
     </month>
     <day>
      13
     </day>
     <hour>
      5
     </hour>
     <minute>
      0
     </minute>
    </pubmedpubdate>
    <pubmedpubdate pubstatus="entrez">
     <year>
      2004
     </year>
     <month>
      5
     </month>
     <day>
      6
     </day>
     <hour>
      5
     </hour>
     <minute>
      0
     </minute>
    </pubmedpubdate>
   </history>
   <publicationstatus>
    ppublish
   </publicationstatus>
   <articleidlist>
    <articleid idtype="pubmed">
     15126259
    </articleid>
    <articleid idtype="pii">
     140/9/740
    </articleid>
   </articleidlist>
  </pubmeddata>
 </pubmedarticle>
</pubmedarticleset>

