<?xml version='1.0' encoding='utf-8'?>
<!DOCTYPE PubmedArticleSet PUBLIC "-//NLM//DTD PubMedArticle, 1st January 2011//EN" "http://www.ncbi.nlm.nih.gov/entrez/query/DTD/pubmed_110101.dtd">
<pubmedarticleset>
 <pubmedarticle>
  <medlinecitation owner="NLM" status="MEDLINE">
   <pmid version="1">
    15130571
   </pmid>
   <datecreated>
    <year>
     2004
    </year>
    <month>
     05
    </month>
    <day>
     07
    </day>
   </datecreated>
   <datecompleted>
    <year>
     2004
    </year>
    <month>
     06
    </month>
    <day>
     29
    </day>
   </datecompleted>
   <daterevised>
    <year>
     2009
    </year>
    <month>
     02
    </month>
    <day>
     26
    </day>
   </daterevised>
   <article pubmodel="Print">
    <journal>
     <issn issntype="Print">
      0965-2299
     </issn>
     <journalissue citedmedium="Print">
      <volume>
       12
      </volume>
      <issue>
       1
      </issue>
      <pubdate>
       <year>
        2004
       </year>
       <month>
        Mar
       </month>
      </pubdate>
     </journalissue>
     <title>
      Complementary therapies in medicine
     </title>
     <isoabbreviation>
      Complement Ther Med
     </isoabbreviation>
    </journal>
    <articletitle>
     An alternative treatment for pityriasis versicolor, tinea cruris, tinea corporis and tinea faciei with topical application of honey, olive oil and beeswax mixture: an open pilot study.
    </articletitle>
    <pagination>
     <medlinepgn>
      45-7
     </medlinepgn>
    </pagination>
    <abstract>
     <abstracttext label="OBJECTIVE" nlmcategory="OBJECTIVE">
      To evaluate the possible role of honey, olive oil and beeswax in the treatment of skin fungal infections.
     </abstracttext>
     <abstracttext label="PATIENTS AND METHODS" nlmcategory="METHODS">
      Thirty-seven patients with pityriasis versicolor, tinea cruris, tinea corporis and tinea faciei were studied. After clinical evaluation of redness, scaling, pruritus and burning/pain sensation and mycological assessment, honey mixture containing honey, olive oil and beeswax (1:1:1) was applied to the lesions three times daily for a maximum of 4 weeks.
     </abstracttext>
     <abstracttext label="RESULTS" nlmcategory="RESULTS">
      Clinical response was obtained in 86% of patients with pityriasis versicolor, 78% of patients with tinea cruris and in 75% of patients with tinea corporis. Mycological cure was obtained in 75, 71 and 62% of patients with PV, tinea cruris and tinea corporis, respectively. The patient with tinea faciei showed clinical and mycological cure 3 weeks after commencement of therapy.
     </abstracttext>
     <abstracttext label="CONCLUSION" nlmcategory="CONCLUSIONS">
      Honey mixture may have place in the management of these skin conditions and rigorous, controlled trials are justified.
     </abstracttext>
    </abstract>
    <affiliation>
     Dubai Specialized Medical Center and Medical Research Laboratories, Islamic Establishment for Education, Dubai, United Arab Emirates. noori786@yahoo.com
    </affiliation>
    <authorlist completeyn="Y">
     <author validyn="Y">
      <lastname>
       Al-Waili
      </lastname>
      <forename>
       N S
      </forename>
      <initials>
       NS
      </initials>
     </author>
    </authorlist>
    <language>
     eng
    </language>
    <publicationtypelist>
     <publicationtype>
      Comparative Study
     </publicationtype>
     <publicationtype>
      Journal Article
     </publicationtype>
    </publicationtypelist>
   </article>
   <medlinejournalinfo>
    <country>
     Scotland
    </country>
    <medlineta>
     Complement Ther Med
    </medlineta>
    <nlmuniqueid>
     9308777
    </nlmuniqueid>
    <issnlinking>
     0965-2299
    </issnlinking>
   </medlinejournalinfo>
   <chemicallist>
    <chemical>
     <registrynumber>
      0
     </registrynumber>
     <nameofsubstance>
      Plant Oils
     </nameofsubstance>
    </chemical>
    <chemical>
     <registrynumber>
      0
     </registrynumber>
     <nameofsubstance>
      Waxes
     </nameofsubstance>
    </chemical>
    <chemical>
     <registrynumber>
      8001-25-0
     </registrynumber>
     <nameofsubstance>
      olive oil
     </nameofsubstance>
    </chemical>
    <chemical>
     <registrynumber>
      8012-89-3
     </registrynumber>
     <nameofsubstance>
      beeswax
     </nameofsubstance>
    </chemical>
   </chemicallist>
   <citationsubset>
    IM
   </citationsubset>
   <meshheadinglist>
    <meshheading>
     <descriptorname majortopicyn="N">
      Administration, Topical
     </descriptorname>
    </meshheading>
    <meshheading>
     <descriptorname majortopicyn="N">
      Adolescent
     </descriptorname>
    </meshheading>
    <meshheading>
     <descriptorname majortopicyn="N">
      Adult
     </descriptorname>
    </meshheading>
    <meshheading>
     <descriptorname majortopicyn="N">
      Combined Modality Therapy
     </descriptorname>
    </meshheading>
    <meshheading>
     <descriptorname majortopicyn="N">
      Complementary Therapies
     </descriptorname>
     <qualifiername majortopicyn="Y">
      methods
     </qualifiername>
    </meshheading>
    <meshheading>
     <descriptorname majortopicyn="N">
      Female
     </descriptorname>
    </meshheading>
    <meshheading>
     <descriptorname majortopicyn="N">
      Follow-Up Studies
     </descriptorname>
    </meshheading>
    <meshheading>
     <descriptorname majortopicyn="Y">
      Honey
     </descriptorname>
    </meshheading>
    <meshheading>
     <descriptorname majortopicyn="N">
      Humans
     </descriptorname>
    </meshheading>
    <meshheading>
     <descriptorname majortopicyn="N">
      Male
     </descriptorname>
    </meshheading>
    <meshheading>
     <descriptorname majortopicyn="N">
      Middle Aged
     </descriptorname>
    </meshheading>
    <meshheading>
     <descriptorname majortopicyn="N">
      Pilot Projects
     </descriptorname>
    </meshheading>
    <meshheading>
     <descriptorname majortopicyn="N">
      Plant Oils
     </descriptorname>
     <qualifiername majortopicyn="Y">
      therapeutic use
     </qualifiername>
    </meshheading>
    <meshheading>
     <descriptorname majortopicyn="N">
      Probability
     </descriptorname>
    </meshheading>
    <meshheading>
     <descriptorname majortopicyn="N">
      Risk Assessment
     </descriptorname>
    </meshheading>
    <meshheading>
     <descriptorname majortopicyn="N">
      Tinea
     </descriptorname>
     <qualifiername majortopicyn="Y">
      diagnosis
     </qualifiername>
     <qualifiername majortopicyn="Y">
      therapy
     </qualifiername>
    </meshheading>
    <meshheading>
     <descriptorname majortopicyn="N">
      Tinea Versicolor
     </descriptorname>
     <qualifiername majortopicyn="N">
      diagnosis
     </qualifiername>
     <qualifiername majortopicyn="Y">
      therapy
     </qualifiername>
    </meshheading>
    <meshheading>
     <descriptorname majortopicyn="N">
      Treatment Outcome
     </descriptorname>
    </meshheading>
    <meshheading>
     <descriptorname majortopicyn="N">
      Waxes
     </descriptorname>
     <qualifiername majortopicyn="Y">
      therapeutic use
     </qualifiername>
    </meshheading>
   </meshheadinglist>
  </medlinecitation>
  <pubmeddata>
   <history>
    <pubmedpubdate pubstatus="pubmed">
     <year>
      2004
     </year>
     <month>
      5
     </month>
     <day>
      8
     </day>
     <hour>
      5
     </hour>
     <minute>
      0
     </minute>
    </pubmedpubdate>
    <pubmedpubdate pubstatus="medline">
     <year>
      2004
     </year>
     <month>
      6
     </month>
     <day>
      30
     </day>
     <hour>
      5
     </hour>
     <minute>
      0
     </minute>
    </pubmedpubdate>
    <pubmedpubdate pubstatus="entrez">
     <year>
      2004
     </year>
     <month>
      5
     </month>
     <day>
      8
     </day>
     <hour>
      5
     </hour>
     <minute>
      0
     </minute>
    </pubmedpubdate>
   </history>
   <publicationstatus>
    ppublish
   </publicationstatus>
   <articleidlist>
    <articleid idtype="pubmed">
     15130571
    </articleid>
    <articleid idtype="doi">
     10.1016/j.ctim.2004.01.002
    </articleid>
    <articleid idtype="pii">
     S0965229904000056
    </articleid>
   </articleidlist>
  </pubmeddata>
 </pubmedarticle>
</pubmedarticleset>

