<?xml version='1.0' encoding='utf-8'?>
<!DOCTYPE PubmedArticleSet PUBLIC "-//NLM//DTD PubMedArticle, 1st January 2011//EN" "http://www.ncbi.nlm.nih.gov/entrez/query/DTD/pubmed_110101.dtd">
<pubmedarticleset>
 <pubmedarticle>
  <medlinecitation owner="NLM" status="MEDLINE">
   <pmid version="1">
    15164315
   </pmid>
   <datecreated>
    <year>
     2004
    </year>
    <month>
     05
    </month>
    <day>
     27
    </day>
   </datecreated>
   <datecompleted>
    <year>
     2004
    </year>
    <month>
     07
    </month>
    <day>
     27
    </day>
   </datecompleted>
   <daterevised>
    <year>
     2007
    </year>
    <month>
     11
    </month>
    <day>
     14
    </day>
   </daterevised>
   <article pubmodel="Print">
    <journal>
     <issn issntype="Print">
      0026-0495
     </issn>
     <journalissue citedmedium="Print">
      <volume>
       53
      </volume>
      <issue>
       6
      </issue>
      <pubdate>
       <year>
        2004
       </year>
       <month>
        Jun
       </month>
      </pubdate>
     </journalissue>
     <title>
      Metabolism: clinical and experimental
     </title>
     <isoabbreviation>
      Metab. Clin. Exp.
     </isoabbreviation>
    </journal>
    <articletitle>
     The relationships of vigorous exercise, alcohol, and adiposity to low and high high-density lipoprotein-cholesterol levels.
    </articletitle>
    <pagination>
     <medlinepgn>
      700-9
     </medlinepgn>
    </pagination>
    <abstract>
     <abstracttext>
      While vigorous exercise, alcohol, and weight loss are all known to increase high-density lipoprotein-cholesterol (HDL-C), it is not known whether these interventions increase low HDL as effectively as has been demonstrated for normal HDL. This report tests the hypothesis that there may be differences in the calculated response of men and women with low versus high HDL-C to exercise, alcohol, and weight loss across the spectrum of HDL-C levels. Physican-supplied medical data from 7,288 men and 2,326 women were divided into deciles of self-reported vigorous exercise, alcohol intake, body mass index (BMI), or body circumferences. Within each decile we determined the percentiles of the HDL distributions and average running distance, alcohol intake, BMI, or body circumference. Simple least-squares regression analysis was then used to estimate the slope for kth HDL percentile (k = 5%, 6%, ...,95%) versus running distance, alcohol intake, BMI, or body circumference across deciles. Bootstrap resampling was used to estimate standard errors and statistical significance for the regression lines. In both sexes, the increase in HDL-C per unit alcohol intake was at least twice as great at the 95th as at the 5th percentile of the HDL distribution. There was also a significant graded increase from the 5th to the 95th HDL percentile for the slopes relating HDL to exercise (km run) and alcohol intake. Men's HDL-C declined in association with fatness (BMI, waist, and chest circumference) more sharply at the 95th than at the 5th percentile of the HDL distribution. The results of this study suggest that the effects of physical activity, alcohol, and weight reduction on HDL-C levels may be, to a large extent, dependent on the initial level with the greatest improvement achieved in subjects with high HDL and the least improvement in those having low HDL-C levels.
     </abstracttext>
    </abstract>
    <affiliation>
     Life Sciences Division, Lawrence Berkeley Laboratory, Berkeley, CA, USA.
    </affiliation>
    <authorlist completeyn="Y">
     <author validyn="Y">
      <lastname>
       Williams
      </lastname>
      <forename>
       Paul T
      </forename>
      <initials>
       PT
      </initials>
     </author>
    </authorlist>
    <language>
     eng
    </language>
    <grantlist completeyn="Y">
     <grant>
      <grantid>
       HL-45652
      </grantid>
      <acronym>
       HL
      </acronym>
      <agency>
       NHLBI NIH HHS
      </agency>
      <country>
       United States
      </country>
     </grant>
    </grantlist>
    <publicationtypelist>
     <publicationtype>
      Journal Article
     </publicationtype>
     <publicationtype>
      Research Support, U.S. Gov't, Non-P.H.S.
     </publicationtype>
     <publicationtype>
      Research Support, U.S. Gov't, P.H.S.
     </publicationtype>
    </publicationtypelist>
   </article>
   <medlinejournalinfo>
    <country>
     United States
    </country>
    <medlineta>
     Metabolism
    </medlineta>
    <nlmuniqueid>
     0375267
    </nlmuniqueid>
    <issnlinking>
     0026-0495
    </issnlinking>
   </medlinejournalinfo>
   <chemicallist>
    <chemical>
     <registrynumber>
      0
     </registrynumber>
     <nameofsubstance>
      Cholesterol, HDL
     </nameofsubstance>
    </chemical>
    <chemical>
     <registrynumber>
      0
     </registrynumber>
     <nameofsubstance>
      Cholesterol, LDL
     </nameofsubstance>
    </chemical>
   </chemicallist>
   <citationsubset>
    IM
   </citationsubset>
   <meshheadinglist>
    <meshheading>
     <descriptorname majortopicyn="N">
      Adipose Tissue
     </descriptorname>
     <qualifiername majortopicyn="N">
      metabolism
     </qualifiername>
     <qualifiername majortopicyn="Y">
      physiology
     </qualifiername>
    </meshheading>
    <meshheading>
     <descriptorname majortopicyn="N">
      Alcohol Drinking
     </descriptorname>
     <qualifiername majortopicyn="Y">
      blood
     </qualifiername>
    </meshheading>
    <meshheading>
     <descriptorname majortopicyn="N">
      Body Constitution
     </descriptorname>
     <qualifiername majortopicyn="N">
      physiology
     </qualifiername>
    </meshheading>
    <meshheading>
     <descriptorname majortopicyn="N">
      Body Mass Index
     </descriptorname>
    </meshheading>
    <meshheading>
     <descriptorname majortopicyn="N">
      Cholesterol, HDL
     </descriptorname>
     <qualifiername majortopicyn="Y">
      blood
     </qualifiername>
    </meshheading>
    <meshheading>
     <descriptorname majortopicyn="N">
      Cholesterol, LDL
     </descriptorname>
     <qualifiername majortopicyn="N">
      blood
     </qualifiername>
    </meshheading>
    <meshheading>
     <descriptorname majortopicyn="N">
      Cohort Studies
     </descriptorname>
    </meshheading>
    <meshheading>
     <descriptorname majortopicyn="N">
      Exercise
     </descriptorname>
     <qualifiername majortopicyn="Y">
      physiology
     </qualifiername>
    </meshheading>
    <meshheading>
     <descriptorname majortopicyn="N">
      Female
     </descriptorname>
    </meshheading>
    <meshheading>
     <descriptorname majortopicyn="N">
      Humans
     </descriptorname>
    </meshheading>
    <meshheading>
     <descriptorname majortopicyn="N">
      Least-Squares Analysis
     </descriptorname>
    </meshheading>
    <meshheading>
     <descriptorname majortopicyn="N">
      Male
     </descriptorname>
    </meshheading>
    <meshheading>
     <descriptorname majortopicyn="N">
      Medical Records
     </descriptorname>
     <qualifiername majortopicyn="N">
      statistics &amp; numerical data
     </qualifiername>
    </meshheading>
    <meshheading>
     <descriptorname majortopicyn="N">
      Running
     </descriptorname>
     <qualifiername majortopicyn="N">
      physiology
     </qualifiername>
    </meshheading>
    <meshheading>
     <descriptorname majortopicyn="N">
      Sex Factors
     </descriptorname>
    </meshheading>
    <meshheading>
     <descriptorname majortopicyn="N">
      Statistical Distributions
     </descriptorname>
    </meshheading>
    <meshheading>
     <descriptorname majortopicyn="N">
      Weight Loss
     </descriptorname>
     <qualifiername majortopicyn="N">
      physiology
     </qualifiername>
    </meshheading>
   </meshheadinglist>
  </medlinecitation>
  <pubmeddata>
   <history>
    <pubmedpubdate pubstatus="pubmed">
     <year>
      2004
     </year>
     <month>
      5
     </month>
     <day>
      28
     </day>
     <hour>
      5
     </hour>
     <minute>
      0
     </minute>
    </pubmedpubdate>
    <pubmedpubdate pubstatus="medline">
     <year>
      2004
     </year>
     <month>
      7
     </month>
     <day>
      28
     </day>
     <hour>
      5
     </hour>
     <minute>
      0
     </minute>
    </pubmedpubdate>
    <pubmedpubdate pubstatus="entrez">
     <year>
      2004
     </year>
     <month>
      5
     </month>
     <day>
      28
     </day>
     <hour>
      5
     </hour>
     <minute>
      0
     </minute>
    </pubmedpubdate>
   </history>
   <publicationstatus>
    ppublish
   </publicationstatus>
   <articleidlist>
    <articleid idtype="pubmed">
     15164315
    </articleid>
    <articleid idtype="pii">
     S0026049504000745
    </articleid>
   </articleidlist>
  </pubmeddata>
 </pubmedarticle>
</pubmedarticleset>

