<?xml version='1.0' encoding='utf-8'?>
<!DOCTYPE PubmedArticleSet PUBLIC "-//NLM//DTD PubMedArticle, 1st January 2011//EN" "http://www.ncbi.nlm.nih.gov/entrez/query/DTD/pubmed_110101.dtd">
<pubmedarticleset>
 <pubmedarticle>
  <medlinecitation owner="NLM" status="MEDLINE">
   <pmid version="1">
    15234289
   </pmid>
   <datecreated>
    <year>
     2004
    </year>
    <month>
     07
    </month>
    <day>
     05
    </day>
   </datecreated>
   <datecompleted>
    <year>
     2004
    </year>
    <month>
     08
    </month>
    <day>
     31
    </day>
   </datecompleted>
   <daterevised>
    <year>
     2005
    </year>
    <month>
     11
    </month>
    <day>
     17
    </day>
   </daterevised>
   <article pubmodel="Print">
    <journal>
     <issn issntype="Print">
      0002-9394
     </issn>
     <journalissue citedmedium="Print">
      <volume>
       138
      </volume>
      <issue>
       1
      </issue>
      <pubdate>
       <year>
        2004
       </year>
       <month>
        Jul
       </month>
      </pubdate>
     </journalissue>
     <title>
      American journal of ophthalmology
     </title>
     <isoabbreviation>
      Am. J. Ophthalmol.
     </isoabbreviation>
    </journal>
    <articletitle>
     Presumed "sulfa allergy" in patients with intracranial hypertension treated with acetazolamide or furosemide: cross-reactivity, myth or reality?
    </articletitle>
    <pagination>
     <medlinepgn>
      114-8
     </medlinepgn>
    </pagination>
    <abstract>
     <abstracttext label="PURPOSE" nlmcategory="OBJECTIVE">
      To determine whether acetazolamide or furosemide produce allergic cross-reactions in patients with self-reported "sulfa allergy."
     </abstracttext>
     <abstracttext label="DESIGN" nlmcategory="METHODS">
      Retrospective case series.
     </abstracttext>
     <abstracttext label="METHODS" nlmcategory="METHODS">
      A retrospective review included patients with intracranial hypertension and a self-reported sulfa allergy treated with either acetazolamide or furosemide seen at the University of Iowa Hospitals and Clinics from 1972 to 2003. All presumed medication-related side effects were collected, including both predictable adverse effects (for example, paresthesias, fatigue) and unpredictable adverse reactions (for example, cutaneous fixed eruptions, urticaria, Stevens-Johnson syndrome, toxic epidermal necrolysis, angioedema, anaphylaxis).
     </abstracttext>
     <abstracttext label="RESULTS" nlmcategory="RESULTS">
      We reviewed 363 charts. Of these, 329 patients (91%) were excluded. Of the remaining 34 cases that did report a so-called sulfa allergy, 13 (38%) received acetazolamide alone, 7 (21%) received furosemide alone, and 14 (41%) received both acetazolamide and furosemide. Of the 27 patients who received acetazolamide, 10 (37%) had no documented allergic cross-reaction to sulfa, and 2 (7%) cases had urticaria. The remaining 15 (56%) of acetazolamide-treated patients experienced predictable adverse reactions for this drug (for example, paresthesias). No patient experienced a severe allergic cross-reaction to sulfa. Of 21 patients who received furosemide, no unpredictable adverse reactions or allergic cross-reactions to sulfa were noted.
     </abstracttext>
     <abstracttext label="CONCLUSIONS" nlmcategory="CONCLUSIONS">
      We find little clinical or pharmacological evidence to suggest that a self-reported sulfa allergy is likely to produce a life-threatening cross-reaction with acetazolamide or furosemide. These medications should be considered for intracranial hypertension if the risk-to-benefit ratio warrants their use.
     </abstracttext>
    </abstract>
    <affiliation>
     Department of Ophthalmology, University of Iowa Hospitals and Clinics, Iowa City, IA 52242, USA. andrew-lee@uiowa.edu
    </affiliation>
    <authorlist completeyn="Y">
     <author validyn="Y">
      <lastname>
       Lee
      </lastname>
      <forename>
       Andrew G
      </forename>
      <initials>
       AG
      </initials>
     </author>
     <author validyn="Y">
      <lastname>
       Anderson
      </lastname>
      <forename>
       Randy
      </forename>
      <initials>
       R
      </initials>
     </author>
     <author validyn="Y">
      <lastname>
       Kardon
      </lastname>
      <forename>
       Randy H
      </forename>
      <initials>
       RH
      </initials>
     </author>
     <author validyn="Y">
      <lastname>
       Wall
      </lastname>
      <forename>
       Michael
      </forename>
      <initials>
       M
      </initials>
     </author>
    </authorlist>
    <language>
     eng
    </language>
    <publicationtypelist>
     <publicationtype>
      Journal Article
     </publicationtype>
    </publicationtypelist>
   </article>
   <medlinejournalinfo>
    <country>
     United States
    </country>
    <medlineta>
     Am J Ophthalmol
    </medlineta>
    <nlmuniqueid>
     0370500
    </nlmuniqueid>
    <issnlinking>
     0002-9394
    </issnlinking>
   </medlinejournalinfo>
   <chemicallist>
    <chemical>
     <registrynumber>
      0
     </registrynumber>
     <nameofsubstance>
      Diuretics
     </nameofsubstance>
    </chemical>
    <chemical>
     <registrynumber>
      54-31-9
     </registrynumber>
     <nameofsubstance>
      Furosemide
     </nameofsubstance>
    </chemical>
    <chemical>
     <registrynumber>
      59-66-5
     </registrynumber>
     <nameofsubstance>
      Acetazolamide
     </nameofsubstance>
    </chemical>
   </chemicallist>
   <citationsubset>
    AIM
   </citationsubset>
   <citationsubset>
    IM
   </citationsubset>
   <meshheadinglist>
    <meshheading>
     <descriptorname majortopicyn="N">
      Acetazolamide
     </descriptorname>
     <qualifiername majortopicyn="Y">
      adverse effects
     </qualifiername>
     <qualifiername majortopicyn="N">
      chemistry
     </qualifiername>
    </meshheading>
    <meshheading>
     <descriptorname majortopicyn="N">
      Cross Reactions
     </descriptorname>
    </meshheading>
    <meshheading>
     <descriptorname majortopicyn="N">
      Diuretics
     </descriptorname>
     <qualifiername majortopicyn="Y">
      adverse effects
     </qualifiername>
     <qualifiername majortopicyn="N">
      chemistry
     </qualifiername>
    </meshheading>
    <meshheading>
     <descriptorname majortopicyn="N">
      Drug Hypersensitivity
     </descriptorname>
     <qualifiername majortopicyn="Y">
      etiology
     </qualifiername>
    </meshheading>
    <meshheading>
     <descriptorname majortopicyn="N">
      Furosemide
     </descriptorname>
     <qualifiername majortopicyn="Y">
      adverse effects
     </qualifiername>
     <qualifiername majortopicyn="N">
      chemistry
     </qualifiername>
    </meshheading>
    <meshheading>
     <descriptorname majortopicyn="N">
      Humans
     </descriptorname>
    </meshheading>
    <meshheading>
     <descriptorname majortopicyn="N">
      Intracranial Hypertension
     </descriptorname>
     <qualifiername majortopicyn="Y">
      drug therapy
     </qualifiername>
    </meshheading>
    <meshheading>
     <descriptorname majortopicyn="N">
      Retrospective Studies
     </descriptorname>
    </meshheading>
    <meshheading>
     <descriptorname majortopicyn="N">
      Self Disclosure
     </descriptorname>
    </meshheading>
   </meshheadinglist>
  </medlinecitation>
  <pubmeddata>
   <history>
    <pubmedpubdate pubstatus="pubmed">
     <year>
      2004
     </year>
     <month>
      7
     </month>
     <day>
      6
     </day>
     <hour>
      5
     </hour>
     <minute>
      0
     </minute>
    </pubmedpubdate>
    <pubmedpubdate pubstatus="medline">
     <year>
      2004
     </year>
     <month>
      9
     </month>
     <day>
      1
     </day>
     <hour>
      5
     </hour>
     <minute>
      0
     </minute>
    </pubmedpubdate>
    <pubmedpubdate pubstatus="received">
     <year>
      2003
     </year>
     <month>
      Dec
     </month>
     <day>
      10
     </day>
    </pubmedpubdate>
    <pubmedpubdate pubstatus="accepted">
     <year>
      2004
     </year>
     <month>
      Feb
     </month>
     <day>
      9
     </day>
    </pubmedpubdate>
    <pubmedpubdate pubstatus="entrez">
     <year>
      2004
     </year>
     <month>
      7
     </month>
     <day>
      6
     </day>
     <hour>
      5
     </hour>
     <minute>
      0
     </minute>
    </pubmedpubdate>
   </history>
   <publicationstatus>
    ppublish
   </publicationstatus>
   <articleidlist>
    <articleid idtype="pubmed">
     15234289
    </articleid>
    <articleid idtype="doi">
     10.1016/j.ajo.2004.02.019
    </articleid>
    <articleid idtype="pii">
     S000293940400145X
    </articleid>
   </articleidlist>
  </pubmeddata>
 </pubmedarticle>
</pubmedarticleset>

