<?xml version='1.0' encoding='utf-8'?>
<!DOCTYPE PubmedArticleSet PUBLIC "-//NLM//DTD PubMedArticle, 1st January 2011//EN" "http://www.ncbi.nlm.nih.gov/entrez/query/DTD/pubmed_110101.dtd">
<pubmedarticleset>
 <pubmedarticle>
  <medlinecitation owner="NLM" status="MEDLINE">
   <pmid version="1">
    15285276
   </pmid>
   <datecreated>
    <year>
     2004
    </year>
    <month>
     08
    </month>
    <day>
     02
    </day>
   </datecreated>
   <datecompleted>
    <year>
     2004
    </year>
    <month>
     08
    </month>
    <day>
     26
    </day>
   </datecompleted>
   <daterevised>
    <year>
     2006
    </year>
    <month>
     11
    </month>
    <day>
     15
    </day>
   </daterevised>
   <article pubmodel="Print">
    <journal>
     <issn issntype="Print">
      1078-6791
     </issn>
     <journalissue citedmedium="Print">
      <volume>
       10
      </volume>
      <issue>
       4
      </issue>
      <pubdate>
       <medlinedate>
        2004 Jul-Aug
       </medlinedate>
      </pubdate>
     </journalissue>
     <title>
      Alternative therapies in health and medicine
     </title>
     <isoabbreviation>
      Altern Ther Health Med
     </isoabbreviation>
    </journal>
    <articletitle>
     A pilot study of mind-body changes in adults with asthma who practice mental imagery.
    </articletitle>
    <pagination>
     <medlinepgn>
      66-71
     </medlinepgn>
    </pagination>
    <abstract>
     <abstracttext label="CONTEXT" nlmcategory="BACKGROUND">
      Despite the growing number of studies of imagery and the use of complementary and alternative modalities as treatments for asthma, research on mental imagery in adults with asthma is practically, nonexistent. The purpose of this feasibility study was to lay groundwork for a larger follow-up clinical trial.
     </abstracttext>
     <abstracttext label="OBJECTIVE" nlmcategory="OBJECTIVE">
      To determine whether pulmonary function, asthma symptoms, quality of life, depression, anxiety, and power differ over time in adults with asthma who do and do not practice mental imagery (MI). (Power is the ability to make aware choices with the intention of freely involving oneself in creating desired change.)
     </abstracttext>
     <abstracttext label="DESIGN" nlmcategory="METHODS">
      Randomized controlled study using univariate repeated measures analysis of variance (ANOVA) and replacement through block design.
     </abstracttext>
     <abstracttext label="SETTING" nlmcategory="METHODS">
      Lenox Hill Hospital, an affiliate of New York University Medical School, New York, NY.
     </abstracttext>
     <abstracttext label="SUBJECTS" nlmcategory="METHODS">
      Sixty-eight adults with symptomatic asthma, after 4 weeks of baseline data collection and analysis, met requirements for this randomized controlled study. Thirty-three completed pulmonary function as well as self-report tests at 4 time points over 17 weeks. The 16 experimental participants also completed the 4-session imagery protocol.
     </abstracttext>
     <abstracttext label="INTERVENTION" nlmcategory="METHODS">
      Individual imagery instruction (week 1) and follow-up (weeks 4, 9, 15). Participants were given 7 imagery exercises to select from and practice 3 times a day for a total of 15 minutes.
     </abstracttext>
     <abstracttext label="MAIN OUTCOME MEASURES" nlmcategory="METHODS">
      1) Spirometry (FEV1); 2) medication use; 3) Asthma Quality of Life Questionnaire; 4) Beck Depression Inventory; 5) Spielberger Anxiety Scales (A-State and A-Trait); 6) Barrett Power as Knowing Participation in Change Tool, Version II; 7) Epstein Balloon Test of Ability to Image.
     </abstracttext>
     <abstracttext label="RESULTS" nlmcategory="RESULTS">
      There was little evidence of statistical change in this feasibility study; yet, valuable lessons were learned. Paired t-tests indicated there was a significant difference in the total power scores in the imagery group, and in the expected direction (two-tailed, t-statistic = -2.3, P = 0.035) and the choices sub-scale (two-tailed, tstatistic = -2.93, P = 0.01) of the power instrument from weeks one to 16 of the study. Eight of 17 (47%) participants in the MI group reduced or discontinued their medications. Three of 16 (19%) participants in the control group reduced their medications; none discontinued. Chi-square indicated differences between groups (X2 = 4.66, P = 0.05). Persons who reduced or discontinued their medications showed neither an increase in pulmonary function prior to medication discontinuation, nor a fall in these parameters following discontinuation.
     </abstracttext>
     <abstracttext label="CONCLUSIONS" nlmcategory="CONCLUSIONS">
      Findings related to major outcome measures must be viewed with caution due to the small sample size resulting from attrition related to labor intensiveness and, therefore, low statistical power. However, the study did provide significant data to plan a larger scale study of the use of mental imagery with adult asthmatics. The study also demonstrated that imagery is inexpensive, safe and, with training, can be used as an adjunct therapy by patients themselves. Its efficacy needs additional exploration. Further research for adults with asthma who practice imagery is important, as current treatments are not entirely efficacious. Lessons learned in this study may facilitate improvement in research designs.
     </abstracttext>
    </abstract>
    <affiliation>
     The Mount Sinai Medical Center, New York, NY, USA.
    </affiliation>
    <authorlist completeyn="Y">
     <author validyn="Y">
      <lastname>
       Epstein
      </lastname>
      <forename>
       Gerald N
      </forename>
      <initials>
       GN
      </initials>
     </author>
     <author validyn="Y">
      <lastname>
       Halper
      </lastname>
      <forename>
       James P
      </forename>
      <initials>
       JP
      </initials>
     </author>
     <author validyn="Y">
      <lastname>
       Barrett
      </lastname>
      <forename>
       Elizabeth Ann Manhart
      </forename>
      <initials>
       EA
      </initials>
     </author>
     <author validyn="Y">
      <lastname>
       Birdsall
      </lastname>
      <forename>
       Carole
      </forename>
      <initials>
       C
      </initials>
     </author>
     <author validyn="Y">
      <lastname>
       McGee
      </lastname>
      <forename>
       Monnie
      </forename>
      <initials>
       M
      </initials>
     </author>
     <author validyn="Y">
      <lastname>
       Baron
      </lastname>
      <forename>
       Kim P
      </forename>
      <initials>
       KP
      </initials>
     </author>
     <author validyn="Y">
      <lastname>
       Lowenstein
      </lastname>
      <forename>
       Stephen
      </forename>
      <initials>
       S
      </initials>
     </author>
    </authorlist>
    <language>
     eng
    </language>
    <publicationtypelist>
     <publicationtype>
      Clinical Trial
     </publicationtype>
     <publicationtype>
      Journal Article
     </publicationtype>
     <publicationtype>
      Randomized Controlled Trial
     </publicationtype>
     <publicationtype>
      Research Support, U.S. Gov't, P.H.S.
     </publicationtype>
    </publicationtypelist>
   </article>
   <medlinejournalinfo>
    <country>
     United States
    </country>
    <medlineta>
     Altern Ther Health Med
    </medlineta>
    <nlmuniqueid>
     9502013
    </nlmuniqueid>
    <issnlinking>
     1078-6791
    </issnlinking>
   </medlinejournalinfo>
   <citationsubset>
    IM
   </citationsubset>
   <meshheadinglist>
    <meshheading>
     <descriptorname majortopicyn="N">
      Adult
     </descriptorname>
    </meshheading>
    <meshheading>
     <descriptorname majortopicyn="N">
      Analysis of Variance
     </descriptorname>
    </meshheading>
    <meshheading>
     <descriptorname majortopicyn="N">
      Anxiety
     </descriptorname>
    </meshheading>
    <meshheading>
     <descriptorname majortopicyn="N">
      Asthma
     </descriptorname>
     <qualifiername majortopicyn="Y">
      physiopathology
     </qualifiername>
     <qualifiername majortopicyn="N">
      prevention &amp; control
     </qualifiername>
     <qualifiername majortopicyn="N">
      psychology
     </qualifiername>
     <qualifiername majortopicyn="Y">
      therapy
     </qualifiername>
    </meshheading>
    <meshheading>
     <descriptorname majortopicyn="N">
      Chi-Square Distribution
     </descriptorname>
    </meshheading>
    <meshheading>
     <descriptorname majortopicyn="N">
      Depression
     </descriptorname>
    </meshheading>
    <meshheading>
     <descriptorname majortopicyn="N">
      Feasibility Studies
     </descriptorname>
    </meshheading>
    <meshheading>
     <descriptorname majortopicyn="N">
      Female
     </descriptorname>
    </meshheading>
    <meshheading>
     <descriptorname majortopicyn="N">
      Humans
     </descriptorname>
    </meshheading>
    <meshheading>
     <descriptorname majortopicyn="Y">
      Imagery (Psychotherapy)
     </descriptorname>
    </meshheading>
    <meshheading>
     <descriptorname majortopicyn="N">
      Middle Aged
     </descriptorname>
    </meshheading>
    <meshheading>
     <descriptorname majortopicyn="N">
      Peak Expiratory Flow Rate
     </descriptorname>
    </meshheading>
    <meshheading>
     <descriptorname majortopicyn="N">
      Pilot Projects
     </descriptorname>
    </meshheading>
    <meshheading>
     <descriptorname majortopicyn="Y">
      Psychophysiology
     </descriptorname>
    </meshheading>
    <meshheading>
     <descriptorname majortopicyn="Y">
      Quality of Life
     </descriptorname>
    </meshheading>
    <meshheading>
     <descriptorname majortopicyn="Y">
      Self Concept
     </descriptorname>
    </meshheading>
    <meshheading>
     <descriptorname majortopicyn="N">
      Severity of Illness Index
     </descriptorname>
    </meshheading>
    <meshheading>
     <descriptorname majortopicyn="N">
      Spirometry
     </descriptorname>
    </meshheading>
    <meshheading>
     <descriptorname majortopicyn="N">
      Time Factors
     </descriptorname>
    </meshheading>
    <meshheading>
     <descriptorname majortopicyn="N">
      Treatment Outcome
     </descriptorname>
    </meshheading>
   </meshheadinglist>
  </medlinecitation>
  <pubmeddata>
   <history>
    <pubmedpubdate pubstatus="pubmed">
     <year>
      2004
     </year>
     <month>
      8
     </month>
     <day>
      3
     </day>
     <hour>
      5
     </hour>
     <minute>
      0
     </minute>
    </pubmedpubdate>
    <pubmedpubdate pubstatus="medline">
     <year>
      2004
     </year>
     <month>
      8
     </month>
     <day>
      27
     </day>
     <hour>
      5
     </hour>
     <minute>
      0
     </minute>
    </pubmedpubdate>
    <pubmedpubdate pubstatus="entrez">
     <year>
      2004
     </year>
     <month>
      8
     </month>
     <day>
      3
     </day>
     <hour>
      5
     </hour>
     <minute>
      0
     </minute>
    </pubmedpubdate>
   </history>
   <publicationstatus>
    ppublish
   </publicationstatus>
   <articleidlist>
    <articleid idtype="pubmed">
     15285276
    </articleid>
   </articleidlist>
  </pubmeddata>
 </pubmedarticle>
</pubmedarticleset>

