<?xml version='1.0' encoding='utf-8'?>
<!DOCTYPE PubmedArticleSet PUBLIC "-//NLM//DTD PubMedArticle, 1st January 2011//EN" "http://www.ncbi.nlm.nih.gov/entrez/query/DTD/pubmed_110101.dtd">
<pubmedarticleset>
 <pubmedarticle>
  <medlinecitation owner="NLM" status="MEDLINE">
   <pmid version="1">
    15298071
   </pmid>
   <datecreated>
    <year>
     2004
    </year>
    <month>
     08
    </month>
    <day>
     09
    </day>
   </datecreated>
   <datecompleted>
    <year>
     2004
    </year>
    <month>
     10
    </month>
    <day>
     18
    </day>
   </datecompleted>
   <daterevised>
    <year>
     2010
    </year>
    <month>
     11
    </month>
    <day>
     18
    </day>
   </daterevised>
   <article pubmodel="Print">
    <journal>
     <issn issntype="Print">
      1472-4472
     </issn>
     <journalissue citedmedium="Print">
      <volume>
       5
      </volume>
      <issue>
       7
      </issue>
      <pubdate>
       <year>
        2004
       </year>
       <month>
        Jul
       </month>
      </pubdate>
     </journalissue>
     <title>
      Current opinion in investigational drugs (London, England : 2000)
     </title>
     <isoabbreviation>
      Curr Opin Investig Drugs
     </isoabbreviation>
    </journal>
    <articletitle>
     Utility of selective serotonin reuptake inhibitors in premature ejaculation.
    </articletitle>
    <pagination>
     <medlinepgn>
      743-7
     </medlinepgn>
    </pagination>
    <abstract>
     <abstracttext>
      The introduction of selective serotonin reuptake inhibitors (SSRIs) has revolutionized our understanding of the treatment of premature ejaculation. Lifelong premature ejaculation may be a neurobiological phenomenon, namely part of a biological variability of the intravaginal ejaculation latency time in men. Animal studies support this view, and an animal model for premature and delayed ejaculation has recently been developed. It is proposed that drug treatment of premature ejaculation should consist of 5-hydroxytryptamine (5-HT)2c receptor stimulation and/or 5-HT1A receptor inhibition. A meta-analysis of 35 daily treatment studies with selective serotonin reuptake inhibitors (SSRIs) and clomipramine demonstrated comparable efficacy of clomipramine with the SSRIs sertraline and fluoxetine in delaying ejaculation, whereas the efficacy of the SSRI paroxetine was greater than all other SSRIs and clomipramine. It is postulated that acute treatment with SSRIs, including those with short half-lives, will not produce an ejaculation delay equivalent to that induced by daily treatment of SSRIs.
     </abstracttext>
    </abstract>
    <affiliation>
     Department of Psychiatry and Neurosexology, Leyenburg Hospital, 2545 CH The Hague, The Netherlands. md@waldinger.demon.nl
    </affiliation>
    <authorlist completeyn="Y">
     <author validyn="Y">
      <lastname>
       Waldinger
      </lastname>
      <forename>
       Marcel D
      </forename>
      <initials>
       MD
      </initials>
     </author>
     <author validyn="Y">
      <lastname>
       Olivier
      </lastname>
      <forename>
       Berend
      </forename>
      <initials>
       B
      </initials>
     </author>
    </authorlist>
    <language>
     eng
    </language>
    <publicationtypelist>
     <publicationtype>
      Comparative Study
     </publicationtype>
     <publicationtype>
      Journal Article
     </publicationtype>
     <publicationtype>
      Review
     </publicationtype>
    </publicationtypelist>
   </article>
   <medlinejournalinfo>
    <country>
     England
    </country>
    <medlineta>
     Curr Opin Investig Drugs
    </medlineta>
    <nlmuniqueid>
     100965718
    </nlmuniqueid>
    <issnlinking>
     1472-4472
    </issnlinking>
   </medlinejournalinfo>
   <chemicallist>
    <chemical>
     <registrynumber>
      0
     </registrynumber>
     <nameofsubstance>
      Receptor, Serotonin, 5-HT2C
     </nameofsubstance>
    </chemical>
    <chemical>
     <registrynumber>
      0
     </registrynumber>
     <nameofsubstance>
      Serotonin 5-HT1 Receptor Antagonists
     </nameofsubstance>
    </chemical>
    <chemical>
     <registrynumber>
      0
     </registrynumber>
     <nameofsubstance>
      Serotonin 5-HT2 Receptor Agonists
     </nameofsubstance>
    </chemical>
    <chemical>
     <registrynumber>
      0
     </registrynumber>
     <nameofsubstance>
      Serotonin Uptake Inhibitors
     </nameofsubstance>
    </chemical>
    <chemical>
     <registrynumber>
      112692-38-3
     </registrynumber>
     <nameofsubstance>
      Receptor, Serotonin, 5-HT1A
     </nameofsubstance>
    </chemical>
   </chemicallist>
   <citationsubset>
    IM
   </citationsubset>
   <meshheadinglist>
    <meshheading>
     <descriptorname majortopicyn="N">
      Animals
     </descriptorname>
    </meshheading>
    <meshheading>
     <descriptorname majortopicyn="N">
      Disease Models, Animal
     </descriptorname>
    </meshheading>
    <meshheading>
     <descriptorname majortopicyn="N">
      Drug Administration Schedule
     </descriptorname>
    </meshheading>
    <meshheading>
     <descriptorname majortopicyn="N">
      Ejaculation
     </descriptorname>
     <qualifiername majortopicyn="Y">
      drug effects
     </qualifiername>
     <qualifiername majortopicyn="N">
      physiology
     </qualifiername>
    </meshheading>
    <meshheading>
     <descriptorname majortopicyn="N">
      Humans
     </descriptorname>
    </meshheading>
    <meshheading>
     <descriptorname majortopicyn="N">
      Male
     </descriptorname>
    </meshheading>
    <meshheading>
     <descriptorname majortopicyn="N">
      Meta-Analysis as Topic
     </descriptorname>
    </meshheading>
    <meshheading>
     <descriptorname majortopicyn="N">
      Receptor, Serotonin, 5-HT1A
     </descriptorname>
     <qualifiername majortopicyn="N">
      therapeutic use
     </qualifiername>
    </meshheading>
    <meshheading>
     <descriptorname majortopicyn="N">
      Receptor, Serotonin, 5-HT2C
     </descriptorname>
     <qualifiername majortopicyn="N">
      therapeutic use
     </qualifiername>
    </meshheading>
    <meshheading>
     <descriptorname majortopicyn="N">
      Serotonin 5-HT1 Receptor Antagonists
     </descriptorname>
    </meshheading>
    <meshheading>
     <descriptorname majortopicyn="N">
      Serotonin 5-HT2 Receptor Agonists
     </descriptorname>
    </meshheading>
    <meshheading>
     <descriptorname majortopicyn="N">
      Serotonin Uptake Inhibitors
     </descriptorname>
     <qualifiername majortopicyn="N">
      pharmacology
     </qualifiername>
     <qualifiername majortopicyn="Y">
      therapeutic use
     </qualifiername>
    </meshheading>
    <meshheading>
     <descriptorname majortopicyn="N">
      Sexual Dysfunction, Physiological
     </descriptorname>
     <qualifiername majortopicyn="Y">
      drug therapy
     </qualifiername>
     <qualifiername majortopicyn="N">
      etiology
     </qualifiername>
     <qualifiername majortopicyn="N">
      physiopathology
     </qualifiername>
    </meshheading>
    <meshheading>
     <descriptorname majortopicyn="N">
      Sexual Dysfunctions, Psychological
     </descriptorname>
     <qualifiername majortopicyn="Y">
      drug therapy
     </qualifiername>
     <qualifiername majortopicyn="N">
      etiology
     </qualifiername>
     <qualifiername majortopicyn="N">
      physiopathology
     </qualifiername>
    </meshheading>
   </meshheadinglist>
   <numberofreferences>
    32
   </numberofreferences>
  </medlinecitation>
  <pubmeddata>
   <history>
    <pubmedpubdate pubstatus="pubmed">
     <year>
      2004
     </year>
     <month>
      8
     </month>
     <day>
      10
     </day>
     <hour>
      5
     </hour>
     <minute>
      0
     </minute>
    </pubmedpubdate>
    <pubmedpubdate pubstatus="medline">
     <year>
      2004
     </year>
     <month>
      10
     </month>
     <day>
      19
     </day>
     <hour>
      9
     </hour>
     <minute>
      0
     </minute>
    </pubmedpubdate>
    <pubmedpubdate pubstatus="entrez">
     <year>
      2004
     </year>
     <month>
      8
     </month>
     <day>
      10
     </day>
     <hour>
      5
     </hour>
     <minute>
      0
     </minute>
    </pubmedpubdate>
   </history>
   <publicationstatus>
    ppublish
   </publicationstatus>
   <articleidlist>
    <articleid idtype="pubmed">
     15298071
    </articleid>
   </articleidlist>
  </pubmeddata>
 </pubmedarticle>
</pubmedarticleset>

