<?xml version='1.0' encoding='utf-8'?>
<!DOCTYPE PubmedArticleSet PUBLIC "-//NLM//DTD PubMedArticle, 1st January 2011//EN" "http://www.ncbi.nlm.nih.gov/entrez/query/DTD/pubmed_110101.dtd">
<pubmedarticleset>
 <pubmedarticle>
  <medlinecitation owner="NLM" status="MEDLINE">
   <pmid version="1">
    1541438
   </pmid>
   <datecreated>
    <year>
     1992
    </year>
    <month>
     04
    </month>
    <day>
     08
    </day>
   </datecreated>
   <datecompleted>
    <year>
     1992
    </year>
    <month>
     04
    </month>
    <day>
     08
    </day>
   </datecompleted>
   <daterevised>
    <year>
     2006
    </year>
    <month>
     11
    </month>
    <day>
     15
    </day>
   </daterevised>
   <article pubmodel="Print">
    <journal>
     <issn issntype="Print">
      0090-8258
     </issn>
     <journalissue citedmedium="Print">
      <volume>
       44
      </volume>
      <issue>
       3
      </issue>
      <pubdate>
       <year>
        1992
       </year>
       <month>
        Mar
       </month>
      </pubdate>
     </journalissue>
     <title>
      Gynecologic oncology
     </title>
     <isoabbreviation>
      Gynecol. Oncol.
     </isoabbreviation>
    </journal>
    <articletitle>
     The efficacy and safety of the cytobrush during pregnancy.
    </articletitle>
    <pagination>
     <medlinepgn>
      260-2
     </medlinepgn>
    </pagination>
    <abstract>
     <abstracttext>
      The safety and efficacy of abrasive cytology, using the cytobrush, were evaluated in 300 pregnant patients. When compared to conventional cytology obtained with a cotton-tipped applicator there was no difference in adverse pregnancy events. Smear adequacy (containing endocervical cells) was statistically (P less than 0.01) and clinically increased from 21 to 86%. The use of abrasive cervical cytology was associated with a twofold increase in the incidence of abnormal smears.
     </abstracttext>
    </abstract>
    <affiliation>
     Department of Gynecology and Obstetrics, Watson Clinic, Lakeland, Florida 33803.
    </affiliation>
    <authorlist completeyn="Y">
     <author validyn="Y">
      <lastname>
       Orr
      </lastname>
      <forename>
       J W
      </forename>
      <initials>
       JW
      </initials>
      <suffix>
       Jr
      </suffix>
     </author>
     <author validyn="Y">
      <lastname>
       Barrett
      </lastname>
      <forename>
       J M
      </forename>
      <initials>
       JM
      </initials>
     </author>
     <author validyn="Y">
      <lastname>
       Orr
      </lastname>
      <forename>
       P F
      </forename>
      <initials>
       PF
      </initials>
     </author>
     <author validyn="Y">
      <lastname>
       Holloway
      </lastname>
      <forename>
       R W
      </forename>
      <initials>
       RW
      </initials>
     </author>
     <author validyn="Y">
      <lastname>
       Holimon
      </lastname>
      <forename>
       J L
      </forename>
      <initials>
       JL
      </initials>
     </author>
    </authorlist>
    <language>
     eng
    </language>
    <publicationtypelist>
     <publicationtype>
      Comparative Study
     </publicationtype>
     <publicationtype>
      Journal Article
     </publicationtype>
    </publicationtypelist>
   </article>
   <medlinejournalinfo>
    <country>
     UNITED STATES
    </country>
    <medlineta>
     Gynecol Oncol
    </medlineta>
    <nlmuniqueid>
     0365304
    </nlmuniqueid>
    <issnlinking>
     0090-8258
    </issnlinking>
   </medlinejournalinfo>
   <citationsubset>
    IM
   </citationsubset>
   <meshheadinglist>
    <meshheading>
     <descriptorname majortopicyn="N">
      Adult
     </descriptorname>
    </meshheading>
    <meshheading>
     <descriptorname majortopicyn="N">
      Cervix Uteri
     </descriptorname>
     <qualifiername majortopicyn="Y">
      cytology
     </qualifiername>
    </meshheading>
    <meshheading>
     <descriptorname majortopicyn="N">
      Female
     </descriptorname>
    </meshheading>
    <meshheading>
     <descriptorname majortopicyn="N">
      Humans
     </descriptorname>
    </meshheading>
    <meshheading>
     <descriptorname majortopicyn="Y">
      Pregnancy
     </descriptorname>
    </meshheading>
    <meshheading>
     <descriptorname majortopicyn="N">
      Pregnancy Complications, Infectious
     </descriptorname>
     <qualifiername majortopicyn="N">
      diagnosis
     </qualifiername>
    </meshheading>
    <meshheading>
     <descriptorname majortopicyn="N">
      Uterine Cervical Neoplasms
     </descriptorname>
     <qualifiername majortopicyn="N">
      diagnosis
     </qualifiername>
    </meshheading>
    <meshheading>
     <descriptorname majortopicyn="N">
      Vaginal Smears
     </descriptorname>
     <qualifiername majortopicyn="N">
      adverse effects
     </qualifiername>
     <qualifiername majortopicyn="Y">
      instrumentation
     </qualifiername>
     <qualifiername majortopicyn="N">
      methods
     </qualifiername>
    </meshheading>
   </meshheadinglist>
  </medlinecitation>
  <pubmeddata>
   <history>
    <pubmedpubdate pubstatus="pubmed">
     <year>
      1992
     </year>
     <month>
      3
     </month>
     <day>
      11
     </day>
     <hour>
      19
     </hour>
     <minute>
      15
     </minute>
    </pubmedpubdate>
    <pubmedpubdate pubstatus="medline">
     <year>
      2001
     </year>
     <month>
      3
     </month>
     <day>
      28
     </day>
     <hour>
      10
     </hour>
     <minute>
      1
     </minute>
    </pubmedpubdate>
    <pubmedpubdate pubstatus="entrez">
     <year>
      1992
     </year>
     <month>
      3
     </month>
     <day>
      11
     </day>
     <hour>
      19
     </hour>
     <minute>
      15
     </minute>
    </pubmedpubdate>
   </history>
   <publicationstatus>
    ppublish
   </publicationstatus>
   <articleidlist>
    <articleid idtype="pubmed">
     1541438
    </articleid>
   </articleidlist>
  </pubmeddata>
 </pubmedarticle>
</pubmedarticleset>

