<?xml version='1.0' encoding='utf-8'?>
<!DOCTYPE PubmedArticleSet PUBLIC "-//NLM//DTD PubMedArticle, 1st January 2011//EN" "http://www.ncbi.nlm.nih.gov/entrez/query/DTD/pubmed_110101.dtd">
<pubmedarticleset>
 <pubmedarticle>
  <medlinecitation owner="NLM" status="MEDLINE">
   <pmid version="1">
    15459412
   </pmid>
   <datecreated>
    <year>
     2004
    </year>
    <month>
     10
    </month>
    <day>
     01
    </day>
   </datecreated>
   <datecompleted>
    <year>
     2004
    </year>
    <month>
     10
    </month>
    <day>
     26
    </day>
   </datecompleted>
   <daterevised>
    <year>
     2009
    </year>
    <month>
     11
    </month>
    <day>
     18
    </day>
   </daterevised>
   <article pubmodel="Print">
    <journal>
     <issn issntype="Print">
      1368-4973
     </issn>
     <journalissue citedmedium="Print">
      <volume>
       80
      </volume>
      <issue>
       5
      </issue>
      <pubdate>
       <year>
        2004
       </year>
       <month>
        Oct
       </month>
      </pubdate>
     </journalissue>
     <title>
      Sexually transmitted infections
     </title>
     <isoabbreviation>
      Sex Transm Infect
     </isoabbreviation>
    </journal>
    <articletitle>
     Diagnosis of genital herpes by real time PCR in routine clinical practice.
    </articletitle>
    <pagination>
     <medlinepgn>
      406-10
     </medlinepgn>
    </pagination>
    <abstract>
     <abstracttext label="BACKGROUND" nlmcategory="BACKGROUND">
      Virus isolation in cell culture is the recognised diagnostic gold standard for genital herpes. Although increasing evidence indicates that polymerase chain reaction (PCR) provides a more rapid and sensitive diagnostic method, its implementation in routine diagnostic settings has been limited by concerns over contamination and cost.
     </abstracttext>
     <abstracttext label="OBJECTIVE" nlmcategory="OBJECTIVE">
      To evaluate the feasibility of replacing virus culture with PCR for the diagnosis of genital herpes in settings serving large populations of genitourinary medicine (GUM) attendees.
     </abstracttext>
     <abstracttext label="METHODS" nlmcategory="METHODS">
      Genital swabs collected from 233 consecutive GUM attendees with suspected genital herpes were tested in parallel by virus culture and automated real time PCR. Three specimen preparation methods were evaluated and the assay reliability was assessed by repeat testing, comparison with a commercially available assay, and herpes simplex virus (HSV) sequence analysis. Probe melting temperatures (Tm) were used to differentiate between HSV types without additional post-PCR steps.
     </abstracttext>
     <abstracttext label="RESULTS" nlmcategory="RESULTS">
      HSV was detected in 79/233 (34%) samples by virus culture and 132/233 (57%) samples by PCR. PCR significantly increased HSV detection in both early (&lt; 5 days) and late (&gt; or = 5 days) presentations and in both first and recurrent episodes. HSV detection and typing by PCR was achieved within less than 4 hours leading to a significant reduction in labour compared to virus culture. Most specimens (120/132, 91%) were typed as HSV-2. Results were highly reproducible.
     </abstracttext>
     <abstracttext label="CONCLUSIONS" nlmcategory="CONCLUSIONS">
      Real time PCR is a highly reproducible, rapid, and labour efficient method for HSV detection in genital swabs. Its implementation is feasible in routine diagnostic settings.
     </abstracttext>
    </abstract>
    <affiliation>
     Royal Free and University College Medical School, Department of Virology, Hampstead Site, Rowland Hill Street, London NW3 2PF, UK.
    </affiliation>
    <authorlist completeyn="Y">
     <author validyn="Y">
      <lastname>
       Ramaswamy
      </lastname>
      <forename>
       M
      </forename>
      <initials>
       M
      </initials>
     </author>
     <author validyn="Y">
      <lastname>
       McDonald
      </lastname>
      <forename>
       C
      </forename>
      <initials>
       C
      </initials>
     </author>
     <author validyn="Y">
      <lastname>
       Smith
      </lastname>
      <forename>
       M
      </forename>
      <initials>
       M
      </initials>
     </author>
     <author validyn="Y">
      <lastname>
       Thomas
      </lastname>
      <forename>
       D
      </forename>
      <initials>
       D
      </initials>
     </author>
     <author validyn="Y">
      <lastname>
       Maxwell
      </lastname>
      <forename>
       S
      </forename>
      <initials>
       S
      </initials>
     </author>
     <author validyn="Y">
      <lastname>
       Tenant-Flowers
      </lastname>
      <forename>
       M
      </forename>
      <initials>
       M
      </initials>
     </author>
     <author validyn="Y">
      <lastname>
       Geretti
      </lastname>
      <forename>
       A M
      </forename>
      <initials>
       AM
      </initials>
     </author>
    </authorlist>
    <language>
     eng
    </language>
    <publicationtypelist>
     <publicationtype>
      Clinical Trial
     </publicationtype>
     <publicationtype>
      Comparative Study
     </publicationtype>
     <publicationtype>
      Journal Article
     </publicationtype>
     <publicationtype>
      Randomized Controlled Trial
     </publicationtype>
    </publicationtypelist>
   </article>
   <medlinejournalinfo>
    <country>
     England
    </country>
    <medlineta>
     Sex Transm Infect
    </medlineta>
    <nlmuniqueid>
     9805554
    </nlmuniqueid>
    <issnlinking>
     1368-4973
    </issnlinking>
   </medlinejournalinfo>
   <chemicallist>
    <chemical>
     <registrynumber>
      0
     </registrynumber>
     <nameofsubstance>
      DNA, Viral
     </nameofsubstance>
    </chemical>
   </chemicallist>
   <citationsubset>
    IM
   </citationsubset>
   <commentscorrectionslist>
    <commentscorrections reftype="Cites">
     <refsource>
      BMJ. 1994 Nov 19;309(6965):1325-9
     </refsource>
     <pmid version="1">
      7866079
     </pmid>
    </commentscorrections>
    <commentscorrections reftype="Cites">
     <refsource>
      Ann Intern Med. 1983 Jun;98(6):973-83
     </refsource>
     <pmid version="1">
      6344713
     </pmid>
    </commentscorrections>
    <commentscorrections reftype="Cites">
     <refsource>
      Sex Transm Dis. 1994 Mar-Apr;21(2 Suppl):S38-44
     </refsource>
     <pmid version="1">
      8042114
     </pmid>
    </commentscorrections>
    <commentscorrections reftype="Cites">
     <refsource>
      Genitourin Med. 1993 Jun;69(3):174-83
     </refsource>
     <pmid version="1">
      8392966
     </pmid>
    </commentscorrections>
    <commentscorrections reftype="Cites">
     <refsource>
      Ann Intern Med. 1999 Jul 6;131(1):14-20
     </refsource>
     <pmid version="1">
      10391810
     </pmid>
    </commentscorrections>
    <commentscorrections reftype="Cites">
     <refsource>
      J Clin Microbiol. 2000 Feb;38(2):795-9
     </refsource>
     <pmid version="1">
      10655387
     </pmid>
    </commentscorrections>
    <commentscorrections reftype="Cites">
     <refsource>
      Sex Transm Infect. 1999 Dec;75(6):403-5
     </refsource>
     <pmid version="1">
      10754945
     </pmid>
    </commentscorrections>
    <commentscorrections reftype="Cites">
     <refsource>
      J Antimicrob Chemother. 2000 Apr;45 Suppl T3:1-8
     </refsource>
     <pmid version="1">
      10855766
     </pmid>
    </commentscorrections>
    <commentscorrections reftype="Cites">
     <refsource>
      J Clin Microbiol. 2001 Jun;39(6):2233-6
     </refsource>
     <pmid version="1">
      11376062
     </pmid>
    </commentscorrections>
    <commentscorrections reftype="Cites">
     <refsource>
      Sex Transm Infect. 2002 Feb;78(1):21-5
     </refsource>
     <pmid version="1">
      11872854
     </pmid>
    </commentscorrections>
    <commentscorrections reftype="Cites">
     <refsource>
      BMJ. 2002 Jun 8;324(7350):1366-7
     </refsource>
     <pmid version="1">
      12052804
     </pmid>
    </commentscorrections>
    <commentscorrections reftype="Cites">
     <refsource>
      BMC Microbiol. 2002 Jun 9;2:12
     </refsource>
     <pmid version="1">
      12069697
     </pmid>
    </commentscorrections>
    <commentscorrections reftype="Cites">
     <refsource>
      Sex Transm Infect. 2002 Jun;78(3):160-5
     </refsource>
     <pmid version="1">
      12238644
     </pmid>
    </commentscorrections>
    <commentscorrections reftype="Cites">
     <refsource>
      Sex Transm Infect. 2002 Jun;78(3):198-200
     </refsource>
     <pmid version="1">
      12238653
     </pmid>
    </commentscorrections>
    <commentscorrections reftype="Cites">
     <refsource>
      J Clin Microbiol. 2003 Feb;41(2):576-80
     </refsource>
     <pmid version="1">
      12574249
     </pmid>
    </commentscorrections>
    <commentscorrections reftype="Cites">
     <refsource>
      Sex Transm Infect. 2003 Apr;79(2):129-33
     </refsource>
     <pmid version="1">
      12690134
     </pmid>
    </commentscorrections>
    <commentscorrections reftype="Cites">
     <refsource>
      J Clin Virol. 2003 May;27(1):22-9
     </refsource>
     <pmid version="1">
      12727525
     </pmid>
    </commentscorrections>
    <commentscorrections reftype="Cites">
     <refsource>
      J Infect Dis. 2003 Nov 1;188(9):1345-51
     </refsource>
     <pmid version="1">
      14593592
     </pmid>
    </commentscorrections>
    <commentscorrections reftype="Cites">
     <refsource>
      N Engl J Med. 1987 Jun 4;316(23):1444-9
     </refsource>
     <pmid version="1">
      3033506
     </pmid>
    </commentscorrections>
    <commentscorrections reftype="Cites">
     <refsource>
      Ann Intern Med. 1983 Jun;98(6):958-72
     </refsource>
     <pmid version="1">
      6344712
     </pmid>
    </commentscorrections>
    <commentscorrections reftype="Cites">
     <refsource>
      Ann Intern Med. 1994 Dec 1;121(11):847-54
     </refsource>
     <pmid version="1">
      7978697
     </pmid>
    </commentscorrections>
   </commentscorrectionslist>
   <meshheadinglist>
    <meshheading>
     <descriptorname majortopicyn="N">
      Base Sequence
     </descriptorname>
    </meshheading>
    <meshheading>
     <descriptorname majortopicyn="N">
      DNA, Viral
     </descriptorname>
     <qualifiername majortopicyn="N">
      analysis
     </qualifiername>
    </meshheading>
    <meshheading>
     <descriptorname majortopicyn="N">
      Feasibility Studies
     </descriptorname>
    </meshheading>
    <meshheading>
     <descriptorname majortopicyn="N">
      Female
     </descriptorname>
    </meshheading>
    <meshheading>
     <descriptorname majortopicyn="N">
      Herpes Genitalis
     </descriptorname>
     <qualifiername majortopicyn="Y">
      diagnosis
     </qualifiername>
    </meshheading>
    <meshheading>
     <descriptorname majortopicyn="N">
      Humans
     </descriptorname>
    </meshheading>
    <meshheading>
     <descriptorname majortopicyn="N">
      Male
     </descriptorname>
    </meshheading>
    <meshheading>
     <descriptorname majortopicyn="N">
      Polymerase Chain Reaction
     </descriptorname>
     <qualifiername majortopicyn="Y">
      methods
     </qualifiername>
    </meshheading>
    <meshheading>
     <descriptorname majortopicyn="N">
      Sensitivity and Specificity
     </descriptorname>
    </meshheading>
   </meshheadinglist>
   <otherid source="NLM">
    PMC1744886
   </otherid>
  </medlinecitation>
  <pubmeddata>
   <history>
    <pubmedpubdate pubstatus="pubmed">
     <year>
      2004
     </year>
     <month>
      10
     </month>
     <day>
      2
     </day>
     <hour>
      5
     </hour>
     <minute>
      0
     </minute>
    </pubmedpubdate>
    <pubmedpubdate pubstatus="medline">
     <year>
      2004
     </year>
     <month>
      10
     </month>
     <day>
      27
     </day>
     <hour>
      9
     </hour>
     <minute>
      0
     </minute>
    </pubmedpubdate>
    <pubmedpubdate pubstatus="entrez">
     <year>
      2004
     </year>
     <month>
      10
     </month>
     <day>
      2
     </day>
     <hour>
      5
     </hour>
     <minute>
      0
     </minute>
    </pubmedpubdate>
   </history>
   <publicationstatus>
    ppublish
   </publicationstatus>
   <articleidlist>
    <articleid idtype="pubmed">
     15459412
    </articleid>
    <articleid idtype="doi">
     10.1136/sti.2003.008201
    </articleid>
    <articleid idtype="pii">
     80/5/406
    </articleid>
    <articleid idtype="pmc">
     PMC1744886
    </articleid>
   </articleidlist>
  </pubmeddata>
 </pubmedarticle>
</pubmedarticleset>

