<?xml version='1.0' encoding='utf-8'?>
<!DOCTYPE PubmedArticleSet PUBLIC "-//NLM//DTD PubMedArticle, 1st January 2011//EN" "http://www.ncbi.nlm.nih.gov/entrez/query/DTD/pubmed_110101.dtd">
<pubmedarticleset>
 <pubmedarticle>
  <medlinecitation owner="NLM" status="MEDLINE">
   <pmid version="1">
    15495008
   </pmid>
   <datecreated>
    <year>
     2004
    </year>
    <month>
     10
    </month>
    <day>
     20
    </day>
   </datecreated>
   <datecompleted>
    <year>
     2005
    </year>
    <month>
     03
    </month>
    <day>
     23
    </day>
   </datecompleted>
   <daterevised>
    <year>
     2007
    </year>
    <month>
     11
    </month>
    <day>
     15
    </day>
   </daterevised>
   <article pubmodel="Electronic">
    <journal>
     <issn issntype="Electronic">
      1469-493X
     </issn>
     <journalissue citedmedium="Internet">
      <issue>
       4
      </issue>
      <pubdate>
       <year>
        2004
       </year>
      </pubdate>
     </journalissue>
     <title>
      Cochrane database of systematic reviews (Online)
     </title>
     <isoabbreviation>
      Cochrane Database Syst Rev
     </isoabbreviation>
    </journal>
    <articletitle>
     Psychosocial and psychological interventions for preventing postpartum depression.
    </articletitle>
    <pagination>
     <medlinepgn>
      CD001134
     </medlinepgn>
    </pagination>
    <abstract>
     <abstracttext label="BACKGROUND" nlmcategory="BACKGROUND">
      The cause of postpartum depression remains unclear, with extensive research suggesting a multi-factorial aetiology. However, epidemiological studies and meta-analyses of predictive studies have consistently demonstrated the importance of psychosocial and psychological variables. While interventions based on these variables may be effective treatment strategies, theoretically they may also be used in pregnancy and the early postpartum period to prevent postpartum depression.
     </abstracttext>
     <abstracttext label="OBJECTIVES" nlmcategory="OBJECTIVE">
      Primary: to assess the effect of diverse psychosocial and psychological interventions compared with usual antepartum, intrapartum, or postpartum care to reduce the risk of developing postpartum depression. Secondary: to examine (1) the effectiveness of specific types of psychosocial and psychological interventions, (2) the effectiveness of individual versus group-based interventions, (3) the effects of intervention onset and duration, and (4) whether interventions are more effective in women selected with specific risk factors.
     </abstracttext>
     <abstracttext label="SEARCH STRATEGY" nlmcategory="METHODS">
      We searched the Cochrane Pregnancy and Childbirth Group trials register (January 27 2004), the Cochrane Depression, Anxiety and Neurosis Group trials register (October 2003), the Cochrane Central Register of Controlled Trials (October 2003), MEDLINE (1966 to 2004), EMBASE (1980 to 2004) and CINAHL (1982 to 2004). We scanned secondary references and contacted experts in the field.
     </abstracttext>
     <abstracttext label="SELECTION CRITERIA" nlmcategory="METHODS">
      All published and unpublished randomised controlled trials of acceptable quality comparing a psychosocial or psychological intervention with usual antenatal, intrapartum, or postpartum care.
     </abstracttext>
     <abstracttext label="DATA COLLECTION AND ANALYSIS" nlmcategory="METHODS">
      Both reviewers participated in the evaluation of methodological quality and data extraction. Additional information was sought from several trial researchers. Results are presented using relative risk for categorical data and weighted mean difference for continuous data.
     </abstracttext>
     <abstracttext label="MAIN RESULTS" nlmcategory="RESULTS">
      Fifteen trials, involving over 7600 women, were included. Overall, women who received a psychosocial intervention were equally likely to develop postpartum depression as those receiving standard care (relative risk (RR) 0.81, 95% confidence interval (CI) 0.65 to 1.02). One promising intervention appears to be the provision of intensive postpartum support provided by public health nurses or midwives (RR 0.68, 95% CI 0.55 to 0.84). Identifying mothers 'at-risk' assisted the prevention of postpartum depression (RR 0.67, 95% CI 0.51 to 0.89). Interventions with only a postnatal component appeared to be more beneficial (RR 0.76, 95% CI 0.58 to 0.98) than interventions that also incorporated an antenatal component. While individually-based interventions may be more effective (RR 0.76, 95% CI 0.59 to 1.00) than those that are group-based, women who received multiple-contact intervention were just as likely to experience postpartum depression as those who received a single-contact intervention.
     </abstracttext>
     <abstracttext label="REVIEWERS' CONCLUSIONS" nlmcategory="CONCLUSIONS">
      Overall psychosocial interventions do not reduce the numbers of women who develop postpartum depression. However, a promising intervention is the provision of intensive, professionally-based postpartum support.
     </abstracttext>
    </abstract>
    <affiliation>
     Faculty of Nursing, University of Toronto, 50 St George Street, Toronto, Ontario, Canada, M5S 3H4.
    </affiliation>
    <authorlist completeyn="Y">
     <author validyn="Y">
      <lastname>
       Dennis
      </lastname>
      <forename>
       C L
      </forename>
      <initials>
       CL
      </initials>
     </author>
     <author validyn="Y">
      <lastname>
       Creedy
      </lastname>
      <forename>
       D
      </forename>
      <initials>
       D
      </initials>
     </author>
    </authorlist>
    <language>
     eng
    </language>
    <publicationtypelist>
     <publicationtype>
      Journal Article
     </publicationtype>
     <publicationtype>
      Meta-Analysis
     </publicationtype>
     <publicationtype>
      Review
     </publicationtype>
    </publicationtypelist>
    <articledate datetype="Electronic">
     <year>
      2004
     </year>
     <month>
      10
     </month>
     <day>
      18
     </day>
    </articledate>
   </article>
   <medlinejournalinfo>
    <country>
     England
    </country>
    <medlineta>
     Cochrane Database Syst Rev
    </medlineta>
    <nlmuniqueid>
     100909747
    </nlmuniqueid>
    <issnlinking>
     1361-6137
    </issnlinking>
   </medlinejournalinfo>
   <citationsubset>
    IM
   </citationsubset>
   <commentscorrectionslist>
    <commentscorrections reftype="CommentIn">
     <refsource>
      Evid Based Nurs. 2005 Jul;8(3):76
     </refsource>
     <pmid version="1">
      16021705
     </pmid>
    </commentscorrections>
   </commentscorrectionslist>
   <meshheadinglist>
    <meshheading>
     <descriptorname majortopicyn="N">
      Depression, Postpartum
     </descriptorname>
     <qualifiername majortopicyn="Y">
      prevention &amp; control
     </qualifiername>
    </meshheading>
    <meshheading>
     <descriptorname majortopicyn="N">
      Family Health
     </descriptorname>
    </meshheading>
    <meshheading>
     <descriptorname majortopicyn="N">
      Female
     </descriptorname>
    </meshheading>
    <meshheading>
     <descriptorname majortopicyn="N">
      Humans
     </descriptorname>
    </meshheading>
    <meshheading>
     <descriptorname majortopicyn="N">
      Psychotherapy
     </descriptorname>
    </meshheading>
    <meshheading>
     <descriptorname majortopicyn="N">
      Randomized Controlled Trials as Topic
     </descriptorname>
    </meshheading>
    <meshheading>
     <descriptorname majortopicyn="N">
      Social Support
     </descriptorname>
    </meshheading>
   </meshheadinglist>
   <numberofreferences>
    98
   </numberofreferences>
  </medlinecitation>
  <pubmeddata>
   <history>
    <pubmedpubdate pubstatus="pubmed">
     <year>
      2004
     </year>
     <month>
      10
     </month>
     <day>
      21
     </day>
     <hour>
      9
     </hour>
     <minute>
      0
     </minute>
    </pubmedpubdate>
    <pubmedpubdate pubstatus="medline">
     <year>
      2005
     </year>
     <month>
      3
     </month>
     <day>
      24
     </day>
     <hour>
      9
     </hour>
     <minute>
      0
     </minute>
    </pubmedpubdate>
    <pubmedpubdate pubstatus="entrez">
     <year>
      2004
     </year>
     <month>
      10
     </month>
     <day>
      21
     </day>
     <hour>
      9
     </hour>
     <minute>
      0
     </minute>
    </pubmedpubdate>
   </history>
   <publicationstatus>
    epublish
   </publicationstatus>
   <articleidlist>
    <articleid idtype="doi">
     10.1002/14651858.CD001134.pub2
    </articleid>
    <articleid idtype="pubmed">
     15495008
    </articleid>
   </articleidlist>
  </pubmeddata>
 </pubmedarticle>
</pubmedarticleset>

