<?xml version='1.0' encoding='utf-8'?>
<!DOCTYPE PubmedArticleSet PUBLIC "-//NLM//DTD PubMedArticle, 1st January 2011//EN" "http://www.ncbi.nlm.nih.gov/entrez/query/DTD/pubmed_110101.dtd">
<pubmedarticleset>
 <pubmedarticle>
  <medlinecitation owner="NLM" status="Publisher">
   <pmid version="1">
    15514697
   </pmid>
   <datecreated>
    <year>
     2004
    </year>
    <month>
     10
    </month>
    <day>
     29
    </day>
   </datecreated>
   <article pubmodel="Print">
    <journal>
     <issn issntype="Electronic">
      1938-162X
     </issn>
     <journalissue citedmedium="Internet">
      <volume>
       39
      </volume>
      <issue>
       3
      </issue>
      <pubdate>
       <year>
        2004
       </year>
       <month>
        9
       </month>
      </pubdate>
     </journalissue>
     <title>
      Journal of athletic training
     </title>
     <isoabbreviation>
      J Athl Train
     </isoabbreviation>
    </journal>
    <articletitle>
     National Athletic Trainers' Association Position Statement: Management of Sport-Related Concussion.
    </articletitle>
    <pagination>
     <medlinepgn>
      280-297
     </medlinepgn>
    </pagination>
    <affiliation>
     University of North Carolina at Chapel Hill, Chapel Hill, NC.
    </affiliation>
    <authorlist completeyn="Y">
     <author validyn="Y">
      <lastname>
       Guskiewicz
      </lastname>
      <forename>
       Kevin M
      </forename>
      <initials>
       KM
      </initials>
     </author>
     <author validyn="Y">
      <lastname>
       Bruce
      </lastname>
      <forename>
       Scott L
      </forename>
      <initials>
       SL
      </initials>
     </author>
     <author validyn="Y">
      <lastname>
       Cantu
      </lastname>
      <forename>
       Robert C
      </forename>
      <initials>
       RC
      </initials>
     </author>
     <author validyn="Y">
      <lastname>
       Ferrara
      </lastname>
      <forename>
       Michael S
      </forename>
      <initials>
       MS
      </initials>
     </author>
     <author validyn="Y">
      <lastname>
       Kelly
      </lastname>
      <forename>
       James P
      </forename>
      <initials>
       JP
      </initials>
     </author>
     <author validyn="Y">
      <lastname>
       McCrea
      </lastname>
      <forename>
       Michael
      </forename>
      <initials>
       M
      </initials>
     </author>
     <author validyn="Y">
      <lastname>
       Putukian
      </lastname>
      <forename>
       Margot
      </forename>
      <initials>
       M
      </initials>
     </author>
     <author validyn="Y">
      <lastname>
       Valovich McLeod
      </lastname>
      <forename>
       Tamara C
      </forename>
      <initials>
       TC
      </initials>
     </author>
    </authorlist>
    <language>
     ENG
    </language>
    <publicationtypelist>
     <publicationtype>
      JOURNAL ARTICLE
     </publicationtype>
    </publicationtypelist>
   </article>
   <medlinejournalinfo>
    <medlineta>
     J Athl Train
    </medlineta>
    <nlmuniqueid>
     9301647
    </nlmuniqueid>
    <issnlinking>
     1062-6050
    </issnlinking>
   </medlinejournalinfo>
  </medlinecitation>
  <pubmeddata>
   <history>
    <pubmedpubdate pubstatus="pubmed">
     <year>
      2004
     </year>
     <month>
      10
     </month>
     <day>
      30
     </day>
     <hour>
      9
     </hour>
     <minute>
      0
     </minute>
    </pubmedpubdate>
    <pubmedpubdate pubstatus="medline">
     <year>
      2004
     </year>
     <month>
      10
     </month>
     <day>
      30
     </day>
     <hour>
      9
     </hour>
     <minute>
      0
     </minute>
    </pubmedpubdate>
    <pubmedpubdate pubstatus="entrez">
     <year>
      2004
     </year>
     <month>
      10
     </month>
     <day>
      30
     </day>
     <hour>
      9
     </hour>
     <minute>
      0
     </minute>
    </pubmedpubdate>
   </history>
   <publicationstatus>
    ppublish
   </publicationstatus>
   <articleidlist>
    <articleid idtype="pubmed">
     15514697
    </articleid>
    <articleid idtype="pmc">
     PMC522153
    </articleid>
   </articleidlist>
  </pubmeddata>
 </pubmedarticle>
</pubmedarticleset>

