<?xml version='1.0' encoding='utf-8'?>
<!DOCTYPE PubmedArticleSet PUBLIC "-//NLM//DTD PubMedArticle, 1st January 2011//EN" "http://www.ncbi.nlm.nih.gov/entrez/query/DTD/pubmed_110101.dtd">
<pubmedarticleset>
 <pubmedarticle>
  <medlinecitation owner="NLM" status="MEDLINE">
   <pmid version="1">
    15550260
   </pmid>
   <datecreated>
    <year>
     2004
    </year>
    <month>
     11
    </month>
    <day>
     19
    </day>
   </datecreated>
   <datecompleted>
    <year>
     2005
    </year>
    <month>
     05
    </month>
    <day>
     12
    </day>
   </datecompleted>
   <daterevised>
    <year>
     2006
    </year>
    <month>
     11
    </month>
    <day>
     15
    </day>
   </daterevised>
   <article pubmodel="Print">
    <journal>
     <issn issntype="Print">
      0035-9203
     </issn>
     <journalissue citedmedium="Print">
      <volume>
       99
      </volume>
      <issue>
       1
      </issue>
      <pubdate>
       <year>
        2005
       </year>
       <month>
        Jan
       </month>
      </pubdate>
     </journalissue>
     <title>
      Transactions of the Royal Society of Tropical Medicine and Hygiene
     </title>
     <isoabbreviation>
      Trans. R. Soc. Trop. Med. Hyg.
     </isoabbreviation>
    </journal>
    <articletitle>
     Definition of an algorithm for the management of common skin diseases at primary health care level in sub-Saharan Africa.
    </articletitle>
    <pagination>
     <medlinepgn>
      39-47
     </medlinepgn>
    </pagination>
    <abstract>
     <abstracttext>
      In order to help primary health care (PHC) workers in developing countries in the care of common skin diseases, an algorithm for the management of pyoderma, scabies, superficial mycoses, contact dermatitis and referral of early leprosy cases (based on the identification of diseases through the presence of objective key signs, and on treatments by generic drugs) was elaborated. One thousand patients were seen by trained dermatologists, who established diagnoses and treatments; in addition, there was systematic recording of each key sign, according to the successive algorithm steps. We compared the diagnostics and treatments obtained for several combinations of diagnostic signs, with those of the dermatologists. Sensitivity, specificity, positive predictive value and negative predictive value of defined combinations were high for pyoderma, scabies and superficial mycoses. Values were less exact for dermatitis and leprosy, but were considered sufficient for the level of health care targeted. The apportionment of treatments between the algorithm and the dermatological approaches was considered appropriate in more than 80% of cases; mismanagement was possible in 7% of cases, with few predictable harmful consequences. The algorithm was found satisfactory for the management of the dermatological priorities according to the standards required at the PHC level.
     </abstracttext>
    </abstract>
    <affiliation>
     Institut d'Hygiène Sociale, B.P. 7045, Dakar-Fann, Senegal. mahe@refer.sn
    </affiliation>
    <authorlist completeyn="Y">
     <author validyn="Y">
      <lastname>
       Mahé
      </lastname>
      <forename>
       A
      </forename>
      <initials>
       A
      </initials>
     </author>
     <author validyn="Y">
      <lastname>
       Faye
      </lastname>
      <forename>
       O
      </forename>
      <initials>
       O
      </initials>
     </author>
     <author validyn="Y">
      <lastname>
       N'Diaye
      </lastname>
      <forename>
       H Thiam
      </forename>
      <initials>
       HT
      </initials>
     </author>
     <author validyn="Y">
      <lastname>
       Ly
      </lastname>
      <forename>
       F
      </forename>
      <initials>
       F
      </initials>
     </author>
     <author validyn="Y">
      <lastname>
       Konaré
      </lastname>
      <forename>
       H
      </forename>
      <initials>
       H
      </initials>
     </author>
     <author validyn="Y">
      <lastname>
       Kéita
      </lastname>
      <forename>
       S
      </forename>
      <initials>
       S
      </initials>
     </author>
     <author validyn="Y">
      <lastname>
       Traoré
      </lastname>
      <forename>
       A K
      </forename>
      <initials>
       AK
      </initials>
     </author>
     <author validyn="Y">
      <lastname>
       Hay
      </lastname>
      <forename>
       R
      </forename>
      <initials>
       R
      </initials>
     </author>
    </authorlist>
    <language>
     eng
    </language>
    <publicationtypelist>
     <publicationtype>
      Journal Article
     </publicationtype>
     <publicationtype>
      Research Support, Non-U.S. Gov't
     </publicationtype>
    </publicationtypelist>
   </article>
   <medlinejournalinfo>
    <country>
     England
    </country>
    <medlineta>
     Trans R Soc Trop Med Hyg
    </medlineta>
    <nlmuniqueid>
     7506129
    </nlmuniqueid>
    <issnlinking>
     0035-9203
    </issnlinking>
   </medlinejournalinfo>
   <citationsubset>
    IM
   </citationsubset>
   <meshheadinglist>
    <meshheading>
     <descriptorname majortopicyn="N">
      Adolescent
     </descriptorname>
    </meshheading>
    <meshheading>
     <descriptorname majortopicyn="N">
      Adult
     </descriptorname>
    </meshheading>
    <meshheading>
     <descriptorname majortopicyn="N" type="Geographic">
      Africa South of the Sahara
     </descriptorname>
     <qualifiername majortopicyn="N">
      epidemiology
     </qualifiername>
    </meshheading>
    <meshheading>
     <descriptorname majortopicyn="Y">
      Algorithms
     </descriptorname>
    </meshheading>
    <meshheading>
     <descriptorname majortopicyn="N">
      Dermatitis, Contact
     </descriptorname>
     <qualifiername majortopicyn="N">
      diagnosis
     </qualifiername>
     <qualifiername majortopicyn="N">
      drug therapy
     </qualifiername>
     <qualifiername majortopicyn="N">
      epidemiology
     </qualifiername>
    </meshheading>
    <meshheading>
     <descriptorname majortopicyn="N">
      Dermatomycoses
     </descriptorname>
     <qualifiername majortopicyn="N">
      diagnosis
     </qualifiername>
     <qualifiername majortopicyn="N">
      drug therapy
     </qualifiername>
     <qualifiername majortopicyn="N">
      epidemiology
     </qualifiername>
    </meshheading>
    <meshheading>
     <descriptorname majortopicyn="N">
      Female
     </descriptorname>
    </meshheading>
    <meshheading>
     <descriptorname majortopicyn="N">
      Humans
     </descriptorname>
    </meshheading>
    <meshheading>
     <descriptorname majortopicyn="N">
      Leprosy, Lepromatous
     </descriptorname>
     <qualifiername majortopicyn="N">
      diagnosis
     </qualifiername>
     <qualifiername majortopicyn="N">
      drug therapy
     </qualifiername>
     <qualifiername majortopicyn="N">
      epidemiology
     </qualifiername>
    </meshheading>
    <meshheading>
     <descriptorname majortopicyn="N">
      Male
     </descriptorname>
    </meshheading>
    <meshheading>
     <descriptorname majortopicyn="N" type="Geographic">
      Mali
     </descriptorname>
     <qualifiername majortopicyn="N">
      epidemiology
     </qualifiername>
    </meshheading>
    <meshheading>
     <descriptorname majortopicyn="N">
      Pilot Projects
     </descriptorname>
    </meshheading>
    <meshheading>
     <descriptorname majortopicyn="N">
      Primary Health Care
     </descriptorname>
     <qualifiername majortopicyn="N">
      methods
     </qualifiername>
    </meshheading>
    <meshheading>
     <descriptorname majortopicyn="N">
      Pyoderma
     </descriptorname>
     <qualifiername majortopicyn="N">
      diagnosis
     </qualifiername>
     <qualifiername majortopicyn="N">
      drug therapy
     </qualifiername>
     <qualifiername majortopicyn="N">
      epidemiology
     </qualifiername>
    </meshheading>
    <meshheading>
     <descriptorname majortopicyn="N">
      Scabies
     </descriptorname>
     <qualifiername majortopicyn="N">
      diagnosis
     </qualifiername>
     <qualifiername majortopicyn="N">
      drug therapy
     </qualifiername>
     <qualifiername majortopicyn="N">
      epidemiology
     </qualifiername>
    </meshheading>
    <meshheading>
     <descriptorname majortopicyn="N" type="Geographic">
      Senegal
     </descriptorname>
     <qualifiername majortopicyn="N">
      epidemiology
     </qualifiername>
    </meshheading>
    <meshheading>
     <descriptorname majortopicyn="N">
      Sensitivity and Specificity
     </descriptorname>
    </meshheading>
    <meshheading>
     <descriptorname majortopicyn="N">
      Skin Diseases
     </descriptorname>
     <qualifiername majortopicyn="N">
      diagnosis
     </qualifiername>
     <qualifiername majortopicyn="Y">
      drug therapy
     </qualifiername>
     <qualifiername majortopicyn="N">
      epidemiology
     </qualifiername>
    </meshheading>
    <meshheading>
     <descriptorname majortopicyn="N">
      Tinea Capitis
     </descriptorname>
     <qualifiername majortopicyn="N">
      diagnosis
     </qualifiername>
     <qualifiername majortopicyn="N">
      drug therapy
     </qualifiername>
     <qualifiername majortopicyn="N">
      epidemiology
     </qualifiername>
    </meshheading>
   </meshheadinglist>
  </medlinecitation>
  <pubmeddata>
   <history>
    <pubmedpubdate pubstatus="received">
     <year>
      2004
     </year>
     <month>
      Jan
     </month>
     <day>
      13
     </day>
    </pubmedpubdate>
    <pubmedpubdate pubstatus="revised">
     <year>
      2004
     </year>
     <month>
      Mar
     </month>
     <day>
      11
     </day>
    </pubmedpubdate>
    <pubmedpubdate pubstatus="accepted">
     <year>
      2004
     </year>
     <month>
      Mar
     </month>
     <day>
      16
     </day>
    </pubmedpubdate>
    <pubmedpubdate pubstatus="pubmed">
     <year>
      2004
     </year>
     <month>
      11
     </month>
     <day>
      20
     </day>
     <hour>
      9
     </hour>
     <minute>
      0
     </minute>
    </pubmedpubdate>
    <pubmedpubdate pubstatus="medline">
     <year>
      2005
     </year>
     <month>
      5
     </month>
     <day>
      13
     </day>
     <hour>
      9
     </hour>
     <minute>
      0
     </minute>
    </pubmedpubdate>
    <pubmedpubdate pubstatus="entrez">
     <year>
      2004
     </year>
     <month>
      11
     </month>
     <day>
      20
     </day>
     <hour>
      9
     </hour>
     <minute>
      0
     </minute>
    </pubmedpubdate>
   </history>
   <publicationstatus>
    ppublish
   </publicationstatus>
   <articleidlist>
    <articleid idtype="pii">
     S0035-9203(04)00182-8
    </articleid>
    <articleid idtype="doi">
     10.1016/j.trstmh.2004.03.008
    </articleid>
    <articleid idtype="pubmed">
     15550260
    </articleid>
   </articleidlist>
  </pubmeddata>
 </pubmedarticle>
</pubmedarticleset>

