<?xml version='1.0' encoding='utf-8'?>
<!DOCTYPE PubmedArticleSet PUBLIC "-//NLM//DTD PubMedArticle, 1st January 2011//EN" "http://www.ncbi.nlm.nih.gov/entrez/query/DTD/pubmed_110101.dtd">
<pubmedarticleset>
 <pubmedarticle>
  <medlinecitation owner="NLM" status="MEDLINE">
   <pmid version="1">
    15575803
   </pmid>
   <datecreated>
    <year>
     2004
    </year>
    <month>
     12
    </month>
    <day>
     03
    </day>
   </datecreated>
   <datecompleted>
    <year>
     2005
    </year>
    <month>
     01
    </month>
    <day>
     13
    </day>
   </datecompleted>
   <daterevised>
    <year>
     2007
    </year>
    <month>
     11
    </month>
    <day>
     15
    </day>
   </daterevised>
   <article pubmodel="Print">
    <journal>
     <issn issntype="Print">
      0160-6689
     </issn>
     <journalissue citedmedium="Print">
      <volume>
       65 Suppl 16
      </volume>
      <pubdate>
       <year>
        2004
       </year>
      </pubdate>
     </journalissue>
     <title>
      The Journal of clinical psychiatry
     </title>
     <isoabbreviation>
      J Clin Psychiatry
     </isoabbreviation>
    </journal>
    <articletitle>
     Cognitive-behavioral approaches to the treatment of insomnia.
    </articletitle>
    <pagination>
     <medlinepgn>
      33-40
     </medlinepgn>
    </pagination>
    <abstract>
     <abstracttext>
      Insomnia is a pervasive condition with various causes, manifestations, and health consequences. Regardless of the initial cause or event that precipitates insomnia, it is perpetuated into a chronic condition through learned behaviors and cognitions that foster sleeplessness. This article reviews the rationale and objectives of cognitive-behavioral therapy (CBT), a safe and effective treatment for insomnia that may be used to augment hypnotic drugs or as a monotherapy. Cognitive-behavioral management of insomnia includes 3 components--behavioral, cognitive, and educational modules--and is usually presented in a group or individual therapy setting. Each treatment procedure is detailed herein, and recommendations for implementation are given. The evidence supporting this behavioral approach shows that CBT is effective for 70% to 80% of patients and that it can significantly reduce several measures of insomnia, including sleep-onset latency and wake-after-sleep onset. Aside from the clinically measurable changes, this therapy system enables many patients to regain a feeling of control over their sleep, thereby reducing the emotional distress that sleep disturbances cause. Some clinical and practical issues that often arise when implementing this therapeutic approach for insomnia are also discussed.
     </abstracttext>
    </abstract>
    <affiliation>
     Sleep Disorders Center, Laval University, Quebec, Canada. cmorin@psy.ulaval.ca
    </affiliation>
    <authorlist completeyn="Y">
     <author validyn="Y">
      <lastname>
       Morin
      </lastname>
      <forename>
       Charles M
      </forename>
      <initials>
       CM
      </initials>
     </author>
    </authorlist>
    <language>
     eng
    </language>
    <publicationtypelist>
     <publicationtype>
      Journal Article
     </publicationtype>
     <publicationtype>
      Research Support, Non-U.S. Gov't
     </publicationtype>
     <publicationtype>
      Review
     </publicationtype>
    </publicationtypelist>
   </article>
   <medlinejournalinfo>
    <country>
     United States
    </country>
    <medlineta>
     J Clin Psychiatry
    </medlineta>
    <nlmuniqueid>
     7801243
    </nlmuniqueid>
    <issnlinking>
     0160-6689
    </issnlinking>
   </medlinejournalinfo>
   <chemicallist>
    <chemical>
     <registrynumber>
      0
     </registrynumber>
     <nameofsubstance>
      Hypnotics and Sedatives
     </nameofsubstance>
    </chemical>
   </chemicallist>
   <citationsubset>
    IM
   </citationsubset>
   <meshheadinglist>
    <meshheading>
     <descriptorname majortopicyn="N">
      Clinical Trials as Topic
     </descriptorname>
    </meshheading>
    <meshheading>
     <descriptorname majortopicyn="N">
      Cognitive Therapy
     </descriptorname>
     <qualifiername majortopicyn="Y">
      methods
     </qualifiername>
    </meshheading>
    <meshheading>
     <descriptorname majortopicyn="N">
      Combined Modality Therapy
     </descriptorname>
    </meshheading>
    <meshheading>
     <descriptorname majortopicyn="N">
      Humans
     </descriptorname>
    </meshheading>
    <meshheading>
     <descriptorname majortopicyn="N">
      Hypnotics and Sedatives
     </descriptorname>
     <qualifiername majortopicyn="N">
      therapeutic use
     </qualifiername>
    </meshheading>
    <meshheading>
     <descriptorname majortopicyn="N">
      Medical Records
     </descriptorname>
    </meshheading>
    <meshheading>
     <descriptorname majortopicyn="N">
      Sleep Initiation and Maintenance Disorders
     </descriptorname>
     <qualifiername majortopicyn="N">
      psychology
     </qualifiername>
     <qualifiername majortopicyn="Y">
      therapy
     </qualifiername>
    </meshheading>
    <meshheading>
     <descriptorname majortopicyn="N">
      Stress, Psychological
     </descriptorname>
     <qualifiername majortopicyn="N">
      prevention &amp; control
     </qualifiername>
     <qualifiername majortopicyn="N">
      psychology
     </qualifiername>
    </meshheading>
    <meshheading>
     <descriptorname majortopicyn="N">
      Treatment Outcome
     </descriptorname>
    </meshheading>
   </meshheadinglist>
   <numberofreferences>
    39
   </numberofreferences>
  </medlinecitation>
  <pubmeddata>
   <history>
    <pubmedpubdate pubstatus="pubmed">
     <year>
      2004
     </year>
     <month>
      12
     </month>
     <day>
      4
     </day>
     <hour>
      9
     </hour>
     <minute>
      0
     </minute>
    </pubmedpubdate>
    <pubmedpubdate pubstatus="medline">
     <year>
      2005
     </year>
     <month>
      1
     </month>
     <day>
      14
     </day>
     <hour>
      9
     </hour>
     <minute>
      0
     </minute>
    </pubmedpubdate>
    <pubmedpubdate pubstatus="entrez">
     <year>
      2004
     </year>
     <month>
      12
     </month>
     <day>
      4
     </day>
     <hour>
      9
     </hour>
     <minute>
      0
     </minute>
    </pubmedpubdate>
   </history>
   <publicationstatus>
    ppublish
   </publicationstatus>
   <articleidlist>
    <articleid idtype="pubmed">
     15575803
    </articleid>
   </articleidlist>
  </pubmeddata>
 </pubmedarticle>
</pubmedarticleset>

