<?xml version='1.0' encoding='utf-8'?>
<!DOCTYPE PubmedArticleSet PUBLIC "-//NLM//DTD PubMedArticle, 1st January 2011//EN" "http://www.ncbi.nlm.nih.gov/entrez/query/DTD/pubmed_110101.dtd">
<pubmedarticleset>
 <pubmedarticle>
  <medlinecitation owner="NLM" status="MEDLINE">
   <pmid version="1">
    15617591
   </pmid>
   <datecreated>
    <year>
     2004
    </year>
    <month>
     12
    </month>
    <day>
     24
    </day>
   </datecreated>
   <datecompleted>
    <year>
     2006
    </year>
    <month>
     05
    </month>
    <day>
     30
    </day>
   </datecompleted>
   <daterevised>
    <year>
     2006
    </year>
    <month>
     11
    </month>
    <day>
     15
    </day>
   </daterevised>
   <article pubmodel="Print">
    <journal>
     <issn issntype="Electronic">
      1524-4040
     </issn>
     <journalissue citedmedium="Internet">
      <volume>
       56
      </volume>
      <issue>
       1
      </issue>
      <pubdate>
       <year>
        2005
       </year>
      </pubdate>
     </journalissue>
     <title>
      Neurosurgery
     </title>
     <isoabbreviation>
      Neurosurgery
     </isoabbreviation>
    </journal>
    <articletitle>
     Spinal cord stimulation versus repeated lumbosacral spine surgery for chronic pain: a randomized, controlled trial.
    </articletitle>
    <pagination>
     <medlinepgn>
      98-106; discussion 106-7
     </medlinepgn>
    </pagination>
    <abstract>
     <abstracttext label="OBJECTIVE" nlmcategory="OBJECTIVE">
      Persistent or recurrent radicular pain after lumbosacral spine surgery is often associated with nerve root compression and is treated by repeated operation or, as a last resort, by spinal cord stimulation (SCS). We conducted a prospective, randomized, controlled trial to test our hypothesis that SCS is more likely than reoperation to result in a successful outcome by standard measures of pain relief and treatment outcome, including subsequent use of health care resources.
     </abstracttext>
     <abstracttext label="METHODS" nlmcategory="METHODS">
      For an average of 3 years postoperatively, disinterested third-party interviewers followed 50 patients selected for reoperation by standard criteria and randomized to SCS or reoperation. If the results of the randomized treatment were unsatisfactory, patients could cross over to the alternative. Success was based on self-reported pain relief and patient satisfaction. Crossover to the alternative procedure was an outcome measure. Use of analgesics, activities of daily living, and work status were self-reported.
     </abstracttext>
     <abstracttext label="RESULTS" nlmcategory="RESULTS">
      Among 45 patients (90%) available for follow-up, SCS was more successful than reoperation (9 of 19 patients versus 3 of 26 patients, P &lt;0.01). Patients initially randomized to SCS were significantly less likely to cross over than were those randomized to reoperation (5 of 24 patients versus 14 of 26 patients, P=0.02). Patients randomized to reoperation required increased opiate analgesics significantly more often than those randomized to SCS (P &lt;0.025). Other measures of activities of daily living and work status did not differ significantly.
     </abstracttext>
     <abstracttext label="CONCLUSION" nlmcategory="CONCLUSIONS">
      SCS is more effective than reoperation as a treatment for persistent radicular pain after lumbosacral spine surgery, and in the great majority of patients, it obviates the need for reoperation.
     </abstracttext>
    </abstract>
    <affiliation>
     Department of Neurosurgery, Johns Hopkins University School of Medicine, Baltimore, Maryland 21287-7881, USA. RNorth@jhmi.edu
    </affiliation>
    <authorlist completeyn="Y">
     <author validyn="Y">
      <lastname>
       North
      </lastname>
      <forename>
       Richard B
      </forename>
      <initials>
       RB
      </initials>
     </author>
     <author validyn="Y">
      <lastname>
       Kidd
      </lastname>
      <forename>
       David H
      </forename>
      <initials>
       DH
      </initials>
     </author>
     <author validyn="Y">
      <lastname>
       Farrokhi
      </lastname>
      <forename>
       Farrokh
      </forename>
      <initials>
       F
      </initials>
     </author>
     <author validyn="Y">
      <lastname>
       Piantadosi
      </lastname>
      <forename>
       Steven A
      </forename>
      <initials>
       SA
      </initials>
     </author>
    </authorlist>
    <language>
     eng
    </language>
    <publicationtypelist>
     <publicationtype>
      Clinical Trial
     </publicationtype>
     <publicationtype>
      Comparative Study
     </publicationtype>
     <publicationtype>
      Journal Article
     </publicationtype>
     <publicationtype>
      Randomized Controlled Trial
     </publicationtype>
     <publicationtype>
      Research Support, Non-U.S. Gov't
     </publicationtype>
    </publicationtypelist>
   </article>
   <medlinejournalinfo>
    <country>
     United States
    </country>
    <medlineta>
     Neurosurgery
    </medlineta>
    <nlmuniqueid>
     7802914
    </nlmuniqueid>
    <issnlinking>
     0148-396X
    </issnlinking>
   </medlinejournalinfo>
   <citationsubset>
    IM
   </citationsubset>
   <meshheadinglist>
    <meshheading>
     <descriptorname majortopicyn="N">
      Adult
     </descriptorname>
    </meshheading>
    <meshheading>
     <descriptorname majortopicyn="N">
      Aged
     </descriptorname>
    </meshheading>
    <meshheading>
     <descriptorname majortopicyn="N">
      Chronic Disease
     </descriptorname>
    </meshheading>
    <meshheading>
     <descriptorname majortopicyn="N">
      Female
     </descriptorname>
    </meshheading>
    <meshheading>
     <descriptorname majortopicyn="N">
      Humans
     </descriptorname>
    </meshheading>
    <meshheading>
     <descriptorname majortopicyn="N">
      Low Back Pain
     </descriptorname>
     <qualifiername majortopicyn="Y">
      therapy
     </qualifiername>
    </meshheading>
    <meshheading>
     <descriptorname majortopicyn="N">
      Lumbar Vertebrae
     </descriptorname>
    </meshheading>
    <meshheading>
     <descriptorname majortopicyn="N">
      Male
     </descriptorname>
    </meshheading>
    <meshheading>
     <descriptorname majortopicyn="N">
      Middle Aged
     </descriptorname>
    </meshheading>
    <meshheading>
     <descriptorname majortopicyn="N">
      Neurosurgical Procedures
     </descriptorname>
    </meshheading>
    <meshheading>
     <descriptorname majortopicyn="N">
      Prospective Studies
     </descriptorname>
    </meshheading>
    <meshheading>
     <descriptorname majortopicyn="N">
      Reoperation
     </descriptorname>
    </meshheading>
    <meshheading>
     <descriptorname majortopicyn="N">
      Sacrum
     </descriptorname>
    </meshheading>
    <meshheading>
     <descriptorname majortopicyn="N">
      Spinal Cord
     </descriptorname>
    </meshheading>
    <meshheading>
     <descriptorname majortopicyn="Y">
      Transcutaneous Electric Nerve Stimulation
     </descriptorname>
    </meshheading>
   </meshheadinglist>
  </medlinecitation>
  <pubmeddata>
   <history>
    <pubmedpubdate pubstatus="received">
     <year>
      2004
     </year>
     <month>
      January
     </month>
     <day>
      5
     </day>
    </pubmedpubdate>
    <pubmedpubdate pubstatus="accepted">
     <year>
      2004
     </year>
     <month>
      August
     </month>
     <day>
      27
     </day>
    </pubmedpubdate>
    <pubmedpubdate pubstatus="pubmed">
     <year>
      2004
     </year>
     <month>
      12
     </month>
     <day>
      25
     </day>
     <hour>
      9
     </hour>
     <minute>
      0
     </minute>
    </pubmedpubdate>
    <pubmedpubdate pubstatus="medline">
     <year>
      2006
     </year>
     <month>
      5
     </month>
     <day>
      31
     </day>
     <hour>
      9
     </hour>
     <minute>
      0
     </minute>
    </pubmedpubdate>
    <pubmedpubdate pubstatus="entrez">
     <year>
      2004
     </year>
     <month>
      12
     </month>
     <day>
      25
     </day>
     <hour>
      9
     </hour>
     <minute>
      0
     </minute>
    </pubmedpubdate>
   </history>
   <publicationstatus>
    ppublish
   </publicationstatus>
   <articleidlist>
    <articleid idtype="pubmed">
     15617591
    </articleid>
   </articleidlist>
  </pubmeddata>
 </pubmedarticle>
</pubmedarticleset>

