<?xml version='1.0' encoding='utf-8'?>
<!DOCTYPE PubmedArticleSet PUBLIC "-//NLM//DTD PubMedArticle, 1st January 2011//EN" "http://www.ncbi.nlm.nih.gov/entrez/query/DTD/pubmed_110101.dtd">
<pubmedarticleset>
 <pubmedarticle>
  <medlinecitation owner="NLM" status="MEDLINE">
   <pmid version="1">
    15625418
   </pmid>
   <datecreated>
    <year>
     2004
    </year>
    <month>
     12
    </month>
    <day>
     30
    </day>
   </datecreated>
   <datecompleted>
    <year>
     2005
    </year>
    <month>
     06
    </month>
    <day>
     16
    </day>
   </datecompleted>
   <daterevised>
    <year>
     2009
    </year>
    <month>
     11
    </month>
    <day>
     03
    </day>
   </daterevised>
   <article pubmodel="Print">
    <journal>
     <issn issntype="Print">
      0277-2116
     </issn>
     <journalissue citedmedium="Print">
      <volume>
       40
      </volume>
      <issue>
       1
      </issue>
      <pubdate>
       <year>
        2005
       </year>
       <month>
        Jan
       </month>
      </pubdate>
     </journalissue>
     <title>
      Journal of pediatric gastroenterology and nutrition
     </title>
     <isoabbreviation>
      J. Pediatr. Gastroenterol. Nutr.
     </isoabbreviation>
    </journal>
    <articletitle>
     Guideline for the diagnosis and treatment of celiac disease in children: recommendations of the North American Society for Pediatric Gastroenterology, Hepatology and Nutrition.
    </articletitle>
    <pagination>
     <medlinepgn>
      1-19
     </medlinepgn>
    </pagination>
    <abstract>
     <abstracttext>
      Celiac disease is an immune-mediated enteropathy caused by a permanent sensitivity to gluten in genetically susceptible individuals. It occurs in children and adolescents with gastrointestinal symptoms, dermatitis herpetiformis, dental enamel defects, osteoporosis, short stature, delayed puberty and persistent iron deficiency anemia and in asymptomatic individuals with type 1 diabetes, Down syndrome, Turner syndrome, Williams syndrome, selective immunoglobulin (Ig)A deficiency and first degree relatives of individuals with celiac disease. The Celiac Disease Guideline Committee of the North American Society for Pediatric Gastroenterology, Hepatology and Nutrition has formulated a clinical practice guideline for the diagnosis and treatment of pediatric celiac disease based on an integration of a systematic review of the medical literature combined with expert opinion. The Committee examined the indications for testing, the value of serological tests, human leukocyte antigen (HLA) typing and histopathology and the treatment and monitoring of children with celiac disease. It is recommended that children and adolescents with symptoms of celiac disease or an increased risk for celiac disease have a blood test for antibody to tissue transglutaminase (TTG), that those with an elevated TTG be referred to a pediatric gastroenterologist for an intestinal biopsy and that those with the characteristics of celiac disease on intestinal histopathology be treated with a strict gluten-free diet. This document represents the official recommendations of the North American Society for Pediatric Gastroenterology, Hepatology and Nutrition on the diagnosis and treatment of celiac disease in children and adolescents.
     </abstracttext>
    </abstract>
    <affiliation>
     North American Society for Pediatric Gastroenterology, Hepatology and Nutrition, Flourtown, PA 19031, USA.
    </affiliation>
    <authorlist completeyn="Y">
     <author validyn="Y">
      <lastname>
       Hill
      </lastname>
      <forename>
       Ivor D
      </forename>
      <initials>
       ID
      </initials>
     </author>
     <author validyn="Y">
      <lastname>
       Dirks
      </lastname>
      <forename>
       Martha H
      </forename>
      <initials>
       MH
      </initials>
     </author>
     <author validyn="Y">
      <lastname>
       Liptak
      </lastname>
      <forename>
       Gregory S
      </forename>
      <initials>
       GS
      </initials>
     </author>
     <author validyn="Y">
      <lastname>
       Colletti
      </lastname>
      <forename>
       Richard B
      </forename>
      <initials>
       RB
      </initials>
     </author>
     <author validyn="Y">
      <lastname>
       Fasano
      </lastname>
      <forename>
       Alessio
      </forename>
      <initials>
       A
      </initials>
     </author>
     <author validyn="Y">
      <lastname>
       Guandalini
      </lastname>
      <forename>
       Stefano
      </forename>
      <initials>
       S
      </initials>
     </author>
     <author validyn="Y">
      <lastname>
       Hoffenberg
      </lastname>
      <forename>
       Edward J
      </forename>
      <initials>
       EJ
      </initials>
     </author>
     <author validyn="Y">
      <lastname>
       Horvath
      </lastname>
      <forename>
       Karoly
      </forename>
      <initials>
       K
      </initials>
     </author>
     <author validyn="Y">
      <lastname>
       Murray
      </lastname>
      <forename>
       Joseph A
      </forename>
      <initials>
       JA
      </initials>
     </author>
     <author validyn="Y">
      <lastname>
       Pivor
      </lastname>
      <forename>
       Mitchell
      </forename>
      <initials>
       M
      </initials>
     </author>
     <author validyn="Y">
      <lastname>
       Seidman
      </lastname>
      <forename>
       Ernest G
      </forename>
      <initials>
       EG
      </initials>
     </author>
     <author validyn="Y">
      <collectivename>
       North American Society for Pediatric Gastroenterology, Hepatology and Nutrition
      </collectivename>
     </author>
    </authorlist>
    <language>
     eng
    </language>
    <publicationtypelist>
     <publicationtype>
      Guideline
     </publicationtype>
     <publicationtype>
      Journal Article
     </publicationtype>
     <publicationtype>
      Practice Guideline
     </publicationtype>
    </publicationtypelist>
   </article>
   <medlinejournalinfo>
    <country>
     United States
    </country>
    <medlineta>
     J Pediatr Gastroenterol Nutr
    </medlineta>
    <nlmuniqueid>
     8211545
    </nlmuniqueid>
    <issnlinking>
     0277-2116
    </issnlinking>
   </medlinejournalinfo>
   <chemicallist>
    <chemical>
     <registrynumber>
      0
     </registrynumber>
     <nameofsubstance>
      Autoantibodies
     </nameofsubstance>
    </chemical>
    <chemical>
     <registrynumber>
      8002-80-0
     </registrynumber>
     <nameofsubstance>
      Glutens
     </nameofsubstance>
    </chemical>
    <chemical>
     <registrynumber>
      EC 2.3.2.13
     </registrynumber>
     <nameofsubstance>
      Transglutaminases
     </nameofsubstance>
    </chemical>
   </chemicallist>
   <citationsubset>
    IM
   </citationsubset>
   <meshheadinglist>
    <meshheading>
     <descriptorname majortopicyn="N">
      Adolescent
     </descriptorname>
    </meshheading>
    <meshheading>
     <descriptorname majortopicyn="N">
      Autoantibodies
     </descriptorname>
     <qualifiername majortopicyn="N">
      blood
     </qualifiername>
     <qualifiername majortopicyn="Y">
      diagnostic use
     </qualifiername>
    </meshheading>
    <meshheading>
     <descriptorname majortopicyn="N">
      Celiac Disease
     </descriptorname>
     <qualifiername majortopicyn="Y">
      diagnosis
     </qualifiername>
     <qualifiername majortopicyn="N">
      diet therapy
     </qualifiername>
     <qualifiername majortopicyn="N">
      pathology
     </qualifiername>
     <qualifiername majortopicyn="Y">
      therapy
     </qualifiername>
    </meshheading>
    <meshheading>
     <descriptorname majortopicyn="N">
      Child
     </descriptorname>
    </meshheading>
    <meshheading>
     <descriptorname majortopicyn="N">
      Female
     </descriptorname>
    </meshheading>
    <meshheading>
     <descriptorname majortopicyn="N">
      Glutens
     </descriptorname>
     <qualifiername majortopicyn="N">
      administration &amp; dosage
     </qualifiername>
    </meshheading>
    <meshheading>
     <descriptorname majortopicyn="N">
      Humans
     </descriptorname>
    </meshheading>
    <meshheading>
     <descriptorname majortopicyn="N">
      Male
     </descriptorname>
    </meshheading>
    <meshheading>
     <descriptorname majortopicyn="N">
      Serologic Tests
     </descriptorname>
    </meshheading>
    <meshheading>
     <descriptorname majortopicyn="N">
      Societies, Medical
     </descriptorname>
    </meshheading>
    <meshheading>
     <descriptorname majortopicyn="N">
      Transglutaminases
     </descriptorname>
     <qualifiername majortopicyn="N">
      immunology
     </qualifiername>
    </meshheading>
   </meshheadinglist>
  </medlinecitation>
  <pubmeddata>
   <history>
    <pubmedpubdate pubstatus="pubmed">
     <year>
      2004
     </year>
     <month>
      12
     </month>
     <day>
      31
     </day>
     <hour>
      9
     </hour>
     <minute>
      0
     </minute>
    </pubmedpubdate>
    <pubmedpubdate pubstatus="medline">
     <year>
      2005
     </year>
     <month>
      6
     </month>
     <day>
      17
     </day>
     <hour>
      9
     </hour>
     <minute>
      0
     </minute>
    </pubmedpubdate>
    <pubmedpubdate pubstatus="entrez">
     <year>
      2004
     </year>
     <month>
      12
     </month>
     <day>
      31
     </day>
     <hour>
      9
     </hour>
     <minute>
      0
     </minute>
    </pubmedpubdate>
   </history>
   <publicationstatus>
    ppublish
   </publicationstatus>
   <articleidlist>
    <articleid idtype="pii">
     00005176-200501000-00001
    </articleid>
    <articleid idtype="pubmed">
     15625418
    </articleid>
   </articleidlist>
  </pubmeddata>
 </pubmedarticle>
</pubmedarticleset>

