<?xml version='1.0' encoding='utf-8'?>
<!DOCTYPE PubmedArticleSet PUBLIC "-//NLM//DTD PubMedArticle, 1st January 2011//EN" "http://www.ncbi.nlm.nih.gov/entrez/query/DTD/pubmed_110101.dtd">
<pubmedarticleset>
 <pubmedarticle>
  <medlinecitation owner="NLM" status="MEDLINE">
   <pmid version="1">
    15625141
   </pmid>
   <datecreated>
    <year>
     2004
    </year>
    <month>
     12
    </month>
    <day>
     30
    </day>
   </datecreated>
   <datecompleted>
    <year>
     2005
    </year>
    <month>
     02
    </month>
    <day>
     08
    </day>
   </datecompleted>
   <daterevised>
    <year>
     2009
    </year>
    <month>
     10
    </month>
    <day>
     26
    </day>
   </daterevised>
   <article pubmodel="Print">
    <journal>
     <issn issntype="Print">
      0029-7844
     </issn>
     <journalissue citedmedium="Print">
      <volume>
       105
      </volume>
      <issue>
       1
      </issue>
      <pubdate>
       <year>
        2005
       </year>
       <month>
        Jan
       </month>
      </pubdate>
     </journalissue>
     <title>
      Obstetrics and gynecology
     </title>
     <isoabbreviation>
      Obstet Gynecol
     </isoabbreviation>
    </journal>
    <articletitle>
     Body mass index, weight, and oral contraceptive failure risk.
    </articletitle>
    <pagination>
     <medlinepgn>
      46-52
     </medlinepgn>
    </pagination>
    <abstract>
     <abstracttext label="OBJECTIVE" nlmcategory="OBJECTIVE">
      To estimate the effect of body mass index (BMI) and weight on risk of pregnancy while using oral contraceptives (OCs).
     </abstracttext>
     <abstracttext label="METHODS" nlmcategory="METHODS">
      We conducted a case-control study of 248 health maintenance organization enrollees who became pregnant while using OCs between 1998 and 2001 and 533 age-matched enrollees who were nonpregnant OC users during the same period. Using logistic regression we calculated adjusted odds ratios (ORs) to estimate the risk of pregnancy according to BMI and weight quartile.
     </abstracttext>
     <abstracttext label="RESULTS" nlmcategory="RESULTS">
      Among all OC users, when compared with women having a BMI of 27.3 or less, the risk of pregnancy was nearly 60% higher in women with BMI greater than 27.3 (OR 1.58, 95% confidence interval [CI] 1.11-2.24) and over 70% higher in women with BMI greater than 32.2 (OR 1.72, 95% CI 1.04-2.82). Among consistent users (women who missed no pills in reference month), the risk of pregnancy was more than doubled in women with BMI greater than 27.3 (OR 2.17, 95% CI 1.38-3.41) or BMI greater than 32.2 (OR 2.22, 95% CI 1.18-4.20). When compared with women weighing 74.8 kg or less, among consistent OC users the risk of pregnancy was over 70% higher in women weighing more than 74.8 kg (OR 1.71, 95% CI 1.08-2.71) and nearly doubled in women weighing more than 86.2 kg (OR 1.95, 95% CI 1.06-3.67).
     </abstracttext>
     <abstracttext label="CONCLUSION" nlmcategory="CONCLUSIONS">
      Our results suggest that being overweight may increase the risk of becoming pregnant while using OCs. If causal, this association translates to an additional 2-4 pregnancies per 100 woman-years of use among overweight women, for whom consideration of additional or effective alternative contraceptive methods may be warranted.
     </abstracttext>
    </abstract>
    <affiliation>
     Department of Epidemiology, School of Public Health and Community Medicine, University of Washington, Seattle, Washington, USA. vholt@u.washington.edu
    </affiliation>
    <authorlist completeyn="Y">
     <author validyn="Y">
      <lastname>
       Holt
      </lastname>
      <forename>
       Victoria L
      </forename>
      <initials>
       VL
      </initials>
     </author>
     <author validyn="Y">
      <lastname>
       Scholes
      </lastname>
      <forename>
       Delia
      </forename>
      <initials>
       D
      </initials>
     </author>
     <author validyn="Y">
      <lastname>
       Wicklund
      </lastname>
      <forename>
       Kristine G
      </forename>
      <initials>
       KG
      </initials>
     </author>
     <author validyn="Y">
      <lastname>
       Cushing-Haugen
      </lastname>
      <forename>
       Kara L
      </forename>
      <initials>
       KL
      </initials>
     </author>
     <author validyn="Y">
      <lastname>
       Daling
      </lastname>
      <forename>
       Janet R
      </forename>
      <initials>
       JR
      </initials>
     </author>
    </authorlist>
    <language>
     eng
    </language>
    <grantlist completeyn="Y">
     <grant>
      <grantid>
       1 R01 HD-34712
      </grantid>
      <acronym>
       HD
      </acronym>
      <agency>
       NICHD NIH HHS
      </agency>
      <country>
       United States
      </country>
     </grant>
    </grantlist>
    <publicationtypelist>
     <publicationtype>
      Journal Article
     </publicationtype>
     <publicationtype>
      Research Support, U.S. Gov't, P.H.S.
     </publicationtype>
    </publicationtypelist>
   </article>
   <medlinejournalinfo>
    <country>
     United States
    </country>
    <medlineta>
     Obstet Gynecol
    </medlineta>
    <nlmuniqueid>
     0401101
    </nlmuniqueid>
    <issnlinking>
     0029-7844
    </issnlinking>
   </medlinejournalinfo>
   <chemicallist>
    <chemical>
     <registrynumber>
      0
     </registrynumber>
     <nameofsubstance>
      Contraceptives, Oral
     </nameofsubstance>
    </chemical>
   </chemicallist>
   <citationsubset>
    AIM
   </citationsubset>
   <citationsubset>
    IM
   </citationsubset>
   <commentscorrectionslist>
    <commentscorrections reftype="CommentIn">
     <refsource>
      Obstet Gynecol. 2005 Jun;105(6):1492; author reply1492-3
     </refsource>
     <pmid version="1">
      15932865
     </pmid>
    </commentscorrections>
   </commentscorrectionslist>
   <meshheadinglist>
    <meshheading>
     <descriptorname majortopicyn="N">
      Adult
     </descriptorname>
    </meshheading>
    <meshheading>
     <descriptorname majortopicyn="Y">
      Body Mass Index
     </descriptorname>
    </meshheading>
    <meshheading>
     <descriptorname majortopicyn="Y">
      Body Weight
     </descriptorname>
    </meshheading>
    <meshheading>
     <descriptorname majortopicyn="N">
      Case-Control Studies
     </descriptorname>
    </meshheading>
    <meshheading>
     <descriptorname majortopicyn="Y">
      Contraceptives, Oral
     </descriptorname>
    </meshheading>
    <meshheading>
     <descriptorname majortopicyn="N">
      Female
     </descriptorname>
    </meshheading>
    <meshheading>
     <descriptorname majortopicyn="N">
      Humans
     </descriptorname>
    </meshheading>
    <meshheading>
     <descriptorname majortopicyn="Y">
      Pregnancy
     </descriptorname>
    </meshheading>
    <meshheading>
     <descriptorname majortopicyn="N">
      Risk Factors
     </descriptorname>
    </meshheading>
    <meshheading>
     <descriptorname majortopicyn="N">
      Treatment Failure
     </descriptorname>
    </meshheading>
   </meshheadinglist>
  </medlinecitation>
  <pubmeddata>
   <history>
    <pubmedpubdate pubstatus="pubmed">
     <year>
      2004
     </year>
     <month>
      12
     </month>
     <day>
      31
     </day>
     <hour>
      9
     </hour>
     <minute>
      0
     </minute>
    </pubmedpubdate>
    <pubmedpubdate pubstatus="medline">
     <year>
      2005
     </year>
     <month>
      2
     </month>
     <day>
      9
     </day>
     <hour>
      9
     </hour>
     <minute>
      0
     </minute>
    </pubmedpubdate>
    <pubmedpubdate pubstatus="entrez">
     <year>
      2004
     </year>
     <month>
      12
     </month>
     <day>
      31
     </day>
     <hour>
      9
     </hour>
     <minute>
      0
     </minute>
    </pubmedpubdate>
   </history>
   <publicationstatus>
    ppublish
   </publicationstatus>
   <articleidlist>
    <articleid idtype="pii">
     105/1/46
    </articleid>
    <articleid idtype="doi">
     10.1097/01.AOG.0000149155.11912.52
    </articleid>
    <articleid idtype="pubmed">
     15625141
    </articleid>
   </articleidlist>
  </pubmeddata>
 </pubmedarticle>
</pubmedarticleset>

