<?xml version='1.0' encoding='utf-8'?>
<!DOCTYPE PubmedArticleSet PUBLIC "-//NLM//DTD PubMedArticle, 1st January 2011//EN" "http://www.ncbi.nlm.nih.gov/entrez/query/DTD/pubmed_110101.dtd">
<pubmedarticleset>
 <pubmedarticle>
  <medlinecitation owner="NLM" status="MEDLINE">
   <pmid version="1">
    15689293
   </pmid>
   <datecreated>
    <year>
     2005
    </year>
    <month>
     02
    </month>
    <day>
     03
    </day>
   </datecreated>
   <datecompleted>
    <year>
     2005
    </year>
    <month>
     03
    </month>
    <day>
     24
    </day>
   </datecompleted>
   <daterevised>
    <year>
     2005
    </year>
    <month>
     11
    </month>
    <day>
     16
    </day>
   </daterevised>
   <article pubmodel="Print">
    <journal>
     <issn issntype="Print">
      0094-3509
     </issn>
     <journalissue citedmedium="Print">
      <volume>
       54
      </volume>
      <issue>
       2
      </issue>
      <pubdate>
       <year>
        2005
       </year>
       <month>
        Feb
       </month>
      </pubdate>
     </journalissue>
     <title>
      The Journal of family practice
     </title>
     <isoabbreviation>
      J Fam Pract
     </isoabbreviation>
    </journal>
    <articletitle>
     Clinical inquiries. What are effective treatments for oppositional and defiant behaviors in preadolescents?
    </articletitle>
    <pagination>
     <medlinepgn>
      162, 164-5
     </medlinepgn>
    </pagination>
    <affiliation>
     Psychology Department, University of North Carolina at Greensboro, NC, USA.
    </affiliation>
    <authorlist completeyn="Y">
     <author validyn="Y">
      <lastname>
       Farley
      </lastname>
      <forename>
       Suzanne E
      </forename>
      <initials>
       SE
      </initials>
     </author>
     <author validyn="Y">
      <lastname>
       Adams
      </lastname>
      <forename>
       Jennifer S
      </forename>
      <initials>
       JS
      </initials>
     </author>
     <author validyn="Y">
      <lastname>
       Lutton
      </lastname>
      <forename>
       Michelle E
      </forename>
      <initials>
       ME
      </initials>
     </author>
     <author validyn="Y">
      <lastname>
       Scoville
      </lastname>
      <forename>
       Caryn
      </forename>
      <initials>
       C
      </initials>
     </author>
     <author validyn="Y">
      <lastname>
       Fulkerson
      </lastname>
      <forename>
       Richard C
      </forename>
      <initials>
       RC
      </initials>
     </author>
     <author validyn="Y">
      <lastname>
       Webb
      </lastname>
      <forename>
       Anita R
      </forename>
      <initials>
       AR
      </initials>
     </author>
    </authorlist>
    <language>
     eng
    </language>
    <publicationtypelist>
     <publicationtype>
      Journal Article
     </publicationtype>
     <publicationtype>
      Review
     </publicationtype>
    </publicationtypelist>
   </article>
   <medlinejournalinfo>
    <country>
     United States
    </country>
    <medlineta>
     J Fam Pract
    </medlineta>
    <nlmuniqueid>
     7502590
    </nlmuniqueid>
    <issnlinking>
     0094-3509
    </issnlinking>
   </medlinejournalinfo>
   <citationsubset>
    AIM
   </citationsubset>
   <citationsubset>
    IM
   </citationsubset>
   <meshheadinglist>
    <meshheading>
     <descriptorname majortopicyn="N">
      Attention Deficit and Disruptive Behavior Disorders
     </descriptorname>
     <qualifiername majortopicyn="N">
      drug therapy
     </qualifiername>
     <qualifiername majortopicyn="Y">
      therapy
     </qualifiername>
    </meshheading>
    <meshheading>
     <descriptorname majortopicyn="N">
      Child
     </descriptorname>
    </meshheading>
    <meshheading>
     <descriptorname majortopicyn="N">
      Child, Preschool
     </descriptorname>
    </meshheading>
    <meshheading>
     <descriptorname majortopicyn="N">
      Humans
     </descriptorname>
    </meshheading>
    <meshheading>
     <descriptorname majortopicyn="N">
      Parent-Child Relations
     </descriptorname>
    </meshheading>
    <meshheading>
     <descriptorname majortopicyn="N">
      Parents
     </descriptorname>
     <qualifiername majortopicyn="N">
      education
     </qualifiername>
    </meshheading>
    <meshheading>
     <descriptorname majortopicyn="N">
      Punishment
     </descriptorname>
    </meshheading>
    <meshheading>
     <descriptorname majortopicyn="N">
      Reinforcement (Psychology)
     </descriptorname>
    </meshheading>
    <meshheading>
     <descriptorname majortopicyn="N">
      Reward
     </descriptorname>
    </meshheading>
   </meshheadinglist>
   <numberofreferences>
    10
   </numberofreferences>
  </medlinecitation>
  <pubmeddata>
   <history>
    <pubmedpubdate pubstatus="pubmed">
     <year>
      2005
     </year>
     <month>
      2
     </month>
     <day>
      4
     </day>
     <hour>
      9
     </hour>
     <minute>
      0
     </minute>
    </pubmedpubdate>
    <pubmedpubdate pubstatus="medline">
     <year>
      2005
     </year>
     <month>
      3
     </month>
     <day>
      25
     </day>
     <hour>
      9
     </hour>
     <minute>
      0
     </minute>
    </pubmedpubdate>
    <pubmedpubdate pubstatus="entrez">
     <year>
      2005
     </year>
     <month>
      2
     </month>
     <day>
      4
     </day>
     <hour>
      9
     </hour>
     <minute>
      0
     </minute>
    </pubmedpubdate>
   </history>
   <publicationstatus>
    ppublish
   </publicationstatus>
   <articleidlist>
    <articleid idtype="pii">
     jfp_0205_5402n
    </articleid>
    <articleid idtype="pubmed">
     15689293
    </articleid>
   </articleidlist>
  </pubmeddata>
 </pubmedarticle>
</pubmedarticleset>

