<?xml version='1.0' encoding='utf-8'?>
<!DOCTYPE PubmedArticleSet PUBLIC "-//NLM//DTD PubMedArticle, 1st January 2011//EN" "http://www.ncbi.nlm.nih.gov/entrez/query/DTD/pubmed_110101.dtd">
<pubmedarticleset>
 <pubmedarticle>
  <medlinecitation owner="NLM" status="MEDLINE">
   <pmid version="1">
    15754863
   </pmid>
   <datecreated>
    <year>
     2005
    </year>
    <month>
     03
    </month>
    <day>
     09
    </day>
   </datecreated>
   <datecompleted>
    <year>
     2005
    </year>
    <month>
     04
    </month>
    <day>
     19
    </day>
   </datecompleted>
   <daterevised>
    <year>
     2009
    </year>
    <month>
     11
    </month>
    <day>
     11
    </day>
   </daterevised>
   <article pubmodel="Print">
    <journal>
     <issn issntype="Print">
      0002-9157
     </issn>
     <journalissue citedmedium="Print">
      <volume>
       47
      </volume>
      <issue>
       3
      </issue>
      <pubdate>
       <year>
        2005
       </year>
       <month>
        Jan
       </month>
      </pubdate>
     </journalissue>
     <title>
      The American journal of clinical hypnosis
     </title>
     <isoabbreviation>
      Am J Clin Hypn
     </isoabbreviation>
    </journal>
    <articletitle>
     Hypnosis and irritable bowel syndrome: a review of efficacy and mechanism of action.
    </articletitle>
    <pagination>
     <medlinepgn>
      161-78
     </medlinepgn>
    </pagination>
    <abstract>
     <abstracttext>
      Irritable bowel syndrome (IBS) is a functional gastrointestinal disorder characterized by abdominal pain, distension, and an altered bowel habit for which no cause can be found. Despite its prevalence, there remains a significant lack of efficacious medical treatments for IBS to date. In this paper we reviewed a total of 14 published studies (N=644) on the efficacy of hypnosis in treating IBS (8 with no control group and 6 with a control group). We concluded that hypnosis consistently produces significant results and improves the cardinal symptoms of IBS in the majority of patients, as well as positively affecting non-colonic symptoms. When evaluated according to the efficacy guidelines of the Clinical Psychology Division of American Psychological Association, the use of hypnosis with IBS qualifies for the highest level of acceptance as being both efficacious and specific. In reviewing the research on the mechanism of action as to how hypnosis works to reduce symptoms of IBS, some evidence was found to support both physiological and psychological mechanisms of action.
     </abstracttext>
    </abstract>
    <affiliation>
     Michael E. DeBakey VA Medical Center, Baylor College of Medicine, Houston, TX 77030, USA. tan.gabriel@med.va.gov
    </affiliation>
    <authorlist completeyn="Y">
     <author validyn="Y">
      <lastname>
       Tan
      </lastname>
      <forename>
       Gabriel
      </forename>
      <initials>
       G
      </initials>
     </author>
     <author validyn="Y">
      <lastname>
       Hammond
      </lastname>
      <forename>
       D Corydon
      </forename>
      <initials>
       DC
      </initials>
     </author>
     <author validyn="Y">
      <lastname>
       Joseph
      </lastname>
      <forename>
       Gurrala
      </forename>
      <initials>
       G
      </initials>
     </author>
    </authorlist>
    <language>
     eng
    </language>
    <publicationtypelist>
     <publicationtype>
      Journal Article
     </publicationtype>
     <publicationtype>
      Review
     </publicationtype>
    </publicationtypelist>
   </article>
   <medlinejournalinfo>
    <country>
     United States
    </country>
    <medlineta>
     Am J Clin Hypn
    </medlineta>
    <nlmuniqueid>
     0100626
    </nlmuniqueid>
    <issnlinking>
     0002-9157
    </issnlinking>
   </medlinejournalinfo>
   <citationsubset>
    IM
   </citationsubset>
   <meshheadinglist>
    <meshheading>
     <descriptorname majortopicyn="N">
      Humans
     </descriptorname>
    </meshheading>
    <meshheading>
     <descriptorname majortopicyn="Y">
      Hypnosis
     </descriptorname>
    </meshheading>
    <meshheading>
     <descriptorname majortopicyn="Y">
      Irritable Bowel Syndrome
     </descriptorname>
     <qualifiername majortopicyn="N">
      physiopathology
     </qualifiername>
     <qualifiername majortopicyn="N">
      psychology
     </qualifiername>
     <qualifiername majortopicyn="N">
      therapy
     </qualifiername>
    </meshheading>
    <meshheading>
     <descriptorname majortopicyn="N">
      Treatment Outcome
     </descriptorname>
    </meshheading>
   </meshheadinglist>
   <numberofreferences>
    57
   </numberofreferences>
  </medlinecitation>
  <pubmeddata>
   <history>
    <pubmedpubdate pubstatus="pubmed">
     <year>
      2005
     </year>
     <month>
      3
     </month>
     <day>
      10
     </day>
     <hour>
      9
     </hour>
     <minute>
      0
     </minute>
    </pubmedpubdate>
    <pubmedpubdate pubstatus="medline">
     <year>
      2005
     </year>
     <month>
      4
     </month>
     <day>
      20
     </day>
     <hour>
      9
     </hour>
     <minute>
      0
     </minute>
    </pubmedpubdate>
    <pubmedpubdate pubstatus="entrez">
     <year>
      2005
     </year>
     <month>
      3
     </month>
     <day>
      10
     </day>
     <hour>
      9
     </hour>
     <minute>
      0
     </minute>
    </pubmedpubdate>
   </history>
   <publicationstatus>
    ppublish
   </publicationstatus>
   <articleidlist>
    <articleid idtype="pubmed">
     15754863
    </articleid>
   </articleidlist>
  </pubmeddata>
 </pubmedarticle>
</pubmedarticleset>

