<?xml version='1.0' encoding='utf-8'?>
<!DOCTYPE PubmedArticleSet PUBLIC "-//NLM//DTD PubMedArticle, 1st January 2011//EN" "http://www.ncbi.nlm.nih.gov/entrez/query/DTD/pubmed_110101.dtd">
<pubmedarticleset>
 <pubmedarticle>
  <medlinecitation owner="NLM" status="MEDLINE">
   <pmid version="1">
    1578958
   </pmid>
   <datecreated>
    <year>
     1992
    </year>
    <month>
     06
    </month>
    <day>
     09
    </day>
   </datecreated>
   <datecompleted>
    <year>
     1992
    </year>
    <month>
     06
    </month>
    <day>
     09
    </day>
   </datecompleted>
   <daterevised>
    <year>
     2005
    </year>
    <month>
     11
    </month>
    <day>
     16
    </day>
   </daterevised>
   <article pubmodel="Print">
    <journal>
     <issn issntype="Print">
      0025-7125
     </issn>
     <journalissue citedmedium="Print">
      <volume>
       76
      </volume>
      <issue>
       3
      </issue>
      <pubdate>
       <year>
        1992
       </year>
       <month>
        May
       </month>
      </pubdate>
     </journalissue>
     <title>
      The Medical clinics of North America
     </title>
     <isoabbreviation>
      Med. Clin. North Am.
     </isoabbreviation>
    </journal>
    <articletitle>
     A practical approach to the differential diagnosis and evaluation of the adult patient with macrocytic anemia.
    </articletitle>
    <pagination>
     <medlinepgn>
      581-97
     </medlinepgn>
    </pagination>
    <abstract>
     <abstracttext>
      The most common causes of macrocytic anemias in the adults are (1) alcoholism, (2) liver diseases, (3) hemolysis or bleeding, (4) hypothyroidism, (5) folate or vitamin B12 deficiency, (6) exposure to chemotherapy and other drugs, and (7) myelodysplasia. A carefully obtained history and examination with evaluation of a peripheral blood smear and reticulocyte count should be performed in most patients with macrocytosis. Serum vitamin B12 and folate levels, serum thyroid studies, liver function studies, and bone marrow aspirate and biopsy with cytogenetic analysis are frequently required to confirm a diagnosis suspected on the basis of the initial evaluation.
     </abstracttext>
    </abstract>
    <affiliation>
     Section of Hematology/Oncology, Mayo Clinic Jacksonville, Florida.
    </affiliation>
    <authorlist completeyn="Y">
     <author validyn="Y">
      <lastname>
       Colon-Otero
      </lastname>
      <forename>
       G
      </forename>
      <initials>
       G
      </initials>
     </author>
     <author validyn="Y">
      <lastname>
       Menke
      </lastname>
      <forename>
       D
      </forename>
      <initials>
       D
      </initials>
     </author>
     <author validyn="Y">
      <lastname>
       Hook
      </lastname>
      <forename>
       C C
      </forename>
      <initials>
       CC
      </initials>
     </author>
    </authorlist>
    <language>
     eng
    </language>
    <publicationtypelist>
     <publicationtype>
      Journal Article
     </publicationtype>
     <publicationtype>
      Review
     </publicationtype>
    </publicationtypelist>
   </article>
   <medlinejournalinfo>
    <country>
     UNITED STATES
    </country>
    <medlineta>
     Med Clin North Am
    </medlineta>
    <nlmuniqueid>
     2985236R
    </nlmuniqueid>
    <issnlinking>
     0025-7125
    </issnlinking>
   </medlinejournalinfo>
   <citationsubset>
    AIM
   </citationsubset>
   <citationsubset>
    IM
   </citationsubset>
   <meshheadinglist>
    <meshheading>
     <descriptorname majortopicyn="N">
      Anemia, Macrocytic
     </descriptorname>
     <qualifiername majortopicyn="Y">
      diagnosis
     </qualifiername>
     <qualifiername majortopicyn="Y">
      etiology
     </qualifiername>
    </meshheading>
    <meshheading>
     <descriptorname majortopicyn="N">
      Diagnosis, Differential
     </descriptorname>
    </meshheading>
    <meshheading>
     <descriptorname majortopicyn="N">
      Humans
     </descriptorname>
    </meshheading>
   </meshheadinglist>
   <numberofreferences>
    38
   </numberofreferences>
  </medlinecitation>
  <pubmeddata>
   <history>
    <pubmedpubdate pubstatus="pubmed">
     <year>
      1992
     </year>
     <month>
      5
     </month>
     <day>
      1
     </day>
    </pubmedpubdate>
    <pubmedpubdate pubstatus="medline">
     <year>
      1992
     </year>
     <month>
      5
     </month>
     <day>
      1
     </day>
     <hour>
      0
     </hour>
     <minute>
      1
     </minute>
    </pubmedpubdate>
    <pubmedpubdate pubstatus="entrez">
     <year>
      1992
     </year>
     <month>
      5
     </month>
     <day>
      1
     </day>
     <hour>
      0
     </hour>
     <minute>
      0
     </minute>
    </pubmedpubdate>
   </history>
   <publicationstatus>
    ppublish
   </publicationstatus>
   <articleidlist>
    <articleid idtype="pubmed">
     1578958
    </articleid>
   </articleidlist>
  </pubmeddata>
 </pubmedarticle>
</pubmedarticleset>

