<?xml version='1.0' encoding='utf-8'?>
<!DOCTYPE PubmedArticleSet PUBLIC "-//NLM//DTD PubMedArticle, 1st January 2011//EN" "http://www.ncbi.nlm.nih.gov/entrez/query/DTD/pubmed_110101.dtd">
<pubmedarticleset>
 <pubmedarticle>
  <medlinecitation owner="NLM" status="MEDLINE">
   <pmid version="1">
    15825125
   </pmid>
   <datecreated>
    <year>
     2005
    </year>
    <month>
     04
    </month>
    <day>
     12
    </day>
   </datecreated>
   <datecompleted>
    <year>
     2005
    </year>
    <month>
     05
    </month>
    <day>
     05
    </day>
   </datecompleted>
   <daterevised>
    <year>
     2007
    </year>
    <month>
     01
    </month>
    <day>
     29
    </day>
   </daterevised>
   <article pubmodel="Print">
    <journal>
     <issn issntype="Print">
      0016-5085
     </issn>
     <journalissue citedmedium="Print">
      <volume>
       128
      </volume>
      <issue>
       4 Suppl 1
      </issue>
      <pubdate>
       <year>
        2005
       </year>
       <month>
        Apr
       </month>
      </pubdate>
     </journalissue>
     <title>
      Gastroenterology
     </title>
     <isoabbreviation>
      Gastroenterology
     </isoabbreviation>
    </journal>
    <articletitle>
     The diagnostic accuracy of serologic tests for celiac disease: a systematic review.
    </articletitle>
    <pagination>
     <medlinepgn>
      S38-46
     </medlinepgn>
    </pagination>
    <abstract>
     <abstracttext>
      Clinicians are increasingly utilizing noninvasive serologic tests for the diagnosis and screening of celiac disease (CD). The aim of this study was to conduct a systematic review of the diagnostic performance of serologic tests for the diagnosis and screening of CD. Standard systematic review methodology was used. A literature search was conducted in MEDLINE (1966 to October 2003) and EMBASE (1974 to December 2003) databases. A weighted mean of the sensitivity and specificity along with 95% confidence intervals and summary receiver operating characteristic (ROC) curves were calculated. The pooled specificity of endomyseal antibody (EMA)-monkey esophagus (ME) or EMA-human umbilical cord (HU) was close to 100% in adults and children. The pooled specificity of transglutaminase antibody (tTG)-guinea pig (GP) and tTG-human recombinant (HR) were between 95% and 99%. IgA-EMA-ME demonstrated sensitivities of 96% and 97% in children and adults, respectively. EMA-HU demonstrated a similar sensitivity of 97% in children but 90% in adults. The pooled sensitivity of tTG-GP in adults and children was 90% and 93%, respectively. The sensitivity of tTG-HR was 98% and 96%, respectively. The performance of antigliadin antibody was inferior to that of EMA and tTG. EMA and tTG offer high sensitivity and specificity. The sensitivity of these tests appears to be lower than reported when milder histologic grades are used to define CD (below 90%). If true, the nearly perfect negative predictive value of these tests would drop. The positive predictive value of these tests is likely lower than reported when the tests are applied in low-prevalence populations.
     </abstracttext>
    </abstract>
    <affiliation>
     Gastrointestinal Clinical Research Unit, University of Ottawa, Ottawa, Canada. arostom@ottawahospital.on.ca
    </affiliation>
    <authorlist completeyn="Y">
     <author validyn="Y">
      <lastname>
       Rostom
      </lastname>
      <forename>
       Alaa
      </forename>
      <initials>
       A
      </initials>
     </author>
     <author validyn="Y">
      <lastname>
       Dubé
      </lastname>
      <forename>
       Catherine
      </forename>
      <initials>
       C
      </initials>
     </author>
     <author validyn="Y">
      <lastname>
       Cranney
      </lastname>
      <forename>
       Ann
      </forename>
      <initials>
       A
      </initials>
     </author>
     <author validyn="Y">
      <lastname>
       Saloojee
      </lastname>
      <forename>
       Navaaz
      </forename>
      <initials>
       N
      </initials>
     </author>
     <author validyn="Y">
      <lastname>
       Sy
      </lastname>
      <forename>
       Richmond
      </forename>
      <initials>
       R
      </initials>
     </author>
     <author validyn="Y">
      <lastname>
       Garritty
      </lastname>
      <forename>
       Chantelle
      </forename>
      <initials>
       C
      </initials>
     </author>
     <author validyn="Y">
      <lastname>
       Sampson
      </lastname>
      <forename>
       Margaret
      </forename>
      <initials>
       M
      </initials>
     </author>
     <author validyn="Y">
      <lastname>
       Zhang
      </lastname>
      <forename>
       Li
      </forename>
      <initials>
       L
      </initials>
     </author>
     <author validyn="Y">
      <lastname>
       Yazdi
      </lastname>
      <forename>
       Fatemeh
      </forename>
      <initials>
       F
      </initials>
     </author>
     <author validyn="Y">
      <lastname>
       Mamaladze
      </lastname>
      <forename>
       Vasil
      </forename>
      <initials>
       V
      </initials>
     </author>
     <author validyn="Y">
      <lastname>
       Pan
      </lastname>
      <forename>
       Irene
      </forename>
      <initials>
       I
      </initials>
     </author>
     <author validyn="Y">
      <lastname>
       MacNeil
      </lastname>
      <forename>
       Joanne
      </forename>
      <initials>
       J
      </initials>
     </author>
     <author validyn="Y">
      <lastname>
       Mack
      </lastname>
      <forename>
       David
      </forename>
      <initials>
       D
      </initials>
     </author>
     <author validyn="Y">
      <lastname>
       Patel
      </lastname>
      <forename>
       Dilip
      </forename>
      <initials>
       D
      </initials>
     </author>
     <author validyn="Y">
      <lastname>
       Moher
      </lastname>
      <forename>
       David
      </forename>
      <initials>
       D
      </initials>
     </author>
    </authorlist>
    <language>
     eng
    </language>
    <publicationtypelist>
     <publicationtype>
      Journal Article
     </publicationtype>
     <publicationtype>
      Review
     </publicationtype>
    </publicationtypelist>
   </article>
   <medlinejournalinfo>
    <country>
     United States
    </country>
    <medlineta>
     Gastroenterology
    </medlineta>
    <nlmuniqueid>
     0374630
    </nlmuniqueid>
    <issnlinking>
     0016-5085
    </issnlinking>
   </medlinejournalinfo>
   <chemicallist>
    <chemical>
     <registrynumber>
      0
     </registrynumber>
     <nameofsubstance>
      Antibodies
     </nameofsubstance>
    </chemical>
    <chemical>
     <registrynumber>
      0
     </registrynumber>
     <nameofsubstance>
      Biological Markers
     </nameofsubstance>
    </chemical>
   </chemicallist>
   <citationsubset>
    AIM
   </citationsubset>
   <citationsubset>
    IM
   </citationsubset>
   <commentscorrectionslist>
    <commentscorrections reftype="CommentIn">
     <refsource>
      Evid Based Med. 2006 Feb;11(1):25
     </refsource>
     <pmid version="1">
      17213067
     </pmid>
    </commentscorrections>
   </commentscorrectionslist>
   <meshheadinglist>
    <meshheading>
     <descriptorname majortopicyn="N">
      Antibodies
     </descriptorname>
     <qualifiername majortopicyn="Y">
      analysis
     </qualifiername>
    </meshheading>
    <meshheading>
     <descriptorname majortopicyn="N">
      Biological Markers
     </descriptorname>
     <qualifiername majortopicyn="Y">
      analysis
     </qualifiername>
    </meshheading>
    <meshheading>
     <descriptorname majortopicyn="N">
      Celiac Disease
     </descriptorname>
     <qualifiername majortopicyn="Y">
      diagnosis
     </qualifiername>
    </meshheading>
    <meshheading>
     <descriptorname majortopicyn="N">
      Diagnosis, Differential
     </descriptorname>
    </meshheading>
    <meshheading>
     <descriptorname majortopicyn="N">
      Humans
     </descriptorname>
    </meshheading>
    <meshheading>
     <descriptorname majortopicyn="N">
      Sensitivity and Specificity
     </descriptorname>
    </meshheading>
    <meshheading>
     <descriptorname majortopicyn="N">
      Serologic Tests
     </descriptorname>
    </meshheading>
   </meshheadinglist>
   <numberofreferences>
    69
   </numberofreferences>
  </medlinecitation>
  <pubmeddata>
   <history>
    <pubmedpubdate pubstatus="pubmed">
     <year>
      2005
     </year>
     <month>
      4
     </month>
     <day>
      13
     </day>
     <hour>
      9
     </hour>
     <minute>
      0
     </minute>
    </pubmedpubdate>
    <pubmedpubdate pubstatus="medline">
     <year>
      2005
     </year>
     <month>
      5
     </month>
     <day>
      6
     </day>
     <hour>
      9
     </hour>
     <minute>
      0
     </minute>
    </pubmedpubdate>
    <pubmedpubdate pubstatus="entrez">
     <year>
      2005
     </year>
     <month>
      4
     </month>
     <day>
      13
     </day>
     <hour>
      9
     </hour>
     <minute>
      0
     </minute>
    </pubmedpubdate>
   </history>
   <publicationstatus>
    ppublish
   </publicationstatus>
   <articleidlist>
    <articleid idtype="pii">
     S0016508505001976
    </articleid>
    <articleid idtype="pubmed">
     15825125
    </articleid>
   </articleidlist>
  </pubmeddata>
 </pubmedarticle>
</pubmedarticleset>

