<?xml version='1.0' encoding='utf-8'?>
<!DOCTYPE PubmedArticleSet PUBLIC "-//NLM//DTD PubMedArticle, 1st January 2011//EN" "http://www.ncbi.nlm.nih.gov/entrez/query/DTD/pubmed_110101.dtd">
<pubmedarticleset>
 <pubmedarticle>
  <medlinecitation owner="NLM" status="MEDLINE">
   <pmid version="1">
    15846609
   </pmid>
   <datecreated>
    <year>
     2005
    </year>
    <month>
     04
    </month>
    <day>
     22
    </day>
   </datecreated>
   <datecompleted>
    <year>
     2005
    </year>
    <month>
     07
    </month>
    <day>
     19
    </day>
   </datecompleted>
   <daterevised>
    <year>
     2007
    </year>
    <month>
     11
    </month>
    <day>
     15
    </day>
   </daterevised>
   <article pubmodel="Electronic">
    <journal>
     <issn issntype="Electronic">
      1469-493X
     </issn>
     <journalissue citedmedium="Internet">
      <issue>
       2
      </issue>
      <pubdate>
       <year>
        2005
       </year>
      </pubdate>
     </journalissue>
     <title>
      Cochrane database of systematic reviews (Online)
     </title>
     <isoabbreviation>
      Cochrane Database Syst Rev
     </isoabbreviation>
    </journal>
    <articletitle>
     Manual therapy for asthma.
    </articletitle>
    <pagination>
     <medlinepgn>
      CD001002
     </medlinepgn>
    </pagination>
    <abstract>
     <abstracttext label="BACKGROUND" nlmcategory="BACKGROUND">
      A variety of manual therapies with similar postulated biologic mechanisms of action are commonly used to treat patients with asthma. Manual therapy practitioners are also varied, including physiotherapists, respiratory therapists, chiropractic and osteopathic physicians. A systematic review across disciplines is warranted.
     </abstracttext>
     <abstracttext label="OBJECTIVES" nlmcategory="OBJECTIVE">
      To evaluate the evidence for the effects of manual therapies for treatment of patients with bronchial asthma.
     </abstracttext>
     <abstracttext label="SEARCH STRATEGY" nlmcategory="METHODS">
      We searched for trials in computerized general (EMBASE, CINAHL and MEDLINE) and specialized databases (Cochrane Complementary Medicine Field, Cochrane Rehabilitation Field, Index to Chiropractic Literature (ICL), and Manual, Alternative and Natural Therapy (MANTIS)). In addition, we assessed bibliographies from included studies, and contacted authors of known studies for additional information about published and unpublished trials. Date of most recent search: August 2004.
     </abstracttext>
     <abstracttext label="SELECTION CRITERIA" nlmcategory="METHODS">
      Trials were included if they: (1) were randomised; (2) included asthmatic children or adults; (3) examined one or more types of manual therapy; and (4) included clinical outcomes with observation periods of at least two weeks.
     </abstracttext>
     <abstracttext label="DATA COLLECTION AND ANALYSIS" nlmcategory="METHODS">
      All three reviewers independently extracted data and assessed trial quality using a standard form.
     </abstracttext>
     <abstracttext label="MAIN RESULTS" nlmcategory="RESULTS">
      From 473 unique citations, 68 full text articles were retrieved and evaluated, which resulted in nine citations to three RCTs (156 patients) suitable for inclusion. Trials could not be pooled statistically because studies that addressed similar interventions used disparate patient groups or outcomes. The methodological quality of one of two trials examining chiropractic manipulation was good and neither trial found significant differences between chiropractic spinal manipulation and a sham manoeuvre on any of the outcomes measured. One small trial compared massage therapy with a relaxation control group and found significant differences in many of the lung function measures obtained. However, this trial had poor reporting characteristics and the data have yet to be confirmed.
     </abstracttext>
     <abstracttext label="AUTHORS' CONCLUSIONS" nlmcategory="CONCLUSIONS">
      There is insufficient evidence to support the use of manual therapies for patients with asthma. There is a need to conduct adequately-sized RCTs that examine the effects of manual therapies on clinically relevant outcomes. Future trials should maintain observer blinding for outcome assessments, and report on the costs of care and adverse events. Currently, there is insufficient evidence to support or refute the use of manual therapy for patients with asthma.
     </abstracttext>
    </abstract>
    <affiliation>
     Palmer Center for Chiropractic Research, 741 Brady Street, Davenport, IA 52803, USA. maria.hondras@palmer.edu
    </affiliation>
    <authorlist completeyn="Y">
     <author validyn="Y">
      <lastname>
       Hondras
      </lastname>
      <forename>
       M A
      </forename>
      <initials>
       MA
      </initials>
     </author>
     <author validyn="Y">
      <lastname>
       Linde
      </lastname>
      <forename>
       K
      </forename>
      <initials>
       K
      </initials>
     </author>
     <author validyn="Y">
      <lastname>
       Jones
      </lastname>
      <forename>
       A P
      </forename>
      <initials>
       AP
      </initials>
     </author>
    </authorlist>
    <language>
     eng
    </language>
    <publicationtypelist>
     <publicationtype>
      Journal Article
     </publicationtype>
     <publicationtype>
      Review
     </publicationtype>
    </publicationtypelist>
    <articledate datetype="Electronic">
     <year>
      2005
     </year>
     <month>
      04
     </month>
     <day>
      18
     </day>
    </articledate>
   </article>
   <medlinejournalinfo>
    <country>
     England
    </country>
    <medlineta>
     Cochrane Database Syst Rev
    </medlineta>
    <nlmuniqueid>
     100909747
    </nlmuniqueid>
    <issnlinking>
     1361-6137
    </issnlinking>
   </medlinejournalinfo>
   <citationsubset>
    IM
   </citationsubset>
   <commentscorrectionslist>
    <commentscorrections reftype="UpdateOf">
     <refsource>
      Cochrane Database Syst Rev. 2002;(4):CD001002
     </refsource>
     <pmid version="1">
      12519548
     </pmid>
    </commentscorrections>
   </commentscorrectionslist>
   <meshheadinglist>
    <meshheading>
     <descriptorname majortopicyn="N">
      Adult
     </descriptorname>
    </meshheading>
    <meshheading>
     <descriptorname majortopicyn="N">
      Asthma
     </descriptorname>
     <qualifiername majortopicyn="N">
      rehabilitation
     </qualifiername>
     <qualifiername majortopicyn="Y">
      therapy
     </qualifiername>
    </meshheading>
    <meshheading>
     <descriptorname majortopicyn="N">
      Child
     </descriptorname>
    </meshheading>
    <meshheading>
     <descriptorname majortopicyn="N">
      Child, Preschool
     </descriptorname>
    </meshheading>
    <meshheading>
     <descriptorname majortopicyn="N">
      Humans
     </descriptorname>
    </meshheading>
    <meshheading>
     <descriptorname majortopicyn="N">
      Infant
     </descriptorname>
    </meshheading>
    <meshheading>
     <descriptorname majortopicyn="Y">
      Manipulation, Chiropractic
     </descriptorname>
    </meshheading>
    <meshheading>
     <descriptorname majortopicyn="Y">
      Manipulation, Osteopathic
     </descriptorname>
    </meshheading>
    <meshheading>
     <descriptorname majortopicyn="Y">
      Massage
     </descriptorname>
    </meshheading>
    <meshheading>
     <descriptorname majortopicyn="N">
      Randomized Controlled Trials as Topic
     </descriptorname>
    </meshheading>
    <meshheading>
     <descriptorname majortopicyn="Y">
      Respiratory Therapy
     </descriptorname>
    </meshheading>
   </meshheadinglist>
   <numberofreferences>
    80
   </numberofreferences>
  </medlinecitation>
  <pubmeddata>
   <history>
    <pubmedpubdate pubstatus="pubmed">
     <year>
      2005
     </year>
     <month>
      4
     </month>
     <day>
      23
     </day>
     <hour>
      9
     </hour>
     <minute>
      0
     </minute>
    </pubmedpubdate>
    <pubmedpubdate pubstatus="medline">
     <year>
      2005
     </year>
     <month>
      7
     </month>
     <day>
      20
     </day>
     <hour>
      9
     </hour>
     <minute>
      0
     </minute>
    </pubmedpubdate>
    <pubmedpubdate pubstatus="entrez">
     <year>
      2005
     </year>
     <month>
      4
     </month>
     <day>
      23
     </day>
     <hour>
      9
     </hour>
     <minute>
      0
     </minute>
    </pubmedpubdate>
   </history>
   <publicationstatus>
    epublish
   </publicationstatus>
   <articleidlist>
    <articleid idtype="doi">
     10.1002/14651858.CD001002.pub2
    </articleid>
    <articleid idtype="pubmed">
     15846609
    </articleid>
   </articleidlist>
  </pubmeddata>
 </pubmedarticle>
</pubmedarticleset>

