<?xml version='1.0' encoding='utf-8'?>
<!DOCTYPE PubmedArticleSet PUBLIC "-//NLM//DTD PubMedArticle, 1st January 2011//EN" "http://www.ncbi.nlm.nih.gov/entrez/query/DTD/pubmed_110101.dtd">
<pubmedarticleset>
 <pubmedarticle>
  <medlinecitation owner="NLM" status="MEDLINE">
   <pmid version="1">
    15859367
   </pmid>
   <datecreated>
    <year>
     2005
    </year>
    <month>
     04
    </month>
    <day>
     29
    </day>
   </datecreated>
   <datecompleted>
    <year>
     2005
    </year>
    <month>
     07
    </month>
    <day>
     05
    </day>
   </datecompleted>
   <daterevised>
    <year>
     2008
    </year>
    <month>
     02
    </month>
    <day>
     26
    </day>
   </daterevised>
   <article pubmodel="Print">
    <journal>
     <issn issntype="Print">
      1764-1489
     </issn>
     <journalissue citedmedium="Print">
      <volume>
       37
      </volume>
      <issue>
       2
      </issue>
      <pubdate>
       <year>
        2005
       </year>
       <month>
        Feb
       </month>
      </pubdate>
     </journalissue>
     <title>
      European annals of allergy and clinical immunology
     </title>
     <isoabbreviation>
      Eur Ann Allergy Clin Immunol
     </isoabbreviation>
    </journal>
    <articletitle>
     Comparison of allergen immunotherapy and drug treatment in seasonal rhinoconjunctivitis: a 3-years study.
    </articletitle>
    <pagination>
     <medlinepgn>
      69-71
     </medlinepgn>
    </pagination>
    <abstract>
     <abstracttext>
      Drug treatment and specific immunotherapy (SIT) are both effective in seasonal rhinoconjunctivitis, but the former acts only on allergic symptoms while the latter modifies the natural history of the disease. Only a few studies compared the clinical efficacy of the two treatments with contrasting results. We planned a study to compare the efficacy of SIT (15 patients) and drug treatment (15 patients) in moderate to severe seasonal rhinoconjunctivitis caused by sensitization to grass pollen. SIT was performed by a 5-grass extract standardized in IR and absorbed onto calcium phosphate (Phostal, Stallergénes, Antony, France) using the conventional build-up phase in 12 weeks and a maintenance treatment with monthly injection for three years. Drug treatment was done with cetirizine as antihistamine, mometasone furoate as nasal topical steroid, and levocabastine eyedrops. All patients registered during the pollen season their symptoms and drug consumption. After one year 12 of 15 patients treated with SIT had less symptoms and drug consumption in respect to baseline compared to none in drug treated group (p = 0.021) and after three years 15 of 15 were improved in group A compared to one of 15 in group B (p = 0.008). These findings indicate an higher efficacy of SIT in patients with seasonal rhinitis not only in the long term but also in the first year of treatment.
     </abstracttext>
    </abstract>
    <affiliation>
     Pulmonary and Allergic Diseases Department, Lugo Hospital, Ravenna, Italy.
    </affiliation>
    <authorlist completeyn="Y">
     <author validyn="Y">
      <lastname>
       Giovannini
      </lastname>
      <forename>
       M
      </forename>
      <initials>
       M
      </initials>
     </author>
     <author validyn="Y">
      <lastname>
       Braccioni
      </lastname>
      <forename>
       F
      </forename>
      <initials>
       F
      </initials>
     </author>
     <author validyn="Y">
      <lastname>
       Sella
      </lastname>
      <forename>
       G
      </forename>
      <initials>
       G
      </initials>
     </author>
     <author validyn="Y">
      <lastname>
       Contoli
      </lastname>
      <forename>
       M
      </forename>
      <initials>
       M
      </initials>
     </author>
     <author validyn="Y">
      <lastname>
       Perri
      </lastname>
      <forename>
       G
      </forename>
      <initials>
       G
      </initials>
     </author>
     <author validyn="Y">
      <lastname>
       Frati
      </lastname>
      <forename>
       F
      </forename>
      <initials>
       F
      </initials>
     </author>
     <author validyn="Y">
      <lastname>
       Incorvaia
      </lastname>
      <forename>
       C
      </forename>
      <initials>
       C
      </initials>
     </author>
    </authorlist>
    <language>
     eng
    </language>
    <publicationtypelist>
     <publicationtype>
      Clinical Trial
     </publicationtype>
     <publicationtype>
      Comparative Study
     </publicationtype>
     <publicationtype>
      Journal Article
     </publicationtype>
    </publicationtypelist>
   </article>
   <medlinejournalinfo>
    <country>
     France
    </country>
    <medlineta>
     Eur Ann Allergy Clin Immunol
    </medlineta>
    <nlmuniqueid>
     101466614
    </nlmuniqueid>
    <issnlinking>
     1764-1489
    </issnlinking>
   </medlinejournalinfo>
   <chemicallist>
    <chemical>
     <registrynumber>
      0
     </registrynumber>
     <nameofsubstance>
      Allergens
     </nameofsubstance>
    </chemical>
    <chemical>
     <registrynumber>
      0
     </registrynumber>
     <nameofsubstance>
      Anti-Allergic Agents
     </nameofsubstance>
    </chemical>
    <chemical>
     <registrynumber>
      0
     </registrynumber>
     <nameofsubstance>
      Anti-Inflammatory Agents
     </nameofsubstance>
    </chemical>
    <chemical>
     <registrynumber>
      0
     </registrynumber>
     <nameofsubstance>
      Histamine H1 Antagonists, Non-Sedating
     </nameofsubstance>
    </chemical>
    <chemical>
     <registrynumber>
      0
     </registrynumber>
     <nameofsubstance>
      Ophthalmic Solutions
     </nameofsubstance>
    </chemical>
    <chemical>
     <registrynumber>
      0
     </registrynumber>
     <nameofsubstance>
      Piperidines
     </nameofsubstance>
    </chemical>
    <chemical>
     <registrynumber>
      0
     </registrynumber>
     <nameofsubstance>
      Pregnadienediols
     </nameofsubstance>
    </chemical>
    <chemical>
     <registrynumber>
      79516-68-0
     </registrynumber>
     <nameofsubstance>
      levocabastine
     </nameofsubstance>
    </chemical>
    <chemical>
     <registrynumber>
      83881-51-0
     </registrynumber>
     <nameofsubstance>
      Cetirizine
     </nameofsubstance>
    </chemical>
    <chemical>
     <registrynumber>
      83919-23-7
     </registrynumber>
     <nameofsubstance>
      mometasone furoate
     </nameofsubstance>
    </chemical>
   </chemicallist>
   <citationsubset>
    IM
   </citationsubset>
   <meshheadinglist>
    <meshheading>
     <descriptorname majortopicyn="N">
      Administration, Intranasal
     </descriptorname>
    </meshheading>
    <meshheading>
     <descriptorname majortopicyn="N">
      Adolescent
     </descriptorname>
    </meshheading>
    <meshheading>
     <descriptorname majortopicyn="N">
      Adult
     </descriptorname>
    </meshheading>
    <meshheading>
     <descriptorname majortopicyn="N">
      Allergens
     </descriptorname>
     <qualifiername majortopicyn="Y">
      therapeutic use
     </qualifiername>
    </meshheading>
    <meshheading>
     <descriptorname majortopicyn="N">
      Anti-Allergic Agents
     </descriptorname>
     <qualifiername majortopicyn="Y">
      therapeutic use
     </qualifiername>
    </meshheading>
    <meshheading>
     <descriptorname majortopicyn="N">
      Anti-Inflammatory Agents
     </descriptorname>
     <qualifiername majortopicyn="N">
      administration &amp; dosage
     </qualifiername>
     <qualifiername majortopicyn="N">
      therapeutic use
     </qualifiername>
    </meshheading>
    <meshheading>
     <descriptorname majortopicyn="N">
      Cetirizine
     </descriptorname>
     <qualifiername majortopicyn="N">
      administration &amp; dosage
     </qualifiername>
     <qualifiername majortopicyn="N">
      therapeutic use
     </qualifiername>
    </meshheading>
    <meshheading>
     <descriptorname majortopicyn="N">
      Conjunctivitis, Allergic
     </descriptorname>
     <qualifiername majortopicyn="N">
      drug therapy
     </qualifiername>
     <qualifiername majortopicyn="Y">
      therapy
     </qualifiername>
    </meshheading>
    <meshheading>
     <descriptorname majortopicyn="Y">
      Desensitization, Immunologic
     </descriptorname>
    </meshheading>
    <meshheading>
     <descriptorname majortopicyn="N">
      Drug Therapy, Combination
     </descriptorname>
    </meshheading>
    <meshheading>
     <descriptorname majortopicyn="N">
      Female
     </descriptorname>
    </meshheading>
    <meshheading>
     <descriptorname majortopicyn="N">
      Histamine H1 Antagonists, Non-Sedating
     </descriptorname>
     <qualifiername majortopicyn="N">
      administration &amp; dosage
     </qualifiername>
     <qualifiername majortopicyn="N">
      therapeutic use
     </qualifiername>
    </meshheading>
    <meshheading>
     <descriptorname majortopicyn="N">
      Humans
     </descriptorname>
    </meshheading>
    <meshheading>
     <descriptorname majortopicyn="N">
      Male
     </descriptorname>
    </meshheading>
    <meshheading>
     <descriptorname majortopicyn="N">
      Ophthalmic Solutions
     </descriptorname>
    </meshheading>
    <meshheading>
     <descriptorname majortopicyn="N">
      Piperidines
     </descriptorname>
     <qualifiername majortopicyn="N">
      administration &amp; dosage
     </qualifiername>
     <qualifiername majortopicyn="N">
      therapeutic use
     </qualifiername>
    </meshheading>
    <meshheading>
     <descriptorname majortopicyn="N">
      Poaceae
     </descriptorname>
    </meshheading>
    <meshheading>
     <descriptorname majortopicyn="N">
      Pollen
     </descriptorname>
     <qualifiername majortopicyn="N">
      adverse effects
     </qualifiername>
    </meshheading>
    <meshheading>
     <descriptorname majortopicyn="N">
      Pregnadienediols
     </descriptorname>
     <qualifiername majortopicyn="N">
      administration &amp; dosage
     </qualifiername>
     <qualifiername majortopicyn="N">
      therapeutic use
     </qualifiername>
    </meshheading>
    <meshheading>
     <descriptorname majortopicyn="N">
      Rhinitis, Allergic, Seasonal
     </descriptorname>
     <qualifiername majortopicyn="N">
      drug therapy
     </qualifiername>
     <qualifiername majortopicyn="Y">
      therapy
     </qualifiername>
    </meshheading>
    <meshheading>
     <descriptorname majortopicyn="N">
      Treatment Outcome
     </descriptorname>
    </meshheading>
   </meshheadinglist>
  </medlinecitation>
  <pubmeddata>
   <history>
    <pubmedpubdate pubstatus="pubmed">
     <year>
      2005
     </year>
     <month>
      4
     </month>
     <day>
      30
     </day>
     <hour>
      9
     </hour>
     <minute>
      0
     </minute>
    </pubmedpubdate>
    <pubmedpubdate pubstatus="medline">
     <year>
      2005
     </year>
     <month>
      7
     </month>
     <day>
      6
     </day>
     <hour>
      9
     </hour>
     <minute>
      0
     </minute>
    </pubmedpubdate>
    <pubmedpubdate pubstatus="entrez">
     <year>
      2005
     </year>
     <month>
      4
     </month>
     <day>
      30
     </day>
     <hour>
      9
     </hour>
     <minute>
      0
     </minute>
    </pubmedpubdate>
   </history>
   <publicationstatus>
    ppublish
   </publicationstatus>
   <articleidlist>
    <articleid idtype="pubmed">
     15859367
    </articleid>
   </articleidlist>
  </pubmeddata>
 </pubmedarticle>
</pubmedarticleset>

