<?xml version='1.0' encoding='utf-8'?>
<!DOCTYPE PubmedArticleSet PUBLIC "-//NLM//DTD PubMedArticle, 1st January 2011//EN" "http://www.ncbi.nlm.nih.gov/entrez/query/DTD/pubmed_110101.dtd">
<pubmedarticleset>
 <pubmedarticle>
  <medlinecitation owner="NLM" status="MEDLINE">
   <pmid version="1">
    15865677
   </pmid>
   <datecreated>
    <year>
     2005
    </year>
    <month>
     05
    </month>
    <day>
     03
    </day>
   </datecreated>
   <datecompleted>
    <year>
     2005
    </year>
    <month>
     08
    </month>
    <day>
     31
    </day>
   </datecompleted>
   <daterevised>
    <year>
     2007
    </year>
    <month>
     05
    </month>
    <day>
     16
    </day>
   </daterevised>
   <article pubmodel="Print">
    <journal>
     <issn issntype="Print">
      1462-3846
     </issn>
     <journalissue citedmedium="Print">
      <issue>
       12
      </issue>
      <pubdate>
       <year>
        2004
       </year>
       <month>
        Dec
       </month>
      </pubdate>
     </journalissue>
     <title>
      Clinical evidence
     </title>
     <isoabbreviation>
      Clin Evid
     </isoabbreviation>
    </journal>
    <articletitle>
     Otitis media with effusion.
    </articletitle>
    <pagination>
     <medlinepgn>
      764-74
     </medlinepgn>
    </pagination>
    <affiliation>
     University of Southampton, Southampton, UK.
    </affiliation>
    <authorlist completeyn="Y">
     <author validyn="Y">
      <lastname>
       Williamson
      </lastname>
      <forename>
       Ian
      </forename>
      <initials>
       I
      </initials>
     </author>
    </authorlist>
    <language>
     eng
    </language>
    <publicationtypelist>
     <publicationtype>
      Journal Article
     </publicationtype>
     <publicationtype>
      Review
     </publicationtype>
    </publicationtypelist>
   </article>
   <medlinejournalinfo>
    <country>
     England
    </country>
    <medlineta>
     Clin Evid
    </medlineta>
    <nlmuniqueid>
     100883600
    </nlmuniqueid>
    <issnlinking>
     1462-3846
    </issnlinking>
   </medlinejournalinfo>
   <chemicallist>
    <chemical>
     <registrynumber>
      0
     </registrynumber>
     <nameofsubstance>
      Adrenal Cortex Hormones
     </nameofsubstance>
    </chemical>
   </chemicallist>
   <citationsubset>
    IM
   </citationsubset>
   <commentscorrectionslist>
    <commentscorrections reftype="UpdateIn">
     <refsource>
      Clin Evid. 2006 Jun;(15):814-21
     </refsource>
     <pmid version="1">
      16973035
     </pmid>
    </commentscorrections>
    <commentscorrections reftype="UpdateOf">
     <refsource>
      Clin Evid. 2004 Jun;(11):684-93
     </refsource>
     <pmid version="1">
      15652030
     </pmid>
    </commentscorrections>
   </commentscorrectionslist>
   <meshheadinglist>
    <meshheading>
     <descriptorname majortopicyn="N">
      Adenoidectomy
     </descriptorname>
    </meshheading>
    <meshheading>
     <descriptorname majortopicyn="N">
      Adrenal Cortex Hormones
     </descriptorname>
     <qualifiername majortopicyn="N">
      therapeutic use
     </qualifiername>
    </meshheading>
    <meshheading>
     <descriptorname majortopicyn="N">
      Child
     </descriptorname>
    </meshheading>
    <meshheading>
     <descriptorname majortopicyn="N">
      Child, Preschool
     </descriptorname>
    </meshheading>
    <meshheading>
     <descriptorname majortopicyn="N">
      Humans
     </descriptorname>
    </meshheading>
    <meshheading>
     <descriptorname majortopicyn="N">
      Middle Ear Ventilation
     </descriptorname>
    </meshheading>
    <meshheading>
     <descriptorname majortopicyn="N">
      Otitis Media with Effusion
     </descriptorname>
     <qualifiername majortopicyn="N">
      drug therapy
     </qualifiername>
     <qualifiername majortopicyn="Y">
      therapy
     </qualifiername>
    </meshheading>
   </meshheadinglist>
   <numberofreferences>
    36
   </numberofreferences>
  </medlinecitation>
  <pubmeddata>
   <history>
    <pubmedpubdate pubstatus="pubmed">
     <year>
      2005
     </year>
     <month>
      5
     </month>
     <day>
      4
     </day>
     <hour>
      9
     </hour>
     <minute>
      0
     </minute>
    </pubmedpubdate>
    <pubmedpubdate pubstatus="medline">
     <year>
      2005
     </year>
     <month>
      9
     </month>
     <day>
      1
     </day>
     <hour>
      9
     </hour>
     <minute>
      0
     </minute>
    </pubmedpubdate>
    <pubmedpubdate pubstatus="entrez">
     <year>
      2005
     </year>
     <month>
      5
     </month>
     <day>
      4
     </day>
     <hour>
      9
     </hour>
     <minute>
      0
     </minute>
    </pubmedpubdate>
   </history>
   <publicationstatus>
    ppublish
   </publicationstatus>
   <articleidlist>
    <articleid idtype="pii">
     0502
    </articleid>
    <articleid idtype="pubmed">
     15865677
    </articleid>
   </articleidlist>
  </pubmeddata>
 </pubmedarticle>
</pubmedarticleset>

