<?xml version='1.0' encoding='utf-8'?>
<!DOCTYPE PubmedArticleSet PUBLIC "-//NLM//DTD PubMedArticle, 1st January 2011//EN" "http://www.ncbi.nlm.nih.gov/entrez/query/DTD/pubmed_110101.dtd">
<pubmedarticleset>
 <pubmedarticle>
  <medlinecitation owner="NLM" status="MEDLINE">
   <pmid version="1">
    15977853
   </pmid>
   <datecreated>
    <year>
     2005
    </year>
    <month>
     06
    </month>
    <day>
     27
    </day>
   </datecreated>
   <datecompleted>
    <year>
     2005
    </year>
    <month>
     07
    </month>
    <day>
     21
    </day>
   </datecompleted>
   <daterevised>
    <year>
     2007
    </year>
    <month>
     11
    </month>
    <day>
     15
    </day>
   </daterevised>
   <article pubmodel="Print">
    <journal>
     <issn issntype="Print">
      1547-1896
     </issn>
     <journalissue citedmedium="Print">
      <volume>
       18
      </volume>
      <issue>
       6
      </issue>
      <pubdate>
       <year>
        2005
       </year>
       <month>
        Jun
       </month>
      </pubdate>
     </journalissue>
     <title>
      JAAPA : official journal of the American Academy of Physician Assistants
     </title>
     <isoabbreviation>
      JAAPA
     </isoabbreviation>
    </journal>
    <articletitle>
     Evaluation and management of hypercalcemia.
    </articletitle>
    <pagination>
     <medlinepgn>
      30-5
     </medlinepgn>
    </pagination>
    <affiliation>
     Jefferson City Medical Group, Jefferson City, MO, USA.
    </affiliation>
    <authorlist completeyn="Y">
     <author validyn="Y">
      <lastname>
       Hutton
      </lastname>
      <forename>
       Erin
      </forename>
      <initials>
       E
      </initials>
     </author>
    </authorlist>
    <language>
     eng
    </language>
    <publicationtypelist>
     <publicationtype>
      Journal Article
     </publicationtype>
     <publicationtype>
      Review
     </publicationtype>
    </publicationtypelist>
   </article>
   <medlinejournalinfo>
    <country>
     United States
    </country>
    <medlineta>
     JAAPA
    </medlineta>
    <nlmuniqueid>
     9513102
    </nlmuniqueid>
    <issnlinking>
     0893-7400
    </issnlinking>
   </medlinejournalinfo>
   <citationsubset>
    T
   </citationsubset>
   <meshheadinglist>
    <meshheading>
     <descriptorname majortopicyn="N">
      Algorithms
     </descriptorname>
    </meshheading>
    <meshheading>
     <descriptorname majortopicyn="N">
      Diagnosis, Differential
     </descriptorname>
    </meshheading>
    <meshheading>
     <descriptorname majortopicyn="N">
      Humans
     </descriptorname>
    </meshheading>
    <meshheading>
     <descriptorname majortopicyn="Y">
      Hypercalcemia
     </descriptorname>
     <qualifiername majortopicyn="N">
      diagnosis
     </qualifiername>
     <qualifiername majortopicyn="N">
      etiology
     </qualifiername>
     <qualifiername majortopicyn="N">
      therapy
     </qualifiername>
    </meshheading>
    <meshheading>
     <descriptorname majortopicyn="N">
      Patient Education as Topic
     </descriptorname>
    </meshheading>
   </meshheadinglist>
   <numberofreferences>
    28
   </numberofreferences>
  </medlinecitation>
  <pubmeddata>
   <history>
    <pubmedpubdate pubstatus="pubmed">
     <year>
      2005
     </year>
     <month>
      6
     </month>
     <day>
      28
     </day>
     <hour>
      9
     </hour>
     <minute>
      0
     </minute>
    </pubmedpubdate>
    <pubmedpubdate pubstatus="medline">
     <year>
      2005
     </year>
     <month>
      7
     </month>
     <day>
      22
     </day>
     <hour>
      9
     </hour>
     <minute>
      0
     </minute>
    </pubmedpubdate>
    <pubmedpubdate pubstatus="entrez">
     <year>
      2005
     </year>
     <month>
      6
     </month>
     <day>
      28
     </day>
     <hour>
      9
     </hour>
     <minute>
      0
     </minute>
    </pubmedpubdate>
   </history>
   <publicationstatus>
    ppublish
   </publicationstatus>
   <articleidlist>
    <articleid idtype="pubmed">
     15977853
    </articleid>
   </articleidlist>
  </pubmeddata>
 </pubmedarticle>
</pubmedarticleset>

