<?xml version='1.0' encoding='utf-8'?>
<!DOCTYPE PubmedArticleSet PUBLIC "-//NLM//DTD PubMedArticle, 1st January 2011//EN" "http://www.ncbi.nlm.nih.gov/entrez/query/DTD/pubmed_110101.dtd">
<pubmedarticleset>
 <pubmedarticle>
  <medlinecitation owner="NLM" status="MEDLINE">
   <pmid version="1">
    15992389
   </pmid>
   <datecreated>
    <year>
     2005
    </year>
    <month>
     07
    </month>
    <day>
     04
    </day>
   </datecreated>
   <datecompleted>
    <year>
     2005
    </year>
    <month>
     12
    </month>
    <day>
     13
    </day>
   </datecompleted>
   <daterevised>
    <year>
     2006
    </year>
    <month>
     11
    </month>
    <day>
     15
    </day>
   </daterevised>
   <article pubmodel="Print">
    <journal>
     <issn issntype="Print">
      0001-690X
     </issn>
     <journalissue citedmedium="Print">
      <volume>
       112
      </volume>
      <issue>
       2
      </issue>
      <pubdate>
       <year>
        2005
       </year>
       <month>
        Aug
       </month>
      </pubdate>
     </journalissue>
     <title>
      Acta psychiatrica Scandinavica
     </title>
     <isoabbreviation>
      Acta Psychiatr Scand
     </isoabbreviation>
    </journal>
    <articletitle>
     Bipolar disorder in women: reproductive events and treatment considerations.
    </articletitle>
    <pagination>
     <medlinepgn>
      88-96
     </medlinepgn>
    </pagination>
    <abstract>
     <abstracttext label="OBJECTIVE" nlmcategory="OBJECTIVE">
      Bipolar disorders are prevalent in women. Women with bipolar disorder often present with different clinical features than men. Reproductive events and hormonal treatments may impact the course of bipolar disorder. Our main objectives are to i) assess the impact of reproductive events on the course of the disorder, and ii) to discuss the relationships between reproductive events and psychiatric treatments.
     </abstracttext>
     <abstracttext label="METHOD" nlmcategory="METHODS">
      A literature search was conducted of MEDLINE journals from 1965 to present. Manual literature searches were also conducted. We review the presentation, clinical course, and treatment considerations of bipolar disorder in women, with emphasis on treatment considerations in the context of reproductive events. Treatment-related issues such as teratogenicity, breastfeeding, polycystic ovarian syndrome, weight gain and obesity, and medication interactions with oral contraceptives are reviewed.
     </abstracttext>
     <abstracttext label="RESULTS" nlmcategory="RESULTS">
      Women with bipolar disorder may be more vulnerable to mood episodes in the context of reproductive events, particularly postpartum. In women of reproductive age, mood stabilizers must be selected with teratogenic risks in mind, with the highest reported risks in pregnancy with valproate, and the greatest concern during breastfeeding with lithium use. In the areas of the perimenopause and polycycstic ovarian syndrome, more data are needed to advise treatment decisions.
     </abstracttext>
     <abstracttext label="CONCLUSION" nlmcategory="CONCLUSIONS">
      We urgently need further study in these areas to deliver care that is appropriate to women with bipolar disorder.
     </abstracttext>
     <copyrightinformation>
      Copyright Blackwell Munksgaard 2005.
     </copyrightinformation>
    </abstract>
    <affiliation>
     Women's Mental Health Program, Department of Psychiatry, University of Arizona College of Medicine, Tucson, AZ 85724-5002, USA. marlenef@email.arizona.edu
    </affiliation>
    <authorlist completeyn="Y">
     <author validyn="Y">
      <lastname>
       Freeman
      </lastname>
      <forename>
       M P
      </forename>
      <initials>
       MP
      </initials>
     </author>
     <author validyn="Y">
      <lastname>
       Gelenberg
      </lastname>
      <forename>
       A J
      </forename>
      <initials>
       AJ
      </initials>
     </author>
    </authorlist>
    <language>
     eng
    </language>
    <publicationtypelist>
     <publicationtype>
      Journal Article
     </publicationtype>
     <publicationtype>
      Research Support, Non-U.S. Gov't
     </publicationtype>
     <publicationtype>
      Review
     </publicationtype>
    </publicationtypelist>
   </article>
   <medlinejournalinfo>
    <country>
     Denmark
    </country>
    <medlineta>
     Acta Psychiatr Scand
    </medlineta>
    <nlmuniqueid>
     0370364
    </nlmuniqueid>
    <issnlinking>
     0001-690X
    </issnlinking>
   </medlinejournalinfo>
   <chemicallist>
    <chemical>
     <registrynumber>
      0
     </registrynumber>
     <nameofsubstance>
      Anticonvulsants
     </nameofsubstance>
    </chemical>
    <chemical>
     <registrynumber>
      0
     </registrynumber>
     <nameofsubstance>
      Antipsychotic Agents
     </nameofsubstance>
    </chemical>
    <chemical>
     <registrynumber>
      7439-93-2
     </registrynumber>
     <nameofsubstance>
      Lithium
     </nameofsubstance>
    </chemical>
   </chemicallist>
   <citationsubset>
    IM
   </citationsubset>
   <meshheadinglist>
    <meshheading>
     <descriptorname majortopicyn="N">
      Anticonvulsants
     </descriptorname>
     <qualifiername majortopicyn="N">
      adverse effects
     </qualifiername>
     <qualifiername majortopicyn="Y">
      therapeutic use
     </qualifiername>
    </meshheading>
    <meshheading>
     <descriptorname majortopicyn="N">
      Antipsychotic Agents
     </descriptorname>
     <qualifiername majortopicyn="N">
      adverse effects
     </qualifiername>
     <qualifiername majortopicyn="Y">
      therapeutic use
     </qualifiername>
    </meshheading>
    <meshheading>
     <descriptorname majortopicyn="N">
      Bipolar Disorder
     </descriptorname>
     <qualifiername majortopicyn="N">
      physiopathology
     </qualifiername>
     <qualifiername majortopicyn="Y">
      psychology
     </qualifiername>
     <qualifiername majortopicyn="Y">
      therapy
     </qualifiername>
    </meshheading>
    <meshheading>
     <descriptorname majortopicyn="N">
      Breast Feeding
     </descriptorname>
     <qualifiername majortopicyn="N">
      psychology
     </qualifiername>
    </meshheading>
    <meshheading>
     <descriptorname majortopicyn="N">
      Electroconvulsive Therapy
     </descriptorname>
    </meshheading>
    <meshheading>
     <descriptorname majortopicyn="N">
      Female
     </descriptorname>
    </meshheading>
    <meshheading>
     <descriptorname majortopicyn="N">
      Humans
     </descriptorname>
    </meshheading>
    <meshheading>
     <descriptorname majortopicyn="N">
      Lithium
     </descriptorname>
     <qualifiername majortopicyn="N">
      adverse effects
     </qualifiername>
     <qualifiername majortopicyn="Y">
      therapeutic use
     </qualifiername>
    </meshheading>
    <meshheading>
     <descriptorname majortopicyn="N">
      Polycystic Ovary Syndrome
     </descriptorname>
     <qualifiername majortopicyn="N">
      psychology
     </qualifiername>
    </meshheading>
    <meshheading>
     <descriptorname majortopicyn="N">
      Pregnancy
     </descriptorname>
    </meshheading>
    <meshheading>
     <descriptorname majortopicyn="N">
      Pregnancy Complications
     </descriptorname>
     <qualifiername majortopicyn="N">
      psychology
     </qualifiername>
    </meshheading>
   </meshheadinglist>
   <numberofreferences>
    101
   </numberofreferences>
  </medlinecitation>
  <pubmeddata>
   <history>
    <pubmedpubdate pubstatus="pubmed">
     <year>
      2005
     </year>
     <month>
      7
     </month>
     <day>
      5
     </day>
     <hour>
      9
     </hour>
     <minute>
      0
     </minute>
    </pubmedpubdate>
    <pubmedpubdate pubstatus="medline">
     <year>
      2005
     </year>
     <month>
      12
     </month>
     <day>
      15
     </day>
     <hour>
      9
     </hour>
     <minute>
      0
     </minute>
    </pubmedpubdate>
    <pubmedpubdate pubstatus="entrez">
     <year>
      2005
     </year>
     <month>
      7
     </month>
     <day>
      5
     </day>
     <hour>
      9
     </hour>
     <minute>
      0
     </minute>
    </pubmedpubdate>
   </history>
   <publicationstatus>
    ppublish
   </publicationstatus>
   <articleidlist>
    <articleid idtype="pii">
     ACP526
    </articleid>
    <articleid idtype="doi">
     10.1111/j.1600-0447.2005.00526.x
    </articleid>
    <articleid idtype="pubmed">
     15992389
    </articleid>
   </articleidlist>
  </pubmeddata>
 </pubmedarticle>
</pubmedarticleset>

