<?xml version='1.0' encoding='utf-8'?>
<!DOCTYPE PubmedArticleSet PUBLIC "-//NLM//DTD PubMedArticle, 1st January 2011//EN" "http://www.ncbi.nlm.nih.gov/entrez/query/DTD/pubmed_110101.dtd">
<pubmedarticleset>
 <pubmedarticle>
  <medlinecitation owner="NLM" status="MEDLINE">
   <pmid version="1">
    16009794
   </pmid>
   <datecreated>
    <year>
     2005
    </year>
    <month>
     07
    </month>
    <day>
     19
    </day>
   </datecreated>
   <datecompleted>
    <year>
     2006
    </year>
    <month>
     02
    </month>
    <day>
     09
    </day>
   </datecompleted>
   <daterevised>
    <year>
     2006
    </year>
    <month>
     11
    </month>
    <day>
     15
    </day>
   </daterevised>
   <article pubmodel="Print-Electronic">
    <journal>
     <issn issntype="Electronic">
      1524-4539
     </issn>
     <journalissue citedmedium="Internet">
      <volume>
       112
      </volume>
      <issue>
       3
      </issue>
      <pubdate>
       <year>
        2005
       </year>
       <month>
        Jul
       </month>
       <day>
        19
       </day>
      </pubdate>
     </journalissue>
     <title>
      Circulation
     </title>
     <isoabbreviation>
      Circulation
     </isoabbreviation>
    </journal>
    <articletitle>
     Eight-year follow-up of patients with permanent vena cava filters in the prevention of pulmonary embolism: the PREPIC (Prevention du Risque d'Embolie Pulmonaire par Interruption Cave) randomized study.
    </articletitle>
    <pagination>
     <medlinepgn>
      416-22
     </medlinepgn>
    </pagination>
    <abstract>
     <abstracttext label="BACKGROUND" nlmcategory="BACKGROUND">
      In a randomized trial in patients with proximal deep-vein thrombosis, permanent vena cava filters reduced the incidence of pulmonary embolism but increased that of deep-vein thrombosis at 2 years. An 8-year follow-up was performed to assess their very long-term effect.
     </abstracttext>
     <abstracttext label="METHODS AND RESULTS" nlmcategory="RESULTS">
      Four hundred patients with proximal deep-vein thrombosis with or without pulmonary embolism were randomized either to receive or not receive a filter in addition to standard anticoagulant treatment for at least 3 months. Data on vital status, venous thromboembolism, and postthrombotic syndrome were obtained once a year for up to 8 years. All documented events were reviewed blindly by an independent committee. Outcome data were available in 396 patients (99%). Symptomatic pulmonary embolism occurred in 9 patients in the filter group (cumulative rate 6.2%) and 24 patients (15.1%) in the no-filter group (P=0.008). Deep-vein thrombosis occurred in 57 patients (35.7%) in the filter group and 41 (27.5%) in the no-filter group (P=0.042). Postthrombotic syndrome was observed in 109 (70.3%) and 107 (69.7%) patients in the filter and no-filter groups, respectively. At 8 years, 201 (50.3%) patients had died (103 and 98 patients in the filter and no-filter groups, respectively).
     </abstracttext>
     <abstracttext label="CONCLUSIONS" nlmcategory="CONCLUSIONS">
      At 8 years, vena cava filters reduced the risk of pulmonary embolism but increased that of deep-vein thrombosis and had no effect on survival. Although their use may be beneficial in patients at high risk of pulmonary embolism, systematic use in the general population with venous thromboembolism is not recommended.
     </abstracttext>
    </abstract>
    <authorlist completeyn="Y">
     <author validyn="Y">
      <collectivename>
       PREPIC Study Group
      </collectivename>
     </author>
    </authorlist>
    <language>
     eng
    </language>
    <publicationtypelist>
     <publicationtype>
      Journal Article
     </publicationtype>
     <publicationtype>
      Randomized Controlled Trial
     </publicationtype>
     <publicationtype>
      Research Support, Non-U.S. Gov't
     </publicationtype>
    </publicationtypelist>
    <articledate datetype="Electronic">
     <year>
      2005
     </year>
     <month>
      07
     </month>
     <day>
      11
     </day>
    </articledate>
   </article>
   <medlinejournalinfo>
    <country>
     United States
    </country>
    <medlineta>
     Circulation
    </medlineta>
    <nlmuniqueid>
     0147763
    </nlmuniqueid>
    <issnlinking>
     0009-7322
    </issnlinking>
   </medlinejournalinfo>
   <chemicallist>
    <chemical>
     <registrynumber>
      0
     </registrynumber>
     <nameofsubstance>
      Anticoagulants
     </nameofsubstance>
    </chemical>
    <chemical>
     <registrynumber>
      12001-79-5
     </registrynumber>
     <nameofsubstance>
      Vitamin K
     </nameofsubstance>
    </chemical>
   </chemicallist>
   <citationsubset>
    AIM
   </citationsubset>
   <citationsubset>
    IM
   </citationsubset>
   <commentscorrectionslist>
    <commentscorrections reftype="CommentIn">
     <refsource>
      Circulation. 2005 Jul 19;112(3):298-9
     </refsource>
     <pmid version="1">
      16027267
     </pmid>
    </commentscorrections>
    <commentscorrections reftype="CommentIn">
     <refsource>
      ACP J Club. 2006 Jan-Feb;144(1):18
     </refsource>
     <pmid version="1">
      16388567
     </pmid>
    </commentscorrections>
    <commentscorrections reftype="CommentIn">
     <refsource>
      Perspect Vasc Surg Endovasc Ther. 2006 Jun;18(2):187-8
     </refsource>
     <pmid version="1">
      17060242
     </pmid>
    </commentscorrections>
   </commentscorrectionslist>
   <meshheadinglist>
    <meshheading>
     <descriptorname majortopicyn="N">
      Aged
     </descriptorname>
    </meshheading>
    <meshheading>
     <descriptorname majortopicyn="N">
      Anticoagulants
     </descriptorname>
     <qualifiername majortopicyn="N">
      therapeutic use
     </qualifiername>
    </meshheading>
    <meshheading>
     <descriptorname majortopicyn="N">
      Female
     </descriptorname>
    </meshheading>
    <meshheading>
     <descriptorname majortopicyn="N">
      Follow-Up Studies
     </descriptorname>
    </meshheading>
    <meshheading>
     <descriptorname majortopicyn="N">
      Humans
     </descriptorname>
    </meshheading>
    <meshheading>
     <descriptorname majortopicyn="N">
      Male
     </descriptorname>
    </meshheading>
    <meshheading>
     <descriptorname majortopicyn="N">
      Middle Aged
     </descriptorname>
    </meshheading>
    <meshheading>
     <descriptorname majortopicyn="N">
      Pulmonary Embolism
     </descriptorname>
     <qualifiername majortopicyn="N">
      mortality
     </qualifiername>
     <qualifiername majortopicyn="Y">
      prevention &amp; control
     </qualifiername>
    </meshheading>
    <meshheading>
     <descriptorname majortopicyn="N">
      Recurrence
     </descriptorname>
    </meshheading>
    <meshheading>
     <descriptorname majortopicyn="Y">
      Vena Cava Filters
     </descriptorname>
    </meshheading>
    <meshheading>
     <descriptorname majortopicyn="N">
      Venous Thrombosis
     </descriptorname>
     <qualifiername majortopicyn="Y">
      therapy
     </qualifiername>
    </meshheading>
    <meshheading>
     <descriptorname majortopicyn="N">
      Vitamin K
     </descriptorname>
     <qualifiername majortopicyn="N">
      antagonists &amp; inhibitors
     </qualifiername>
    </meshheading>
   </meshheadinglist>
  </medlinecitation>
  <pubmeddata>
   <history>
    <pubmedpubdate pubstatus="aheadofprint">
     <year>
      2005
     </year>
     <month>
      7
     </month>
     <day>
      11
     </day>
    </pubmedpubdate>
    <pubmedpubdate pubstatus="pubmed">
     <year>
      2005
     </year>
     <month>
      7
     </month>
     <day>
      13
     </day>
     <hour>
      9
     </hour>
     <minute>
      0
     </minute>
    </pubmedpubdate>
    <pubmedpubdate pubstatus="medline">
     <year>
      2006
     </year>
     <month>
      2
     </month>
     <day>
      10
     </day>
     <hour>
      9
     </hour>
     <minute>
      0
     </minute>
    </pubmedpubdate>
    <pubmedpubdate pubstatus="entrez">
     <year>
      2005
     </year>
     <month>
      7
     </month>
     <day>
      13
     </day>
     <hour>
      9
     </hour>
     <minute>
      0
     </minute>
    </pubmedpubdate>
   </history>
   <publicationstatus>
    ppublish
   </publicationstatus>
   <articleidlist>
    <articleid idtype="pii">
     CIRCULATIONAHA.104.512834
    </articleid>
    <articleid idtype="doi">
     10.1161/CIRCULATIONAHA.104.512834
    </articleid>
    <articleid idtype="pubmed">
     16009794
    </articleid>
   </articleidlist>
  </pubmeddata>
 </pubmedarticle>
</pubmedarticleset>

