<?xml version='1.0' encoding='utf-8'?>
<!DOCTYPE PubmedArticleSet PUBLIC "-//NLM//DTD PubMedArticle, 1st January 2011//EN" "http://www.ncbi.nlm.nih.gov/entrez/query/DTD/pubmed_110101.dtd">
<pubmedarticleset>
 <pubmedarticle>
  <medlinecitation owner="NLM" status="MEDLINE">
   <pmid version="1">
    16021069
   </pmid>
   <datecreated>
    <year>
     2005
    </year>
    <month>
     07
    </month>
    <day>
     15
    </day>
   </datecreated>
   <datecompleted>
    <year>
     2005
    </year>
    <month>
     08
    </month>
    <day>
     11
    </day>
   </datecompleted>
   <daterevised>
    <year>
     2006
    </year>
    <month>
     11
    </month>
    <day>
     15
    </day>
   </daterevised>
   <article pubmodel="Print">
    <journal>
     <issn issntype="Print">
      0002-9378
     </issn>
     <journalissue citedmedium="Print">
      <volume>
       193
      </volume>
      <issue>
       1
      </issue>
      <pubdate>
       <year>
        2005
       </year>
       <month>
        Jul
       </month>
      </pubdate>
     </journalissue>
     <title>
      American journal of obstetrics and gynecology
     </title>
     <isoabbreviation>
      Am. J. Obstet. Gynecol.
     </isoabbreviation>
    </journal>
    <articletitle>
     Comparison of glyburide and insulin for the management of gestational diabetes in a large managed care organization.
    </articletitle>
    <pagination>
     <medlinepgn>
      118-24
     </medlinepgn>
    </pagination>
    <abstract>
     <abstracttext label="OBJECTIVE" nlmcategory="OBJECTIVE">
      This study was undertaken to compare the use of glyburide with insulin for the treatment of gestational diabetes mellitus (GDM) unresponsive to diet therapy.
     </abstracttext>
     <abstracttext label="STUDY DESIGN" nlmcategory="METHODS">
      A retrospective study was performed among women with singleton pregnancies who had GDM diagnosed, with fasting plasma glucose 140 mg/dL or less on glucose tolerance testing, between 12 and 34 weeks who failed diet therapy from 1999 to 2002. We identified 584 women and compared those treated with insulin between 1999 and 2000 with women treated with glyburide between 2001 and 2002. Maternal and neonatal outcomes and complications were assessed. Statistical methods included univariate analyses and multivariable logistic regression.
     </abstracttext>
     <abstracttext label="RESULTS" nlmcategory="RESULTS">
      In 1999 through 2000, 268 women had GDM diagnosed and were treated with insulin; in 2001 through 2002, 316 women had GDM diagnosed of which 236 (75%) received glyburide. The 2 groups were similar with regard to age, nulliparity, and historical GDM risk factors; however, women in the insulin group had a higher mean body mass index (31.9 vs 30.6 kg/m 2 , P=.04), a greater proportion identified themselves as white (43%, 28%, P&lt;.001) and fewer as Asian (24%, 37%, P=.001), and they had a significantly higher mean fasting on glucose tolerance test (105.4 vs 102.4 mg/dL , P=.005) compared with the glyburide group. There were no significant differences in birth weight (3599+/-650 g vs 3661+/-629 g, P=.3), macrosomia (24%, 25%, P=.7), or cesarean delivery (35%, 39 %, P=.4). Women in the glyburide group had a higher incidence of preeclampsia (12%, 6%, P=.02), and neonates in the glyburide group were more likely to receive phototherapy (9%, 5%, P&lt;.05), and less likely to be admitted to the neonatal intensive care unit (NICU) (15%, 24%, P=.008) though they had a longer NICU length of stay (4.3+/-9.6 vs 8.0+/-10.1, P=.002). Posttreatment glycemic control data were available for 122 women treated with insulin and 137 women treated with glyburide. More women in the glyburide group achieved mean fasting and postprandial goals (86%, 63%, P&lt;.001). These findings remained significant in logistic regression analysis.
     </abstracttext>
     <abstracttext label="CONCLUSION" nlmcategory="CONCLUSIONS">
      In a large managed care organization, glyburide was at least as effective as insulin in achieving glycemic control and similar birth weights in women with GDM who failed diet therapy. The increased risk of preeclampsia and phototherapy in the glyburide group warrant further study.
     </abstracttext>
    </abstract>
    <affiliation>
     Department of Obstetrics, Kaiser Permanente Northern California, San Francisco, USA.
    </affiliation>
    <authorlist completeyn="Y">
     <author validyn="Y">
      <lastname>
       Jacobson
      </lastname>
      <forename>
       Gavin F
      </forename>
      <initials>
       GF
      </initials>
     </author>
     <author validyn="Y">
      <lastname>
       Ramos
      </lastname>
      <forename>
       Gladys A
      </forename>
      <initials>
       GA
      </initials>
     </author>
     <author validyn="Y">
      <lastname>
       Ching
      </lastname>
      <forename>
       Jenny Y
      </forename>
      <initials>
       JY
      </initials>
     </author>
     <author validyn="Y">
      <lastname>
       Kirby
      </lastname>
      <forename>
       Russell S
      </forename>
      <initials>
       RS
      </initials>
     </author>
     <author validyn="Y">
      <lastname>
       Ferrara
      </lastname>
      <forename>
       Assiamira
      </forename>
      <initials>
       A
      </initials>
     </author>
     <author validyn="Y">
      <lastname>
       Field
      </lastname>
      <forename>
       D Robin
      </forename>
      <initials>
       DR
      </initials>
     </author>
    </authorlist>
    <language>
     eng
    </language>
    <publicationtypelist>
     <publicationtype>
      Comparative Study
     </publicationtype>
     <publicationtype>
      Journal Article
     </publicationtype>
    </publicationtypelist>
   </article>
   <medlinejournalinfo>
    <country>
     United States
    </country>
    <medlineta>
     Am J Obstet Gynecol
    </medlineta>
    <nlmuniqueid>
     0370476
    </nlmuniqueid>
    <issnlinking>
     0002-9378
    </issnlinking>
   </medlinejournalinfo>
   <chemicallist>
    <chemical>
     <registrynumber>
      0
     </registrynumber>
     <nameofsubstance>
      Blood Glucose
     </nameofsubstance>
    </chemical>
    <chemical>
     <registrynumber>
      0
     </registrynumber>
     <nameofsubstance>
      Hypoglycemic Agents
     </nameofsubstance>
    </chemical>
    <chemical>
     <registrynumber>
      10238-21-8
     </registrynumber>
     <nameofsubstance>
      Glyburide
     </nameofsubstance>
    </chemical>
    <chemical>
     <registrynumber>
      11061-68-0
     </registrynumber>
     <nameofsubstance>
      Insulin
     </nameofsubstance>
    </chemical>
   </chemicallist>
   <citationsubset>
    AIM
   </citationsubset>
   <citationsubset>
    IM
   </citationsubset>
   <commentscorrectionslist>
    <commentscorrections reftype="CommentIn">
     <refsource>
      Am J Obstet Gynecol. 2005 Jul;193(1):1-2
     </refsource>
     <pmid version="1">
      16021049
     </pmid>
    </commentscorrections>
    <commentscorrections reftype="CommentIn">
     <refsource>
      Am J Obstet Gynecol. 2006 Aug;195(2):628-9; author reply 629-30
     </refsource>
     <pmid version="1">
      16579949
     </pmid>
    </commentscorrections>
   </commentscorrectionslist>
   <meshheadinglist>
    <meshheading>
     <descriptorname majortopicyn="N">
      Adult
     </descriptorname>
    </meshheading>
    <meshheading>
     <descriptorname majortopicyn="N">
      Birth Weight
     </descriptorname>
    </meshheading>
    <meshheading>
     <descriptorname majortopicyn="N">
      Blood Glucose
     </descriptorname>
     <qualifiername majortopicyn="N">
      metabolism
     </qualifiername>
    </meshheading>
    <meshheading>
     <descriptorname majortopicyn="N">
      Diabetes, Gestational
     </descriptorname>
     <qualifiername majortopicyn="N">
      blood
     </qualifiername>
     <qualifiername majortopicyn="Y">
      drug therapy
     </qualifiername>
    </meshheading>
    <meshheading>
     <descriptorname majortopicyn="N">
      Fasting
     </descriptorname>
     <qualifiername majortopicyn="N">
      blood
     </qualifiername>
    </meshheading>
    <meshheading>
     <descriptorname majortopicyn="N">
      Female
     </descriptorname>
    </meshheading>
    <meshheading>
     <descriptorname majortopicyn="N">
      Glucose Tolerance Test
     </descriptorname>
    </meshheading>
    <meshheading>
     <descriptorname majortopicyn="N">
      Glyburide
     </descriptorname>
     <qualifiername majortopicyn="Y">
      therapeutic use
     </qualifiername>
    </meshheading>
    <meshheading>
     <descriptorname majortopicyn="N">
      Humans
     </descriptorname>
    </meshheading>
    <meshheading>
     <descriptorname majortopicyn="N">
      Hypoglycemic Agents
     </descriptorname>
     <qualifiername majortopicyn="Y">
      therapeutic use
     </qualifiername>
    </meshheading>
    <meshheading>
     <descriptorname majortopicyn="N">
      Incidence
     </descriptorname>
    </meshheading>
    <meshheading>
     <descriptorname majortopicyn="N">
      Infant, Newborn
     </descriptorname>
    </meshheading>
    <meshheading>
     <descriptorname majortopicyn="N">
      Insulin
     </descriptorname>
     <qualifiername majortopicyn="Y">
      therapeutic use
     </qualifiername>
    </meshheading>
    <meshheading>
     <descriptorname majortopicyn="Y">
      Managed Care Programs
     </descriptorname>
    </meshheading>
    <meshheading>
     <descriptorname majortopicyn="N">
      Phototherapy
     </descriptorname>
     <qualifiername majortopicyn="N">
      statistics &amp; numerical data
     </qualifiername>
    </meshheading>
    <meshheading>
     <descriptorname majortopicyn="N">
      Pre-Eclampsia
     </descriptorname>
     <qualifiername majortopicyn="N">
      epidemiology
     </qualifiername>
    </meshheading>
    <meshheading>
     <descriptorname majortopicyn="N">
      Pregnancy
     </descriptorname>
    </meshheading>
    <meshheading>
     <descriptorname majortopicyn="N">
      Retrospective Studies
     </descriptorname>
    </meshheading>
    <meshheading>
     <descriptorname majortopicyn="N">
      Treatment Outcome
     </descriptorname>
    </meshheading>
   </meshheadinglist>
  </medlinecitation>
  <pubmeddata>
   <history>
    <pubmedpubdate pubstatus="pubmed">
     <year>
      2005
     </year>
     <month>
      7
     </month>
     <day>
      16
     </day>
     <hour>
      9
     </hour>
     <minute>
      0
     </minute>
    </pubmedpubdate>
    <pubmedpubdate pubstatus="medline">
     <year>
      2005
     </year>
     <month>
      8
     </month>
     <day>
      12
     </day>
     <hour>
      9
     </hour>
     <minute>
      0
     </minute>
    </pubmedpubdate>
    <pubmedpubdate pubstatus="entrez">
     <year>
      2005
     </year>
     <month>
      7
     </month>
     <day>
      16
     </day>
     <hour>
      9
     </hour>
     <minute>
      0
     </minute>
    </pubmedpubdate>
   </history>
   <publicationstatus>
    ppublish
   </publicationstatus>
   <articleidlist>
    <articleid idtype="pii">
     S0002937805003765
    </articleid>
    <articleid idtype="doi">
     10.1016/j.ajog.2005.03.018
    </articleid>
    <articleid idtype="pubmed">
     16021069
    </articleid>
   </articleidlist>
  </pubmeddata>
 </pubmedarticle>
</pubmedarticleset>

