<?xml version='1.0' encoding='utf-8'?>
<!DOCTYPE PubmedArticleSet PUBLIC "-//NLM//DTD PubMedArticle, 1st January 2011//EN" "http://www.ncbi.nlm.nih.gov/entrez/query/DTD/pubmed_110101.dtd">
<pubmedarticleset>
 <pubmedarticle>
  <medlinecitation owner="NLM" status="MEDLINE">
   <pmid version="1">
    16033736
   </pmid>
   <datecreated>
    <year>
     2005
    </year>
    <month>
     07
    </month>
    <day>
     21
    </day>
   </datecreated>
   <datecompleted>
    <year>
     2005
    </year>
    <month>
     08
    </month>
    <day>
     17
    </day>
   </datecompleted>
   <article pubmodel="Print">
    <journal>
     <issn issntype="Print">
      1530-891X
     </issn>
     <journalissue citedmedium="Print">
      <volume>
       11
      </volume>
      <issue>
       1
      </issue>
      <pubdate>
       <medlinedate>
        2005 Jan-Feb
       </medlinedate>
      </pubdate>
     </journalissue>
     <title>
      Endocrine practice : official journal of the American College of Endocrinology and the American Association of Clinical Endocrinologists
     </title>
     <isoabbreviation>
      Endocr Pract
     </isoabbreviation>
    </journal>
    <articletitle>
     The American Association of Clinical Endocrinologists and the American Association of Endocrine Surgeons position statement on the diagnosis and management of primary hyperparathyroidism.
    </articletitle>
    <pagination>
     <medlinepgn>
      49-54
     </medlinepgn>
    </pagination>
    <authorlist completeyn="Y">
     <author validyn="Y">
      <collectivename>
       AACE/AAES Task Force on Primary Hyperparathyroidism
      </collectivename>
     </author>
    </authorlist>
    <language>
     eng
    </language>
    <publicationtypelist>
     <publicationtype>
      Guideline
     </publicationtype>
     <publicationtype>
      Journal Article
     </publicationtype>
     <publicationtype>
      Practice Guideline
     </publicationtype>
    </publicationtypelist>
   </article>
   <medlinejournalinfo>
    <country>
     United States
    </country>
    <medlineta>
     Endocr Pract
    </medlineta>
    <nlmuniqueid>
     9607439
    </nlmuniqueid>
    <issnlinking>
     1530-891X
    </issnlinking>
   </medlinejournalinfo>
   <citationsubset>
    IM
   </citationsubset>
   <meshheadinglist>
    <meshheading>
     <descriptorname majortopicyn="N">
      Endocrinology
     </descriptorname>
     <qualifiername majortopicyn="Y">
      standards
     </qualifiername>
    </meshheading>
    <meshheading>
     <descriptorname majortopicyn="N">
      Humans
     </descriptorname>
    </meshheading>
    <meshheading>
     <descriptorname majortopicyn="N">
      Hyperparathyroidism
     </descriptorname>
     <qualifiername majortopicyn="Y">
      diagnosis
     </qualifiername>
     <qualifiername majortopicyn="Y">
      surgery
     </qualifiername>
    </meshheading>
    <meshheading>
     <descriptorname majortopicyn="N">
      Parathyroidectomy
     </descriptorname>
     <qualifiername majortopicyn="Y">
      standards
     </qualifiername>
    </meshheading>
    <meshheading>
     <descriptorname majortopicyn="N">
      Specialties, Surgical
     </descriptorname>
     <qualifiername majortopicyn="Y">
      standards
     </qualifiername>
    </meshheading>
   </meshheadinglist>
  </medlinecitation>
  <pubmeddata>
   <history>
    <pubmedpubdate pubstatus="pubmed">
     <year>
      2005
     </year>
     <month>
      7
     </month>
     <day>
      22
     </day>
     <hour>
      9
     </hour>
     <minute>
      0
     </minute>
    </pubmedpubdate>
    <pubmedpubdate pubstatus="medline">
     <year>
      2005
     </year>
     <month>
      8
     </month>
     <day>
      18
     </day>
     <hour>
      9
     </hour>
     <minute>
      0
     </minute>
    </pubmedpubdate>
    <pubmedpubdate pubstatus="entrez">
     <year>
      2005
     </year>
     <month>
      7
     </month>
     <day>
      22
     </day>
     <hour>
      9
     </hour>
     <minute>
      0
     </minute>
    </pubmedpubdate>
   </history>
   <publicationstatus>
    ppublish
   </publicationstatus>
   <articleidlist>
    <articleid idtype="pii">
     QXDEJNQ31BNA97KE
    </articleid>
    <articleid idtype="pubmed">
     16033736
    </articleid>
   </articleidlist>
  </pubmeddata>
 </pubmedarticle>
</pubmedarticleset>

