<?xml version='1.0' encoding='utf-8'?>
<!DOCTYPE PubmedArticleSet PUBLIC "-//NLM//DTD PubMedArticle, 1st January 2011//EN" "http://www.ncbi.nlm.nih.gov/entrez/query/DTD/pubmed_110101.dtd">
<pubmedarticleset>
 <pubmedarticle>
  <medlinecitation owner="NLM" status="MEDLINE">
   <pmid version="1">
    16034962
   </pmid>
   <datecreated>
    <year>
     2005
    </year>
    <month>
     07
    </month>
    <day>
     21
    </day>
   </datecreated>
   <datecompleted>
    <year>
     2005
    </year>
    <month>
     11
    </month>
    <day>
     30
    </day>
   </datecompleted>
   <daterevised>
    <year>
     2009
    </year>
    <month>
     07
    </month>
    <day>
     21
    </day>
   </daterevised>
   <article pubmodel="Electronic">
    <journal>
     <issn issntype="Electronic">
      1469-493X
     </issn>
     <journalissue citedmedium="Internet">
      <issue>
       3
      </issue>
      <pubdate>
       <year>
        2005
       </year>
      </pubdate>
     </journalissue>
     <title>
      Cochrane database of systematic reviews (Online)
     </title>
     <isoabbreviation>
      Cochrane Database Syst Rev
     </isoabbreviation>
    </journal>
    <articletitle>
     Screening for amblyopia in childhood.
    </articletitle>
    <pagination>
     <medlinepgn>
      CD005020
     </medlinepgn>
    </pagination>
    <abstract>
     <abstracttext label="BACKGROUND" nlmcategory="BACKGROUND">
      Amblyopia is a reversible deficit of vision that has to be treated within the sensitive period for visual development. Screening programmes have been set up to detect this largely asymptomatic condition and refer children for treatment while an improvement in vision is still possible. The value of such programmes and the optimum protocol for administering them remain controversial.
     </abstracttext>
     <abstracttext label="OBJECTIVES" nlmcategory="OBJECTIVE">
      The objective of this review was to evaluate the effectiveness of vision screening in reducing the prevalence of amblyopia.
     </abstracttext>
     <abstracttext label="SEARCH STRATEGY" nlmcategory="METHODS">
      We searched the Cochrane Central Register of Controlled Trials (CENTRAL), which contains the Cochrane Eyes and Vision Group Trials Register, on The Cochrane Library Issue 2, 2005, MEDLINE (1966 to May 2005 week 1) and EMBASE (1980 to 2005 week 19). No language restrictions were placed on these searches. No handsearching was done.
     </abstracttext>
     <abstracttext label="SELECTION CRITERIA" nlmcategory="METHODS">
      We planned to analyse data from randomised controlled trials and cluster-randomised trials comparing the prevalence of amblyopia in screened versus unscreened populations.
     </abstracttext>
     <abstracttext label="DATA COLLECTION AND ANALYSIS" nlmcategory="METHODS">
      Two authors independently assessed study abstracts identified by the electronic searches. Full text copies of appropriate studies were obtained and, where necessary, authors were contacted. No data were available for analysis and no meta-analysis was performed.
     </abstracttext>
     <abstracttext label="MAIN RESULTS" nlmcategory="RESULTS">
      Despite the large amount of literature available regarding vision screening no trials designed to compare the prevalence of amblyopia in screened versus unscreened populations were found. Data currently under preparation may be available for updates to the review.
     </abstracttext>
     <abstracttext label="AUTHORS' CONCLUSIONS" nlmcategory="CONCLUSIONS">
      The lack of data from randomised controlled trials makes it difficult to analyse the impact of existing screening programmes on the prevalence of amblyopia. The absence of such evidence cannot be taken to mean that vision screening is not beneficial; simply that this intervention has not yet been tested in robust trials. To facilitate such trials normative data on age-appropriate vision tests need to be available and a consensus reached regarding the definition of amblyopia. In addition, the consequences of living with untreated amblyopia have yet to be quantified and a cost-benefit analysis carried out.
     </abstracttext>
    </abstract>
    <affiliation>
     Cochrane Eyes and Vision Group, London School of Hygiene &amp; Tropical Medicine, Keppel Street, London, UK, WC1E 7HT. christine.powell@nhs.net
    </affiliation>
    <authorlist completeyn="Y">
     <author validyn="Y">
      <lastname>
       Powell
      </lastname>
      <forename>
       C
      </forename>
      <initials>
       C
      </initials>
     </author>
     <author validyn="Y">
      <lastname>
       Porooshani
      </lastname>
      <forename>
       H
      </forename>
      <initials>
       H
      </initials>
     </author>
     <author validyn="Y">
      <lastname>
       Bohorquez
      </lastname>
      <forename>
       M C
      </forename>
      <initials>
       MC
      </initials>
     </author>
     <author validyn="Y">
      <lastname>
       Richardson
      </lastname>
      <forename>
       S
      </forename>
      <initials>
       S
      </initials>
     </author>
    </authorlist>
    <language>
     eng
    </language>
    <publicationtypelist>
     <publicationtype>
      Journal Article
     </publicationtype>
     <publicationtype>
      Review
     </publicationtype>
    </publicationtypelist>
    <articledate datetype="Electronic">
     <year>
      2005
     </year>
     <month>
      07
     </month>
     <day>
      20
     </day>
    </articledate>
   </article>
   <medlinejournalinfo>
    <country>
     England
    </country>
    <medlineta>
     Cochrane Database Syst Rev
    </medlineta>
    <nlmuniqueid>
     100909747
    </nlmuniqueid>
    <issnlinking>
     1361-6137
    </issnlinking>
   </medlinejournalinfo>
   <citationsubset>
    IM
   </citationsubset>
   <commentscorrectionslist>
    <commentscorrections reftype="UpdateIn">
     <refsource>
      Cochrane Database Syst Rev. 2009;(3):CD005020
     </refsource>
     <pmid version="1">
      19588363
     </pmid>
    </commentscorrections>
   </commentscorrectionslist>
   <meshheadinglist>
    <meshheading>
     <descriptorname majortopicyn="N">
      Amblyopia
     </descriptorname>
     <qualifiername majortopicyn="Y">
      diagnosis
     </qualifiername>
    </meshheading>
    <meshheading>
     <descriptorname majortopicyn="N">
      Child
     </descriptorname>
    </meshheading>
    <meshheading>
     <descriptorname majortopicyn="N">
      Child, Preschool
     </descriptorname>
    </meshheading>
    <meshheading>
     <descriptorname majortopicyn="N">
      Humans
     </descriptorname>
    </meshheading>
    <meshheading>
     <descriptorname majortopicyn="Y">
      Vision Screening
     </descriptorname>
    </meshheading>
   </meshheadinglist>
   <numberofreferences>
    28
   </numberofreferences>
  </medlinecitation>
  <pubmeddata>
   <history>
    <pubmedpubdate pubstatus="pubmed">
     <year>
      2005
     </year>
     <month>
      7
     </month>
     <day>
      22
     </day>
     <hour>
      9
     </hour>
     <minute>
      0
     </minute>
    </pubmedpubdate>
    <pubmedpubdate pubstatus="medline">
     <year>
      2005
     </year>
     <month>
      12
     </month>
     <day>
      13
     </day>
     <hour>
      9
     </hour>
     <minute>
      0
     </minute>
    </pubmedpubdate>
    <pubmedpubdate pubstatus="entrez">
     <year>
      2005
     </year>
     <month>
      7
     </month>
     <day>
      22
     </day>
     <hour>
      9
     </hour>
     <minute>
      0
     </minute>
    </pubmedpubdate>
   </history>
   <publicationstatus>
    epublish
   </publicationstatus>
   <articleidlist>
    <articleid idtype="doi">
     10.1002/14651858.CD005020.pub2
    </articleid>
    <articleid idtype="pubmed">
     16034962
    </articleid>
   </articleidlist>
  </pubmeddata>
 </pubmedarticle>
</pubmedarticleset>

