<?xml version='1.0' encoding='utf-8'?>
<!DOCTYPE PubmedArticleSet PUBLIC "-//NLM//DTD PubMedArticle, 1st January 2011//EN" "http://www.ncbi.nlm.nih.gov/entrez/query/DTD/pubmed_110101.dtd">
<pubmedarticleset>
 <pubmedarticle>
  <medlinecitation owner="NLM" status="MEDLINE">
   <pmid version="1">
    16048355
   </pmid>
   <datecreated>
    <year>
     2005
    </year>
    <month>
     07
    </month>
    <day>
     28
    </day>
   </datecreated>
   <datecompleted>
    <year>
     2005
    </year>
    <month>
     10
    </month>
    <day>
     31
    </day>
   </datecompleted>
   <daterevised>
    <year>
     2009
    </year>
    <month>
     11
    </month>
    <day>
     03
    </day>
   </daterevised>
   <article pubmodel="Print">
    <journal>
     <issn issntype="Print">
      0114-5916
     </issn>
     <journalissue citedmedium="Print">
      <volume>
       28
      </volume>
      <issue>
       8
      </issue>
      <pubdate>
       <year>
        2005
       </year>
      </pubdate>
     </journalissue>
     <title>
      Drug safety : an international journal of medical toxicology and drug experience
     </title>
     <isoabbreviation>
      Drug Saf
     </isoabbreviation>
    </journal>
    <articletitle>
     Treating mood disorders during pregnancy: safety considerations.
    </articletitle>
    <pagination>
     <medlinepgn>
      695-706
     </medlinepgn>
    </pagination>
    <abstract>
     <abstracttext>
      Mood disorders in pregnancy may have a negative effect on self care and pregnancy outcome that affects the mother directly and the child indirectly. Thus, some women may require pharmacological treatment. Pharmacotherapy of mood disorders during pregnancy implies specific considerations. This paper presents an updated review of available studies on the treatment of mood disorders and present knowledge on teratogenicity, neonatal effects and long-term neurobehavioural effects for the different psychotropic drugs, including treatment with selective serotonin reuptake inhibitors (SSRIs), tricyclic antidepressants (TCAs), other antidepressants, benzodiazepines, lithium, carbamazepine/valproic acid, lamotrigine and novel antipsychotics. However, the existing knowledge on the use of antidepressants and mood stabilising agents during pregnancy is hampered by a lack of results from randomised controlled trials.SSRIs and TCAs have not been associated with an increased risk of major malformations, but poor neonatal adaptation has been described. Benzodiazepines used in the first trimester have been associated with orofacial clefts. Mood stabilisers such as lithium, carbamazepine and valproic acid (sodium valproate) are associated with an increased risk of fetal malformations. Both benzodiazepines and lithium may cause adaptation problems in the newborn. In utero exposure to novel antipsychotics has not been associated with congenital malformations; however, the data are still limited. The knowledge about long-term neurobehavioural effects in the offspring is still limited for all agents and requires further investigation. Possible adverse effects of fetal exposure must be balanced against the adverse effects of an untreated maternal mood disorder.
     </abstracttext>
    </abstract>
    <affiliation>
     Division of Epidemiology, Norwegian Institute of Public Health, Postbox 4404 Nydalen, N-0403 Oslo, Norway. malin.eberhard-gran@fhi.no
    </affiliation>
    <authorlist completeyn="Y">
     <author validyn="Y">
      <lastname>
       Eberhard-Gran
      </lastname>
      <forename>
       Malin
      </forename>
      <initials>
       M
      </initials>
     </author>
     <author validyn="Y">
      <lastname>
       Eskild
      </lastname>
      <forename>
       Anne
      </forename>
      <initials>
       A
      </initials>
     </author>
     <author validyn="Y">
      <lastname>
       Opjordsmoen
      </lastname>
      <forename>
       Stein
      </forename>
      <initials>
       S
      </initials>
     </author>
    </authorlist>
    <language>
     eng
    </language>
    <publicationtypelist>
     <publicationtype>
      Journal Article
     </publicationtype>
     <publicationtype>
      Research Support, Non-U.S. Gov't
     </publicationtype>
     <publicationtype>
      Review
     </publicationtype>
    </publicationtypelist>
   </article>
   <medlinejournalinfo>
    <country>
     New Zealand
    </country>
    <medlineta>
     Drug Saf
    </medlineta>
    <nlmuniqueid>
     9002928
    </nlmuniqueid>
    <issnlinking>
     0114-5916
    </issnlinking>
   </medlinejournalinfo>
   <chemicallist>
    <chemical>
     <registrynumber>
      0
     </registrynumber>
     <nameofsubstance>
      Anti-Anxiety Agents
     </nameofsubstance>
    </chemical>
    <chemical>
     <registrynumber>
      0
     </registrynumber>
     <nameofsubstance>
      Anticonvulsants
     </nameofsubstance>
    </chemical>
    <chemical>
     <registrynumber>
      0
     </registrynumber>
     <nameofsubstance>
      Antidepressive Agents
     </nameofsubstance>
    </chemical>
    <chemical>
     <registrynumber>
      0
     </registrynumber>
     <nameofsubstance>
      Antipsychotic Agents
     </nameofsubstance>
    </chemical>
    <chemical>
     <registrynumber>
      0
     </registrynumber>
     <nameofsubstance>
      Psychotropic Drugs
     </nameofsubstance>
    </chemical>
   </chemicallist>
   <citationsubset>
    IM
   </citationsubset>
   <meshheadinglist>
    <meshheading>
     <descriptorname majortopicyn="N">
      Adult
     </descriptorname>
    </meshheading>
    <meshheading>
     <descriptorname majortopicyn="N">
      Animals
     </descriptorname>
    </meshheading>
    <meshheading>
     <descriptorname majortopicyn="N">
      Anti-Anxiety Agents
     </descriptorname>
     <qualifiername majortopicyn="N">
      adverse effects
     </qualifiername>
     <qualifiername majortopicyn="N">
      pharmacokinetics
     </qualifiername>
     <qualifiername majortopicyn="N">
      therapeutic use
     </qualifiername>
    </meshheading>
    <meshheading>
     <descriptorname majortopicyn="N">
      Anticonvulsants
     </descriptorname>
     <qualifiername majortopicyn="N">
      adverse effects
     </qualifiername>
     <qualifiername majortopicyn="N">
      pharmacokinetics
     </qualifiername>
     <qualifiername majortopicyn="N">
      therapeutic use
     </qualifiername>
    </meshheading>
    <meshheading>
     <descriptorname majortopicyn="N">
      Antidepressive Agents
     </descriptorname>
     <qualifiername majortopicyn="N">
      adverse effects
     </qualifiername>
     <qualifiername majortopicyn="N">
      pharmacokinetics
     </qualifiername>
     <qualifiername majortopicyn="N">
      therapeutic use
     </qualifiername>
    </meshheading>
    <meshheading>
     <descriptorname majortopicyn="N">
      Antipsychotic Agents
     </descriptorname>
     <qualifiername majortopicyn="N">
      adverse effects
     </qualifiername>
     <qualifiername majortopicyn="N">
      pharmacokinetics
     </qualifiername>
     <qualifiername majortopicyn="N">
      therapeutic use
     </qualifiername>
    </meshheading>
    <meshheading>
     <descriptorname majortopicyn="N">
      Depressive Disorder
     </descriptorname>
     <qualifiername majortopicyn="N">
      diagnosis
     </qualifiername>
     <qualifiername majortopicyn="N">
      drug therapy
     </qualifiername>
     <qualifiername majortopicyn="N">
      psychology
     </qualifiername>
    </meshheading>
    <meshheading>
     <descriptorname majortopicyn="N">
      Female
     </descriptorname>
    </meshheading>
    <meshheading>
     <descriptorname majortopicyn="N">
      Humans
     </descriptorname>
    </meshheading>
    <meshheading>
     <descriptorname majortopicyn="N">
      Mood Disorders
     </descriptorname>
     <qualifiername majortopicyn="Y">
      drug therapy
     </qualifiername>
     <qualifiername majortopicyn="Y">
      psychology
     </qualifiername>
    </meshheading>
    <meshheading>
     <descriptorname majortopicyn="N">
      Pregnancy
     </descriptorname>
    </meshheading>
    <meshheading>
     <descriptorname majortopicyn="N">
      Pregnancy Complications
     </descriptorname>
     <qualifiername majortopicyn="Y">
      drug therapy
     </qualifiername>
     <qualifiername majortopicyn="Y">
      psychology
     </qualifiername>
    </meshheading>
    <meshheading>
     <descriptorname majortopicyn="N">
      Psychotropic Drugs
     </descriptorname>
     <qualifiername majortopicyn="Y">
      adverse effects
     </qualifiername>
     <qualifiername majortopicyn="N">
      pharmacokinetics
     </qualifiername>
     <qualifiername majortopicyn="Y">
      therapeutic use
     </qualifiername>
    </meshheading>
   </meshheadinglist>
   <numberofreferences>
    118
   </numberofreferences>
  </medlinecitation>
  <pubmeddata>
   <history>
    <pubmedpubdate pubstatus="pubmed">
     <year>
      2005
     </year>
     <month>
      7
     </month>
     <day>
      29
     </day>
     <hour>
      9
     </hour>
     <minute>
      0
     </minute>
    </pubmedpubdate>
    <pubmedpubdate pubstatus="medline">
     <year>
      2005
     </year>
     <month>
      11
     </month>
     <day>
      1
     </day>
     <hour>
      9
     </hour>
     <minute>
      0
     </minute>
    </pubmedpubdate>
    <pubmedpubdate pubstatus="entrez">
     <year>
      2005
     </year>
     <month>
      7
     </month>
     <day>
      29
     </day>
     <hour>
      9
     </hour>
     <minute>
      0
     </minute>
    </pubmedpubdate>
   </history>
   <publicationstatus>
    ppublish
   </publicationstatus>
   <articleidlist>
    <articleid idtype="pii">
     2884
    </articleid>
    <articleid idtype="pubmed">
     16048355
    </articleid>
   </articleidlist>
  </pubmeddata>
 </pubmedarticle>
</pubmedarticleset>

