<?xml version='1.0' encoding='utf-8'?>
<!DOCTYPE PubmedArticleSet PUBLIC "-//NLM//DTD PubMedArticle, 1st January 2011//EN" "http://www.ncbi.nlm.nih.gov/entrez/query/DTD/pubmed_110101.dtd">
<pubmedarticleset>
 <pubmedarticle>
  <medlinecitation owner="NLM" status="MEDLINE">
   <pmid version="1">
    16099784
   </pmid>
   <datecreated>
    <year>
     2006
    </year>
    <month>
     04
    </month>
    <day>
     12
    </day>
   </datecreated>
   <datecompleted>
    <year>
     2006
    </year>
    <month>
     05
    </month>
    <day>
     16
    </day>
   </datecompleted>
   <daterevised>
    <year>
     2009
    </year>
    <month>
     11
    </month>
    <day>
     18
    </day>
   </daterevised>
   <article pubmodel="Print-Electronic">
    <journal>
     <issn issntype="Print">
      0017-5749
     </issn>
     <journalissue citedmedium="Print">
      <volume>
       55
      </volume>
      <issue>
       5
      </issue>
      <pubdate>
       <year>
        2006
       </year>
       <month>
        May
       </month>
      </pubdate>
     </journalissue>
     <title>
      Gut
     </title>
     <isoabbreviation>
      Gut
     </isoabbreviation>
    </journal>
    <articletitle>
     A randomised controlled trial of self-help interventions in patients with a primary care diagnosis of irritable bowel syndrome.
    </articletitle>
    <pagination>
     <medlinepgn>
      643-8
     </medlinepgn>
    </pagination>
    <abstract>
     <abstracttext label="INTRODUCTION" nlmcategory="BACKGROUND">
      Functional abdominal symptoms are very common and account for nearly two million primary care consultations in Britain every year and produce significant morbidity. The aims of this study were to evaluate the impact of two self-help interventions on consultation rates and symptom severity in patients with a primary care diagnosis of irritable bowel syndrome.
     </abstracttext>
     <abstracttext label="METHODS" nlmcategory="METHODS">
      A total of 420 patients from 54 primary care centres were randomised either to receive self-help information in the form of a guidebook or the guidebook plus a "self-help" group meeting or to be in a control group receiving neither intervention. Data were collected using questionnaires and primary care records.
     </abstracttext>
     <abstracttext label="RESULTS" nlmcategory="RESULTS">
      At one year, patients in the guidebook group had a 60% reduction in primary care consultations (p &lt; 0.001) and a reduction in perceived symptom severity (p &lt; 0.001) compared with controls. Allocation to the self-help group conferred no additional benefit. Actual symptom scores did not change significantly in any group. Costs per patient were reduced by Pounds 73 (confidence interval Pounds 43, Pounds 103) or 40% per year.
     </abstracttext>
     <abstracttext label="CONCLUSION" nlmcategory="CONCLUSIONS">
      Introduction of a self-help guidebook results in a reduction in primary care consultations, a perceived reduction in symptoms, and significant health service savings. This suggests that patients attending their primary care physician with functional abdominal symptoms should be offered self-help information as part of their management.
     </abstracttext>
    </abstract>
    <affiliation>
     Department of Gastrointestinal Sciences, Hope Hospital, Stott Lane, Salford, Manchester M6 8HD, UK. andrew.robinson@srht.nhs.uk
    </affiliation>
    <authorlist completeyn="Y">
     <author validyn="Y">
      <lastname>
       Robinson
      </lastname>
      <forename>
       A
      </forename>
      <initials>
       A
      </initials>
     </author>
     <author validyn="Y">
      <lastname>
       Lee
      </lastname>
      <forename>
       V
      </forename>
      <initials>
       V
      </initials>
     </author>
     <author validyn="Y">
      <lastname>
       Kennedy
      </lastname>
      <forename>
       A
      </forename>
      <initials>
       A
      </initials>
     </author>
     <author validyn="Y">
      <lastname>
       Middleton
      </lastname>
      <forename>
       L
      </forename>
      <initials>
       L
      </initials>
     </author>
     <author validyn="Y">
      <lastname>
       Rogers
      </lastname>
      <forename>
       A
      </forename>
      <initials>
       A
      </initials>
     </author>
     <author validyn="Y">
      <lastname>
       Thompson
      </lastname>
      <forename>
       D G
      </forename>
      <initials>
       DG
      </initials>
     </author>
     <author validyn="Y">
      <lastname>
       Reeves
      </lastname>
      <forename>
       D
      </forename>
      <initials>
       D
      </initials>
     </author>
    </authorlist>
    <language>
     eng
    </language>
    <publicationtypelist>
     <publicationtype>
      Comparative Study
     </publicationtype>
     <publicationtype>
      Journal Article
     </publicationtype>
     <publicationtype>
      Multicenter Study
     </publicationtype>
     <publicationtype>
      Randomized Controlled Trial
     </publicationtype>
     <publicationtype>
      Research Support, Non-U.S. Gov't
     </publicationtype>
    </publicationtypelist>
    <articledate datetype="Electronic">
     <year>
      2005
     </year>
     <month>
      08
     </month>
     <day>
      12
     </day>
    </articledate>
   </article>
   <medlinejournalinfo>
    <country>
     England
    </country>
    <medlineta>
     Gut
    </medlineta>
    <nlmuniqueid>
     2985108R
    </nlmuniqueid>
    <issnlinking>
     0017-5749
    </issnlinking>
   </medlinejournalinfo>
   <citationsubset>
    AIM
   </citationsubset>
   <citationsubset>
    IM
   </citationsubset>
   <commentscorrectionslist>
    <commentscorrections reftype="Cites">
     <refsource>
      Patient Educ Couns. 1998 Oct;35(2):149-56
     </refsource>
     <pmid version="1">
      10026557
     </pmid>
    </commentscorrections>
    <commentscorrections reftype="Cites">
     <refsource>
      Eur J Surg Suppl. 1998;(582):62-4
     </refsource>
     <pmid version="1">
      10029367
     </pmid>
    </commentscorrections>
    <commentscorrections reftype="Cites">
     <refsource>
      JAMA. 1998 Nov 11;280(18):1585-9
     </refsource>
     <pmid version="1">
      9820260
     </pmid>
    </commentscorrections>
    <commentscorrections reftype="Cites">
     <refsource>
      Med Care. 1999 Jan;37(1):5-14
     </refsource>
     <pmid version="1">
      10413387
     </pmid>
    </commentscorrections>
    <commentscorrections reftype="Cites">
     <refsource>
      Gut. 1999 Sep;45 Suppl 2:II43-7
     </refsource>
     <pmid version="1">
      10457044
     </pmid>
    </commentscorrections>
    <commentscorrections reftype="Cites">
     <refsource>
      Gut. 2000 Jan;46(1):78-82
     </refsource>
     <pmid version="1">
      10601059
     </pmid>
    </commentscorrections>
    <commentscorrections reftype="Cites">
     <refsource>
      Manag Care Q. 1999 Summer;7(3):56-66
     </refsource>
     <pmid version="1">
      10620960
     </pmid>
    </commentscorrections>
    <commentscorrections reftype="Cites">
     <refsource>
      J Clin Epidemiol. 2001 Apr;54(4):343-9
     </refsource>
     <pmid version="1">
      11297884
     </pmid>
    </commentscorrections>
    <commentscorrections reftype="Cites">
     <refsource>
      Lancet. 2001 Sep 22;358(9286):976-81
     </refsource>
     <pmid version="1">
      11583752
     </pmid>
    </commentscorrections>
    <commentscorrections reftype="Cites">
     <refsource>
      Am J Gastroenterol. 2002 Aug;97(8):1910-5
     </refsource>
     <pmid version="1">
      12190153
     </pmid>
    </commentscorrections>
    <commentscorrections reftype="Cites">
     <refsource>
      Aliment Pharmacol Ther. 2003 Mar 1;17(5):643-50
     </refsource>
     <pmid version="1">
      12641512
     </pmid>
    </commentscorrections>
    <commentscorrections reftype="Cites">
     <refsource>
      Patient Educ Couns. 2003 Jul;50(3):303-10
     </refsource>
     <pmid version="1">
      12900104
     </pmid>
    </commentscorrections>
    <commentscorrections reftype="Cites">
     <refsource>
      Scand J Gastroenterol. 2004 May;39(5):448-53
     </refsource>
     <pmid version="1">
      15180182
     </pmid>
    </commentscorrections>
    <commentscorrections reftype="Cites">
     <refsource>
      Gut. 2004 Nov;53(11):1639-45
     </refsource>
     <pmid version="1">
      15479685
     </pmid>
    </commentscorrections>
    <commentscorrections reftype="Cites">
     <refsource>
      Gut. 1992 Jun;33(6):825-30
     </refsource>
     <pmid version="1">
      1624167
     </pmid>
    </commentscorrections>
    <commentscorrections reftype="Cites">
     <refsource>
      BMJ. 1992 Jan 11;304(6819):87-90
     </refsource>
     <pmid version="1">
      1737146
     </pmid>
    </commentscorrections>
    <commentscorrections reftype="Cites">
     <refsource>
      Patient Educ Couns. 1990 Oct;16(2):147-50
     </refsource>
     <pmid version="1">
      2290769
     </pmid>
    </commentscorrections>
    <commentscorrections reftype="Cites">
     <refsource>
      Soc Sci Med. 1989;29(2):225-32
     </refsource>
     <pmid version="1">
      2749303
     </pmid>
    </commentscorrections>
    <commentscorrections reftype="Cites">
     <refsource>
      Clin Pharmacol Ther. 1974 May;15(5):443-53
     </refsource>
     <pmid version="1">
      4597226
     </pmid>
    </commentscorrections>
    <commentscorrections reftype="Cites">
     <refsource>
      Gastroenterology. 1995 Dec;109(6):1736-41
     </refsource>
     <pmid version="1">
      7498636
     </pmid>
    </commentscorrections>
    <commentscorrections reftype="Cites">
     <refsource>
      Gastroenterol Nurs. 1994 Sep-Oct;17(2):61-7
     </refsource>
     <pmid version="1">
      7981260
     </pmid>
    </commentscorrections>
    <commentscorrections reftype="Cites">
     <refsource>
      J Adv Nurs. 1993 Sep;18(9):1443-50
     </refsource>
     <pmid version="1">
      8258604
     </pmid>
    </commentscorrections>
    <commentscorrections reftype="Cites">
     <refsource>
      Patient Educ Couns. 1993 Jun;21(1-2):29-39
     </refsource>
     <pmid version="1">
      8337202
     </pmid>
    </commentscorrections>
    <commentscorrections reftype="Cites">
     <refsource>
      Aliment Pharmacol Ther. 1997 Apr;11(2):395-402
     </refsource>
     <pmid version="1">
      9146781
     </pmid>
    </commentscorrections>
    <commentscorrections reftype="Cites">
     <refsource>
      Dig Dis Sci. 1998 Feb;43(2):400-11
     </refsource>
     <pmid version="1">
      9512138
     </pmid>
    </commentscorrections>
    <commentscorrections reftype="Cites">
     <refsource>
      J Psychosom Res. 1998 May;44(5):537-45
     </refsource>
     <pmid version="1">
      9623874
     </pmid>
    </commentscorrections>
    <commentscorrections reftype="Cites">
     <refsource>
      BMJ. 1998 Aug 8;317(7155):362-3
     </refsource>
     <pmid version="1">
      9694748
     </pmid>
    </commentscorrections>
    <commentscorrections reftype="CommentIn">
     <refsource>
      Gut. 2006 May;55(5):603-4
     </refsource>
     <pmid version="1">
      16609132
     </pmid>
    </commentscorrections>
    <commentscorrections reftype="CommentIn">
     <refsource>
      Evid Based Med. 2006 Dec;11(6):179
     </refsource>
     <pmid version="1">
      17213173
     </pmid>
    </commentscorrections>
   </commentscorrectionslist>
   <meshheadinglist>
    <meshheading>
     <descriptorname majortopicyn="N">
      Adult
     </descriptorname>
    </meshheading>
    <meshheading>
     <descriptorname majortopicyn="N">
      Female
     </descriptorname>
    </meshheading>
    <meshheading>
     <descriptorname majortopicyn="N">
      Follow-Up Studies
     </descriptorname>
    </meshheading>
    <meshheading>
     <descriptorname majortopicyn="N">
      Health Status
     </descriptorname>
    </meshheading>
    <meshheading>
     <descriptorname majortopicyn="N">
      Humans
     </descriptorname>
    </meshheading>
    <meshheading>
     <descriptorname majortopicyn="N">
      Irritable Bowel Syndrome
     </descriptorname>
     <qualifiername majortopicyn="N">
      psychology
     </qualifiername>
     <qualifiername majortopicyn="Y">
      therapy
     </qualifiername>
    </meshheading>
    <meshheading>
     <descriptorname majortopicyn="N">
      Male
     </descriptorname>
    </meshheading>
    <meshheading>
     <descriptorname majortopicyn="N">
      Office Visits
     </descriptorname>
    </meshheading>
    <meshheading>
     <descriptorname majortopicyn="N">
      Outpatients
     </descriptorname>
    </meshheading>
    <meshheading>
     <descriptorname majortopicyn="N">
      Pamphlets
     </descriptorname>
    </meshheading>
    <meshheading>
     <descriptorname majortopicyn="Y">
      Patient Education as Topic
     </descriptorname>
    </meshheading>
    <meshheading>
     <descriptorname majortopicyn="N">
      Quality of Life
     </descriptorname>
    </meshheading>
    <meshheading>
     <descriptorname majortopicyn="N">
      Regression Analysis
     </descriptorname>
    </meshheading>
    <meshheading>
     <descriptorname majortopicyn="Y">
      Self Care
     </descriptorname>
    </meshheading>
    <meshheading>
     <descriptorname majortopicyn="N">
      Self-Help Groups
     </descriptorname>
    </meshheading>
    <meshheading>
     <descriptorname majortopicyn="N">
      Treatment Outcome
     </descriptorname>
    </meshheading>
   </meshheadinglist>
   <otherid source="NLM">
    PMC1856107
   </otherid>
  </medlinecitation>
  <pubmeddata>
   <history>
    <pubmedpubdate pubstatus="aheadofprint">
     <year>
      2005
     </year>
     <month>
      8
     </month>
     <day>
      12
     </day>
    </pubmedpubdate>
    <pubmedpubdate pubstatus="pubmed">
     <year>
      2005
     </year>
     <month>
      8
     </month>
     <day>
      16
     </day>
     <hour>
      9
     </hour>
     <minute>
      0
     </minute>
    </pubmedpubdate>
    <pubmedpubdate pubstatus="medline">
     <year>
      2006
     </year>
     <month>
      5
     </month>
     <day>
      17
     </day>
     <hour>
      9
     </hour>
     <minute>
      0
     </minute>
    </pubmedpubdate>
    <pubmedpubdate pubstatus="entrez">
     <year>
      2005
     </year>
     <month>
      8
     </month>
     <day>
      16
     </day>
     <hour>
      9
     </hour>
     <minute>
      0
     </minute>
    </pubmedpubdate>
   </history>
   <publicationstatus>
    ppublish
   </publicationstatus>
   <articleidlist>
    <articleid idtype="pii">
     gut.2004.062901
    </articleid>
    <articleid idtype="doi">
     10.1136/gut.2004.062901
    </articleid>
    <articleid idtype="pubmed">
     16099784
    </articleid>
    <articleid idtype="pmc">
     PMC1856107
    </articleid>
   </articleidlist>
  </pubmeddata>
 </pubmedarticle>
</pubmedarticleset>

