<?xml version='1.0' encoding='utf-8'?>
<!DOCTYPE PubmedArticleSet PUBLIC "-//NLM//DTD PubMedArticle, 1st January 2011//EN" "http://www.ncbi.nlm.nih.gov/entrez/query/DTD/pubmed_110101.dtd">
<pubmedarticleset>
 <pubmedarticle>
  <medlinecitation owner="NLM" status="MEDLINE">
   <pmid version="1">
    16129478
   </pmid>
   <datecreated>
    <year>
     2005
    </year>
    <month>
     10
    </month>
    <day>
     03
    </day>
   </datecreated>
   <datecompleted>
    <year>
     2006
    </year>
    <month>
     01
    </month>
    <day>
     06
    </day>
   </datecompleted>
   <daterevised>
    <year>
     2006
    </year>
    <month>
     11
    </month>
    <day>
     15
    </day>
   </daterevised>
   <article pubmodel="Print">
    <journal>
     <issn issntype="Print">
      0091-7435
     </issn>
     <journalissue citedmedium="Print">
      <volume>
       41
      </volume>
      <issue>
       3-4
      </issue>
      <pubdate>
       <medlinedate>
        2005 Sep-Oct
       </medlinedate>
      </pubdate>
     </journalissue>
     <title>
      Preventive medicine
     </title>
     <isoabbreviation>
      Prev Med
     </isoabbreviation>
    </journal>
    <articletitle>
     Screening families for intracranial aneurysms: anxiety, perceived risk, and informed choice.
    </articletitle>
    <pagination>
     <medlinepgn>
      795-9
     </medlinepgn>
    </pagination>
    <abstract>
     <abstracttext label="BACKGROUND" nlmcategory="BACKGROUND">
      Family screening programs for intracranial aneurysms have been considered but there are concerns about raised anxiety and depression, inadequate risk perception, and the principle of informed choice.
     </abstracttext>
     <abstracttext label="METHODS" nlmcategory="METHODS">
      Observational study in 980 first-degree relatives of 172 patients with subarachnoid hemorrhage. After being informed, consenting subjects completed the Hospital Anxiety and Depression Scale (HADS), answered standardized questions on perceived risk, and responded to a list of statements about the decision-making process.
     </abstracttext>
     <abstracttext label="MAIN RESULTS" nlmcategory="RESULTS">
      166 subjects (21%) declined the screening offer. 12% of the participants reported HADS anxiety scores in the moderate to severe range; 2% did so for feelings of depression. All relatives substantially underestimated the risk of harboring an aneurysm and of aneurysm rupture. 98% of the participants (96% of non-participants, P = 0.60) reported feeling free to make a choice, while 31% of the participants (42% of non-participants, P = 0.16) felt more or less compelled to participate in the screening program.
     </abstracttext>
     <abstracttext label="CONCLUSIONS" nlmcategory="CONCLUSIONS">
      The invitation to a family screening program for intracranial aneurysms does not lead to increased feelings of anxiety or depression. The unrealistic risk perception stresses the need of clear and detailed information. Attention should be given to factors that may interfere with the principle of informed choice.
     </abstracttext>
    </abstract>
    <affiliation>
     Department of Clinical Epidemiology and Biostatistics, Academic Medical Centre, University of Amsterdam, Room J201, PO Box 22700, 1100 DE Amsterdam, The Netherlands. p.m.bossuyt@amc.uva.nl
    </affiliation>
    <authorlist completeyn="Y">
     <author validyn="Y">
      <lastname>
       Bossuyt
      </lastname>
      <forename>
       Patrick M M
      </forename>
      <initials>
       PM
      </initials>
     </author>
     <author validyn="Y">
      <lastname>
       Raaymakers
      </lastname>
      <forename>
       Theodora W M
      </forename>
      <initials>
       TW
      </initials>
     </author>
     <author validyn="Y">
      <lastname>
       Bonsel
      </lastname>
      <forename>
       Gouke J
      </forename>
      <initials>
       GJ
      </initials>
     </author>
     <author validyn="Y">
      <lastname>
       Rinkel
      </lastname>
      <forename>
       Gabriël J E
      </forename>
      <initials>
       GJ
      </initials>
     </author>
    </authorlist>
    <language>
     eng
    </language>
    <publicationtypelist>
     <publicationtype>
      Journal Article
     </publicationtype>
     <publicationtype>
      Research Support, Non-U.S. Gov't
     </publicationtype>
    </publicationtypelist>
   </article>
   <medlinejournalinfo>
    <country>
     United States
    </country>
    <medlineta>
     Prev Med
    </medlineta>
    <nlmuniqueid>
     0322116
    </nlmuniqueid>
    <issnlinking>
     0091-7435
    </issnlinking>
   </medlinejournalinfo>
   <citationsubset>
    IM
   </citationsubset>
   <meshheadinglist>
    <meshheading>
     <descriptorname majortopicyn="N">
      Adult
     </descriptorname>
    </meshheading>
    <meshheading>
     <descriptorname majortopicyn="N">
      Aged
     </descriptorname>
    </meshheading>
    <meshheading>
     <descriptorname majortopicyn="N">
      Aged, 80 and over
     </descriptorname>
    </meshheading>
    <meshheading>
     <descriptorname majortopicyn="Y">
      Anxiety
     </descriptorname>
    </meshheading>
    <meshheading>
     <descriptorname majortopicyn="Y">
      Choice Behavior
     </descriptorname>
    </meshheading>
    <meshheading>
     <descriptorname majortopicyn="N">
      Female
     </descriptorname>
    </meshheading>
    <meshheading>
     <descriptorname majortopicyn="N">
      Humans
     </descriptorname>
    </meshheading>
    <meshheading>
     <descriptorname majortopicyn="N">
      Intracranial Aneurysm
     </descriptorname>
     <qualifiername majortopicyn="Y">
      diagnosis
     </qualifiername>
    </meshheading>
    <meshheading>
     <descriptorname majortopicyn="N">
      Male
     </descriptorname>
    </meshheading>
    <meshheading>
     <descriptorname majortopicyn="N">
      Mass Screening
     </descriptorname>
     <qualifiername majortopicyn="Y">
      psychology
     </qualifiername>
    </meshheading>
    <meshheading>
     <descriptorname majortopicyn="N">
      Middle Aged
     </descriptorname>
    </meshheading>
    <meshheading>
     <descriptorname majortopicyn="N" type="Geographic">
      Netherlands
     </descriptorname>
    </meshheading>
    <meshheading>
     <descriptorname majortopicyn="N">
      Questionnaires
     </descriptorname>
    </meshheading>
    <meshheading>
     <descriptorname majortopicyn="Y">
      Risk Assessment
     </descriptorname>
    </meshheading>
   </meshheadinglist>
  </medlinecitation>
  <pubmeddata>
   <history>
    <pubmedpubdate pubstatus="received">
     <year>
      2004
     </year>
     <month>
      9
     </month>
     <day>
      16
     </day>
    </pubmedpubdate>
    <pubmedpubdate pubstatus="revised">
     <year>
      2005
     </year>
     <month>
      7
     </month>
     <day>
      1
     </day>
    </pubmedpubdate>
    <pubmedpubdate pubstatus="accepted">
     <year>
      2005
     </year>
     <month>
      7
     </month>
     <day>
      14
     </day>
    </pubmedpubdate>
    <pubmedpubdate pubstatus="pubmed">
     <year>
      2005
     </year>
     <month>
      9
     </month>
     <day>
      1
     </day>
     <hour>
      9
     </hour>
     <minute>
      0
     </minute>
    </pubmedpubdate>
    <pubmedpubdate pubstatus="medline">
     <year>
      2006
     </year>
     <month>
      1
     </month>
     <day>
      7
     </day>
     <hour>
      9
     </hour>
     <minute>
      0
     </minute>
    </pubmedpubdate>
    <pubmedpubdate pubstatus="entrez">
     <year>
      2005
     </year>
     <month>
      9
     </month>
     <day>
      1
     </day>
     <hour>
      9
     </hour>
     <minute>
      0
     </minute>
    </pubmedpubdate>
   </history>
   <publicationstatus>
    ppublish
   </publicationstatus>
   <articleidlist>
    <articleid idtype="pii">
     S0091-7435(05)00103-9
    </articleid>
    <articleid idtype="doi">
     10.1016/j.ypmed.2005.07.002
    </articleid>
    <articleid idtype="pubmed">
     16129478
    </articleid>
   </articleidlist>
  </pubmeddata>
 </pubmedarticle>
</pubmedarticleset>

