<?xml version='1.0' encoding='utf-8'?>
<!DOCTYPE PubmedArticleSet PUBLIC "-//NLM//DTD PubMedArticle, 1st January 2011//EN" "http://www.ncbi.nlm.nih.gov/entrez/query/DTD/pubmed_110101.dtd">
<pubmedarticleset>
 <pubmedarticle>
  <medlinecitation owner="NLM" status="MEDLINE">
   <pmid version="1">
    16135610
   </pmid>
   <datecreated>
    <year>
     2005
    </year>
    <month>
     09
    </month>
    <day>
     01
    </day>
   </datecreated>
   <datecompleted>
    <year>
     2005
    </year>
    <month>
     11
    </month>
    <day>
     08
    </day>
   </datecompleted>
   <daterevised>
    <year>
     2009
    </year>
    <month>
     10
    </month>
    <day>
     26
    </day>
   </daterevised>
   <article pubmodel="Print">
    <journal>
     <issn issntype="Print">
      0029-7844
     </issn>
     <journalissue citedmedium="Print">
      <volume>
       106
      </volume>
      <issue>
       3
      </issue>
      <pubdate>
       <year>
        2005
       </year>
       <month>
        Sep
       </month>
      </pubdate>
     </journalissue>
     <title>
      Obstetrics and gynecology
     </title>
     <isoabbreviation>
      Obstet Gynecol
     </isoabbreviation>
    </journal>
    <articletitle>
     ACOG Practice Bulletin number 66, September 2005. Management of abnormal cervical cytology and histology.
    </articletitle>
    <pagination>
     <medlinepgn>
      645-64
     </medlinepgn>
    </pagination>
    <authorlist completeyn="Y">
     <author validyn="Y">
      <collectivename>
       American College of Obstetricians and Gynecologists
      </collectivename>
     </author>
    </authorlist>
    <language>
     eng
    </language>
    <publicationtypelist>
     <publicationtype>
      Guideline
     </publicationtype>
     <publicationtype>
      Practice Guideline
     </publicationtype>
    </publicationtypelist>
   </article>
   <medlinejournalinfo>
    <country>
     United States
    </country>
    <medlineta>
     Obstet Gynecol
    </medlineta>
    <nlmuniqueid>
     0401101
    </nlmuniqueid>
    <issnlinking>
     0029-7844
    </issnlinking>
   </medlinejournalinfo>
   <citationsubset>
    AIM
   </citationsubset>
   <citationsubset>
    IM
   </citationsubset>
   <meshheadinglist>
    <meshheading>
     <descriptorname majortopicyn="N">
      Biopsy
     </descriptorname>
    </meshheading>
    <meshheading>
     <descriptorname majortopicyn="N">
      Cervical Intraepithelial Neoplasia
     </descriptorname>
     <qualifiername majortopicyn="N">
      pathology
     </qualifiername>
     <qualifiername majortopicyn="N">
      therapy
     </qualifiername>
     <qualifiername majortopicyn="N">
      virology
     </qualifiername>
    </meshheading>
    <meshheading>
     <descriptorname majortopicyn="Y">
      Colposcopy
     </descriptorname>
    </meshheading>
    <meshheading>
     <descriptorname majortopicyn="N">
      Dilatation and Curettage
     </descriptorname>
    </meshheading>
    <meshheading>
     <descriptorname majortopicyn="N">
      Epithelium
     </descriptorname>
     <qualifiername majortopicyn="N">
      pathology
     </qualifiername>
    </meshheading>
    <meshheading>
     <descriptorname majortopicyn="N">
      Female
     </descriptorname>
    </meshheading>
    <meshheading>
     <descriptorname majortopicyn="N">
      Humans
     </descriptorname>
    </meshheading>
    <meshheading>
     <descriptorname majortopicyn="N">
      Papillomaviridae
     </descriptorname>
    </meshheading>
    <meshheading>
     <descriptorname majortopicyn="N">
      Papillomavirus Infections
     </descriptorname>
    </meshheading>
    <meshheading>
     <descriptorname majortopicyn="N">
      Reproducibility of Results
     </descriptorname>
    </meshheading>
    <meshheading>
     <descriptorname majortopicyn="N">
      Terminology as Topic
     </descriptorname>
    </meshheading>
    <meshheading>
     <descriptorname majortopicyn="N">
      Uterine Cervical Dysplasia
     </descriptorname>
     <qualifiername majortopicyn="N">
      classification
     </qualifiername>
     <qualifiername majortopicyn="Y">
      pathology
     </qualifiername>
     <qualifiername majortopicyn="Y">
      therapy
     </qualifiername>
     <qualifiername majortopicyn="N">
      virology
     </qualifiername>
    </meshheading>
    <meshheading>
     <descriptorname majortopicyn="N">
      Uterine Cervical Neoplasms
     </descriptorname>
     <qualifiername majortopicyn="N">
      pathology
     </qualifiername>
     <qualifiername majortopicyn="N">
      therapy
     </qualifiername>
     <qualifiername majortopicyn="N">
      virology
     </qualifiername>
    </meshheading>
   </meshheadinglist>
  </medlinecitation>
  <pubmeddata>
   <history>
    <pubmedpubdate pubstatus="pubmed">
     <year>
      2005
     </year>
     <month>
      9
     </month>
     <day>
      2
     </day>
     <hour>
      9
     </hour>
     <minute>
      0
     </minute>
    </pubmedpubdate>
    <pubmedpubdate pubstatus="medline">
     <year>
      2005
     </year>
     <month>
      11
     </month>
     <day>
      9
     </day>
     <hour>
      9
     </hour>
     <minute>
      0
     </minute>
    </pubmedpubdate>
    <pubmedpubdate pubstatus="entrez">
     <year>
      2005
     </year>
     <month>
      9
     </month>
     <day>
      2
     </day>
     <hour>
      9
     </hour>
     <minute>
      0
     </minute>
    </pubmedpubdate>
   </history>
   <publicationstatus>
    ppublish
   </publicationstatus>
   <articleidlist>
    <articleid idtype="pii">
     106/3/645
    </articleid>
    <articleid idtype="pubmed">
     16135610
    </articleid>
   </articleidlist>
  </pubmeddata>
 </pubmedarticle>
</pubmedarticleset>

