<?xml version='1.0' encoding='utf-8'?>
<!DOCTYPE PubmedArticleSet PUBLIC "-//NLM//DTD PubMedArticle, 1st January 2011//EN" "http://www.ncbi.nlm.nih.gov/entrez/query/DTD/pubmed_110101.dtd">
<pubmedarticleset>
 <pubmedarticle>
  <medlinecitation owner="NLM" status="MEDLINE">
   <pmid version="1">
    16266605
   </pmid>
   <datecreated>
    <year>
     2005
    </year>
    <month>
     11
    </month>
    <day>
     03
    </day>
   </datecreated>
   <datecompleted>
    <year>
     2005
    </year>
    <month>
     12
    </month>
    <day>
     13
    </day>
   </datecompleted>
   <article pubmodel="Print">
    <journal>
     <issn issntype="Print">
      0094-3509
     </issn>
     <journalissue citedmedium="Print">
      <volume>
       54
      </volume>
      <issue>
       11
      </issue>
      <pubdate>
       <year>
        2005
       </year>
       <month>
        Nov
       </month>
      </pubdate>
     </journalissue>
     <title>
      The Journal of family practice
     </title>
     <isoabbreviation>
      J Fam Pract
     </isoabbreviation>
    </journal>
    <articletitle>
     Which late-stage Alzheimer's patients should be referred for hospice care?
    </articletitle>
    <pagination>
     <medlinepgn>
      984-6
     </medlinepgn>
    </pagination>
    <affiliation>
     Department of Family Medicine, Brody School of Medicine at East Carolina University, Greenville, NC, USA.
    </affiliation>
    <authorlist completeyn="Y">
     <author validyn="Y">
      <lastname>
       Modi
      </lastname>
      <forename>
       Seema
      </forename>
      <initials>
       S
      </initials>
     </author>
     <author validyn="Y">
      <lastname>
       Moore
      </lastname>
      <forename>
       Cassandra
      </forename>
      <initials>
       C
      </initials>
     </author>
     <author validyn="Y">
      <lastname>
       Shah
      </lastname>
      <forename>
       Krupa
      </forename>
      <initials>
       K
      </initials>
     </author>
     <author validyn="Y">
      <collectivename>
       National Hospice Organization
      </collectivename>
     </author>
    </authorlist>
    <language>
     eng
    </language>
    <publicationtypelist>
     <publicationtype>
      Journal Article
     </publicationtype>
     <publicationtype>
      Practice Guideline
     </publicationtype>
    </publicationtypelist>
   </article>
   <medlinejournalinfo>
    <country>
     United States
    </country>
    <medlineta>
     J Fam Pract
    </medlineta>
    <nlmuniqueid>
     7502590
    </nlmuniqueid>
    <issnlinking>
     0094-3509
    </issnlinking>
   </medlinejournalinfo>
   <citationsubset>
    AIM
   </citationsubset>
   <citationsubset>
    IM
   </citationsubset>
   <meshheadinglist>
    <meshheading>
     <descriptorname majortopicyn="N">
      Alzheimer Disease
     </descriptorname>
     <qualifiername majortopicyn="Y">
      therapy
     </qualifiername>
    </meshheading>
    <meshheading>
     <descriptorname majortopicyn="Y">
      Hospice Care
     </descriptorname>
     <qualifiername majortopicyn="N">
      standards
     </qualifiername>
    </meshheading>
    <meshheading>
     <descriptorname majortopicyn="N">
      Humans
     </descriptorname>
    </meshheading>
    <meshheading>
     <descriptorname majortopicyn="Y">
      Referral and Consultation
     </descriptorname>
     <qualifiername majortopicyn="N">
      standards
     </qualifiername>
    </meshheading>
    <meshheading>
     <descriptorname majortopicyn="N">
      Time Factors
     </descriptorname>
    </meshheading>
    <meshheading>
     <descriptorname majortopicyn="N" type="Geographic">
      United States
     </descriptorname>
    </meshheading>
   </meshheadinglist>
  </medlinecitation>
  <pubmeddata>
   <history>
    <pubmedpubdate pubstatus="pubmed">
     <year>
      2005
     </year>
     <month>
      11
     </month>
     <day>
      4
     </day>
     <hour>
      9
     </hour>
     <minute>
      0
     </minute>
    </pubmedpubdate>
    <pubmedpubdate pubstatus="medline">
     <year>
      2005
     </year>
     <month>
      12
     </month>
     <day>
      15
     </day>
     <hour>
      9
     </hour>
     <minute>
      0
     </minute>
    </pubmedpubdate>
    <pubmedpubdate pubstatus="entrez">
     <year>
      2005
     </year>
     <month>
      11
     </month>
     <day>
      4
     </day>
     <hour>
      9
     </hour>
     <minute>
      0
     </minute>
    </pubmedpubdate>
   </history>
   <publicationstatus>
    ppublish
   </publicationstatus>
   <articleidlist>
    <articleid idtype="pii">
     jfp_1105_5411h
    </articleid>
    <articleid idtype="pubmed">
     16266605
    </articleid>
   </articleidlist>
  </pubmeddata>
 </pubmedarticle>
</pubmedarticleset>

