<?xml version='1.0' encoding='utf-8'?>
<!DOCTYPE PubmedArticleSet PUBLIC "-//NLM//DTD PubMedArticle, 1st January 2011//EN" "http://www.ncbi.nlm.nih.gov/entrez/query/DTD/pubmed_110101.dtd">
<pubmedarticleset>
 <pubmedarticle>
  <medlinecitation owner="NLM" status="MEDLINE">
   <pmid version="1">
    1626996
   </pmid>
   <datecreated>
    <year>
     1992
    </year>
    <month>
     08
    </month>
    <day>
     10
    </day>
   </datecreated>
   <datecompleted>
    <year>
     1992
    </year>
    <month>
     08
    </month>
    <day>
     10
    </day>
   </datecompleted>
   <daterevised>
    <year>
     2009
    </year>
    <month>
     11
    </month>
    <day>
     18
    </day>
   </daterevised>
   <article pubmodel="Print">
    <journal>
     <issn issntype="Electronic">
      1468-2044
     </issn>
     <journalissue citedmedium="Internet">
      <volume>
       67
      </volume>
      <issue>
       6
      </issue>
      <pubdate>
       <year>
        1992
       </year>
       <month>
        Jun
       </month>
      </pubdate>
     </journalissue>
     <title>
      Archives of disease in childhood
     </title>
     <isoabbreviation>
      Arch. Dis. Child.
     </isoabbreviation>
    </journal>
    <articletitle>
     The value of proximal small intestinal biopsy in the differential diagnosis of chronic diarrhoea.
    </articletitle>
    <pagination>
     <medlinepgn>
      741-3; discussion 743-4
     </medlinepgn>
    </pagination>
    <abstract>
     <abstracttext>
      The value of proximal intestinal mucosal biopsy was reviewed in 381 children presenting with chronic diarrhoea over an eight year period. An enteropathy was detected in 44% of cases and was more frequently seen in those aged less than 6 months. A diagnosis was established in 91% of cases. The most common diagnosis was the postenteritis syndrome where the presence of an enteropathy indicated those requiring treatment with a cows' milk free diet. Other conditions where a biopsy facilitated diagnosis or treatment included giardiasis, enteropathogenic Escheriichia coli, crytosporidiosis, autoimmune enteropathy, and microvillous atrophy. Coeliac disease was considered in 55% of children and established in 8%, clearly identifying those requiring a gluten free diet. This also emphasises the important role of the biopsy procedure in the exclusion of specific diseases. Proximal small intestinal mucosal biopsy is an essential investigation in children with chronic diarrhoea in whom an enteropathy is suspected.
     </abstracttext>
    </abstract>
    <affiliation>
     Academic Department of Paediatric Gastroenterology, Queen Elizabeth Hospital for Children, London.
    </affiliation>
    <authorlist completeyn="Y">
     <author validyn="Y">
      <lastname>
       Thomas
      </lastname>
      <forename>
       A G
      </forename>
      <initials>
       AG
      </initials>
     </author>
     <author validyn="Y">
      <lastname>
       Phillips
      </lastname>
      <forename>
       A D
      </forename>
      <initials>
       AD
      </initials>
     </author>
     <author validyn="Y">
      <lastname>
       Walker-Smith
      </lastname>
      <forename>
       J A
      </forename>
      <initials>
       JA
      </initials>
     </author>
    </authorlist>
    <language>
     eng
    </language>
    <publicationtypelist>
     <publicationtype>
      Journal Article
     </publicationtype>
    </publicationtypelist>
   </article>
   <medlinejournalinfo>
    <country>
     ENGLAND
    </country>
    <medlineta>
     Arch Dis Child
    </medlineta>
    <nlmuniqueid>
     0372434
    </nlmuniqueid>
    <issnlinking>
     0003-9888
    </issnlinking>
   </medlinejournalinfo>
   <citationsubset>
    AIM
   </citationsubset>
   <citationsubset>
    IM
   </citationsubset>
   <commentscorrectionslist>
    <commentscorrections reftype="Cites">
     <refsource>
      Gut. 1977 May;18(5):343-50
     </refsource>
     <pmid version="1">
      873319
     </pmid>
    </commentscorrections>
    <commentscorrections reftype="Cites">
     <refsource>
      Histopathology. 1979 Mar;3(2):117-30
     </refsource>
     <pmid version="1">
      457039
     </pmid>
    </commentscorrections>
    <commentscorrections reftype="Cites">
     <refsource>
      Gut. 1976 Feb;17(2):158-59
     </refsource>
     <pmid version="1">
      1261888
     </pmid>
    </commentscorrections>
    <commentscorrections reftype="Cites">
     <refsource>
      J Pediatr. 1966 Dec;69(6):1027-38
     </refsource>
     <pmid version="1">
      5006812
     </pmid>
    </commentscorrections>
    <commentscorrections reftype="Cites">
     <refsource>
      Clin Exp Immunol. 1991 Jul;85(1):109-13
     </refsource>
     <pmid version="1">
      1829988
     </pmid>
    </commentscorrections>
    <commentscorrections reftype="Cites">
     <refsource>
      Gut. 1991 Nov;32(11):1421-5
     </refsource>
     <pmid version="1">
      1752480
     </pmid>
    </commentscorrections>
    <commentscorrections reftype="Cites">
     <refsource>
      Gut. 1991 Feb;32(2):154-8
     </refsource>
     <pmid version="1">
      1864533
     </pmid>
    </commentscorrections>
    <commentscorrections reftype="Cites">
     <refsource>
      Lancet. 1988 Jan 16;1(8577):111-2
     </refsource>
     <pmid version="1">
      2891946
     </pmid>
    </commentscorrections>
    <commentscorrections reftype="Cites">
     <refsource>
      Lancet. 1985 Nov 30;2(8466):1239-40
     </refsource>
     <pmid version="1">
      2866310
     </pmid>
    </commentscorrections>
    <commentscorrections reftype="Cites">
     <refsource>
      J Pediatr Gastroenterol Nutr. 1985 Jun;4(3):375-80
     </refsource>
     <pmid version="1">
      4020570
     </pmid>
    </commentscorrections>
    <commentscorrections reftype="Cites">
     <refsource>
      Arch Dis Child. 1985 Feb;60(2):135-40
     </refsource>
     <pmid version="1">
      3977385
     </pmid>
    </commentscorrections>
    <commentscorrections reftype="Cites">
     <refsource>
      BMJ. 1990 May 12;300(6734):1272-3
     </refsource>
     <pmid version="1">
      2354302
     </pmid>
    </commentscorrections>
    <commentscorrections reftype="Cites">
     <refsource>
      J Pediatr Gastroenterol Nutr. 1984 Jun;3(3):349-56
     </refsource>
     <pmid version="1">
      6737178
     </pmid>
    </commentscorrections>
    <commentscorrections reftype="Cites">
     <refsource>
      Gut. 1980 Jan;21(1):44-8
     </refsource>
     <pmid version="1">
      7364319
     </pmid>
    </commentscorrections>
    <commentscorrections reftype="Cites">
     <refsource>
      Lancet. 1979 Oct 20;2(8147):809-12
     </refsource>
     <pmid version="1">
      90915
     </pmid>
    </commentscorrections>
    <commentscorrections reftype="CommentIn">
     <refsource>
      Arch Dis Child. 1993 Jan;68(1):150-1
     </refsource>
     <pmid version="1">
      8435006
     </pmid>
    </commentscorrections>
   </commentscorrectionslist>
   <meshheadinglist>
    <meshheading>
     <descriptorname majortopicyn="N">
      Adolescent
     </descriptorname>
    </meshheading>
    <meshheading>
     <descriptorname majortopicyn="N">
      Biopsy
     </descriptorname>
    </meshheading>
    <meshheading>
     <descriptorname majortopicyn="N">
      Celiac Disease
     </descriptorname>
     <qualifiername majortopicyn="N">
      pathology
     </qualifiername>
    </meshheading>
    <meshheading>
     <descriptorname majortopicyn="N">
      Child
     </descriptorname>
    </meshheading>
    <meshheading>
     <descriptorname majortopicyn="N">
      Child, Preschool
     </descriptorname>
    </meshheading>
    <meshheading>
     <descriptorname majortopicyn="N">
      Chronic Disease
     </descriptorname>
    </meshheading>
    <meshheading>
     <descriptorname majortopicyn="N">
      Diagnosis, Differential
     </descriptorname>
    </meshheading>
    <meshheading>
     <descriptorname majortopicyn="N">
      Diarrhea
     </descriptorname>
     <qualifiername majortopicyn="N">
      etiology
     </qualifiername>
     <qualifiername majortopicyn="Y">
      pathology
     </qualifiername>
    </meshheading>
    <meshheading>
     <descriptorname majortopicyn="N">
      Enteritis
     </descriptorname>
     <qualifiername majortopicyn="N">
      pathology
     </qualifiername>
    </meshheading>
    <meshheading>
     <descriptorname majortopicyn="N">
      Escherichia coli Infections
     </descriptorname>
     <qualifiername majortopicyn="N">
      pathology
     </qualifiername>
    </meshheading>
    <meshheading>
     <descriptorname majortopicyn="N">
      Female
     </descriptorname>
    </meshheading>
    <meshheading>
     <descriptorname majortopicyn="N">
      Humans
     </descriptorname>
    </meshheading>
    <meshheading>
     <descriptorname majortopicyn="N">
      Intestine, Small
     </descriptorname>
     <qualifiername majortopicyn="Y">
      pathology
     </qualifiername>
    </meshheading>
    <meshheading>
     <descriptorname majortopicyn="N">
      Male
     </descriptorname>
    </meshheading>
    <meshheading>
     <descriptorname majortopicyn="N">
      Retrospective Studies
     </descriptorname>
    </meshheading>
   </meshheadinglist>
   <otherid source="NLM">
    PMC1793811
   </otherid>
  </medlinecitation>
  <pubmeddata>
   <history>
    <pubmedpubdate pubstatus="pubmed">
     <year>
      1992
     </year>
     <month>
      6
     </month>
     <day>
      1
     </day>
    </pubmedpubdate>
    <pubmedpubdate pubstatus="medline">
     <year>
      1992
     </year>
     <month>
      6
     </month>
     <day>
      1
     </day>
     <hour>
      0
     </hour>
     <minute>
      1
     </minute>
    </pubmedpubdate>
    <pubmedpubdate pubstatus="entrez">
     <year>
      1992
     </year>
     <month>
      6
     </month>
     <day>
      1
     </day>
     <hour>
      0
     </hour>
     <minute>
      0
     </minute>
    </pubmedpubdate>
   </history>
   <publicationstatus>
    ppublish
   </publicationstatus>
   <articleidlist>
    <articleid idtype="pubmed">
     1626996
    </articleid>
    <articleid idtype="pmc">
     PMC1793811
    </articleid>
   </articleidlist>
  </pubmeddata>
 </pubmedarticle>
</pubmedarticleset>

