<?xml version='1.0' encoding='utf-8'?>
<!DOCTYPE PubmedArticleSet PUBLIC "-//NLM//DTD PubMedArticle, 1st January 2011//EN" "http://www.ncbi.nlm.nih.gov/entrez/query/DTD/pubmed_110101.dtd">
<pubmedarticleset>
 <pubmedarticle>
  <medlinecitation owner="NLM" status="MEDLINE">
   <pmid version="1">
    16280426
   </pmid>
   <datecreated>
    <year>
     2005
    </year>
    <month>
     11
    </month>
    <day>
     10
    </day>
   </datecreated>
   <datecompleted>
    <year>
     2005
    </year>
    <month>
     12
    </month>
    <day>
     08
    </day>
   </datecompleted>
   <daterevised>
    <year>
     2006
    </year>
    <month>
     11
    </month>
    <day>
     15
    </day>
   </daterevised>
   <article pubmodel="Print">
    <journal>
     <issn issntype="Print">
      0002-9165
     </issn>
     <journalissue citedmedium="Print">
      <volume>
       82
      </volume>
      <issue>
       5
      </issue>
      <pubdate>
       <year>
        2005
       </year>
       <month>
        Nov
       </month>
      </pubdate>
     </journalissue>
     <title>
      The American journal of clinical nutrition
     </title>
     <isoabbreviation>
      Am. J. Clin. Nutr.
     </isoabbreviation>
    </journal>
    <articletitle>
     The Medi-RIVAGE study: reduction of cardiovascular disease risk factors after a 3-mo intervention with a Mediterranean-type diet or a low-fat diet.
    </articletitle>
    <pagination>
     <medlinepgn>
      964-71
     </medlinepgn>
    </pagination>
    <abstract>
     <abstracttext label="BACKGROUND" nlmcategory="BACKGROUND">
      Epidemiologic studies link Mediterranean-type diets to a low incidence of cardiovascular disease; however, few dietary intervention studies have been undertaken, especially in primary prevention.
     </abstracttext>
     <abstracttext label="OBJECTIVES" nlmcategory="OBJECTIVE">
      In the Mediterranean Diet, Cardiovascular Risks and Gene Polymorphisms (Medi-RIVAGE) study, the effects of a Mediterranean-type diet (Med group) or a low-fat diet (low-fat group) on risk factors were evaluated in 212 volunteers (men and women) with moderate risk factors for cardiovascular disease.
     </abstracttext>
     <abstracttext label="DESIGN" nlmcategory="METHODS">
      After the 3-mo dietary intervention, changes in many risk factors were evaluated. Dietary questionnaires and plasma nutritional markers were used to test compliance.
     </abstracttext>
     <abstracttext label="RESULTS" nlmcategory="RESULTS">
      Although the dietary goals were only partially reached, changes in dietary habits were observed in both groups (n = 169): protein, carbohydrate, and fiber intakes increased and fat quality (decreased saturated fat and increased monounsaturated or polyunsaturated fat) improved. BMI, total and triacylglycerol-rich lipoprotein (TRL) cholesterol, triacylglycerols, TRL triacylglycerols, apolipoproteins A-I and B, insulinemia, glycemia, and the homeostasis model assessment score were significantly lower after 3 mo. The reductions in total cholesterol, triacylglycerols, and insulinemia remained significant after adjustment for BMI. There was a trend for a diet-by-time interaction for LDL cholesterol (P = 0.09). Our data predicted a 9% reduction in cardiovascular disease risk with the low-fat diet and a 15% reduction with this particular Mediterranean diet.
     </abstracttext>
     <abstracttext label="CONCLUSION" nlmcategory="CONCLUSIONS">
      After a 3-mo intervention, both diets significantly reduced cardiovascular disease risk factors to an overall comparable extent.
     </abstracttext>
    </abstract>
    <affiliation>
     Human Nutrition and Lipids Joint Research Unit 476-INSERM, National Institute of Health and Medical Research/1260-National Institute of Agronomic Research, Faculty of Medicine Timone, Université de la Méditerranée, Marseille, France.
    </affiliation>
    <authorlist completeyn="Y">
     <author validyn="Y">
      <lastname>
       Vincent-Baudry
      </lastname>
      <forename>
       Stephanie
      </forename>
      <initials>
       S
      </initials>
     </author>
     <author validyn="Y">
      <lastname>
       Defoort
      </lastname>
      <forename>
       Catherine
      </forename>
      <initials>
       C
      </initials>
     </author>
     <author validyn="Y">
      <lastname>
       Gerber
      </lastname>
      <forename>
       Mariette
      </forename>
      <initials>
       M
      </initials>
     </author>
     <author validyn="Y">
      <lastname>
       Bernard
      </lastname>
      <forename>
       Marie-Christine
      </forename>
      <initials>
       MC
      </initials>
     </author>
     <author validyn="Y">
      <lastname>
       Verger
      </lastname>
      <forename>
       Pierre
      </forename>
      <initials>
       P
      </initials>
     </author>
     <author validyn="Y">
      <lastname>
       Helal
      </lastname>
      <forename>
       Olfa
      </forename>
      <initials>
       O
      </initials>
     </author>
     <author validyn="Y">
      <lastname>
       Portugal
      </lastname>
      <forename>
       Henri
      </forename>
      <initials>
       H
      </initials>
     </author>
     <author validyn="Y">
      <lastname>
       Planells
      </lastname>
      <forename>
       Richard
      </forename>
      <initials>
       R
      </initials>
     </author>
     <author validyn="Y">
      <lastname>
       Grolier
      </lastname>
      <forename>
       Pascal
      </forename>
      <initials>
       P
      </initials>
     </author>
     <author validyn="Y">
      <lastname>
       Amiot-Carlin
      </lastname>
      <forename>
       Marie-Josephe
      </forename>
      <initials>
       MJ
      </initials>
     </author>
     <author validyn="Y">
      <lastname>
       Vague
      </lastname>
      <forename>
       Philippe
      </forename>
      <initials>
       P
      </initials>
     </author>
     <author validyn="Y">
      <lastname>
       Lairon
      </lastname>
      <forename>
       Denis
      </forename>
      <initials>
       D
      </initials>
     </author>
    </authorlist>
    <language>
     eng
    </language>
    <publicationtypelist>
     <publicationtype>
      Comparative Study
     </publicationtype>
     <publicationtype>
      Journal Article
     </publicationtype>
     <publicationtype>
      Research Support, Non-U.S. Gov't
     </publicationtype>
    </publicationtypelist>
   </article>
   <medlinejournalinfo>
    <country>
     United States
    </country>
    <medlineta>
     Am J Clin Nutr
    </medlineta>
    <nlmuniqueid>
     0376027
    </nlmuniqueid>
    <issnlinking>
     0002-9165
    </issnlinking>
   </medlinejournalinfo>
   <chemicallist>
    <chemical>
     <registrynumber>
      0
     </registrynumber>
     <nameofsubstance>
      Biological Markers
     </nameofsubstance>
    </chemical>
    <chemical>
     <registrynumber>
      0
     </registrynumber>
     <nameofsubstance>
      Cholesterol, HDL
     </nameofsubstance>
    </chemical>
    <chemical>
     <registrynumber>
      0
     </registrynumber>
     <nameofsubstance>
      Cholesterol, LDL
     </nameofsubstance>
    </chemical>
    <chemical>
     <registrynumber>
      0
     </registrynumber>
     <nameofsubstance>
      Triglycerides
     </nameofsubstance>
    </chemical>
    <chemical>
     <registrynumber>
      11061-68-0
     </registrynumber>
     <nameofsubstance>
      Insulin
     </nameofsubstance>
    </chemical>
    <chemical>
     <registrynumber>
      57-88-5
     </registrynumber>
     <nameofsubstance>
      Cholesterol
     </nameofsubstance>
    </chemical>
   </chemicallist>
   <citationsubset>
    AIM
   </citationsubset>
   <citationsubset>
    IM
   </citationsubset>
   <commentscorrectionslist>
    <commentscorrections reftype="CommentIn">
     <refsource>
      Am J Clin Nutr. 2006 Apr;83(4):921; author reply 921-2
     </refsource>
     <pmid version="1">
      16600949
     </pmid>
    </commentscorrections>
   </commentscorrectionslist>
   <meshheadinglist>
    <meshheading>
     <descriptorname majortopicyn="N">
      Adolescent
     </descriptorname>
    </meshheading>
    <meshheading>
     <descriptorname majortopicyn="N">
      Adult
     </descriptorname>
    </meshheading>
    <meshheading>
     <descriptorname majortopicyn="N">
      Aged
     </descriptorname>
    </meshheading>
    <meshheading>
     <descriptorname majortopicyn="N">
      Analysis of Variance
     </descriptorname>
    </meshheading>
    <meshheading>
     <descriptorname majortopicyn="N">
      Biological Markers
     </descriptorname>
     <qualifiername majortopicyn="N">
      blood
     </qualifiername>
    </meshheading>
    <meshheading>
     <descriptorname majortopicyn="N">
      Body Mass Index
     </descriptorname>
    </meshheading>
    <meshheading>
     <descriptorname majortopicyn="N">
      Cardiovascular Diseases
     </descriptorname>
     <qualifiername majortopicyn="N">
      blood
     </qualifiername>
     <qualifiername majortopicyn="N">
      epidemiology
     </qualifiername>
     <qualifiername majortopicyn="Y">
      prevention &amp; control
     </qualifiername>
    </meshheading>
    <meshheading>
     <descriptorname majortopicyn="N">
      Cholesterol
     </descriptorname>
     <qualifiername majortopicyn="Y">
      blood
     </qualifiername>
    </meshheading>
    <meshheading>
     <descriptorname majortopicyn="N">
      Cholesterol, HDL
     </descriptorname>
     <qualifiername majortopicyn="N">
      blood
     </qualifiername>
    </meshheading>
    <meshheading>
     <descriptorname majortopicyn="N">
      Cholesterol, LDL
     </descriptorname>
     <qualifiername majortopicyn="N">
      blood
     </qualifiername>
    </meshheading>
    <meshheading>
     <descriptorname majortopicyn="Y">
      Diet, Fat-Restricted
     </descriptorname>
    </meshheading>
    <meshheading>
     <descriptorname majortopicyn="Y">
      Diet, Mediterranean
     </descriptorname>
    </meshheading>
    <meshheading>
     <descriptorname majortopicyn="N">
      Female
     </descriptorname>
    </meshheading>
    <meshheading>
     <descriptorname majortopicyn="N">
      Humans
     </descriptorname>
    </meshheading>
    <meshheading>
     <descriptorname majortopicyn="N">
      Insulin
     </descriptorname>
     <qualifiername majortopicyn="Y">
      blood
     </qualifiername>
    </meshheading>
    <meshheading>
     <descriptorname majortopicyn="N">
      Lipid Metabolism
     </descriptorname>
     <qualifiername majortopicyn="N">
      genetics
     </qualifiername>
     <qualifiername majortopicyn="N">
      physiology
     </qualifiername>
    </meshheading>
    <meshheading>
     <descriptorname majortopicyn="N">
      Male
     </descriptorname>
    </meshheading>
    <meshheading>
     <descriptorname majortopicyn="N">
      Middle Aged
     </descriptorname>
    </meshheading>
    <meshheading>
     <descriptorname majortopicyn="N">
      Patient Compliance
     </descriptorname>
    </meshheading>
    <meshheading>
     <descriptorname majortopicyn="N">
      Polymorphism, Genetic
     </descriptorname>
    </meshheading>
    <meshheading>
     <descriptorname majortopicyn="N">
      Primary Prevention
     </descriptorname>
     <qualifiername majortopicyn="N">
      methods
     </qualifiername>
    </meshheading>
    <meshheading>
     <descriptorname majortopicyn="N">
      Questionnaires
     </descriptorname>
    </meshheading>
    <meshheading>
     <descriptorname majortopicyn="N">
      Risk Factors
     </descriptorname>
    </meshheading>
    <meshheading>
     <descriptorname majortopicyn="N">
      Triglycerides
     </descriptorname>
     <qualifiername majortopicyn="Y">
      blood
     </qualifiername>
    </meshheading>
   </meshheadinglist>
  </medlinecitation>
  <pubmeddata>
   <history>
    <pubmedpubdate pubstatus="pubmed">
     <year>
      2005
     </year>
     <month>
      11
     </month>
     <day>
      11
     </day>
     <hour>
      9
     </hour>
     <minute>
      0
     </minute>
    </pubmedpubdate>
    <pubmedpubdate pubstatus="medline">
     <year>
      2005
     </year>
     <month>
      12
     </month>
     <day>
      13
     </day>
     <hour>
      9
     </hour>
     <minute>
      0
     </minute>
    </pubmedpubdate>
    <pubmedpubdate pubstatus="entrez">
     <year>
      2005
     </year>
     <month>
      11
     </month>
     <day>
      11
     </day>
     <hour>
      9
     </hour>
     <minute>
      0
     </minute>
    </pubmedpubdate>
   </history>
   <publicationstatus>
    ppublish
   </publicationstatus>
   <articleidlist>
    <articleid idtype="pii">
     82/5/964
    </articleid>
    <articleid idtype="pubmed">
     16280426
    </articleid>
   </articleidlist>
  </pubmeddata>
 </pubmedarticle>
</pubmedarticleset>

