<?xml version='1.0' encoding='utf-8'?>
<!DOCTYPE PubmedArticleSet PUBLIC "-//NLM//DTD PubMedArticle, 1st January 2011//EN" "http://www.ncbi.nlm.nih.gov/entrez/query/DTD/pubmed_110101.dtd">
<pubmedarticleset>
 <pubmedarticle>
  <medlinecitation owner="NLM" status="MEDLINE">
   <pmid version="1">
    16391215
   </pmid>
   <datecreated>
    <year>
     2006
    </year>
    <month>
     01
    </month>
    <day>
     04
    </day>
   </datecreated>
   <datecompleted>
    <year>
     2006
    </year>
    <month>
     01
    </month>
    <day>
     09
    </day>
   </datecompleted>
   <daterevised>
    <year>
     2009
    </year>
    <month>
     11
    </month>
    <day>
     03
    </day>
   </daterevised>
   <article pubmodel="Print">
    <journal>
     <issn issntype="Electronic">
      1538-3598
     </issn>
     <journalissue citedmedium="Internet">
      <volume>
       295
      </volume>
      <issue>
       1
      </issue>
      <pubdate>
       <year>
        2006
       </year>
       <month>
        Jan
       </month>
       <day>
        4
       </day>
      </pubdate>
     </journalissue>
     <title>
      JAMA : the journal of the American Medical Association
     </title>
     <isoabbreviation>
      JAMA
     </isoabbreviation>
    </journal>
    <articletitle>
     Low-fat dietary pattern and weight change over 7 years: the Women's Health Initiative Dietary Modification Trial.
    </articletitle>
    <pagination>
     <medlinepgn>
      39-49
     </medlinepgn>
    </pagination>
    <abstract>
     <abstracttext label="CONTEXT" nlmcategory="BACKGROUND">
      Obesity in the United States has increased dramatically during the past several decades. There is debate about optimum calorie balance for prevention of weight gain, and proponents of some low-carbohydrate diet regimens have suggested that the increasing obesity may be attributed, in part, to low-fat, high-carbohydrate diets.
     </abstracttext>
     <abstracttext label="OBJECTIVES" nlmcategory="OBJECTIVE">
      To report data on body weight in a long-term, low-fat diet trial for which the primary end points were breast and colorectal cancer and to examine the relationships between weight changes and changes in dietary components.
     </abstracttext>
     <abstracttext label="DESIGN, SETTING, AND PARTICIPANTS" nlmcategory="METHODS">
      Randomized intervention trial of 48,835 postmenopausal women in the United States who were of diverse backgrounds and ethnicities and participated in the Women's Health Initiative Dietary Modification Trial; 40% (19,541) were randomized to the intervention and 60% (29,294) to a control group. Study enrollment was between 1993 and 1998, and this analysis includes a mean follow-up of 7.5 years (through August 31, 2004).
     </abstracttext>
     <abstracttext label="INTERVENTIONS" nlmcategory="METHODS">
      The intervention included group and individual sessions to promote a decrease in fat intake and increases in vegetable, fruit, and grain consumption and did not include weight loss or caloric restriction goals. The control group received diet-related education materials.
     </abstracttext>
     <abstracttext label="MAIN OUTCOME MEASURE" nlmcategory="METHODS">
      Change in body weight from baseline to follow-up.
     </abstracttext>
     <abstracttext label="RESULTS" nlmcategory="RESULTS">
      Women in the intervention group lost weight in the first year (mean of 2.2 kg, P&lt;.001) and maintained lower weight than control women during an average 7.5 years of follow-up (difference, 1.9 kg, P&lt;.001 at 1 year and 0.4 kg, P = .01 at 7.5 years). No tendency toward weight gain was observed in intervention group women overall or when stratified by age, ethnicity, or body mass index. Weight loss was greatest among women in either group who decreased their percentage of energy from fat. A similar but lesser trend was observed with increases in vegetable and fruit servings, and a nonsignificant trend toward weight loss occurred with increasing intake of fiber.
     </abstracttext>
     <abstracttext label="CONCLUSION" nlmcategory="CONCLUSIONS">
      A low-fat eating pattern does not result in weight gain in postmenopausal women. Clinical Trial Registration ClinicalTrials.gov, NCT00000611.
     </abstracttext>
    </abstract>
    <affiliation>
     MedStar Research Institute, Washington, DC, USA. Barbara.V.Howard@MedStar.net
    </affiliation>
    <authorlist completeyn="Y">
     <author validyn="Y">
      <lastname>
       Howard
      </lastname>
      <forename>
       Barbara V
      </forename>
      <initials>
       BV
      </initials>
     </author>
     <author validyn="Y">
      <lastname>
       Manson
      </lastname>
      <forename>
       JoAnn E
      </forename>
      <initials>
       JE
      </initials>
     </author>
     <author validyn="Y">
      <lastname>
       Stefanick
      </lastname>
      <forename>
       Marcia L
      </forename>
      <initials>
       ML
      </initials>
     </author>
     <author validyn="Y">
      <lastname>
       Beresford
      </lastname>
      <forename>
       Shirley A
      </forename>
      <initials>
       SA
      </initials>
     </author>
     <author validyn="Y">
      <lastname>
       Frank
      </lastname>
      <forename>
       Gail
      </forename>
      <initials>
       G
      </initials>
     </author>
     <author validyn="Y">
      <lastname>
       Jones
      </lastname>
      <forename>
       Bobette
      </forename>
      <initials>
       B
      </initials>
     </author>
     <author validyn="Y">
      <lastname>
       Rodabough
      </lastname>
      <forename>
       Rebecca J
      </forename>
      <initials>
       RJ
      </initials>
     </author>
     <author validyn="Y">
      <lastname>
       Snetselaar
      </lastname>
      <forename>
       Linda
      </forename>
      <initials>
       L
      </initials>
     </author>
     <author validyn="Y">
      <lastname>
       Thomson
      </lastname>
      <forename>
       Cynthia
      </forename>
      <initials>
       C
      </initials>
     </author>
     <author validyn="Y">
      <lastname>
       Tinker
      </lastname>
      <forename>
       Lesley
      </forename>
      <initials>
       L
      </initials>
     </author>
     <author validyn="Y">
      <lastname>
       Vitolins
      </lastname>
      <forename>
       Mara
      </forename>
      <initials>
       M
      </initials>
     </author>
     <author validyn="Y">
      <lastname>
       Prentice
      </lastname>
      <forename>
       Ross
      </forename>
      <initials>
       R
      </initials>
     </author>
    </authorlist>
    <language>
     eng
    </language>
    <databanklist completeyn="Y">
     <databank>
      <databankname>
       ClinicalTrials.gov
      </databankname>
      <accessionnumberlist>
       <accessionnumber>
        NCT00000611
       </accessionnumber>
      </accessionnumberlist>
     </databank>
    </databanklist>
    <publicationtypelist>
     <publicationtype>
      Journal Article
     </publicationtype>
     <publicationtype>
      Randomized Controlled Trial
     </publicationtype>
     <publicationtype>
      Research Support, N.I.H., Extramural
     </publicationtype>
    </publicationtypelist>
   </article>
   <medlinejournalinfo>
    <country>
     United States
    </country>
    <medlineta>
     JAMA
    </medlineta>
    <nlmuniqueid>
     7501160
    </nlmuniqueid>
    <issnlinking>
     0098-7484
    </issnlinking>
   </medlinejournalinfo>
   <citationsubset>
    AIM
   </citationsubset>
   <citationsubset>
    IM
   </citationsubset>
   <commentscorrectionslist>
    <commentscorrections reftype="CommentIn">
     <refsource>
      Evid Based Med. 2006 Aug;11(4):109
     </refsource>
     <pmid version="1">
      17213122
     </pmid>
    </commentscorrections>
    <commentscorrections reftype="CommentIn">
     <refsource>
      JAMA. 2006 Jul 26;296(4):394; author reply 394-5
     </refsource>
     <pmid version="1">
      16868293
     </pmid>
    </commentscorrections>
    <commentscorrections reftype="CommentIn">
     <refsource>
      JAMA. 2006 Jan 4;295(1):94-5
     </refsource>
     <pmid version="1">
      16391222
     </pmid>
    </commentscorrections>
   </commentscorrectionslist>
   <meshheadinglist>
    <meshheading>
     <descriptorname majortopicyn="N">
      Aged
     </descriptorname>
    </meshheading>
    <meshheading>
     <descriptorname majortopicyn="N">
      Anthropometry
     </descriptorname>
    </meshheading>
    <meshheading>
     <descriptorname majortopicyn="N">
      Diet Records
     </descriptorname>
    </meshheading>
    <meshheading>
     <descriptorname majortopicyn="Y">
      Diet, Fat-Restricted
     </descriptorname>
    </meshheading>
    <meshheading>
     <descriptorname majortopicyn="N">
      Female
     </descriptorname>
    </meshheading>
    <meshheading>
     <descriptorname majortopicyn="N">
      Follow-Up Studies
     </descriptorname>
    </meshheading>
    <meshheading>
     <descriptorname majortopicyn="N">
      Humans
     </descriptorname>
    </meshheading>
    <meshheading>
     <descriptorname majortopicyn="N">
      Middle Aged
     </descriptorname>
    </meshheading>
    <meshheading>
     <descriptorname majortopicyn="N">
      Postmenopause
     </descriptorname>
    </meshheading>
    <meshheading>
     <descriptorname majortopicyn="Y">
      Weight Loss
     </descriptorname>
    </meshheading>
   </meshheadinglist>
  </medlinecitation>
  <pubmeddata>
   <history>
    <pubmedpubdate pubstatus="pubmed">
     <year>
      2006
     </year>
     <month>
      1
     </month>
     <day>
      5
     </day>
     <hour>
      9
     </hour>
     <minute>
      0
     </minute>
    </pubmedpubdate>
    <pubmedpubdate pubstatus="medline">
     <year>
      2006
     </year>
     <month>
      1
     </month>
     <day>
      10
     </day>
     <hour>
      9
     </hour>
     <minute>
      0
     </minute>
    </pubmedpubdate>
    <pubmedpubdate pubstatus="entrez">
     <year>
      2006
     </year>
     <month>
      1
     </month>
     <day>
      5
     </day>
     <hour>
      9
     </hour>
     <minute>
      0
     </minute>
    </pubmedpubdate>
   </history>
   <publicationstatus>
    ppublish
   </publicationstatus>
   <articleidlist>
    <articleid idtype="pii">
     295/1/39
    </articleid>
    <articleid idtype="doi">
     10.1001/jama.295.1.39
    </articleid>
    <articleid idtype="pubmed">
     16391215
    </articleid>
   </articleidlist>
  </pubmeddata>
 </pubmedarticle>
</pubmedarticleset>

