<?xml version='1.0' encoding='utf-8'?>
<!DOCTYPE PubmedArticleSet PUBLIC "-//NLM//DTD PubMedArticle, 1st January 2011//EN" "http://www.ncbi.nlm.nih.gov/entrez/query/DTD/pubmed_110101.dtd">
<pubmedarticleset>
 <pubmedarticle>
  <medlinecitation owner="NLM" status="MEDLINE">
   <pmid version="1">
    16437528
   </pmid>
   <datecreated>
    <year>
     2006
    </year>
    <month>
     01
    </month>
    <day>
     26
    </day>
   </datecreated>
   <datecompleted>
    <year>
     2006
    </year>
    <month>
     04
    </month>
    <day>
     07
    </day>
   </datecompleted>
   <daterevised>
    <year>
     2007
    </year>
    <month>
     11
    </month>
    <day>
     15
    </day>
   </daterevised>
   <article pubmodel="Electronic">
    <journal>
     <issn issntype="Electronic">
      1469-493X
     </issn>
     <journalissue citedmedium="Internet">
      <issue>
       1
      </issue>
      <pubdate>
       <year>
        2006
       </year>
      </pubdate>
     </journalissue>
     <title>
      Cochrane database of systematic reviews (Online)
     </title>
     <isoabbreviation>
      Cochrane Database Syst Rev
     </isoabbreviation>
    </journal>
    <articletitle>
     Omega 3 fatty acid for the prevention of dementia.
    </articletitle>
    <pagination>
     <medlinepgn>
      CD005379
     </medlinepgn>
    </pagination>
    <abstract>
     <abstracttext label="BACKGROUND" nlmcategory="BACKGROUND">
      Accruing evidence from observational and epidemiological studies suggests an inverse relationship between dietary intake of omega 3 polyunsaturated fatty acid (PUFA) and risk of dementia. Postulated mechanisms that might qualify omega 3 PUFA as an interventional target for the primary prevention of dementia include its anti-atherogenic, anti-inflammatory, anti-oxidant, anti-amyloid and neuroprotective properties.
     </abstracttext>
     <abstracttext label="OBJECTIVES" nlmcategory="OBJECTIVE">
      To review the evidence that omega 3 PUFA supplementation prevents cognitive impairment and dementia in cognitively intact elderly persons.
     </abstracttext>
     <abstracttext label="SEARCH STRATEGY" nlmcategory="METHODS">
      The Cochrane Dementia and Cognitive Improvement Group's (CDCIG) Specialized register, MEDLINE, EMBASE,CINAHL PsycINFO, AMED AND CENTRAL and several ongoing trials databases were searched on 5 and 6 October 2005. The CDCIG Register is updated regularly and contains records from all major medical databases and many ongoing trials databases.
     </abstracttext>
     <abstracttext label="SELECTION CRITERIA" nlmcategory="METHODS">
      In order to be selected, trials needed to be randomized, placebo-controlled, doubled blinded, of minimum study duration of 6 months, involved persons aged 60 years and above without pre-existing dementia at study onset, and employed cognitive endpoints.
     </abstracttext>
     <abstracttext label="DATA COLLECTION AND ANALYSIS" nlmcategory="METHODS">
      Reviewers, working independently, were to select, quality assess and extract relevant data where appropriate and possible. In comparing intervention with placebo, the pooled odds ratios or weighted mean differences and standardized mean difference were to be estimated.
     </abstracttext>
     <abstracttext label="MAIN RESULTS" nlmcategory="RESULTS">
      There were no randomized trials found in the search that met the selection criteria. Results of two clinical trials are expected in 2008.
     </abstracttext>
     <abstracttext label="AUTHORS' CONCLUSIONS" nlmcategory="CONCLUSIONS">
      There is a growing body of evidence from biological, observational and epidemiological studies that suggests a protective effect of omega 3 PUFA against dementia. However, until data from randomized trials become available for analysis, there is no good evidence to support the use of dietary or supplemental omega 3 PUFA for the prevention of cognitive impairment or dementia.
     </abstracttext>
    </abstract>
    <affiliation>
     Department of Geriatric Medicine, Tan Tock Seng Hospital, 11 Jalan Tan Tock Seng, Singapore, Singapore, 308433. Wee_Shiong_Lim@ttsh.com.sg
    </affiliation>
    <authorlist completeyn="Y">
     <author validyn="Y">
      <lastname>
       Lim
      </lastname>
      <forename>
       W S
      </forename>
      <initials>
       WS
      </initials>
     </author>
     <author validyn="Y">
      <lastname>
       Gammack
      </lastname>
      <forename>
       J K
      </forename>
      <initials>
       JK
      </initials>
     </author>
     <author validyn="Y">
      <lastname>
       Van Niekerk
      </lastname>
      <forename>
       J
      </forename>
      <initials>
       J
      </initials>
     </author>
     <author validyn="Y">
      <lastname>
       Dangour
      </lastname>
      <forename>
       A D
      </forename>
      <initials>
       AD
      </initials>
     </author>
    </authorlist>
    <language>
     eng
    </language>
    <publicationtypelist>
     <publicationtype>
      Journal Article
     </publicationtype>
     <publicationtype>
      Review
     </publicationtype>
    </publicationtypelist>
    <articledate datetype="Electronic">
     <year>
      2006
     </year>
     <month>
      01
     </month>
     <day>
      25
     </day>
    </articledate>
   </article>
   <medlinejournalinfo>
    <country>
     England
    </country>
    <medlineta>
     Cochrane Database Syst Rev
    </medlineta>
    <nlmuniqueid>
     100909747
    </nlmuniqueid>
    <issnlinking>
     1361-6137
    </issnlinking>
   </medlinejournalinfo>
   <chemicallist>
    <chemical>
     <registrynumber>
      0
     </registrynumber>
     <nameofsubstance>
      Fatty Acids, Omega-3
     </nameofsubstance>
    </chemical>
   </chemicallist>
   <citationsubset>
    IM
   </citationsubset>
   <meshheadinglist>
    <meshheading>
     <descriptorname majortopicyn="N">
      Aged
     </descriptorname>
    </meshheading>
    <meshheading>
     <descriptorname majortopicyn="N">
      Cognition Disorders
     </descriptorname>
     <qualifiername majortopicyn="Y">
      prevention &amp; control
     </qualifiername>
    </meshheading>
    <meshheading>
     <descriptorname majortopicyn="N">
      Dementia
     </descriptorname>
     <qualifiername majortopicyn="Y">
      prevention &amp; control
     </qualifiername>
    </meshheading>
    <meshheading>
     <descriptorname majortopicyn="N">
      Fatty Acids, Omega-3
     </descriptorname>
     <qualifiername majortopicyn="Y">
      therapeutic use
     </qualifiername>
    </meshheading>
    <meshheading>
     <descriptorname majortopicyn="N">
      Humans
     </descriptorname>
    </meshheading>
    <meshheading>
     <descriptorname majortopicyn="N">
      Randomized Controlled Trials as Topic
     </descriptorname>
    </meshheading>
   </meshheadinglist>
   <numberofreferences>
    51
   </numberofreferences>
  </medlinecitation>
  <pubmeddata>
   <history>
    <pubmedpubdate pubstatus="pubmed">
     <year>
      2006
     </year>
     <month>
      1
     </month>
     <day>
      27
     </day>
     <hour>
      9
     </hour>
     <minute>
      0
     </minute>
    </pubmedpubdate>
    <pubmedpubdate pubstatus="medline">
     <year>
      2006
     </year>
     <month>
      4
     </month>
     <day>
      8
     </day>
     <hour>
      9
     </hour>
     <minute>
      0
     </minute>
    </pubmedpubdate>
    <pubmedpubdate pubstatus="entrez">
     <year>
      2006
     </year>
     <month>
      1
     </month>
     <day>
      27
     </day>
     <hour>
      9
     </hour>
     <minute>
      0
     </minute>
    </pubmedpubdate>
   </history>
   <publicationstatus>
    epublish
   </publicationstatus>
   <articleidlist>
    <articleid idtype="doi">
     10.1002/14651858.CD005379.pub2
    </articleid>
    <articleid idtype="pubmed">
     16437528
    </articleid>
   </articleidlist>
  </pubmeddata>
 </pubmedarticle>
</pubmedarticleset>

