<?xml version='1.0' encoding='utf-8'?>
<!DOCTYPE PubmedArticleSet PUBLIC "-//NLM//DTD PubMedArticle, 1st January 2011//EN" "http://www.ncbi.nlm.nih.gov/entrez/query/DTD/pubmed_110101.dtd">
<pubmedarticleset>
 <pubmedarticle>
  <medlinecitation owner="NLM" status="MEDLINE">
   <pmid version="1">
    16498075
   </pmid>
   <datecreated>
    <year>
     2006
    </year>
    <month>
     02
    </month>
    <day>
     24
    </day>
   </datecreated>
   <datecompleted>
    <year>
     2006
    </year>
    <month>
     09
    </month>
    <day>
     19
    </day>
   </datecompleted>
   <article pubmodel="Print">
    <journal>
     <issn issntype="Print">
      0022-0345
     </issn>
     <journalissue citedmedium="Print">
      <volume>
       85
      </volume>
      <issue>
       3
      </issue>
      <pubdate>
       <year>
        2006
       </year>
       <month>
        Mar
       </month>
      </pubdate>
     </journalissue>
     <title>
      Journal of dental research
     </title>
     <isoabbreviation>
      J. Dent. Res.
     </isoabbreviation>
    </journal>
    <articletitle>
     Carbonated soft drinks and dental caries in the primary dentition.
    </articletitle>
    <pagination>
     <medlinepgn>
      262-6
     </medlinepgn>
    </pagination>
    <abstract>
     <abstracttext>
      We analyzed fluid intake data among children aged 2-10 years from a 24-hour dietary recall interview in the NHANES III (1988-94) to investigate the effect of high consumption of carbonated soft drinks on caries in the primary dentition. We used cluster analysis to determine fluid consumption patterns. Four distinct fluid consumption patterns were identified: high carbonated soft drinks, high juice, high milk, and high water. About 13% of children had a high carbonated soft drink consumption pattern; they also had a significantly higher dental caries experience in the primary dentition than did children with other fluid consumption patterns. A fluid intake pattern comprised mainly of milk, water, or juice was less likely to be associated with dental caries. Findings of this study suggest that high consumption of carbonated soft drinks by young children is a risk indicator for dental caries in the primary dentition and should be discouraged.
     </abstracttext>
    </abstract>
    <affiliation>
     Department of Cariology, Restorative Sciences, and Endodontics, School of Dentistry, University of Michigan, 1101 N. University, Ann Arbor, MI 48109-1078, USA. woosung@umich.edu
    </affiliation>
    <authorlist completeyn="Y">
     <author validyn="Y">
      <lastname>
       Sohn
      </lastname>
      <forename>
       W
      </forename>
      <initials>
       W
      </initials>
     </author>
     <author validyn="Y">
      <lastname>
       Burt
      </lastname>
      <forename>
       B A
      </forename>
      <initials>
       BA
      </initials>
     </author>
     <author validyn="Y">
      <lastname>
       Sowers
      </lastname>
      <forename>
       M R
      </forename>
      <initials>
       MR
      </initials>
     </author>
    </authorlist>
    <language>
     eng
    </language>
    <publicationtypelist>
     <publicationtype>
      Journal Article
     </publicationtype>
    </publicationtypelist>
   </article>
   <medlinejournalinfo>
    <country>
     United States
    </country>
    <medlineta>
     J Dent Res
    </medlineta>
    <nlmuniqueid>
     0354343
    </nlmuniqueid>
    <issnlinking>
     0022-0345
    </issnlinking>
   </medlinejournalinfo>
   <citationsubset>
    D
   </citationsubset>
   <citationsubset>
    IM
   </citationsubset>
   <meshheadinglist>
    <meshheading>
     <descriptorname majortopicyn="N">
      Carbonated Beverages
     </descriptorname>
     <qualifiername majortopicyn="Y">
      adverse effects
     </qualifiername>
    </meshheading>
    <meshheading>
     <descriptorname majortopicyn="N">
      Child
     </descriptorname>
    </meshheading>
    <meshheading>
     <descriptorname majortopicyn="N">
      Child, Preschool
     </descriptorname>
    </meshheading>
    <meshheading>
     <descriptorname majortopicyn="N">
      Cluster Analysis
     </descriptorname>
    </meshheading>
    <meshheading>
     <descriptorname majortopicyn="N">
      DMF Index
     </descriptorname>
    </meshheading>
    <meshheading>
     <descriptorname majortopicyn="N">
      Dental Caries
     </descriptorname>
     <qualifiername majortopicyn="N">
      epidemiology
     </qualifiername>
     <qualifiername majortopicyn="Y">
      etiology
     </qualifiername>
    </meshheading>
    <meshheading>
     <descriptorname majortopicyn="N">
      Dentition, Primary
     </descriptorname>
    </meshheading>
    <meshheading>
     <descriptorname majortopicyn="N">
      Drinking Behavior
     </descriptorname>
    </meshheading>
    <meshheading>
     <descriptorname majortopicyn="N">
      Female
     </descriptorname>
    </meshheading>
    <meshheading>
     <descriptorname majortopicyn="N">
      Humans
     </descriptorname>
    </meshheading>
    <meshheading>
     <descriptorname majortopicyn="N">
      Male
     </descriptorname>
    </meshheading>
    <meshheading>
     <descriptorname majortopicyn="N" type="Geographic">
      United States
     </descriptorname>
     <qualifiername majortopicyn="N">
      epidemiology
     </qualifiername>
    </meshheading>
   </meshheadinglist>
  </medlinecitation>
  <pubmeddata>
   <history>
    <pubmedpubdate pubstatus="pubmed">
     <year>
      2006
     </year>
     <month>
      2
     </month>
     <day>
      25
     </day>
     <hour>
      9
     </hour>
     <minute>
      0
     </minute>
    </pubmedpubdate>
    <pubmedpubdate pubstatus="medline">
     <year>
      2006
     </year>
     <month>
      9
     </month>
     <day>
      20
     </day>
     <hour>
      9
     </hour>
     <minute>
      0
     </minute>
    </pubmedpubdate>
    <pubmedpubdate pubstatus="entrez">
     <year>
      2006
     </year>
     <month>
      2
     </month>
     <day>
      25
     </day>
     <hour>
      9
     </hour>
     <minute>
      0
     </minute>
    </pubmedpubdate>
   </history>
   <publicationstatus>
    ppublish
   </publicationstatus>
   <articleidlist>
    <articleid idtype="pii">
     85/3/262
    </articleid>
    <articleid idtype="pubmed">
     16498075
    </articleid>
   </articleidlist>
  </pubmeddata>
 </pubmedarticle>
</pubmedarticleset>

