<?xml version='1.0' encoding='utf-8'?>
<!DOCTYPE PubmedArticleSet PUBLIC "-//NLM//DTD PubMedArticle, 1st January 2011//EN" "http://www.ncbi.nlm.nih.gov/entrez/query/DTD/pubmed_110101.dtd">
<pubmedarticleset>
 <pubmedarticle>
  <medlinecitation owner="NLM" status="MEDLINE">
   <pmid version="1">
    16522900
   </pmid>
   <datecreated>
    <year>
     2006
    </year>
    <month>
     03
    </month>
    <day>
     08
    </day>
   </datecreated>
   <datecompleted>
    <year>
     2006
    </year>
    <month>
     04
    </month>
    <day>
     11
    </day>
   </datecompleted>
   <daterevised>
    <year>
     2008
    </year>
    <month>
     11
    </month>
    <day>
     21
    </day>
   </daterevised>
   <article pubmodel="Print">
    <journal>
     <issn issntype="Print">
      0002-9165
     </issn>
     <journalissue citedmedium="Print">
      <volume>
       83
      </volume>
      <issue>
       3
      </issue>
      <pubdate>
       <year>
        2006
       </year>
       <month>
        Mar
       </month>
      </pubdate>
     </journalissue>
     <title>
      The American journal of clinical nutrition
     </title>
     <isoabbreviation>
      Am. J. Clin. Nutr.
     </isoabbreviation>
    </journal>
    <articletitle>
     Breastfeeding, introduction of complementary foods, and adiposity at 5 y of age.
    </articletitle>
    <pagination>
     <medlinepgn>
      550-8
     </medlinepgn>
    </pagination>
    <abstract>
     <abstracttext label="BACKGROUND" nlmcategory="BACKGROUND">
      Although dual-energy X-ray absorptiometry (DXA) is considered the most accurate measure of adiposity in children, it has rarely been used to examine the relation between infant feeding and adiposity during childhood.
     </abstracttext>
     <abstracttext label="OBJECTIVE" nlmcategory="OBJECTIVE">
      The objective was to ascertain whether adiposity at age 5 y was related to breastfeeding, to the timing of the introduction of complementary foods during infancy, or to both.
     </abstracttext>
     <abstracttext label="DESIGN" nlmcategory="METHODS">
      Body composition was measured in 313 children at age 5 y by using DXA. Data on breastfeeding, formula feeding, and the timing of the introduction of complementary foods were obtained from the mothers when the children were 3 y old. Regression analysis was used to examine the relation between infant feeding and fat mass after adjustment for lean body mass, sex, birth weight, maternal obesity, race, and other sociodemographic variables.
     </abstracttext>
     <abstracttext label="RESULTS" nlmcategory="RESULTS">
      Fifty-three percent of the children were boys, 80% were white, and 20% were black. There was no significant difference in adjusted fat mass between those ever breastfed and those never breastfed (x +/- SE: 4.48 +/- 0.09 and 4.76 +/- 0.17 kg, respectively; P = 0.17). Children who were breastfed for a longer duration and those who were breastfed without concurrent formula feeding did not have significantly lower fat mass than did those children who were never breastfed. Children did not differ significantly in fat mass if they were introduced to complementary foods before or after 4 mo of age (4.49 +/- 0.12 and 4.63 +/- 0.12 kg, respectively; P = 0.42).
     </abstracttext>
     <abstracttext label="CONCLUSION" nlmcategory="CONCLUSIONS">
      Neither breastfeeding nor the timing of the introduction of complementary foods was associated with adiposity at age 5 y.
     </abstracttext>
    </abstract>
    <affiliation>
     Division of Gastroenterology and Nutrition, Children's Hospital of Philadelphia, Philadelphia, PA 19104, USA. burdette@email.chop.edu
    </affiliation>
    <authorlist completeyn="Y">
     <author validyn="Y">
      <lastname>
       Burdette
      </lastname>
      <forename>
       Hillary L
      </forename>
      <initials>
       HL
      </initials>
     </author>
     <author validyn="Y">
      <lastname>
       Whitaker
      </lastname>
      <forename>
       Robert C
      </forename>
      <initials>
       RC
      </initials>
     </author>
     <author validyn="Y">
      <lastname>
       Hall
      </lastname>
      <forename>
       Waynitra C
      </forename>
      <initials>
       WC
      </initials>
     </author>
     <author validyn="Y">
      <lastname>
       Daniels
      </lastname>
      <forename>
       Stephen R
      </forename>
      <initials>
       SR
      </initials>
     </author>
    </authorlist>
    <language>
     eng
    </language>
    <grantlist completeyn="Y">
     <grant>
      <grantid>
       DK64022
      </grantid>
      <acronym>
       DK
      </acronym>
      <agency>
       NIDDK NIH HHS
      </agency>
      <country>
       United States
      </country>
     </grant>
     <grant>
      <grantid>
       R01HL64022
      </grantid>
      <acronym>
       HL
      </acronym>
      <agency>
       NHLBI NIH HHS
      </agency>
      <country>
       United States
      </country>
     </grant>
    </grantlist>
    <publicationtypelist>
     <publicationtype>
      Journal Article
     </publicationtype>
     <publicationtype>
      Research Support, N.I.H., Extramural
     </publicationtype>
    </publicationtypelist>
   </article>
   <medlinejournalinfo>
    <country>
     United States
    </country>
    <medlineta>
     Am J Clin Nutr
    </medlineta>
    <nlmuniqueid>
     0376027
    </nlmuniqueid>
    <issnlinking>
     0002-9165
    </issnlinking>
   </medlinejournalinfo>
   <citationsubset>
    AIM
   </citationsubset>
   <citationsubset>
    IM
   </citationsubset>
   <meshheadinglist>
    <meshheading>
     <descriptorname majortopicyn="N">
      Absorptiometry, Photon
     </descriptorname>
     <qualifiername majortopicyn="N">
      methods
     </qualifiername>
    </meshheading>
    <meshheading>
     <descriptorname majortopicyn="Y">
      Adiposity
     </descriptorname>
     <qualifiername majortopicyn="N">
      physiology
     </qualifiername>
    </meshheading>
    <meshheading>
     <descriptorname majortopicyn="N">
      Body Composition
     </descriptorname>
     <qualifiername majortopicyn="N">
      physiology
     </qualifiername>
    </meshheading>
    <meshheading>
     <descriptorname majortopicyn="Y">
      Breast Feeding
     </descriptorname>
    </meshheading>
    <meshheading>
     <descriptorname majortopicyn="N">
      Child, Preschool
     </descriptorname>
    </meshheading>
    <meshheading>
     <descriptorname majortopicyn="N">
      Cohort Studies
     </descriptorname>
    </meshheading>
    <meshheading>
     <descriptorname majortopicyn="N">
      Female
     </descriptorname>
    </meshheading>
    <meshheading>
     <descriptorname majortopicyn="N">
      Humans
     </descriptorname>
    </meshheading>
    <meshheading>
     <descriptorname majortopicyn="N">
      Infant
     </descriptorname>
    </meshheading>
    <meshheading>
     <descriptorname majortopicyn="N">
      Infant Food
     </descriptorname>
    </meshheading>
    <meshheading>
     <descriptorname majortopicyn="N">
      Infant Formula
     </descriptorname>
     <qualifiername majortopicyn="Y">
      administration &amp; dosage
     </qualifiername>
    </meshheading>
    <meshheading>
     <descriptorname majortopicyn="N">
      Infant Nutritional Physiological Phenomena
     </descriptorname>
    </meshheading>
    <meshheading>
     <descriptorname majortopicyn="N">
      Infant, Newborn
     </descriptorname>
    </meshheading>
    <meshheading>
     <descriptorname majortopicyn="N">
      Longitudinal Studies
     </descriptorname>
    </meshheading>
    <meshheading>
     <descriptorname majortopicyn="N">
      Male
     </descriptorname>
    </meshheading>
    <meshheading>
     <descriptorname majortopicyn="N">
      Milk, Human
     </descriptorname>
    </meshheading>
    <meshheading>
     <descriptorname majortopicyn="N">
      Obesity
     </descriptorname>
     <qualifiername majortopicyn="Y">
      epidemiology
     </qualifiername>
     <qualifiername majortopicyn="N">
      etiology
     </qualifiername>
    </meshheading>
    <meshheading>
     <descriptorname majortopicyn="N">
      Prospective Studies
     </descriptorname>
    </meshheading>
    <meshheading>
     <descriptorname majortopicyn="N">
      Risk Factors
     </descriptorname>
    </meshheading>
    <meshheading>
     <descriptorname majortopicyn="N">
      Time Factors
     </descriptorname>
    </meshheading>
    <meshheading>
     <descriptorname majortopicyn="N" type="Geographic">
      United States
     </descriptorname>
    </meshheading>
    <meshheading>
     <descriptorname majortopicyn="Y">
      Weaning
     </descriptorname>
    </meshheading>
   </meshheadinglist>
  </medlinecitation>
  <pubmeddata>
   <history>
    <pubmedpubdate pubstatus="pubmed">
     <year>
      2006
     </year>
     <month>
      3
     </month>
     <day>
      9
     </day>
     <hour>
      9
     </hour>
     <minute>
      0
     </minute>
    </pubmedpubdate>
    <pubmedpubdate pubstatus="medline">
     <year>
      2006
     </year>
     <month>
      4
     </month>
     <day>
      12
     </day>
     <hour>
      9
     </hour>
     <minute>
      0
     </minute>
    </pubmedpubdate>
    <pubmedpubdate pubstatus="entrez">
     <year>
      2006
     </year>
     <month>
      3
     </month>
     <day>
      9
     </day>
     <hour>
      9
     </hour>
     <minute>
      0
     </minute>
    </pubmedpubdate>
   </history>
   <publicationstatus>
    ppublish
   </publicationstatus>
   <articleidlist>
    <articleid idtype="pii">
     83/3/550
    </articleid>
    <articleid idtype="pubmed">
     16522900
    </articleid>
   </articleidlist>
  </pubmeddata>
 </pubmedarticle>
</pubmedarticleset>

