<?xml version='1.0' encoding='utf-8'?>
<!DOCTYPE PubmedArticleSet PUBLIC "-//NLM//DTD PubMedArticle, 1st January 2011//EN" "http://www.ncbi.nlm.nih.gov/entrez/query/DTD/pubmed_110101.dtd">
<pubmedarticleset>
 <pubmedarticle>
  <medlinecitation owner="NLM" status="MEDLINE">
   <pmid version="1">
    16554334
   </pmid>
   <datecreated>
    <year>
     2006
    </year>
    <month>
     04
    </month>
    <day>
     21
    </day>
   </datecreated>
   <datecompleted>
    <year>
     2006
    </year>
    <month>
     05
    </month>
    <day>
     01
    </day>
   </datecompleted>
   <daterevised>
    <year>
     2009
    </year>
    <month>
     11
    </month>
    <day>
     18
    </day>
   </daterevised>
   <article pubmodel="Print-Electronic">
    <journal>
     <issn issntype="Electronic">
      1468-5833
     </issn>
     <journalissue citedmedium="Internet">
      <volume>
       332
      </volume>
      <issue>
       7547
      </issue>
      <pubdate>
       <year>
        2006
       </year>
       <month>
        Apr
       </month>
       <day>
        22
       </day>
      </pubdate>
     </journalissue>
     <title>
      BMJ (Clinical research ed.)
     </title>
     <isoabbreviation>
      BMJ
     </isoabbreviation>
    </journal>
    <articletitle>
     Mortality associated with delay in operation after hip fracture: observational study.
    </articletitle>
    <pagination>
     <medlinepgn>
      947-51
     </medlinepgn>
    </pagination>
    <abstract>
     <abstracttext label="OBJECTIVE" nlmcategory="OBJECTIVE">
      To estimate the number of deaths and readmissions associated with delay in operation after femoral fracture.
     </abstracttext>
     <abstracttext label="DESIGN" nlmcategory="METHODS">
      Analysis of inpatient hospital episode statistics.
     </abstracttext>
     <abstracttext label="SETTING" nlmcategory="METHODS">
      NHS hospital trusts in England with at least 100 admissions for fractured neck of femur during the study period. Patients People aged &gt; or = 65 admitted from home with fractured neck of femur and discharged between April 2001 and March 2004.
     </abstracttext>
     <abstracttext label="MAIN OUTCOME MEASURES" nlmcategory="METHODS">
      In hospital mortality and emergency readmission within 28 days.
     </abstracttext>
     <abstracttext label="RESULTS" nlmcategory="RESULTS">
      There were 129,522 admissions for fractured neck of femur in 151 trusts with 18,508 deaths in hospital (14.3%). Delay in operation was associated with an increased risk of death in hospital, which was reduced but persisted after adjustment for comorbidity. For all deaths in hospital, the odds ratio for more than one day's delay relative to one day or less was 1.27 (95% confidence interval 1.23 to 1.32) after adjustment for comorbidity. The proportion with more than two days' delay ranged from 1.1% to 62.4% between trusts. If death rates in patients with at most one day's delay had been repeated throughout all 151 trusts in this study, there would have been an average of 581 (478 to 683) fewer total deaths per year (9.4% of the total). There was little evidence of an association between delay and emergency readmission.
     </abstracttext>
     <abstracttext label="CONCLUSIONS" nlmcategory="CONCLUSIONS">
      Delay in operation is associated with an increased risk of death but not readmission after a fractured neck of femur, even with adjustment for comorbidity, and there is wide variation between trusts.
     </abstracttext>
    </abstract>
    <affiliation>
     Dr Foster Unit at Imperial College London, Department of Primary Care and Social Medicine, Imperial College London, London W6 8RP. robert.bottle@imperial.ac.uk
    </affiliation>
    <authorlist completeyn="Y">
     <author validyn="Y">
      <lastname>
       Bottle
      </lastname>
      <forename>
       Alex
      </forename>
      <initials>
       A
      </initials>
     </author>
     <author validyn="Y">
      <lastname>
       Aylin
      </lastname>
      <forename>
       Paul
      </forename>
      <initials>
       P
      </initials>
     </author>
    </authorlist>
    <language>
     eng
    </language>
    <publicationtypelist>
     <publicationtype>
      Journal Article
     </publicationtype>
     <publicationtype>
      Multicenter Study
     </publicationtype>
     <publicationtype>
      Research Support, Non-U.S. Gov't
     </publicationtype>
    </publicationtypelist>
    <articledate datetype="Electronic">
     <year>
      2006
     </year>
     <month>
      03
     </month>
     <day>
      22
     </day>
    </articledate>
   </article>
   <medlinejournalinfo>
    <country>
     England
    </country>
    <medlineta>
     BMJ
    </medlineta>
    <nlmuniqueid>
     8900488
    </nlmuniqueid>
    <issnlinking>
     0959-535X
    </issnlinking>
   </medlinejournalinfo>
   <citationsubset>
    AIM
   </citationsubset>
   <citationsubset>
    IM
   </citationsubset>
   <commentscorrectionslist>
    <commentscorrections reftype="Cites">
     <refsource>
      Qual Health Care. 1993 Jun;2(2):104-11
     </refsource>
     <pmid version="1">
      10131630
     </pmid>
    </commentscorrections>
    <commentscorrections reftype="Cites">
     <refsource>
      J Am Geriatr Soc. 2000 Mar;48(3):283-8
     </refsource>
     <pmid version="1">
      10733054
     </pmid>
    </commentscorrections>
    <commentscorrections reftype="Cites">
     <refsource>
      J Bone Joint Surg Am. 2005 Mar;87(3):483-9
     </refsource>
     <pmid version="1">
      15741611
     </pmid>
    </commentscorrections>
    <commentscorrections reftype="Cites">
     <refsource>
      Clin Orthop Relat Res. 1987 May;(218):42-52
     </refsource>
     <pmid version="1">
      3568494
     </pmid>
    </commentscorrections>
    <commentscorrections reftype="Cites">
     <refsource>
      J Trauma. 1995 Aug;39(2):261-5
     </refsource>
     <pmid version="1">
      7674394
     </pmid>
    </commentscorrections>
    <commentscorrections reftype="Cites">
     <refsource>
      Injury. 1994 Jul;25(5):297-300
     </refsource>
     <pmid version="1">
      8034346
     </pmid>
    </commentscorrections>
    <commentscorrections reftype="Cites">
     <refsource>
      Am J Med. 1997 Jul;103(1):51-9
     </refsource>
     <pmid version="1">
      9236486
     </pmid>
    </commentscorrections>
    <commentscorrections reftype="Cites">
     <refsource>
      Injury. 1994 Mar;25(2):91-5
     </refsource>
     <pmid version="1">
      8138305
     </pmid>
    </commentscorrections>
    <commentscorrections reftype="Cites">
     <refsource>
      Aust N Z J Surg. 1997 Feb-Mar;67(2-3):126-30
     </refsource>
     <pmid version="1">
      9068555
     </pmid>
    </commentscorrections>
    <commentscorrections reftype="CommentIn">
     <refsource>
      BMJ. 2006 May 6;332(7549):1093
     </refsource>
     <pmid version="1">
      16675822
     </pmid>
    </commentscorrections>
    <commentscorrections reftype="CommentIn">
     <refsource>
      BMJ. 2006 May 6;332(7549):1093
     </refsource>
     <pmid version="1">
      16675821
     </pmid>
    </commentscorrections>
   </commentscorrectionslist>
   <meshheadinglist>
    <meshheading>
     <descriptorname majortopicyn="N">
      Age Factors
     </descriptorname>
    </meshheading>
    <meshheading>
     <descriptorname majortopicyn="N">
      Aged
     </descriptorname>
    </meshheading>
    <meshheading>
     <descriptorname majortopicyn="N">
      Aged, 80 and over
     </descriptorname>
    </meshheading>
    <meshheading>
     <descriptorname majortopicyn="N" type="Geographic">
      England
     </descriptorname>
     <qualifiername majortopicyn="N">
      epidemiology
     </qualifiername>
    </meshheading>
    <meshheading>
     <descriptorname majortopicyn="N">
      Female
     </descriptorname>
    </meshheading>
    <meshheading>
     <descriptorname majortopicyn="N">
      Femoral Neck Fractures
     </descriptorname>
     <qualifiername majortopicyn="Y">
      mortality
     </qualifiername>
     <qualifiername majortopicyn="N">
      surgery
     </qualifiername>
    </meshheading>
    <meshheading>
     <descriptorname majortopicyn="N">
      Fracture Fixation
     </descriptorname>
     <qualifiername majortopicyn="N">
      mortality
     </qualifiername>
    </meshheading>
    <meshheading>
     <descriptorname majortopicyn="N">
      Hospital Mortality
     </descriptorname>
    </meshheading>
    <meshheading>
     <descriptorname majortopicyn="N">
      Humans
     </descriptorname>
    </meshheading>
    <meshheading>
     <descriptorname majortopicyn="N">
      Male
     </descriptorname>
    </meshheading>
    <meshheading>
     <descriptorname majortopicyn="Y">
      Patient Readmission
     </descriptorname>
    </meshheading>
    <meshheading>
     <descriptorname majortopicyn="N">
      Prognosis
     </descriptorname>
    </meshheading>
    <meshheading>
     <descriptorname majortopicyn="N">
      Regression Analysis
     </descriptorname>
    </meshheading>
    <meshheading>
     <descriptorname majortopicyn="N">
      Reoperation
     </descriptorname>
     <qualifiername majortopicyn="N">
      mortality
     </qualifiername>
    </meshheading>
    <meshheading>
     <descriptorname majortopicyn="N">
      Risk Factors
     </descriptorname>
    </meshheading>
    <meshheading>
     <descriptorname majortopicyn="N">
      Time Factors
     </descriptorname>
    </meshheading>
   </meshheadinglist>
   <otherid source="NLM">
    PMC1444867
   </otherid>
  </medlinecitation>
  <pubmeddata>
   <history>
    <pubmedpubdate pubstatus="aheadofprint">
     <year>
      2006
     </year>
     <month>
      3
     </month>
     <day>
      22
     </day>
    </pubmedpubdate>
    <pubmedpubdate pubstatus="pubmed">
     <year>
      2006
     </year>
     <month>
      3
     </month>
     <day>
      24
     </day>
     <hour>
      9
     </hour>
     <minute>
      0
     </minute>
    </pubmedpubdate>
    <pubmedpubdate pubstatus="medline">
     <year>
      2006
     </year>
     <month>
      5
     </month>
     <day>
      2
     </day>
     <hour>
      9
     </hour>
     <minute>
      0
     </minute>
    </pubmedpubdate>
    <pubmedpubdate pubstatus="entrez">
     <year>
      2006
     </year>
     <month>
      3
     </month>
     <day>
      24
     </day>
     <hour>
      9
     </hour>
     <minute>
      0
     </minute>
    </pubmedpubdate>
   </history>
   <publicationstatus>
    ppublish
   </publicationstatus>
   <articleidlist>
    <articleid idtype="pii">
     bmj.38790.468519.55
    </articleid>
    <articleid idtype="doi">
     10.1136/bmj.38790.468519.55
    </articleid>
    <articleid idtype="pubmed">
     16554334
    </articleid>
    <articleid idtype="pmc">
     PMC1444867
    </articleid>
   </articleidlist>
  </pubmeddata>
 </pubmedarticle>
</pubmedarticleset>

