<?xml version='1.0' encoding='utf-8'?>
<!DOCTYPE PubmedArticleSet PUBLIC "-//NLM//DTD PubMedArticle, 1st January 2011//EN" "http://www.ncbi.nlm.nih.gov/entrez/query/DTD/pubmed_110101.dtd">
<pubmedarticleset>
 <pubmedarticle>
  <medlinecitation owner="NLM" status="MEDLINE">
   <pmid version="1">
    16714197
   </pmid>
   <datecreated>
    <year>
     2006
    </year>
    <month>
     05
    </month>
    <day>
     22
    </day>
   </datecreated>
   <datecompleted>
    <year>
     2007
    </year>
    <month>
     01
    </month>
    <day>
     03
    </day>
   </datecompleted>
   <article pubmodel="Print">
    <journal>
     <issn issntype="Print">
      0738-081X
     </issn>
     <journalissue citedmedium="Print">
      <volume>
       24
      </volume>
      <issue>
       3
      </issue>
      <pubdate>
       <medlinedate>
        2006 May-Jun
       </medlinedate>
      </pubdate>
     </journalissue>
     <title>
      Clinics in dermatology
     </title>
     <isoabbreviation>
      Clin. Dermatol.
     </isoabbreviation>
    </journal>
    <articletitle>
     Itch and scratch: scabies and pediculosis.
    </articletitle>
    <pagination>
     <medlinepgn>
      168-75
     </medlinepgn>
    </pagination>
    <abstract>
     <abstracttext>
      Scabies and lice infestations are almost an everyday diagnosis in the dermatology clinics. Along with the unbearable itch, resistance to medication, secondary infection, and the high risk for spreading the parasite to their close contacts, the patients have also to battle with many myths, prejudice, and shames connected to those infestations.
     </abstracttext>
    </abstract>
    <affiliation>
     The Dermatology Unit, Kaplan Medical Center, Rechovot, Israel. wolf_r@netvision.net.il
    </affiliation>
    <authorlist completeyn="Y">
     <author validyn="Y">
      <lastname>
       Orion
      </lastname>
      <forename>
       Edith
      </forename>
      <initials>
       E
      </initials>
     </author>
     <author validyn="Y">
      <lastname>
       Marcos
      </lastname>
      <forename>
       Batsheva
      </forename>
      <initials>
       B
      </initials>
     </author>
     <author validyn="Y">
      <lastname>
       Davidovici
      </lastname>
      <forename>
       Batya
      </forename>
      <initials>
       B
      </initials>
     </author>
     <author validyn="Y">
      <lastname>
       Wolf
      </lastname>
      <forename>
       Ronni
      </forename>
      <initials>
       R
      </initials>
     </author>
    </authorlist>
    <language>
     eng
    </language>
    <publicationtypelist>
     <publicationtype>
      Journal Article
     </publicationtype>
     <publicationtype>
      Review
     </publicationtype>
    </publicationtypelist>
   </article>
   <medlinejournalinfo>
    <country>
     United States
    </country>
    <medlineta>
     Clin Dermatol
    </medlineta>
    <nlmuniqueid>
     8406412
    </nlmuniqueid>
    <issnlinking>
     0738-081X
    </issnlinking>
   </medlinejournalinfo>
   <citationsubset>
    IM
   </citationsubset>
   <meshheadinglist>
    <meshheading>
     <descriptorname majortopicyn="N">
      Humans
     </descriptorname>
    </meshheading>
    <meshheading>
     <descriptorname majortopicyn="Y">
      Lice Infestations
     </descriptorname>
     <qualifiername majortopicyn="N">
      complications
     </qualifiername>
     <qualifiername majortopicyn="N">
      diagnosis
     </qualifiername>
     <qualifiername majortopicyn="N">
      drug therapy
     </qualifiername>
    </meshheading>
    <meshheading>
     <descriptorname majortopicyn="N">
      Pruritus
     </descriptorname>
     <qualifiername majortopicyn="N">
      etiology
     </qualifiername>
    </meshheading>
    <meshheading>
     <descriptorname majortopicyn="Y">
      Scabies
     </descriptorname>
     <qualifiername majortopicyn="N">
      complications
     </qualifiername>
     <qualifiername majortopicyn="N">
      diagnosis
     </qualifiername>
     <qualifiername majortopicyn="N">
      drug therapy
     </qualifiername>
    </meshheading>
   </meshheadinglist>
   <numberofreferences>
    69
   </numberofreferences>
  </medlinecitation>
  <pubmeddata>
   <history>
    <pubmedpubdate pubstatus="pubmed">
     <year>
      2006
     </year>
     <month>
      5
     </month>
     <day>
      23
     </day>
     <hour>
      9
     </hour>
     <minute>
      0
     </minute>
    </pubmedpubdate>
    <pubmedpubdate pubstatus="medline">
     <year>
      2007
     </year>
     <month>
      1
     </month>
     <day>
      4
     </day>
     <hour>
      9
     </hour>
     <minute>
      0
     </minute>
    </pubmedpubdate>
    <pubmedpubdate pubstatus="entrez">
     <year>
      2006
     </year>
     <month>
      5
     </month>
     <day>
      23
     </day>
     <hour>
      9
     </hour>
     <minute>
      0
     </minute>
    </pubmedpubdate>
   </history>
   <publicationstatus>
    ppublish
   </publicationstatus>
   <articleidlist>
    <articleid idtype="pii">
     S0738-081X(05)00166-5
    </articleid>
    <articleid idtype="doi">
     10.1016/j.clindermatol.2005.11.001
    </articleid>
    <articleid idtype="pubmed">
     16714197
    </articleid>
   </articleidlist>
  </pubmeddata>
 </pubmedarticle>
</pubmedarticleset>

