<?xml version='1.0' encoding='utf-8'?>
<!DOCTYPE PubmedArticleSet PUBLIC "-//NLM//DTD PubMedArticle, 1st January 2011//EN" "http://www.ncbi.nlm.nih.gov/entrez/query/DTD/pubmed_110101.dtd">
<pubmedarticleset>
 <pubmedarticle>
  <medlinecitation owner="NLM" status="MEDLINE">
   <pmid version="1">
    16856045
   </pmid>
   <datecreated>
    <year>
     2006
    </year>
    <month>
     07
    </month>
    <day>
     20
    </day>
   </datecreated>
   <datecompleted>
    <year>
     2006
    </year>
    <month>
     10
    </month>
    <day>
     16
    </day>
   </datecompleted>
   <daterevised>
    <year>
     2007
    </year>
    <month>
     11
    </month>
    <day>
     15
    </day>
   </daterevised>
   <article pubmodel="Electronic">
    <journal>
     <issn issntype="Electronic">
      1469-493X
     </issn>
     <journalissue citedmedium="Internet">
      <volume>
       3
      </volume>
      <pubdate>
       <year>
        2006
       </year>
      </pubdate>
     </journalissue>
     <title>
      Cochrane database of systematic reviews (Online)
     </title>
     <isoabbreviation>
      Cochrane Database Syst Rev
     </isoabbreviation>
    </journal>
    <articletitle>
     Steroids for symptom control in infectious mononucleosis.
    </articletitle>
    <pagination>
     <medlinepgn>
      CD004402
     </medlinepgn>
    </pagination>
    <abstract>
     <abstracttext label="BACKGROUND" nlmcategory="BACKGROUND">
      Glandular fever (infectious mononucleosis) is associated with fatigue, fever, sore throat and swollen lymph nodes. The severity of symptoms can vary. In extreme cases, breathing difficulties because of swelling in the throat and other complications can require hospitalization. The duration of symptoms is also variable; in some instances they can last for months. There are few treatments available. There are no universal criteria for using steroids in glandular fever. While their use is generally reserved for severe complications, there are reports of practitioners treating most symptomatic people with steroids. As glandular fever often affects young people at a time in their studies where they need to be continually productive, the potential duration of the condition is perhaps a key factor in prescribing such a potent drug for symptom control.
     </abstracttext>
     <abstracttext label="OBJECTIVES" nlmcategory="OBJECTIVE">
      To determine the efficacy and safety of steroid therapy for symptom control in glandular fever.
     </abstracttext>
     <abstracttext label="SEARCH STRATEGY" nlmcategory="METHODS">
      We searched the Cochrane Central Register of Controlled Trials (CENTRAL) (The Cochrane Library Issue 2, 2005); MEDLINE (January 1966 to November 2005); EMBASE (January 1974 to November 2005); and the UK National Research Register (November 2005).
     </abstracttext>
     <abstracttext label="SELECTION CRITERIA" nlmcategory="METHODS">
      Randomised controlled trials (RCTs) that compared the effectiveness for symptom control of a steroid to placebo or to another intervention for people of any age with documented glandular fever were included.
     </abstracttext>
     <abstracttext label="DATA COLLECTION AND ANALYSIS" nlmcategory="METHODS">
      Authors independently assessed trial inclusion according to predetermined criteria. Results are presented separately for each symptom and, where possible, it was intended to combine results in a meta-analysis.
     </abstracttext>
     <abstracttext label="MAIN RESULTS" nlmcategory="RESULTS">
      Seven trials were included. The diagnosis, steroid regime, outcomes and methodological quality varied between trials. The sample size ranged from 24 to 94. For sore throat the results of two studies suggest a benefit at 12 hours of steroid therapy over placebo; however this benefit was not maintained. The evidence from one trial suggests a longer benefit when the steroid is combined with an antiviral drug. There was evidence from one trial that steroids may improve resolution of fatigue around four weeks; however it is unclear if this is only in combination with an antiviral. Two trials reported severe complications in participants in the steroid group.
     </abstracttext>
     <abstracttext label="AUTHORS' CONCLUSIONS" nlmcategory="CONCLUSIONS">
      There is insufficient evidence - the trials were few, heterogeneous and some were of poor quality, to recommend steroid treatment for symptom control in glandular fever. There is also a lack of research on the side effects, potential adverse effects or complications, particularly in the long term.
     </abstracttext>
    </abstract>
    <affiliation>
     National Patient Safety Agency, 4-8 Maple Street, London, UK W1T 5HD. bridget.candy@npsa.nhs.uk
    </affiliation>
    <authorlist completeyn="Y">
     <author validyn="Y">
      <lastname>
       Candy
      </lastname>
      <forename>
       B
      </forename>
      <initials>
       B
      </initials>
     </author>
     <author validyn="Y">
      <lastname>
       Hotopf
      </lastname>
      <forename>
       M
      </forename>
      <initials>
       M
      </initials>
     </author>
    </authorlist>
    <language>
     eng
    </language>
    <publicationtypelist>
     <publicationtype>
      Journal Article
     </publicationtype>
     <publicationtype>
      Meta-Analysis
     </publicationtype>
     <publicationtype>
      Review
     </publicationtype>
    </publicationtypelist>
    <articledate datetype="Electronic">
     <year>
      2006
     </year>
     <month>
      07
     </month>
     <day>
      19
     </day>
    </articledate>
   </article>
   <medlinejournalinfo>
    <country>
     England
    </country>
    <medlineta>
     Cochrane Database Syst Rev
    </medlineta>
    <nlmuniqueid>
     100909747
    </nlmuniqueid>
    <issnlinking>
     1361-6137
    </issnlinking>
   </medlinejournalinfo>
   <chemicallist>
    <chemical>
     <registrynumber>
      0
     </registrynumber>
     <nameofsubstance>
      Adrenal Cortex Hormones
     </nameofsubstance>
    </chemical>
   </chemicallist>
   <citationsubset>
    IM
   </citationsubset>
   <meshheadinglist>
    <meshheading>
     <descriptorname majortopicyn="N">
      Adrenal Cortex Hormones
     </descriptorname>
     <qualifiername majortopicyn="Y">
      therapeutic use
     </qualifiername>
    </meshheading>
    <meshheading>
     <descriptorname majortopicyn="N">
      Humans
     </descriptorname>
    </meshheading>
    <meshheading>
     <descriptorname majortopicyn="N">
      Infectious Mononucleosis
     </descriptorname>
     <qualifiername majortopicyn="Y">
      drug therapy
     </qualifiername>
    </meshheading>
    <meshheading>
     <descriptorname majortopicyn="N">
      Randomized Controlled Trials as Topic
     </descriptorname>
    </meshheading>
   </meshheadinglist>
   <numberofreferences>
    42
   </numberofreferences>
  </medlinecitation>
  <pubmeddata>
   <history>
    <pubmedpubdate pubstatus="pubmed">
     <year>
      2006
     </year>
     <month>
      7
     </month>
     <day>
      21
     </day>
     <hour>
      9
     </hour>
     <minute>
      0
     </minute>
    </pubmedpubdate>
    <pubmedpubdate pubstatus="medline">
     <year>
      2006
     </year>
     <month>
      10
     </month>
     <day>
      17
     </day>
     <hour>
      9
     </hour>
     <minute>
      0
     </minute>
    </pubmedpubdate>
    <pubmedpubdate pubstatus="entrez">
     <year>
      2006
     </year>
     <month>
      7
     </month>
     <day>
      21
     </day>
     <hour>
      9
     </hour>
     <minute>
      0
     </minute>
    </pubmedpubdate>
   </history>
   <publicationstatus>
    epublish
   </publicationstatus>
   <articleidlist>
    <articleid idtype="doi">
     10.1002/14651858.CD004402.pub2
    </articleid>
    <articleid idtype="pubmed">
     16856045
    </articleid>
   </articleidlist>
  </pubmeddata>
 </pubmedarticle>
</pubmedarticleset>

