<?xml version='1.0' encoding='utf-8'?>
<!DOCTYPE PubmedArticleSet PUBLIC "-//NLM//DTD PubMedArticle, 1st January 2011//EN" "http://www.ncbi.nlm.nih.gov/entrez/query/DTD/pubmed_110101.dtd">
<pubmedarticleset>
 <pubmedarticle>
  <medlinecitation owner="NLM" status="MEDLINE">
   <pmid version="1">
    16875507
   </pmid>
   <datecreated>
    <year>
     2006
    </year>
    <month>
     09
    </month>
    <day>
     08
    </day>
   </datecreated>
   <datecompleted>
    <year>
     2006
    </year>
    <month>
     10
    </month>
    <day>
     19
    </day>
   </datecompleted>
   <daterevised>
    <year>
     2009
    </year>
    <month>
     11
    </month>
    <day>
     18
    </day>
   </daterevised>
   <article pubmodel="Electronic">
    <journal>
     <issn issntype="Electronic">
      1471-2318
     </issn>
     <journalissue citedmedium="Internet">
      <volume>
       6
      </volume>
      <pubdate>
       <year>
        2006
       </year>
      </pubdate>
     </journalissue>
     <title>
      BMC geriatrics
     </title>
     <isoabbreviation>
      BMC Geriatr
     </isoabbreviation>
    </journal>
    <articletitle>
     Effects of resistance and functional-skills training on habitual activity and constipation among older adults living in long-term care facilities: a randomized controlled trial.
    </articletitle>
    <pagination>
     <medlinepgn>
      9
     </medlinepgn>
    </pagination>
    <abstract>
     <abstracttext label="BACKGROUND" nlmcategory="BACKGROUND">
      Large-scale RCTs comparing different types of exercise training in institutionalised older people are scarce, especially regarding effects on habitual physical activity and constipation. This study investigated the effects of different training protocols on habitual physical activity and constipation of older adults living in long-term care facilities.
     </abstracttext>
     <abstracttext label="METHODS" nlmcategory="METHODS">
      A randomized controlled trial with 157 participants, aged 64 to 94 years, who were randomly assigned to 1) resistance training; 2) all-round functional-skills training; 3) both; or 4) an 'educational' control condition. Habitual physical activity was assessed with a physical activity questionnaire and accelerometers. Constipation was assessed by a questionnaire. Measurements were performed at baseline and after six months of training.
     </abstracttext>
     <abstracttext label="RESULTS" nlmcategory="RESULTS">
      At baseline the median time spent sitting was 8.2 hr/d, the median time spent on activity of at least moderate intensity was 32 min/d. At baseline, about 22% of the subjects were diagnosed with constipation and 23% were taking laxatives. There were no between-group differences for changes in habitual physical activity or constipation over 6-months.
     </abstracttext>
     <abstracttext label="CONCLUSION" nlmcategory="CONCLUSIONS">
      Six months of moderate intensity exercise training neither enhances habitual physical activity nor affects complaints of constipation among older people living in long-term care facilities.
     </abstracttext>
    </abstract>
    <affiliation>
     Department of Public and Occupational Health, EMGO Institute VU University Medical Center Van der Boechorststraat 7 1081 BT Amsterdam, The Netherlands. m.chinapaw@vumc.nl
    </affiliation>
    <authorlist completeyn="Y">
     <author validyn="Y">
      <lastname>
       Chin A Paw
      </lastname>
      <forename>
       Marijke J M
      </forename>
      <initials>
       MJ
      </initials>
     </author>
     <author validyn="Y">
      <lastname>
       van Poppel
      </lastname>
      <forename>
       Mireille N M
      </forename>
      <initials>
       MN
      </initials>
     </author>
     <author validyn="Y">
      <lastname>
       van Mechelen
      </lastname>
      <forename>
       Willem
      </forename>
      <initials>
       W
      </initials>
     </author>
    </authorlist>
    <language>
     eng
    </language>
    <publicationtypelist>
     <publicationtype>
      Comparative Study
     </publicationtype>
     <publicationtype>
      Journal Article
     </publicationtype>
     <publicationtype>
      Multicenter Study
     </publicationtype>
     <publicationtype>
      Randomized Controlled Trial
     </publicationtype>
     <publicationtype>
      Research Support, Non-U.S. Gov't
     </publicationtype>
    </publicationtypelist>
    <articledate datetype="Electronic">
     <year>
      2006
     </year>
     <month>
      07
     </month>
     <day>
      31
     </day>
    </articledate>
   </article>
   <medlinejournalinfo>
    <country>
     England
    </country>
    <medlineta>
     BMC Geriatr
    </medlineta>
    <nlmuniqueid>
     100968548
    </nlmuniqueid>
    <issnlinking>
     1471-2318
    </issnlinking>
   </medlinejournalinfo>
   <citationsubset>
    IM
   </citationsubset>
   <commentscorrectionslist>
    <commentscorrections reftype="Cites">
     <refsource>
      Eur J Clin Pharmacol. 2000 Jan;55(10):765-71
     </refsource>
     <pmid version="1">
      10663457
     </pmid>
    </commentscorrections>
    <commentscorrections reftype="Cites">
     <refsource>
      Gut. 2001 Mar;48(3):435-9
     </refsource>
     <pmid version="1">
      11171839
     </pmid>
    </commentscorrections>
    <commentscorrections reftype="Cites">
     <refsource>
      J Am Geriatr Soc. 2002 Nov;50(11):1774-81
     </refsource>
     <pmid version="1">
      12410894
     </pmid>
    </commentscorrections>
    <commentscorrections reftype="Cites">
     <refsource>
      Med Sci Sports Exerc. 2003 Feb;35(2):320-6
     </refsource>
     <pmid version="1">
      12569223
     </pmid>
    </commentscorrections>
    <commentscorrections reftype="Cites">
     <refsource>
      Am J Gastroenterol. 2003 Aug;98(8):1790-6
     </refsource>
     <pmid version="1">
      12907334
     </pmid>
    </commentscorrections>
    <commentscorrections reftype="Cites">
     <refsource>
      J Clin Epidemiol. 2004 Mar;57(3):252-8
     </refsource>
     <pmid version="1">
      15066685
     </pmid>
    </commentscorrections>
    <commentscorrections reftype="Cites">
     <refsource>
      Am Fam Physician. 1998 Sep 15;58(4):907-14
     </refsource>
     <pmid version="1">
      9767726
     </pmid>
    </commentscorrections>
    <commentscorrections reftype="Cites">
     <refsource>
      Clin Rehabil. 2004 Aug;18(5):498-508
     </refsource>
     <pmid version="1">
      15293484
     </pmid>
    </commentscorrections>
    <commentscorrections reftype="Cites">
     <refsource>
      BMJ. 2005 Mar 19;330(7492):644-8
     </refsource>
     <pmid version="1">
      15774996
     </pmid>
    </commentscorrections>
    <commentscorrections reftype="Cites">
     <refsource>
      Arch Phys Med Rehabil. 1992 Jul;73(7):603-8
     </refsource>
     <pmid version="1">
      1622313
     </pmid>
    </commentscorrections>
    <commentscorrections reftype="Cites">
     <refsource>
      JAMA. 1995 Feb 1;273(5):402-7
     </refsource>
     <pmid version="1">
      7823386
     </pmid>
    </commentscorrections>
    <commentscorrections reftype="Cites">
     <refsource>
      N Engl J Med. 1994 Jun 23;330(25):1769-75
     </refsource>
     <pmid version="1">
      8190152
     </pmid>
    </commentscorrections>
    <commentscorrections reftype="Cites">
     <refsource>
      Med Sci Sports Exerc. 1998 Jun;30(6):992-1008
     </refsource>
     <pmid version="1">
      9624662
     </pmid>
    </commentscorrections>
    <commentscorrections reftype="Cites">
     <refsource>
      BMC Geriatr. 2004 Jul 2;4:5
     </refsource>
     <pmid version="1">
      15233841
     </pmid>
    </commentscorrections>
   </commentscorrectionslist>
   <meshheadinglist>
    <meshheading>
     <descriptorname majortopicyn="Y">
      Activities of Daily Living
     </descriptorname>
    </meshheading>
    <meshheading>
     <descriptorname majortopicyn="N">
      Aged
     </descriptorname>
    </meshheading>
    <meshheading>
     <descriptorname majortopicyn="N">
      Aged, 80 and over
     </descriptorname>
    </meshheading>
    <meshheading>
     <descriptorname majortopicyn="N">
      Constipation
     </descriptorname>
     <qualifiername majortopicyn="N">
      epidemiology
     </qualifiername>
     <qualifiername majortopicyn="N">
      physiopathology
     </qualifiername>
     <qualifiername majortopicyn="Y">
      therapy
     </qualifiername>
    </meshheading>
    <meshheading>
     <descriptorname majortopicyn="N">
      Exercise Therapy
     </descriptorname>
     <qualifiername majortopicyn="Y">
      methods
     </qualifiername>
    </meshheading>
    <meshheading>
     <descriptorname majortopicyn="N">
      Female
     </descriptorname>
    </meshheading>
    <meshheading>
     <descriptorname majortopicyn="N">
      Humans
     </descriptorname>
    </meshheading>
    <meshheading>
     <descriptorname majortopicyn="N">
      Long-Term Care
     </descriptorname>
     <qualifiername majortopicyn="N">
      methods
     </qualifiername>
    </meshheading>
    <meshheading>
     <descriptorname majortopicyn="N">
      Male
     </descriptorname>
    </meshheading>
    <meshheading>
     <descriptorname majortopicyn="N">
      Middle Aged
     </descriptorname>
    </meshheading>
    <meshheading>
     <descriptorname majortopicyn="Y">
      Motor Skills
     </descriptorname>
     <qualifiername majortopicyn="N">
      physiology
     </qualifiername>
    </meshheading>
    <meshheading>
     <descriptorname majortopicyn="N">
      Residential Facilities
     </descriptorname>
     <qualifiername majortopicyn="Y">
      methods
     </qualifiername>
    </meshheading>
   </meshheadinglist>
   <otherid source="NLM">
    PMC1562427
   </otherid>
  </medlinecitation>
  <pubmeddata>
   <history>
    <pubmedpubdate pubstatus="received">
     <year>
      2006
     </year>
     <month>
      1
     </month>
     <day>
      12
     </day>
    </pubmedpubdate>
    <pubmedpubdate pubstatus="accepted">
     <year>
      2006
     </year>
     <month>
      7
     </month>
     <day>
      31
     </day>
    </pubmedpubdate>
    <pubmedpubdate pubstatus="aheadofprint">
     <year>
      2006
     </year>
     <month>
      7
     </month>
     <day>
      31
     </day>
    </pubmedpubdate>
    <pubmedpubdate pubstatus="pubmed">
     <year>
      2006
     </year>
     <month>
      8
     </month>
     <day>
      1
     </day>
     <hour>
      9
     </hour>
     <minute>
      0
     </minute>
    </pubmedpubdate>
    <pubmedpubdate pubstatus="medline">
     <year>
      2006
     </year>
     <month>
      10
     </month>
     <day>
      20
     </day>
     <hour>
      9
     </hour>
     <minute>
      0
     </minute>
    </pubmedpubdate>
    <pubmedpubdate pubstatus="entrez">
     <year>
      2006
     </year>
     <month>
      8
     </month>
     <day>
      1
     </day>
     <hour>
      9
     </hour>
     <minute>
      0
     </minute>
    </pubmedpubdate>
   </history>
   <publicationstatus>
    epublish
   </publicationstatus>
   <articleidlist>
    <articleid idtype="pii">
     1471-2318-6-9
    </articleid>
    <articleid idtype="doi">
     10.1186/1471-2318-6-9
    </articleid>
    <articleid idtype="pubmed">
     16875507
    </articleid>
    <articleid idtype="pmc">
     PMC1562427
    </articleid>
   </articleidlist>
  </pubmeddata>
 </pubmedarticle>
</pubmedarticleset>

