<?xml version='1.0' encoding='utf-8'?>
<!DOCTYPE PubmedArticleSet PUBLIC "-//NLM//DTD PubMedArticle, 1st January 2011//EN" "http://www.ncbi.nlm.nih.gov/entrez/query/DTD/pubmed_110101.dtd">
<pubmedarticleset>
 <pubmedarticle>
  <medlinecitation owner="NLM" status="MEDLINE">
   <pmid version="1">
    16973070
   </pmid>
   <datecreated>
    <year>
     2006
    </year>
    <month>
     09
    </month>
    <day>
     15
    </day>
   </datecreated>
   <datecompleted>
    <year>
     2007
    </year>
    <month>
     05
    </month>
    <day>
     16
    </day>
   </datecompleted>
   <article pubmodel="Print">
    <journal>
     <issn issntype="Print">
      1462-3846
     </issn>
     <journalissue citedmedium="Print">
      <issue>
       15
      </issue>
      <pubdate>
       <year>
        2006
       </year>
       <month>
        Jun
       </month>
      </pubdate>
     </journalissue>
     <title>
      Clinical evidence
     </title>
     <isoabbreviation>
      Clin Evid
     </isoabbreviation>
    </journal>
    <articletitle>
     Postnatal depression.
    </articletitle>
    <pagination>
     <medlinepgn>
      1919-31
     </medlinepgn>
    </pagination>
    <affiliation>
     Health Services Research Department, Institute of Psychiatry, London, UK.
    </affiliation>
    <authorlist completeyn="Y">
     <author validyn="Y">
      <lastname>
       Howard
      </lastname>
      <forename>
       Louise
      </forename>
      <initials>
       L
      </initials>
     </author>
    </authorlist>
    <language>
     eng
    </language>
    <publicationtypelist>
     <publicationtype>
      Journal Article
     </publicationtype>
     <publicationtype>
      Review
     </publicationtype>
    </publicationtypelist>
   </article>
   <medlinejournalinfo>
    <country>
     England
    </country>
    <medlineta>
     Clin Evid
    </medlineta>
    <nlmuniqueid>
     100883600
    </nlmuniqueid>
    <issnlinking>
     1462-3846
    </issnlinking>
   </medlinejournalinfo>
   <chemicallist>
    <chemical>
     <registrynumber>
      0
     </registrynumber>
     <nameofsubstance>
      Antidepressive Agents, Second-Generation
     </nameofsubstance>
    </chemical>
    <chemical>
     <registrynumber>
      54910-89-3
     </registrynumber>
     <nameofsubstance>
      Fluoxetine
     </nameofsubstance>
    </chemical>
   </chemicallist>
   <citationsubset>
    IM
   </citationsubset>
   <commentscorrectionslist>
    <commentscorrections reftype="UpdateOf">
     <refsource>
      Clin Evid. 2005 Dec;(14):1764-75
     </refsource>
     <pmid version="1">
      16620472
     </pmid>
    </commentscorrections>
   </commentscorrectionslist>
   <meshheadinglist>
    <meshheading>
     <descriptorname majortopicyn="N">
      Antidepressive Agents, Second-Generation
     </descriptorname>
     <qualifiername majortopicyn="N">
      therapeutic use
     </qualifiername>
    </meshheading>
    <meshheading>
     <descriptorname majortopicyn="N">
      Cognitive Therapy
     </descriptorname>
    </meshheading>
    <meshheading>
     <descriptorname majortopicyn="N">
      Counseling
     </descriptorname>
    </meshheading>
    <meshheading>
     <descriptorname majortopicyn="N">
      Depression, Postpartum
     </descriptorname>
     <qualifiername majortopicyn="N">
      drug therapy
     </qualifiername>
     <qualifiername majortopicyn="Y">
      therapy
     </qualifiername>
    </meshheading>
    <meshheading>
     <descriptorname majortopicyn="N">
      Female
     </descriptorname>
    </meshheading>
    <meshheading>
     <descriptorname majortopicyn="N">
      Fluoxetine
     </descriptorname>
     <qualifiername majortopicyn="N">
      therapeutic use
     </qualifiername>
    </meshheading>
    <meshheading>
     <descriptorname majortopicyn="N">
      Humans
     </descriptorname>
    </meshheading>
    <meshheading>
     <descriptorname majortopicyn="N">
      Pregnancy
     </descriptorname>
    </meshheading>
    <meshheading>
     <descriptorname majortopicyn="N">
      Psychotherapy
     </descriptorname>
    </meshheading>
   </meshheadinglist>
   <numberofreferences>
    53
   </numberofreferences>
  </medlinecitation>
  <pubmeddata>
   <history>
    <pubmedpubdate pubstatus="pubmed">
     <year>
      2006
     </year>
     <month>
      9
     </month>
     <day>
      16
     </day>
     <hour>
      9
     </hour>
     <minute>
      0
     </minute>
    </pubmedpubdate>
    <pubmedpubdate pubstatus="medline">
     <year>
      2007
     </year>
     <month>
      5
     </month>
     <day>
      17
     </day>
     <hour>
      9
     </hour>
     <minute>
      0
     </minute>
    </pubmedpubdate>
    <pubmedpubdate pubstatus="entrez">
     <year>
      2006
     </year>
     <month>
      9
     </month>
     <day>
      16
     </day>
     <hour>
      9
     </hour>
     <minute>
      0
     </minute>
    </pubmedpubdate>
   </history>
   <publicationstatus>
    ppublish
   </publicationstatus>
   <articleidlist>
    <articleid idtype="pii">
     1407
    </articleid>
    <articleid idtype="pubmed">
     16973070
    </articleid>
   </articleidlist>
  </pubmeddata>
 </pubmedarticle>
</pubmedarticleset>

