<?xml version='1.0' encoding='utf-8'?>
<!DOCTYPE PubmedArticleSet PUBLIC "-//NLM//DTD PubMedArticle, 1st January 2011//EN" "http://www.ncbi.nlm.nih.gov/entrez/query/DTD/pubmed_110101.dtd">
<pubmedarticleset>
 <pubmedarticle>
  <medlinecitation owner="NLM" status="MEDLINE">
   <pmid version="1">
    17051752
   </pmid>
   <datecreated>
    <year>
     2006
    </year>
    <month>
     10
    </month>
    <day>
     20
    </day>
   </datecreated>
   <datecompleted>
    <year>
     2006
    </year>
    <month>
     11
    </month>
    <day>
     03
    </day>
   </datecompleted>
   <article pubmodel="Print">
    <journal>
     <issn issntype="Print">
      1726-4901
     </issn>
     <journalissue citedmedium="Print">
      <volume>
       69
      </volume>
      <issue>
       9
      </issue>
      <pubdate>
       <year>
        2006
       </year>
       <month>
        Sep
       </month>
      </pubdate>
     </journalissue>
     <title>
      Journal of the Chinese Medical Association : JCMA
     </title>
     <isoabbreviation>
      J Chin Med Assoc
     </isoabbreviation>
    </journal>
    <articletitle>
     Preseptal and orbital cellulitis: a 10-year review of hospitalized patients.
    </articletitle>
    <pagination>
     <medlinepgn>
      415-22
     </medlinepgn>
    </pagination>
    <abstract>
     <abstracttext label="BACKGROUND" nlmcategory="BACKGROUND">
      Preseptal and orbital cellulitis range in severity from minor to potentially severe complications. The purpose of this study is to describe the clinical features of patients with preseptal or orbital cellulitis in one medical center in Taiwan, and to assess the effectiveness of treatments and the complications.
     </abstracttext>
     <abstracttext label="METHODS" nlmcategory="METHODS">
      Patients admitted between 1996 and 2005 to Taipei Veterans General Hospital under the diagnosis of preseptal or orbital cellulitis were retrospectively reviewed. The demographics, administrative history, past history, clinical presentations, treatments, and complications were analyzed.
     </abstracttext>
     <abstracttext label="RESULTS" nlmcategory="RESULTS">
      In total, 94 patients fulfilling the diagnostic criteria for preseptal or orbital cellulitis were identified (67 had preseptal cellulitis, 27 had orbital cellulitis). While paranasal sinus disease was the most common predisposing cause in orbital cases, skin lesions in children and dacryocystitis in adults were the most common in preseptal cases. Microbiologic investigations showed variable results, but the most common pathogen isolated was Staphylococcus aureus. Cultures from eye swabs and local abscesses gave the highest positive yield. Blood cultures were taken in some patients, but the positive rate was extremely low. Treatments included intravenous antibiotics alone, or intravenous antibiotics combined with surgical drainage. Only one case had permanent ocular motility impairment after removal of the orbital foreign body.
     </abstracttext>
     <abstracttext label="CONCLUSION" nlmcategory="CONCLUSIONS">
      Despite the past history of potential morbidity and even mortality from orbital cellulitis, early diagnosis and prompt treatment with proper antibiotics and/or surgical intervention can achieve a good prognosis.
     </abstracttext>
    </abstract>
    <affiliation>
     Department of Ophthalmology, Taipei Veterans General Hospital and National Yang-Ming University School of Medicine, Taipei, Taiwan, ROC.
    </affiliation>
    <authorlist completeyn="Y">
     <author validyn="Y">
      <lastname>
       Liu
      </lastname>
      <forename>
       I-Ting
      </forename>
      <initials>
       IT
      </initials>
     </author>
     <author validyn="Y">
      <lastname>
       Kao
      </lastname>
      <forename>
       Shu-Ching
      </forename>
      <initials>
       SC
      </initials>
     </author>
     <author validyn="Y">
      <lastname>
       Wang
      </lastname>
      <forename>
       An-Guor
      </forename>
      <initials>
       AG
      </initials>
     </author>
     <author validyn="Y">
      <lastname>
       Tsai
      </lastname>
      <forename>
       Chieh-Chih
      </forename>
      <initials>
       CC
      </initials>
     </author>
     <author validyn="Y">
      <lastname>
       Liang
      </lastname>
      <forename>
       Chih-Kai
      </forename>
      <initials>
       CK
      </initials>
     </author>
     <author validyn="Y">
      <lastname>
       Hsu
      </lastname>
      <forename>
       Wen-Ming
      </forename>
      <initials>
       WM
      </initials>
     </author>
    </authorlist>
    <language>
     eng
    </language>
    <publicationtypelist>
     <publicationtype>
      Journal Article
     </publicationtype>
    </publicationtypelist>
   </article>
   <medlinejournalinfo>
    <country>
     China (Republic : 1949- )
    </country>
    <medlineta>
     J Chin Med Assoc
    </medlineta>
    <nlmuniqueid>
     101174817
    </nlmuniqueid>
    <issnlinking>
     1726-4901
    </issnlinking>
   </medlinejournalinfo>
   <chemicallist>
    <chemical>
     <registrynumber>
      0
     </registrynumber>
     <nameofsubstance>
      Anti-Bacterial Agents
     </nameofsubstance>
    </chemical>
   </chemicallist>
   <citationsubset>
    IM
   </citationsubset>
   <meshheadinglist>
    <meshheading>
     <descriptorname majortopicyn="N">
      Adolescent
     </descriptorname>
    </meshheading>
    <meshheading>
     <descriptorname majortopicyn="N">
      Adult
     </descriptorname>
    </meshheading>
    <meshheading>
     <descriptorname majortopicyn="N">
      Aged
     </descriptorname>
    </meshheading>
    <meshheading>
     <descriptorname majortopicyn="N">
      Aged, 80 and over
     </descriptorname>
    </meshheading>
    <meshheading>
     <descriptorname majortopicyn="N">
      Anti-Bacterial Agents
     </descriptorname>
     <qualifiername majortopicyn="N">
      therapeutic use
     </qualifiername>
    </meshheading>
    <meshheading>
     <descriptorname majortopicyn="N">
      Bacteria
     </descriptorname>
     <qualifiername majortopicyn="N">
      isolation &amp; purification
     </qualifiername>
    </meshheading>
    <meshheading>
     <descriptorname majortopicyn="N">
      Cellulitis
     </descriptorname>
     <qualifiername majortopicyn="Y">
      diagnosis
     </qualifiername>
     <qualifiername majortopicyn="N">
      etiology
     </qualifiername>
     <qualifiername majortopicyn="N">
      therapy
     </qualifiername>
    </meshheading>
    <meshheading>
     <descriptorname majortopicyn="N">
      Child
     </descriptorname>
    </meshheading>
    <meshheading>
     <descriptorname majortopicyn="N">
      Child, Preschool
     </descriptorname>
    </meshheading>
    <meshheading>
     <descriptorname majortopicyn="N">
      Eye Infections, Bacterial
     </descriptorname>
     <qualifiername majortopicyn="Y">
      diagnosis
     </qualifiername>
     <qualifiername majortopicyn="N">
      etiology
     </qualifiername>
     <qualifiername majortopicyn="N">
      therapy
     </qualifiername>
    </meshheading>
    <meshheading>
     <descriptorname majortopicyn="N">
      Eyelid Diseases
     </descriptorname>
     <qualifiername majortopicyn="Y">
      diagnosis
     </qualifiername>
     <qualifiername majortopicyn="N">
      etiology
     </qualifiername>
     <qualifiername majortopicyn="N">
      therapy
     </qualifiername>
    </meshheading>
    <meshheading>
     <descriptorname majortopicyn="N">
      Hospitalization
     </descriptorname>
    </meshheading>
    <meshheading>
     <descriptorname majortopicyn="N">
      Humans
     </descriptorname>
    </meshheading>
    <meshheading>
     <descriptorname majortopicyn="N">
      Infant
     </descriptorname>
    </meshheading>
    <meshheading>
     <descriptorname majortopicyn="N">
      Middle Aged
     </descriptorname>
    </meshheading>
    <meshheading>
     <descriptorname majortopicyn="N">
      Orbital Diseases
     </descriptorname>
     <qualifiername majortopicyn="Y">
      diagnosis
     </qualifiername>
     <qualifiername majortopicyn="N">
      etiology
     </qualifiername>
     <qualifiername majortopicyn="N">
      therapy
     </qualifiername>
    </meshheading>
    <meshheading>
     <descriptorname majortopicyn="N">
      Retrospective Studies
     </descriptorname>
    </meshheading>
   </meshheadinglist>
  </medlinecitation>
  <pubmeddata>
   <history>
    <pubmedpubdate pubstatus="pubmed">
     <year>
      2006
     </year>
     <month>
      10
     </month>
     <day>
      21
     </day>
     <hour>
      9
     </hour>
     <minute>
      0
     </minute>
    </pubmedpubdate>
    <pubmedpubdate pubstatus="medline">
     <year>
      2006
     </year>
     <month>
      11
     </month>
     <day>
      4
     </day>
     <hour>
      9
     </hour>
     <minute>
      0
     </minute>
    </pubmedpubdate>
    <pubmedpubdate pubstatus="entrez">
     <year>
      2006
     </year>
     <month>
      10
     </month>
     <day>
      21
     </day>
     <hour>
      9
     </hour>
     <minute>
      0
     </minute>
    </pubmedpubdate>
   </history>
   <publicationstatus>
    ppublish
   </publicationstatus>
   <articleidlist>
    <articleid idtype="pubmed">
     17051752
    </articleid>
    <articleid idtype="pii">
     S1726-4901(09)70284-9
    </articleid>
    <articleid idtype="doi">
     10.1016/S1726-4901(09)70284-9
    </articleid>
   </articleidlist>
  </pubmeddata>
 </pubmedarticle>
</pubmedarticleset>

