<?xml version='1.0' encoding='utf-8'?>
<!DOCTYPE PubmedArticleSet PUBLIC "-//NLM//DTD PubMedArticle, 1st January 2011//EN" "http://www.ncbi.nlm.nih.gov/entrez/query/DTD/pubmed_110101.dtd">
<pubmedarticleset>
 <pubmedarticle>
  <medlinecitation owner="NLM" status="MEDLINE">
   <pmid version="1">
    17054209
   </pmid>
   <datecreated>
    <year>
     2006
    </year>
    <month>
     10
    </month>
    <day>
     20
    </day>
   </datecreated>
   <datecompleted>
    <year>
     2007
    </year>
    <month>
     01
    </month>
    <day>
     19
    </day>
   </datecompleted>
   <daterevised>
    <year>
     2007
    </year>
    <month>
     11
    </month>
    <day>
     15
    </day>
   </daterevised>
   <article pubmodel="Electronic">
    <journal>
     <issn issntype="Electronic">
      1469-493X
     </issn>
     <journalissue citedmedium="Internet">
      <issue>
       4
      </issue>
      <pubdate>
       <year>
        2006
       </year>
      </pubdate>
     </journalissue>
     <title>
      Cochrane database of systematic reviews (Online)
     </title>
     <isoabbreviation>
      Cochrane Database Syst Rev
     </isoabbreviation>
    </journal>
    <articletitle>
     Methotrexate for ankylosing spondylitis.
    </articletitle>
    <pagination>
     <medlinepgn>
      CD004524
     </medlinepgn>
    </pagination>
    <abstract>
     <abstracttext label="BACKGROUND" nlmcategory="BACKGROUND">
      Ankylosing spondylitis (AS) is a chronic inflammatory disease of unknown cause, characterised by sacroiliitis and spondylitis. Generally, treatment is limited to the alleviation of symptoms using non-steroidal anti-inflammatory drugs (NSAIDs). Recently, disease-modifying antirheumatic drugs (DMARDs) have been used for patients for whom NSAIDs do not work. Methotrexate (MTX), a widely used DMARD, is effective for rheumatoid arthritis (RA), and so might work for AS too.
     </abstracttext>
     <abstracttext label="OBJECTIVES" nlmcategory="OBJECTIVE">
      To evaluate the efficacy and toxicity of MTX for treating AS.
     </abstracttext>
     <abstracttext label="SEARCH STRATEGY" nlmcategory="METHODS">
      We conducted searches in any language in: CENTRAL (The Cochrane Library Issue 4, 2005); MEDLINE (1966 to November 20, 2005); EMBASE (1980 to November 20, 2005); CINAHL (1982 to November 20, 2005), and the reference sections of retrieved articles.
     </abstracttext>
     <abstracttext label="SELECTION CRITERIA" nlmcategory="METHODS">
      Randomised and quasi-randomised trials examining the efficacy of MTX versus placebo, other medication, or no medication, for AS.
     </abstracttext>
     <abstracttext label="DATA COLLECTION AND ANALYSIS" nlmcategory="METHODS">
      Two reviewers independently assessed unblinded trial reports for inclusion, assessed methodological quality and entered trial data into RevMan 4.2 using the double-entry facility. Disagreements were resolved by a third reviewer. In the absence of significant heterogeneity, results for continuous data were combined using weighted mean difference or standardised mean difference. Relative risk was used for dichotomous data.
     </abstracttext>
     <abstracttext label="MAIN RESULTS" nlmcategory="RESULTS">
      Three trials, involving 116 patients, were included. One 12-month trial compared naproxen plus MTX with naproxen alone. Two 24-week trials compared different doses of MTX with placebo. No statistically significant differences were found for the primary outcome measures of physical function, pain, spinal mobility, peripheral joints/entheses pain, swelling and tenderness, changes in spine radiographs and patient and physician global assessment. Only the response rate in one trial showed a statistically significant benefit of 36% in the MTX group compared to the placebo group (RR 3.18, 95% CI 1.03 to 9.79). This response rate was a composite index that included assessments of morning stiffness, physical well-being, Bath ankylosing spondylitis disease activity index (BASDAI), Bath ankylosing spondylitis functional index (BASFI), health assessment questionnaire for spondyloarthropathies (HAQ-S), and physician and patient global assessment. However, no single outcome showed a statistically significant difference between the MTX and placebo groups when endpoint results were compared. Therefore, this benefit of MTX is questionable. No serious side effects were reported in these trials.
     </abstracttext>
     <abstracttext label="AUTHORS' CONCLUSIONS" nlmcategory="CONCLUSIONS">
      There is not enough evidence to support any benefit of MTX in the treatment of AS. High-quality randomised controlled trials of longer durations and with larger sample sizes are needed to clarify the effect(s) of MTX on AS.
     </abstracttext>
    </abstract>
    <affiliation>
     TheFirst Affiliated Hospital of Fujian Medical University, Department of Hematology and Rheumatology, Fuzhou, Fujian Province, China. drjunminchen@hotmail.com
    </affiliation>
    <authorlist completeyn="Y">
     <author validyn="Y">
      <lastname>
       Chen
      </lastname>
      <forename>
       J
      </forename>
      <initials>
       J
      </initials>
     </author>
     <author validyn="Y">
      <lastname>
       Liu
      </lastname>
      <forename>
       C
      </forename>
      <initials>
       C
      </initials>
     </author>
     <author validyn="Y">
      <lastname>
       Lin
      </lastname>
      <forename>
       J
      </forename>
      <initials>
       J
      </initials>
     </author>
    </authorlist>
    <language>
     eng
    </language>
    <publicationtypelist>
     <publicationtype>
      Journal Article
     </publicationtype>
     <publicationtype>
      Meta-Analysis
     </publicationtype>
     <publicationtype>
      Review
     </publicationtype>
    </publicationtypelist>
    <articledate datetype="Electronic">
     <year>
      2006
     </year>
     <month>
      10
     </month>
     <day>
      18
     </day>
    </articledate>
   </article>
   <medlinejournalinfo>
    <country>
     England
    </country>
    <medlineta>
     Cochrane Database Syst Rev
    </medlineta>
    <nlmuniqueid>
     100909747
    </nlmuniqueid>
    <issnlinking>
     1361-6137
    </issnlinking>
   </medlinejournalinfo>
   <chemicallist>
    <chemical>
     <registrynumber>
      0
     </registrynumber>
     <nameofsubstance>
      Antirheumatic Agents
     </nameofsubstance>
    </chemical>
    <chemical>
     <registrynumber>
      22204-53-1
     </registrynumber>
     <nameofsubstance>
      Naproxen
     </nameofsubstance>
    </chemical>
    <chemical>
     <registrynumber>
      59-05-2
     </registrynumber>
     <nameofsubstance>
      Methotrexate
     </nameofsubstance>
    </chemical>
   </chemicallist>
   <citationsubset>
    IM
   </citationsubset>
   <commentscorrectionslist>
    <commentscorrections reftype="UpdateOf">
     <refsource>
      Cochrane Database Syst Rev. 2004;(3):CD004524
     </refsource>
     <pmid version="1">
      15266537
     </pmid>
    </commentscorrections>
   </commentscorrectionslist>
   <meshheadinglist>
    <meshheading>
     <descriptorname majortopicyn="N">
      Antirheumatic Agents
     </descriptorname>
     <qualifiername majortopicyn="Y">
      therapeutic use
     </qualifiername>
    </meshheading>
    <meshheading>
     <descriptorname majortopicyn="N">
      Humans
     </descriptorname>
    </meshheading>
    <meshheading>
     <descriptorname majortopicyn="N">
      Methotrexate
     </descriptorname>
     <qualifiername majortopicyn="Y">
      therapeutic use
     </qualifiername>
    </meshheading>
    <meshheading>
     <descriptorname majortopicyn="N">
      Naproxen
     </descriptorname>
     <qualifiername majortopicyn="N">
      therapeutic use
     </qualifiername>
    </meshheading>
    <meshheading>
     <descriptorname majortopicyn="N">
      Randomized Controlled Trials as Topic
     </descriptorname>
    </meshheading>
    <meshheading>
     <descriptorname majortopicyn="N">
      Spondylitis, Ankylosing
     </descriptorname>
     <qualifiername majortopicyn="Y">
      drug therapy
     </qualifiername>
    </meshheading>
   </meshheadinglist>
   <numberofreferences>
    24
   </numberofreferences>
  </medlinecitation>
  <pubmeddata>
   <history>
    <pubmedpubdate pubstatus="pubmed">
     <year>
      2006
     </year>
     <month>
      10
     </month>
     <day>
      21
     </day>
     <hour>
      9
     </hour>
     <minute>
      0
     </minute>
    </pubmedpubdate>
    <pubmedpubdate pubstatus="medline">
     <year>
      2007
     </year>
     <month>
      1
     </month>
     <day>
      20
     </day>
     <hour>
      9
     </hour>
     <minute>
      0
     </minute>
    </pubmedpubdate>
    <pubmedpubdate pubstatus="entrez">
     <year>
      2006
     </year>
     <month>
      10
     </month>
     <day>
      21
     </day>
     <hour>
      9
     </hour>
     <minute>
      0
     </minute>
    </pubmedpubdate>
   </history>
   <publicationstatus>
    epublish
   </publicationstatus>
   <articleidlist>
    <articleid idtype="doi">
     10.1002/14651858.CD004524.pub3
    </articleid>
    <articleid idtype="pubmed">
     17054209
    </articleid>
   </articleidlist>
  </pubmeddata>
 </pubmedarticle>
</pubmedarticleset>

