<?xml version='1.0' encoding='utf-8'?>
<!DOCTYPE PubmedArticleSet PUBLIC "-//NLM//DTD PubMedArticle, 1st January 2011//EN" "http://www.ncbi.nlm.nih.gov/entrez/query/DTD/pubmed_110101.dtd">
<pubmedarticleset>
 <pubmedarticle>
  <medlinecitation owner="NLM" status="MEDLINE">
   <pmid version="1">
    17091409
   </pmid>
   <datecreated>
    <year>
     2006
    </year>
    <month>
     11
    </month>
    <day>
     08
    </day>
   </datecreated>
   <datecompleted>
    <year>
     2006
    </year>
    <month>
     12
    </month>
    <day>
     22
    </day>
   </datecompleted>
   <article pubmodel="Print">
    <journal>
     <issn issntype="Print">
      0001-6349
     </issn>
     <journalissue citedmedium="Print">
      <volume>
       85
      </volume>
      <issue>
       11
      </issue>
      <pubdate>
       <year>
        2006
       </year>
      </pubdate>
     </journalissue>
     <title>
      Acta obstetricia et gynecologica Scandinavica
     </title>
     <isoabbreviation>
      Acta Obstet Gynecol Scand
     </isoabbreviation>
    </journal>
    <articletitle>
     Prevention of postpartum hemorrhage by uterotonic agents: comparison of oxytocin and methylergometrine in the management of the third stage of labor.
    </articletitle>
    <pagination>
     <medlinepgn>
      1310-4
     </medlinepgn>
    </pagination>
    <abstract>
     <abstracttext label="OBJECTIVES" nlmcategory="OBJECTIVE">
      To determine the efficacy of intravenous oxytocin administration compared with intravenous methylergometrine administration for the prevention of postpartum hemorrhage (PPH), and the significance of administration at the end of the second stage of labor compared with that after the third stage.
     </abstracttext>
     <abstracttext label="METHODS" nlmcategory="METHODS">
      A prospective study was undertaken: two major groups (oxytocin group and methylergometrine group) of 438 women with singleton pregnancy and vaginal delivery were studied during a 15-month period. These two groups were subdivided into three subgroups: 1. intravenous injection (two minutes) group immediately after the delivery of the fetal anterior shoulder, 2. intravenous injection (two minutes) group immediately after the delivery of the placenta, and 3. drip infusion (20 min) group immediately after the delivery of the fetal head. In each group, quantitative postpartum blood loss, frequencies of blood loss &gt;500 ml, and need of additional uterotonic treatment were evaluated.
     </abstracttext>
     <abstracttext label="RESULTS" nlmcategory="RESULTS">
      As compared with methylergometrine, oxytocin administration was associated with a significant reduction in postpartum blood loss and in frequency of blood loss &gt;500 ml. The risk of PPH was significantly reduced with intravenous injection of oxytocin after delivery of the fetal anterior shoulder, compared with intravenous injection of oxytocin after expulsion of the placenta (OR 0.33, 95%CI 0.11-0.98) and intravenous injection of methylergometrine after delivery of the fetal anterior shoulder (OR 0.31, 95%CI 0.11-0.85).
     </abstracttext>
     <abstracttext label="CONCLUSIONS" nlmcategory="CONCLUSIONS">
      Intravenous injection of 5 IU oxytocin immediately after delivery of fetal anterior shoulder is the treatment of choice for prevention of PPH in patients with natural course of labor.
     </abstracttext>
    </abstract>
    <affiliation>
     Department of Obstetrics and Gynecology, Kobe University Graduate School of Medicine, Kobe, Japan.
    </affiliation>
    <authorlist completeyn="Y">
     <author validyn="Y">
      <lastname>
       Fujimoto
      </lastname>
      <forename>
       Miki
      </forename>
      <initials>
       M
      </initials>
     </author>
     <author validyn="Y">
      <lastname>
       Takeuchi
      </lastname>
      <forename>
       Kyousuke
      </forename>
      <initials>
       K
      </initials>
     </author>
     <author validyn="Y">
      <lastname>
       Sugimoto
      </lastname>
      <forename>
       Makoto
      </forename>
      <initials>
       M
      </initials>
     </author>
     <author validyn="Y">
      <lastname>
       Maruo
      </lastname>
      <forename>
       Takeshi
      </forename>
      <initials>
       T
      </initials>
     </author>
    </authorlist>
    <language>
     eng
    </language>
    <publicationtypelist>
     <publicationtype>
      Clinical Trial
     </publicationtype>
     <publicationtype>
      Comparative Study
     </publicationtype>
     <publicationtype>
      Journal Article
     </publicationtype>
    </publicationtypelist>
   </article>
   <medlinejournalinfo>
    <country>
     Denmark
    </country>
    <medlineta>
     Acta Obstet Gynecol Scand
    </medlineta>
    <nlmuniqueid>
     0370343
    </nlmuniqueid>
    <issnlinking>
     0001-6349
    </issnlinking>
   </medlinejournalinfo>
   <chemicallist>
    <chemical>
     <registrynumber>
      0
     </registrynumber>
     <nameofsubstance>
      Oxytocics
     </nameofsubstance>
    </chemical>
    <chemical>
     <registrynumber>
      113-42-8
     </registrynumber>
     <nameofsubstance>
      Methylergonovine
     </nameofsubstance>
    </chemical>
    <chemical>
     <registrynumber>
      50-56-6
     </registrynumber>
     <nameofsubstance>
      Oxytocin
     </nameofsubstance>
    </chemical>
   </chemicallist>
   <citationsubset>
    IM
   </citationsubset>
   <meshheadinglist>
    <meshheading>
     <descriptorname majortopicyn="N">
      Adult
     </descriptorname>
    </meshheading>
    <meshheading>
     <descriptorname majortopicyn="N">
      Drug Administration Schedule
     </descriptorname>
    </meshheading>
    <meshheading>
     <descriptorname majortopicyn="N">
      Female
     </descriptorname>
    </meshheading>
    <meshheading>
     <descriptorname majortopicyn="N">
      Humans
     </descriptorname>
    </meshheading>
    <meshheading>
     <descriptorname majortopicyn="N">
      Infusions, Intravenous
     </descriptorname>
    </meshheading>
    <meshheading>
     <descriptorname majortopicyn="N">
      Injections, Intravenous
     </descriptorname>
    </meshheading>
    <meshheading>
     <descriptorname majortopicyn="N">
      Labor Stage, Third
     </descriptorname>
    </meshheading>
    <meshheading>
     <descriptorname majortopicyn="N">
      Methylergonovine
     </descriptorname>
     <qualifiername majortopicyn="Y">
      administration &amp; dosage
     </qualifiername>
    </meshheading>
    <meshheading>
     <descriptorname majortopicyn="N">
      Oxytocics
     </descriptorname>
     <qualifiername majortopicyn="Y">
      administration &amp; dosage
     </qualifiername>
    </meshheading>
    <meshheading>
     <descriptorname majortopicyn="N">
      Oxytocin
     </descriptorname>
     <qualifiername majortopicyn="Y">
      administration &amp; dosage
     </qualifiername>
    </meshheading>
    <meshheading>
     <descriptorname majortopicyn="N">
      Postpartum Hemorrhage
     </descriptorname>
     <qualifiername majortopicyn="Y">
      prevention &amp; control
     </qualifiername>
    </meshheading>
    <meshheading>
     <descriptorname majortopicyn="N">
      Pregnancy
     </descriptorname>
    </meshheading>
   </meshheadinglist>
  </medlinecitation>
  <pubmeddata>
   <history>
    <pubmedpubdate pubstatus="pubmed">
     <year>
      2006
     </year>
     <month>
      11
     </month>
     <day>
      9
     </day>
     <hour>
      9
     </hour>
     <minute>
      0
     </minute>
    </pubmedpubdate>
    <pubmedpubdate pubstatus="medline">
     <year>
      2006
     </year>
     <month>
      12
     </month>
     <day>
      23
     </day>
     <hour>
      9
     </hour>
     <minute>
      0
     </minute>
    </pubmedpubdate>
    <pubmedpubdate pubstatus="entrez">
     <year>
      2006
     </year>
     <month>
      11
     </month>
     <day>
      9
     </day>
     <hour>
      9
     </hour>
     <minute>
      0
     </minute>
    </pubmedpubdate>
   </history>
   <publicationstatus>
    ppublish
   </publicationstatus>
   <articleidlist>
    <articleid idtype="pii">
     758238981
    </articleid>
    <articleid idtype="doi">
     10.1080/00016340600756912
    </articleid>
    <articleid idtype="pubmed">
     17091409
    </articleid>
   </articleidlist>
  </pubmeddata>
 </pubmedarticle>
</pubmedarticleset>

