<?xml version='1.0' encoding='utf-8'?>
<!DOCTYPE PubmedArticleSet PUBLIC "-//NLM//DTD PubMedArticle, 1st January 2011//EN" "http://www.ncbi.nlm.nih.gov/entrez/query/DTD/pubmed_110101.dtd">
<pubmedarticleset>
 <pubmedarticle>
  <medlinecitation owner="NLM" status="MEDLINE">
   <pmid version="1">
    17162986
   </pmid>
   <datecreated>
    <year>
     2006
    </year>
    <month>
     12
    </month>
    <day>
     13
    </day>
   </datecreated>
   <datecompleted>
    <year>
     2007
    </year>
    <month>
     02
    </month>
    <day>
     28
    </day>
   </datecompleted>
   <daterevised>
    <year>
     2009
    </year>
    <month>
     01
    </month>
    <day>
     29
    </day>
   </daterevised>
   <article pubmodel="Print">
    <journal>
     <issn issntype="Print">
      0161-8105
     </issn>
     <journalissue citedmedium="Print">
      <volume>
       29
      </volume>
      <issue>
       11
      </issue>
      <pubdate>
       <year>
        2006
       </year>
       <month>
        Nov
       </month>
       <day>
        1
       </day>
      </pubdate>
     </journalissue>
     <title>
      Sleep
     </title>
     <isoabbreviation>
      Sleep
     </isoabbreviation>
    </journal>
    <articletitle>
     Psychological and behavioral treatment of insomnia:update of the recent evidence (1998-2004).
    </articletitle>
    <pagination>
     <medlinepgn>
      1398-414
     </medlinepgn>
    </pagination>
    <abstract>
     <abstracttext label="BACKGROUND" nlmcategory="BACKGROUND">
      Recognition that psychological and behavioral factors play an important role in insomnia has led to increased interest in therapies targeting these factors. A review paper published in 1999 summarized the evidence regarding the efficacy of psychological and behavioral treatments for persistent insomnia. The present review provides an update of the evidence published since the original paper. As with the original paper, this review was conducted by a task force commissioned by the American Academy of Sleep Medicine in order to update its practice parameters on psychological and behavioral therapies for insomnia.
     </abstracttext>
     <abstracttext label="METHODS" nlmcategory="METHODS">
      A systematic review was conducted on 37 treatment studies (N = 2246 subjects/patients) published between 1998 and 2004 inclusively and identified through Psyclnfo and Medline searches. Each study was systematically reviewed with a standard coding sheet and the following information was extracted: Study design, sample (number of participants, age, gender), diagnosis, type of treatments and controls, primary and secondary outcome measures, and main findings. Criteria for inclusion of a study were as follows: (a) the main sleep diagnosis was insomnia (primary or comorbid), (b) at least 1 treatment condition was psychological or behavioral in content, (c) the study design was a randomized controlled trial, a nonrandomized group design, a clinical case series or a single subject experimental design with a minimum of 10 subjects, and (d) the study included at least 1 of the following as dependent variables: sleep onset latency, number and/or duration of awakenings, total sleep time, sleep efficiency, or sleep quality.
     </abstracttext>
     <abstracttext label="RESULTS" nlmcategory="RESULTS">
      Psychological and behavioral therapies produced reliable changes in several sleep parameters of individuals with either primary insomnia or insomnia associated with medical and psychiatric disorders. Nine studies documented the benefits of insomnia treatment in older adults or for facilitating discontinuation of medication among chronic hypnotic users. Sleep improvements achieved with treatment were well sustained over time; however, with the exception of reduced psychological symptoms/ distress, there was limited evidence that improved sleep led to clinically meaningful changes in other indices of morbidity (e.g., daytime fatigue). Five treatments met criteria for empirically-supported psychological treatments for insomnia: Stimulus control therapy, relaxation, paradoxical intention, sleep restriction, and cognitive-behavior therapy.
     </abstracttext>
     <abstracttext label="DISCUSSION" nlmcategory="CONCLUSIONS">
      These updated findings provide additional evidence in support of the original review's conclusions as to the efficacy and generalizability of psychological and behavioral therapies for persistent insomnia. Nonetheless, further research is needed to develop therapies that would optimize outcomes and reduce morbidity, as would studies of treatment mechanisms, mediators, and moderators of outcomes. Effectiveness studies are also needed to validate those therapies when implemented in clinical settings (primary care), by non-sleep specialists. There is also a need to disseminate more effectively the available evidence in support of psychological and behavioral interventions to health-care practitioners working on the front line.
     </abstracttext>
    </abstract>
    <affiliation>
     Université Laval, Québec, Canada. cmorin@psy.ulaval.ca
    </affiliation>
    <authorlist completeyn="Y">
     <author validyn="Y">
      <lastname>
       Morin
      </lastname>
      <forename>
       Charles M
      </forename>
      <initials>
       CM
      </initials>
     </author>
     <author validyn="Y">
      <lastname>
       Bootzin
      </lastname>
      <forename>
       Richard R
      </forename>
      <initials>
       RR
      </initials>
     </author>
     <author validyn="Y">
      <lastname>
       Buysse
      </lastname>
      <forename>
       Daniel J
      </forename>
      <initials>
       DJ
      </initials>
     </author>
     <author validyn="Y">
      <lastname>
       Edinger
      </lastname>
      <forename>
       Jack D
      </forename>
      <initials>
       JD
      </initials>
     </author>
     <author validyn="Y">
      <lastname>
       Espie
      </lastname>
      <forename>
       Colin A
      </forename>
      <initials>
       CA
      </initials>
     </author>
     <author validyn="Y">
      <lastname>
       Lichstein
      </lastname>
      <forename>
       Kenneth L
      </forename>
      <initials>
       KL
      </initials>
     </author>
    </authorlist>
    <language>
     eng
    </language>
    <publicationtypelist>
     <publicationtype>
      Journal Article
     </publicationtype>
     <publicationtype>
      Review
     </publicationtype>
    </publicationtypelist>
   </article>
   <medlinejournalinfo>
    <country>
     United States
    </country>
    <medlineta>
     Sleep
    </medlineta>
    <nlmuniqueid>
     7809084
    </nlmuniqueid>
    <issnlinking>
     0161-8105
    </issnlinking>
   </medlinejournalinfo>
   <chemicallist>
    <chemical>
     <registrynumber>
      0
     </registrynumber>
     <nameofsubstance>
      Hypnotics and Sedatives
     </nameofsubstance>
    </chemical>
   </chemicallist>
   <citationsubset>
    IM
   </citationsubset>
   <meshheadinglist>
    <meshheading>
     <descriptorname majortopicyn="N">
      Adult
     </descriptorname>
    </meshheading>
    <meshheading>
     <descriptorname majortopicyn="N">
      Aged
     </descriptorname>
    </meshheading>
    <meshheading>
     <descriptorname majortopicyn="Y">
      Behavior Therapy
     </descriptorname>
    </meshheading>
    <meshheading>
     <descriptorname majortopicyn="Y">
      Cognitive Therapy
     </descriptorname>
    </meshheading>
    <meshheading>
     <descriptorname majortopicyn="N">
      Combined Modality Therapy
     </descriptorname>
    </meshheading>
    <meshheading>
     <descriptorname majortopicyn="N">
      Comorbidity
     </descriptorname>
    </meshheading>
    <meshheading>
     <descriptorname majortopicyn="N">
      Cross-Sectional Studies
     </descriptorname>
    </meshheading>
    <meshheading>
     <descriptorname majortopicyn="Y">
      Evidence-Based Medicine
     </descriptorname>
    </meshheading>
    <meshheading>
     <descriptorname majortopicyn="N">
      Female
     </descriptorname>
    </meshheading>
    <meshheading>
     <descriptorname majortopicyn="N">
      Humans
     </descriptorname>
    </meshheading>
    <meshheading>
     <descriptorname majortopicyn="N">
      Hypnotics and Sedatives
     </descriptorname>
     <qualifiername majortopicyn="N">
      administration &amp; dosage
     </qualifiername>
    </meshheading>
    <meshheading>
     <descriptorname majortopicyn="N">
      Male
     </descriptorname>
    </meshheading>
    <meshheading>
     <descriptorname majortopicyn="N">
      Middle Aged
     </descriptorname>
    </meshheading>
    <meshheading>
     <descriptorname majortopicyn="Y">
      Patient Education as Topic
     </descriptorname>
    </meshheading>
    <meshheading>
     <descriptorname majortopicyn="N">
      Randomized Controlled Trials as Topic
     </descriptorname>
    </meshheading>
    <meshheading>
     <descriptorname majortopicyn="N">
      Sleep Initiation and Maintenance Disorders
     </descriptorname>
     <qualifiername majortopicyn="N">
      epidemiology
     </qualifiername>
     <qualifiername majortopicyn="N">
      etiology
     </qualifiername>
     <qualifiername majortopicyn="Y">
      therapy
     </qualifiername>
    </meshheading>
    <meshheading>
     <descriptorname majortopicyn="N">
      Treatment Outcome
     </descriptorname>
    </meshheading>
   </meshheadinglist>
   <numberofreferences>
    82
   </numberofreferences>
  </medlinecitation>
  <pubmeddata>
   <history>
    <pubmedpubdate pubstatus="pubmed">
     <year>
      2006
     </year>
     <month>
      12
     </month>
     <day>
      14
     </day>
     <hour>
      9
     </hour>
     <minute>
      0
     </minute>
    </pubmedpubdate>
    <pubmedpubdate pubstatus="medline">
     <year>
      2007
     </year>
     <month>
      3
     </month>
     <day>
      1
     </day>
     <hour>
      9
     </hour>
     <minute>
      0
     </minute>
    </pubmedpubdate>
    <pubmedpubdate pubstatus="entrez">
     <year>
      2006
     </year>
     <month>
      12
     </month>
     <day>
      14
     </day>
     <hour>
      9
     </hour>
     <minute>
      0
     </minute>
    </pubmedpubdate>
   </history>
   <publicationstatus>
    ppublish
   </publicationstatus>
   <articleidlist>
    <articleid idtype="pubmed">
     17162986
    </articleid>
   </articleidlist>
  </pubmeddata>
 </pubmedarticle>
</pubmedarticleset>

