<?xml version='1.0' encoding='utf-8'?>
<!DOCTYPE PubmedArticleSet PUBLIC "-//NLM//DTD PubMedArticle, 1st January 2011//EN" "http://www.ncbi.nlm.nih.gov/entrez/query/DTD/pubmed_110101.dtd">
<pubmedarticleset>
 <pubmedarticle>
  <medlinecitation owner="NLM" status="MEDLINE">
   <pmid version="1">
    17495203
   </pmid>
   <datecreated>
    <year>
     2007
    </year>
    <month>
     05
    </month>
    <day>
     14
    </day>
   </datecreated>
   <datecompleted>
    <year>
     2007
    </year>
    <month>
     08
    </month>
    <day>
     06
    </day>
   </datecompleted>
   <daterevised>
    <year>
     2010
    </year>
    <month>
     09
    </month>
    <day>
     21
    </day>
   </daterevised>
   <article pubmodel="Print">
    <journal>
     <issn issntype="Print">
      1930-7381
     </issn>
     <journalissue citedmedium="Print">
      <volume>
       15
      </volume>
      <issue>
       5
      </issue>
      <pubdate>
       <year>
        2007
       </year>
       <month>
        May
       </month>
      </pubdate>
     </journalissue>
     <title>
      Obesity (Silver Spring, Md.)
     </title>
     <isoabbreviation>
      Obesity (Silver Spring)
     </isoabbreviation>
    </journal>
    <articletitle>
     Weight gain prevention among women.
    </articletitle>
    <pagination>
     <medlinepgn>
      1267-77
     </medlinepgn>
    </pagination>
    <abstract>
     <abstracttext label="OBJECTIVE" nlmcategory="OBJECTIVE">
      Women 25 to 45 years old are at risk for weight gain and future obesity. This trial was designed to evaluate the efficacy of two interventions relative to a control group in preventing weight gain among normal or overweight women and to identify demographic, behavioral, and psychosocial factors related to weight gain prevention.
     </abstracttext>
     <abstracttext label="RESEARCH METHODS AND PROCEDURES" nlmcategory="METHODS">
      Healthy women (N = 284), ages 25 to 44, with BMI &lt; 30 were randomized to one of three intervention conditions: a clinic-based group, a correspondence course, or an information-only control. Intervention was provided over 2 years, with a follow-up at Year 3. BMI and factors related to eating and weight were assessed yearly.
     </abstracttext>
     <abstracttext label="RESULTS" nlmcategory="RESULTS">
      Over the 3-year study period, 40% (n = 114) of the women remained at or below baseline body weight (+/-2 lbs), and 60% gained weight (&gt;2 lbs). Intervention had no effect on weight over time. Independently of intervention, women who were older, not actively dieting to lose weight, and who reported less perceived hunger at baseline were more likely to be successful at weight maintenance. Weight maintenance also was associated with increasing dietary restraint (conscious thoughts and purposeful behaviors to control calorie intake) and decreasing dietary disinhibition (the tendency to lose control over eating) over time.
     </abstracttext>
     <abstracttext label="DISCUSSION" nlmcategory="CONCLUSIONS">
      This study raises concern about the feasibility and efficacy of weight gain prevention interventions because most women were interested in weight loss, rather than weight gain prevention, and the interventions had no effect on weight stability. Novel approaches to the prevention of weight gain are needed.
     </abstracttext>
    </abstract>
    <affiliation>
     Western Psychiatric Institute and Clinic, University of Pittsburgh Medical Center, 3811 O'Hara Street, Pittsburgh, PA 15213, USA.
    </affiliation>
    <authorlist completeyn="Y">
     <author validyn="Y">
      <lastname>
       Levine
      </lastname>
      <forename>
       Michele D
      </forename>
      <initials>
       MD
      </initials>
     </author>
     <author validyn="Y">
      <lastname>
       Klem
      </lastname>
      <forename>
       Mary Lou
      </forename>
      <initials>
       ML
      </initials>
     </author>
     <author validyn="Y">
      <lastname>
       Kalarchian
      </lastname>
      <forename>
       Melissa A
      </forename>
      <initials>
       MA
      </initials>
     </author>
     <author validyn="Y">
      <lastname>
       Wing
      </lastname>
      <forename>
       Rena R
      </forename>
      <initials>
       RR
      </initials>
     </author>
     <author validyn="Y">
      <lastname>
       Weissfeld
      </lastname>
      <forename>
       Lisa
      </forename>
      <initials>
       L
      </initials>
     </author>
     <author validyn="Y">
      <lastname>
       Qin
      </lastname>
      <forename>
       Li
      </forename>
      <initials>
       L
      </initials>
     </author>
     <author validyn="Y">
      <lastname>
       Marcus
      </lastname>
      <forename>
       Marsha D
      </forename>
      <initials>
       MD
      </initials>
     </author>
    </authorlist>
    <language>
     eng
    </language>
    <grantlist completeyn="Y">
     <grant>
      <grantid>
       DK 053942
      </grantid>
      <acronym>
       DK
      </acronym>
      <agency>
       NIDDK NIH HHS
      </agency>
      <country>
       United States
      </country>
     </grant>
     <grant>
      <grantid>
       DK046240
      </grantid>
      <acronym>
       DK
      </acronym>
      <agency>
       NIDDK NIH HHS
      </agency>
      <country>
       United States
      </country>
     </grant>
     <grant>
      <grantid>
       K01 DA015396-04
      </grantid>
      <acronym>
       DA
      </acronym>
      <agency>
       NIDA NIH HHS
      </agency>
      <country>
       United States
      </country>
     </grant>
     <grant>
      <grantid>
       K01 DA15396
      </grantid>
      <acronym>
       DA
      </acronym>
      <agency>
       NIDA NIH HHS
      </agency>
      <country>
       United States
      </country>
     </grant>
     <grant>
      <grantid>
       R01 DK053942-05
      </grantid>
      <acronym>
       DK
      </acronym>
      <agency>
       NIDDK NIH HHS
      </agency>
      <country>
       United States
      </country>
     </grant>
    </grantlist>
    <publicationtypelist>
     <publicationtype>
      Journal Article
     </publicationtype>
     <publicationtype>
      Randomized Controlled Trial
     </publicationtype>
     <publicationtype>
      Research Support, N.I.H., Extramural
     </publicationtype>
    </publicationtypelist>
   </article>
   <medlinejournalinfo>
    <country>
     United States
    </country>
    <medlineta>
     Obesity (Silver Spring)
    </medlineta>
    <nlmuniqueid>
     101264860
    </nlmuniqueid>
    <issnlinking>
     1930-7381
    </issnlinking>
   </medlinejournalinfo>
   <citationsubset>
    IM
   </citationsubset>
   <commentscorrectionslist>
    <commentscorrections reftype="Cites">
     <refsource>
      Int J Obes Relat Metab Disord. 1999 Mar;23(3):320-7
     </refsource>
     <pmid version="1">
      10193879
     </pmid>
    </commentscorrections>
    <commentscorrections reftype="Cites">
     <refsource>
      Am J Clin Nutr. 1999 Jan;69(1):13-7
     </refsource>
     <pmid version="1">
      9925117
     </pmid>
    </commentscorrections>
    <commentscorrections reftype="Cites">
     <refsource>
      Obes Res. 1999 Jul;7(4):334-41
     </refsource>
     <pmid version="1">
      10440589
     </pmid>
    </commentscorrections>
    <commentscorrections reftype="Cites">
     <refsource>
      Health Psychol. 2000 Jan;19(1 Suppl):5-16
     </refsource>
     <pmid version="1">
      10709944
     </pmid>
    </commentscorrections>
    <commentscorrections reftype="Cites">
     <refsource>
      J Consult Clin Psychol. 2000 Aug;68(4):650-7
     </refsource>
     <pmid version="1">
      10965640
     </pmid>
    </commentscorrections>
    <commentscorrections reftype="Cites">
     <refsource>
      Int J Obes Relat Metab Disord. 2001 Mar;25(3):340-5
     </refsource>
     <pmid version="1">
      11319630
     </pmid>
    </commentscorrections>
    <commentscorrections reftype="Cites">
     <refsource>
      Annu Rev Nutr. 2001;21:323-41
     </refsource>
     <pmid version="1">
      11375440
     </pmid>
    </commentscorrections>
    <commentscorrections reftype="Cites">
     <refsource>
      Behav Modif. 2002 Jan;26(1):103-16
     </refsource>
     <pmid version="1">
      11799651
     </pmid>
    </commentscorrections>
    <commentscorrections reftype="Cites">
     <refsource>
      Int J Obes Relat Metab Disord. 2002 Mar;26(3):425-36
     </refsource>
     <pmid version="1">
      11896500
     </pmid>
    </commentscorrections>
    <commentscorrections reftype="Cites">
     <refsource>
      Obstet Gynecol. 2002 Aug;100(2):245-52
     </refsource>
     <pmid version="1">
      12151145
     </pmid>
    </commentscorrections>
    <commentscorrections reftype="Cites">
     <refsource>
      Obes Res. 2002 Aug;10(8):809-15
     </refsource>
     <pmid version="1">
      12181390
     </pmid>
    </commentscorrections>
    <commentscorrections reftype="Cites">
     <refsource>
      Soc Sci Med. 2003 Apr;56(7):1543-55
     </refsource>
     <pmid version="1">
      12614704
     </pmid>
    </commentscorrections>
    <commentscorrections reftype="Cites">
     <refsource>
      Int J Obes Relat Metab Disord. 2003 Apr;27(4):498-504
     </refsource>
     <pmid version="1">
      12664083
     </pmid>
    </commentscorrections>
    <commentscorrections reftype="Cites">
     <refsource>
      JAMA. 2003 Apr 9;289(14):1833-6
     </refsource>
     <pmid version="1">
      12684363
     </pmid>
    </commentscorrections>
    <commentscorrections reftype="Cites">
     <refsource>
      Arch Intern Med. 2003 Jun 9;163(11):1343-50
     </refsource>
     <pmid version="1">
      12796071
     </pmid>
    </commentscorrections>
    <commentscorrections reftype="Cites">
     <refsource>
      Ann Behav Med. 2003 Dec;26(3):212-20
     </refsource>
     <pmid version="1">
      14644697
     </pmid>
    </commentscorrections>
    <commentscorrections reftype="Cites">
     <refsource>
      J Consult Clin Psychol. 1992 Aug;60(4):505-17
     </refsource>
     <pmid version="1">
      1506499
     </pmid>
    </commentscorrections>
    <commentscorrections reftype="Cites">
     <refsource>
      Appetite. 2004 Dec;43(3):327-9
     </refsource>
     <pmid version="1">
      15527938
     </pmid>
    </commentscorrections>
    <commentscorrections reftype="Cites">
     <refsource>
      Prev Med. 2005 Aug;41(2):629-41
     </refsource>
     <pmid version="1">
      15917062
     </pmid>
    </commentscorrections>
    <commentscorrections reftype="Cites">
     <refsource>
      Am J Clin Nutr. 2005 Oct;82(4):740-6
     </refsource>
     <pmid version="1">
      16210701
     </pmid>
    </commentscorrections>
    <commentscorrections reftype="Cites">
     <refsource>
      Ann Behav Med. 2005 Dec;30(3):210-6
     </refsource>
     <pmid version="1">
      16336072
     </pmid>
    </commentscorrections>
    <commentscorrections reftype="Cites">
     <refsource>
      Obes Res. 1994 Nov;2(6):571-84
     </refsource>
     <pmid version="1">
      16355518
     </pmid>
    </commentscorrections>
    <commentscorrections reftype="Cites">
     <refsource>
      Arch Intern Med. 1991 Jan;151(1):97-102
     </refsource>
     <pmid version="1">
      1985614
     </pmid>
    </commentscorrections>
    <commentscorrections reftype="Cites">
     <refsource>
      N Engl J Med. 1991 Mar 14;324(11):739-45
     </refsource>
     <pmid version="1">
      1997840
     </pmid>
    </commentscorrections>
    <commentscorrections reftype="Cites">
     <refsource>
      Health Psychol. 1988;7(6):515-25
     </refsource>
     <pmid version="1">
      3215160
     </pmid>
    </commentscorrections>
    <commentscorrections reftype="Cites">
     <refsource>
      J Consult Clin Psychol. 1988 Jun;56(3):433-9
     </refsource>
     <pmid version="1">
      3397436
     </pmid>
    </commentscorrections>
    <commentscorrections reftype="Cites">
     <refsource>
      J Psychosom Res. 1985;29(1):71-83
     </refsource>
     <pmid version="1">
      3981480
     </pmid>
    </commentscorrections>
    <commentscorrections reftype="Cites">
     <refsource>
      J Health Soc Behav. 1983 Dec;24(4):385-96
     </refsource>
     <pmid version="1">
      6668417
     </pmid>
    </commentscorrections>
    <commentscorrections reftype="Cites">
     <refsource>
      Am J Epidemiol. 1978 Sep;108(3):161-75
     </refsource>
     <pmid version="1">
      707484
     </pmid>
    </commentscorrections>
    <commentscorrections reftype="Cites">
     <refsource>
      Int J Obes Relat Metab Disord. 1994 Aug;18(8):561-9
     </refsource>
     <pmid version="1">
      7951478
     </pmid>
    </commentscorrections>
    <commentscorrections reftype="Cites">
     <refsource>
      Health Psychol. 1994 May;13(3):195-212
     </refsource>
     <pmid version="1">
      8055855
     </pmid>
    </commentscorrections>
    <commentscorrections reftype="Cites">
     <refsource>
      Prev Med. 1995 Sep;24(5):509-17
     </refsource>
     <pmid version="1">
      8524727
     </pmid>
    </commentscorrections>
    <commentscorrections reftype="Cites">
     <refsource>
      J Consult Clin Psychol. 1996 Aug;64(4):752-7
     </refsource>
     <pmid version="1">
      8803365
     </pmid>
    </commentscorrections>
    <commentscorrections reftype="Cites">
     <refsource>
      J Consult Clin Psychol. 1997 Apr;65(2):286-91
     </refsource>
     <pmid version="1">
      9086692
     </pmid>
    </commentscorrections>
    <commentscorrections reftype="Cites">
     <refsource>
      Am J Public Health. 1997 Apr;87(4):635-42
     </refsource>
     <pmid version="1">
      9146444
     </pmid>
    </commentscorrections>
    <commentscorrections reftype="Cites">
     <refsource>
      Int J Obes Relat Metab Disord. 1997 Jun;21(6):457-64
     </refsource>
     <pmid version="1">
      9192229
     </pmid>
    </commentscorrections>
    <commentscorrections reftype="Cites">
     <refsource>
      JAMA. 1997 Nov 5;278(17):1407-11
     </refsource>
     <pmid version="1">
      9355998
     </pmid>
    </commentscorrections>
    <commentscorrections reftype="Cites">
     <refsource>
      Ann Intern Med. 1998 Jan 15;128(2):81-8
     </refsource>
     <pmid version="1">
      9441586
     </pmid>
    </commentscorrections>
    <commentscorrections reftype="Cites">
     <refsource>
      J Consult Clin Psychol. 1998 Oct;66(5):768-76
     </refsource>
     <pmid version="1">
      9803695
     </pmid>
    </commentscorrections>
    <commentscorrections reftype="Cites">
     <refsource>
      Am J Public Health. 1999 May;89(5):747-51
     </refsource>
     <pmid version="1">
      10224988
     </pmid>
    </commentscorrections>
   </commentscorrectionslist>
   <meshheadinglist>
    <meshheading>
     <descriptorname majortopicyn="N">
      Adult
     </descriptorname>
    </meshheading>
    <meshheading>
     <descriptorname majortopicyn="N">
      Body Mass Index
     </descriptorname>
    </meshheading>
    <meshheading>
     <descriptorname majortopicyn="N">
      Female
     </descriptorname>
    </meshheading>
    <meshheading>
     <descriptorname majortopicyn="N">
      Humans
     </descriptorname>
    </meshheading>
    <meshheading>
     <descriptorname majortopicyn="N">
      Middle Aged
     </descriptorname>
    </meshheading>
    <meshheading>
     <descriptorname majortopicyn="N">
      Obesity
     </descriptorname>
     <qualifiername majortopicyn="N">
      epidemiology
     </qualifiername>
     <qualifiername majortopicyn="Y">
      prevention &amp; control
     </qualifiername>
     <qualifiername majortopicyn="N">
      rehabilitation
     </qualifiername>
    </meshheading>
    <meshheading>
     <descriptorname majortopicyn="N">
      Patient Education as Topic
     </descriptorname>
     <qualifiername majortopicyn="N">
      methods
     </qualifiername>
    </meshheading>
    <meshheading>
     <descriptorname majortopicyn="N">
      Prevalence
     </descriptorname>
    </meshheading>
    <meshheading>
     <descriptorname majortopicyn="N" type="Geographic">
      United States
     </descriptorname>
     <qualifiername majortopicyn="N">
      epidemiology
     </qualifiername>
    </meshheading>
    <meshheading>
     <descriptorname majortopicyn="N">
      Weight Gain
     </descriptorname>
     <qualifiername majortopicyn="Y">
      physiology
     </qualifiername>
    </meshheading>
    <meshheading>
     <descriptorname majortopicyn="N">
      Weight Loss
     </descriptorname>
     <qualifiername majortopicyn="Y">
      physiology
     </qualifiername>
    </meshheading>
   </meshheadinglist>
   <otherid source="NLM">
    NIHMS64814
   </otherid>
   <otherid source="NLM">
    PMC2531237
   </otherid>
  </medlinecitation>
  <pubmeddata>
   <history>
    <pubmedpubdate pubstatus="pubmed">
     <year>
      2007
     </year>
     <month>
      5
     </month>
     <day>
      15
     </day>
     <hour>
      9
     </hour>
     <minute>
      0
     </minute>
    </pubmedpubdate>
    <pubmedpubdate pubstatus="medline">
     <year>
      2007
     </year>
     <month>
      8
     </month>
     <day>
      7
     </day>
     <hour>
      9
     </hour>
     <minute>
      0
     </minute>
    </pubmedpubdate>
    <pubmedpubdate pubstatus="entrez">
     <year>
      2007
     </year>
     <month>
      5
     </month>
     <day>
      15
     </day>
     <hour>
      9
     </hour>
     <minute>
      0
     </minute>
    </pubmedpubdate>
   </history>
   <publicationstatus>
    ppublish
   </publicationstatus>
   <articleidlist>
    <articleid idtype="pii">
     15/5/1267
    </articleid>
    <articleid idtype="pubmed">
     17495203
    </articleid>
    <articleid idtype="doi">
     10.1038/oby.2007.148
    </articleid>
    <articleid idtype="pmc">
     PMC2531237
    </articleid>
    <articleid idtype="mid">
     NIHMS64814
    </articleid>
   </articleidlist>
  </pubmeddata>
 </pubmedarticle>
</pubmedarticleset>

