<?xml version='1.0' encoding='utf-8'?>
<!DOCTYPE PubmedArticleSet PUBLIC "-//NLM//DTD PubMedArticle, 1st January 2011//EN" "http://www.ncbi.nlm.nih.gov/entrez/query/DTD/pubmed_110101.dtd">
<pubmedarticleset>
 <pubmedarticle>
  <medlinecitation owner="NLM" status="MEDLINE">
   <pmid version="1">
    17524711
   </pmid>
   <datecreated>
    <year>
     2007
    </year>
    <month>
     05
    </month>
    <day>
     25
    </day>
   </datecreated>
   <datecompleted>
    <year>
     2007
    </year>
    <month>
     07
    </month>
    <day>
     03
    </day>
   </datecompleted>
   <daterevised>
    <year>
     2009
    </year>
    <month>
     11
    </month>
    <day>
     19
    </day>
   </daterevised>
   <article pubmodel="Print">
    <journal>
     <issn issntype="Print">
      0002-8223
     </issn>
     <journalissue citedmedium="Print">
      <volume>
       107
      </volume>
      <issue>
       6
      </issue>
      <pubdate>
       <year>
        2007
       </year>
       <month>
        Jun
       </month>
      </pubdate>
     </journalissue>
     <title>
      Journal of the American Dietetic Association
     </title>
     <isoabbreviation>
      J Am Diet Assoc
     </isoabbreviation>
    </journal>
    <articletitle>
     Regular sugar-sweetened beverage consumption between meals increases risk of overweight among preschool-aged children.
    </articletitle>
    <pagination>
     <medlinepgn>
      924-34; discussion 934-5
     </medlinepgn>
    </pagination>
    <abstract>
     <abstracttext label="OBJECTIVE" nlmcategory="OBJECTIVE">
      To examine the relationship between consumption of sugar-sweetened beverages (eg, nondiet carbonated drinks and fruit drinks) and the prevalence of overweight among preschool-aged children living in Canada.
     </abstracttext>
     <abstracttext label="DESIGN" nlmcategory="METHODS">
      Data come from the Longitudinal Study of Child Development in Québec (1998-2002).
     </abstracttext>
     <abstracttext label="SUBJECTS/SETTING" nlmcategory="METHODS">
      A representative sample (n=2,103) of children born in 1998 in Québec, Canada. A total of 1,944 children (still representative of the same-age children in this population) remaining at 4 to 5 years in 2002 participated in the nutrition study.
     </abstracttext>
     <abstracttext label="STATISTICAL ANALYSES PERFORMED" nlmcategory="METHODS">
      Data were collected via 24-hour dietary recall interview. Frequency of sugar-sweetened beverage consumption between meals at age 2.5, 3.5, and 4.5 years was recorded and children's height and weight were measured. Multivariate regression analysis was done with Statistical Analysis System software. Weighted data were adjusted for within-child variability and significance level was set at 5%.
     </abstracttext>
     <abstracttext label="RESULTS" nlmcategory="RESULTS">
      Overall, 6.9% of children who were nonconsumers of sugar-sweetened beverages between meals between the ages of 2.5 to 4.5 years were overweight at 4.5 years, compared to 15.4% of regular consumers (four to six times or more per week) at ages 2.5 years, 3.5 years, and 4.5 years. According to multivariate analysis, sugar-sweetened beverage consumption between meals more than doubles the odds of being overweight when other important factors are considered in multivariate analysis. Children from families with insufficient income who consume sugar-sweetened beverages regularly between the ages of 2.5 and 4.5 years are more than three times more likely to be overweight at age 4.5 years compared to nonconsuming children from sufficient income households.
     </abstracttext>
     <abstracttext label="CONCLUSIONS" nlmcategory="CONCLUSIONS">
      Regular sugar-sweetened beverage consumption between meals may put some young children at a greater risk for overweight. Parents should limit the quantity of sweetened beverages consumed during preschool years because it may increase propensity to gain weight.
     </abstracttext>
    </abstract>
    <affiliation>
     Department of Epidemiology and Community Medicine, Institute of Population Health, University of Ottawa, Ontario, Canada. lise.dubois@uottawa.ca
    </affiliation>
    <authorlist completeyn="Y">
     <author validyn="Y">
      <lastname>
       Dubois
      </lastname>
      <forename>
       Lise
      </forename>
      <initials>
       L
      </initials>
     </author>
     <author validyn="Y">
      <lastname>
       Farmer
      </lastname>
      <forename>
       Anna
      </forename>
      <initials>
       A
      </initials>
     </author>
     <author validyn="Y">
      <lastname>
       Girard
      </lastname>
      <forename>
       Manon
      </forename>
      <initials>
       M
      </initials>
     </author>
     <author validyn="Y">
      <lastname>
       Peterson
      </lastname>
      <forename>
       Kelly
      </forename>
      <initials>
       K
      </initials>
     </author>
    </authorlist>
    <language>
     eng
    </language>
    <publicationtypelist>
     <publicationtype>
      Journal Article
     </publicationtype>
     <publicationtype>
      Research Support, Non-U.S. Gov't
     </publicationtype>
    </publicationtypelist>
   </article>
   <medlinejournalinfo>
    <country>
     United States
    </country>
    <medlineta>
     J Am Diet Assoc
    </medlineta>
    <nlmuniqueid>
     7503061
    </nlmuniqueid>
    <issnlinking>
     0002-8223
    </issnlinking>
   </medlinejournalinfo>
   <chemicallist>
    <chemical>
     <registrynumber>
      0
     </registrynumber>
     <nameofsubstance>
      Dietary Sucrose
     </nameofsubstance>
    </chemical>
   </chemicallist>
   <citationsubset>
    AIM
   </citationsubset>
   <citationsubset>
    IM
   </citationsubset>
   <commentscorrectionslist>
    <commentscorrections reftype="CommentIn">
     <refsource>
      Evid Based Nurs. 2008 Jan;11(1):24
     </refsource>
     <pmid version="1">
      18192529
     </pmid>
    </commentscorrections>
    <commentscorrections reftype="CommentIn">
     <refsource>
      J Am Diet Assoc. 2008 Jan;108(1):34-5; author reply 35
     </refsource>
     <pmid version="1">
      18155984
     </pmid>
    </commentscorrections>
   </commentscorrectionslist>
   <meshheadinglist>
    <meshheading>
     <descriptorname majortopicyn="Y">
      Beverages
     </descriptorname>
    </meshheading>
    <meshheading>
     <descriptorname majortopicyn="N">
      Body Height
     </descriptorname>
    </meshheading>
    <meshheading>
     <descriptorname majortopicyn="N">
      Body Weight
     </descriptorname>
    </meshheading>
    <meshheading>
     <descriptorname majortopicyn="N">
      Child Nutritional Physiological Phenomena
     </descriptorname>
    </meshheading>
    <meshheading>
     <descriptorname majortopicyn="N">
      Child, Preschool
     </descriptorname>
    </meshheading>
    <meshheading>
     <descriptorname majortopicyn="N">
      Dietary Sucrose
     </descriptorname>
     <qualifiername majortopicyn="Y">
      administration &amp; dosage
     </qualifiername>
     <qualifiername majortopicyn="N">
      adverse effects
     </qualifiername>
    </meshheading>
    <meshheading>
     <descriptorname majortopicyn="N">
      Energy Intake
     </descriptorname>
     <qualifiername majortopicyn="Y">
      physiology
     </qualifiername>
    </meshheading>
    <meshheading>
     <descriptorname majortopicyn="N">
      Female
     </descriptorname>
    </meshheading>
    <meshheading>
     <descriptorname majortopicyn="N">
      Humans
     </descriptorname>
    </meshheading>
    <meshheading>
     <descriptorname majortopicyn="N">
      Longitudinal Studies
     </descriptorname>
    </meshheading>
    <meshheading>
     <descriptorname majortopicyn="N">
      Male
     </descriptorname>
    </meshheading>
    <meshheading>
     <descriptorname majortopicyn="N">
      Mental Recall
     </descriptorname>
    </meshheading>
    <meshheading>
     <descriptorname majortopicyn="N">
      Multivariate Analysis
     </descriptorname>
    </meshheading>
    <meshheading>
     <descriptorname majortopicyn="N">
      Nutrition Surveys
     </descriptorname>
    </meshheading>
    <meshheading>
     <descriptorname majortopicyn="N">
      Obesity
     </descriptorname>
     <qualifiername majortopicyn="Y">
      epidemiology
     </qualifiername>
     <qualifiername majortopicyn="N">
      etiology
     </qualifiername>
     <qualifiername majortopicyn="N">
      prevention &amp; control
     </qualifiername>
    </meshheading>
    <meshheading>
     <descriptorname majortopicyn="Y">
      Overweight
     </descriptorname>
    </meshheading>
    <meshheading>
     <descriptorname majortopicyn="N">
      Prevalence
     </descriptorname>
    </meshheading>
    <meshheading>
     <descriptorname majortopicyn="N" type="Geographic">
      Quebec
     </descriptorname>
     <qualifiername majortopicyn="N">
      epidemiology
     </qualifiername>
    </meshheading>
   </meshheadinglist>
  </medlinecitation>
  <pubmeddata>
   <history>
    <pubmedpubdate pubstatus="received">
     <year>
      2005
     </year>
     <month>
      12
     </month>
     <day>
      22
     </day>
    </pubmedpubdate>
    <pubmedpubdate pubstatus="pubmed">
     <year>
      2007
     </year>
     <month>
      5
     </month>
     <day>
      26
     </day>
     <hour>
      9
     </hour>
     <minute>
      0
     </minute>
    </pubmedpubdate>
    <pubmedpubdate pubstatus="medline">
     <year>
      2007
     </year>
     <month>
      7
     </month>
     <day>
      4
     </day>
     <hour>
      9
     </hour>
     <minute>
      0
     </minute>
    </pubmedpubdate>
    <pubmedpubdate pubstatus="entrez">
     <year>
      2007
     </year>
     <month>
      5
     </month>
     <day>
      26
     </day>
     <hour>
      9
     </hour>
     <minute>
      0
     </minute>
    </pubmedpubdate>
   </history>
   <publicationstatus>
    ppublish
   </publicationstatus>
   <articleidlist>
    <articleid idtype="pii">
     S0002-8223(07)00435-X
    </articleid>
    <articleid idtype="doi">
     10.1016/j.jada.2007.03.004
    </articleid>
    <articleid idtype="pubmed">
     17524711
    </articleid>
   </articleidlist>
  </pubmeddata>
 </pubmedarticle>
</pubmedarticleset>

