<?xml version='1.0' encoding='utf-8'?>
<!DOCTYPE PubmedArticleSet PUBLIC "-//NLM//DTD PubMedArticle, 1st January 2011//EN" "http://www.ncbi.nlm.nih.gov/entrez/query/DTD/pubmed_110101.dtd">
<pubmedarticleset>
 <pubmedarticle>
  <medlinecitation owner="NLM" status="MEDLINE">
   <pmid version="1">
    17616342
   </pmid>
   <datecreated>
    <year>
     2007
    </year>
    <month>
     07
    </month>
    <day>
     09
    </day>
   </datecreated>
   <datecompleted>
    <year>
     2007
    </year>
    <month>
     09
    </month>
    <day>
     14
    </day>
   </datecompleted>
   <daterevised>
    <year>
     2009
    </year>
    <month>
     11
    </month>
    <day>
     19
    </day>
   </daterevised>
   <article pubmodel="Print">
    <journal>
     <issn issntype="Print">
      0899-9007
     </issn>
     <journalissue citedmedium="Print">
      <volume>
       23
      </volume>
      <issue>
       7-8
      </issue>
      <pubdate>
       <medlinedate>
        2007 Jul-Aug
       </medlinedate>
      </pubdate>
     </journalissue>
     <title>
      Nutrition (Burbank, Los Angeles County, Calif.)
     </title>
     <isoabbreviation>
      Nutrition
     </isoabbreviation>
    </journal>
    <articletitle>
     Is sugar-sweetened beverage consumption associated with increased fatness in children?
    </articletitle>
    <pagination>
     <medlinepgn>
      557-63
     </medlinepgn>
    </pagination>
    <abstract>
     <abstracttext label="OBJECTIVE" nlmcategory="OBJECTIVE">
      We assessed whether sugar-sweetened beverage (SSB) consumption increases fatness in British children.
     </abstracttext>
     <abstracttext label="METHODS" nlmcategory="METHODS">
      Data from a subsample of the Avon Longitudinal Study of Parents and Children were analyzed. Diet was assessed at ages 5 y (n = 521) and 7 y (n = 682) using 3-d diet diaries. Beverages were categorized into SSB, low energy, fruit juice, milk, and water. Fat mass was measured at age 9 y using dual-energy x-ray absorptiometry. The association between consumption of SSB at each age and fatness was examined using linear regression adjusted for potentially confounding variables.
     </abstracttext>
     <abstracttext label="RESULTS" nlmcategory="RESULTS">
      SSB accounted for 15% of all drinks consumed and 3% of total energy intake at both ages. There was no evidence of an association between SSB consumption at 5 or 7 y of age and fatness at age 9 y. There was a small positive correlation between low-energy drinks at age 5 and 7 y and fatness at 9 y (age 5 y, rho = 0.21, P &lt; 0.001; age 7 y, rho = 0.16, P &lt; 0.001), which was explained by existing overweight status at ages 5 and 7 y.
     </abstracttext>
     <abstracttext label="CONCLUSION" nlmcategory="CONCLUSIONS">
      In this cohort of British children there was no evidence of an association between SSB consumption at age 5 or 7 y and fatness at age 9 y. The positive relation between consumption of low-energy beverages and fatness at 9 y, which was explained by overweight status at 5 and 7 y, suggests that heavier children may consume low-energy beverages as part of an ineffective weight-control program.
     </abstracttext>
    </abstract>
    <affiliation>
     MRC Human Nutrition Research, Cambridge, United Kingdom. laura.johnson@mrc-hnr.cam.ac.uk
    </affiliation>
    <authorlist completeyn="Y">
     <author validyn="Y">
      <lastname>
       Johnson
      </lastname>
      <forename>
       Laura
      </forename>
      <initials>
       L
      </initials>
     </author>
     <author validyn="Y">
      <lastname>
       Mander
      </lastname>
      <forename>
       Adrian P
      </forename>
      <initials>
       AP
      </initials>
     </author>
     <author validyn="Y">
      <lastname>
       Jones
      </lastname>
      <forename>
       Louise R
      </forename>
      <initials>
       LR
      </initials>
     </author>
     <author validyn="Y">
      <lastname>
       Emmett
      </lastname>
      <forename>
       Pauline M
      </forename>
      <initials>
       PM
      </initials>
     </author>
     <author validyn="Y">
      <lastname>
       Jebb
      </lastname>
      <forename>
       Susan A
      </forename>
      <initials>
       SA
      </initials>
     </author>
    </authorlist>
    <language>
     eng
    </language>
    <grantlist completeyn="Y">
     <grant>
      <agency>
       Wellcome Trust
      </agency>
      <country>
       United Kingdom
      </country>
     </grant>
    </grantlist>
    <publicationtypelist>
     <publicationtype>
      Journal Article
     </publicationtype>
     <publicationtype>
      Research Support, Non-U.S. Gov't
     </publicationtype>
    </publicationtypelist>
   </article>
   <medlinejournalinfo>
    <country>
     United States
    </country>
    <medlineta>
     Nutrition
    </medlineta>
    <nlmuniqueid>
     8802712
    </nlmuniqueid>
    <issnlinking>
     0899-9007
    </issnlinking>
   </medlinejournalinfo>
   <chemicallist>
    <chemical>
     <registrynumber>
      0
     </registrynumber>
     <nameofsubstance>
      Dietary Sucrose
     </nameofsubstance>
    </chemical>
   </chemicallist>
   <citationsubset>
    IM
   </citationsubset>
   <meshheadinglist>
    <meshheading>
     <descriptorname majortopicyn="N">
      Absorptiometry, Photon
     </descriptorname>
     <qualifiername majortopicyn="N">
      methods
     </qualifiername>
    </meshheading>
    <meshheading>
     <descriptorname majortopicyn="N">
      Adipose Tissue
     </descriptorname>
     <qualifiername majortopicyn="N">
      growth &amp; development
     </qualifiername>
     <qualifiername majortopicyn="N">
      radiography
     </qualifiername>
    </meshheading>
    <meshheading>
     <descriptorname majortopicyn="N">
      Adiposity
     </descriptorname>
     <qualifiername majortopicyn="Y">
      drug effects
     </qualifiername>
    </meshheading>
    <meshheading>
     <descriptorname majortopicyn="Y">
      Beverages
     </descriptorname>
    </meshheading>
    <meshheading>
     <descriptorname majortopicyn="N">
      Body Composition
     </descriptorname>
     <qualifiername majortopicyn="Y">
      drug effects
     </qualifiername>
    </meshheading>
    <meshheading>
     <descriptorname majortopicyn="N">
      Body Mass Index
     </descriptorname>
    </meshheading>
    <meshheading>
     <descriptorname majortopicyn="N">
      Body Weight
     </descriptorname>
    </meshheading>
    <meshheading>
     <descriptorname majortopicyn="N">
      Child
     </descriptorname>
    </meshheading>
    <meshheading>
     <descriptorname majortopicyn="N">
      Child Nutritional Physiological Phenomena
     </descriptorname>
    </meshheading>
    <meshheading>
     <descriptorname majortopicyn="N">
      Child, Preschool
     </descriptorname>
    </meshheading>
    <meshheading>
     <descriptorname majortopicyn="N">
      Cohort Studies
     </descriptorname>
    </meshheading>
    <meshheading>
     <descriptorname majortopicyn="N">
      Dietary Sucrose
     </descriptorname>
     <qualifiername majortopicyn="Y">
      administration &amp; dosage
     </qualifiername>
    </meshheading>
    <meshheading>
     <descriptorname majortopicyn="N">
      Energy Intake
     </descriptorname>
    </meshheading>
    <meshheading>
     <descriptorname majortopicyn="N">
      Female
     </descriptorname>
    </meshheading>
    <meshheading>
     <descriptorname majortopicyn="N" type="Geographic">
      Great Britain
     </descriptorname>
    </meshheading>
    <meshheading>
     <descriptorname majortopicyn="N">
      Humans
     </descriptorname>
    </meshheading>
    <meshheading>
     <descriptorname majortopicyn="N">
      Linear Models
     </descriptorname>
    </meshheading>
    <meshheading>
     <descriptorname majortopicyn="N">
      Male
     </descriptorname>
    </meshheading>
    <meshheading>
     <descriptorname majortopicyn="N">
      Nutrition Surveys
     </descriptorname>
    </meshheading>
    <meshheading>
     <descriptorname majortopicyn="N">
      Obesity
     </descriptorname>
     <qualifiername majortopicyn="Y">
      etiology
     </qualifiername>
    </meshheading>
   </meshheadinglist>
  </medlinecitation>
  <pubmeddata>
   <history>
    <pubmedpubdate pubstatus="received">
     <year>
      2007
     </year>
     <month>
      3
     </month>
     <day>
      22
     </day>
    </pubmedpubdate>
    <pubmedpubdate pubstatus="revised">
     <year>
      2007
     </year>
     <month>
      5
     </month>
     <day>
      10
     </day>
    </pubmedpubdate>
    <pubmedpubdate pubstatus="accepted">
     <year>
      2007
     </year>
     <month>
      5
     </month>
     <day>
      16
     </day>
    </pubmedpubdate>
    <pubmedpubdate pubstatus="pubmed">
     <year>
      2007
     </year>
     <month>
      7
     </month>
     <day>
      10
     </day>
     <hour>
      9
     </hour>
     <minute>
      0
     </minute>
    </pubmedpubdate>
    <pubmedpubdate pubstatus="medline">
     <year>
      2007
     </year>
     <month>
      9
     </month>
     <day>
      15
     </day>
     <hour>
      9
     </hour>
     <minute>
      0
     </minute>
    </pubmedpubdate>
    <pubmedpubdate pubstatus="entrez">
     <year>
      2007
     </year>
     <month>
      7
     </month>
     <day>
      10
     </day>
     <hour>
      9
     </hour>
     <minute>
      0
     </minute>
    </pubmedpubdate>
   </history>
   <publicationstatus>
    ppublish
   </publicationstatus>
   <articleidlist>
    <articleid idtype="pii">
     S0899-9007(07)00151-7
    </articleid>
    <articleid idtype="doi">
     10.1016/j.nut.2007.05.005
    </articleid>
    <articleid idtype="pubmed">
     17616342
    </articleid>
   </articleidlist>
  </pubmeddata>
 </pubmedarticle>
</pubmedarticleset>

