<?xml version='1.0' encoding='utf-8'?>
<!DOCTYPE PubmedArticleSet PUBLIC "-//NLM//DTD PubMedArticle, 1st January 2011//EN" "http://www.ncbi.nlm.nih.gov/entrez/query/DTD/pubmed_110101.dtd">
<pubmedarticleset>
 <pubmedarticle>
  <medlinecitation owner="NLM" status="MEDLINE">
   <pmid version="1">
    18253983
   </pmid>
   <datecreated>
    <year>
     2008
    </year>
    <month>
     02
    </month>
    <day>
     06
    </day>
   </datecreated>
   <datecompleted>
    <year>
     2008
    </year>
    <month>
     04
    </month>
    <day>
     14
    </day>
   </datecompleted>
   <article pubmodel="Electronic">
    <journal>
     <issn issntype="Electronic">
      1469-493X
     </issn>
     <journalissue citedmedium="Internet">
      <issue>
       1
      </issue>
      <pubdate>
       <year>
        2008
       </year>
      </pubdate>
     </journalissue>
     <title>
      Cochrane database of systematic reviews (Online)
     </title>
     <isoabbreviation>
      Cochrane Database Syst Rev
     </isoabbreviation>
    </journal>
    <articletitle>
     Cyclical progestogens for heavy menstrual bleeding.
    </articletitle>
    <pagination>
     <medlinepgn>
      CD001016
     </medlinepgn>
    </pagination>
    <abstract>
     <abstracttext label="BACKGROUND" nlmcategory="BACKGROUND">
      Excessively heavy menstrual bleeding (HMB) or menorrhagia is an important cause of ill health in women. Eighty per cent of women treated for HMB have no anatomical pathology, which makes medical therapy, with the avoidance of possibly unnecessary surgery, an attractive alternative. Of the wide variety of medications used to reduce heavy menstrual bleeding, oral progestogens are the most commonly prescribed. This review assesses the effectiveness of two different regimens of oral progestogens in reducing ovulatory HMB.
     </abstracttext>
     <abstracttext label="OBJECTIVES" nlmcategory="OBJECTIVE">
      The primary objective of this review was to investigate the effectiveness of oral progestogen therapy taken either during the luteal phase or for a longer course of 21 days in achieving a reduction in menstrual blood loss in women of reproductive years with heavy menstrual bleeding (HMB).
     </abstracttext>
     <abstracttext label="SEARCH STRATEGY" nlmcategory="METHODS">
      We searched the Cochrane Menstrual Disorders and Subfertility Group Trials Register (searched April 2007), MEDLINE (1966 to April 2007) and EMBASE (1985 to April 2007). Attempts were also made to identify trials from citation lists of review articles. In most cases, the first author of each included trial was contacted.
     </abstracttext>
     <abstracttext label="SELECTION CRITERIA" nlmcategory="METHODS">
      The inclusion criteria were randomised comparisons of oral progestogen therapy versus placebo or other medical treatments in women of reproductive years with regular heavy periods measured either objectively or subjectively and with no pathological or iatrogenic causes for their heavy menstrual blood loss.
     </abstracttext>
     <abstracttext label="DATA COLLECTION AND ANALYSIS" nlmcategory="METHODS">
      Seven randomised controlled trials (RCTs) were identified that fulfilled the inclusion criteria. The review authors extracted the data independently. Odds ratios for dichotomous outcomes and weighted mean differences for continuous outcomes were estimated from the data.
     </abstracttext>
     <abstracttext label="MAIN RESULTS" nlmcategory="RESULTS">
      No RCTs comparing progestogen treatment with placebo were identified. Comparisons between oral progestogens and other medical therapies were assessed separately according to dosage regimen.Progestogen therapy during the luteal phase was significantly less effective at reducing menstrual blood loss when compared with tranexamic acid, danazol and the progesterone-releasing intrauterine system (IUS). Duration of menstruation was significantly longer with the progesterone IUS when compared with oral progestogen therapy but significantly shorter with danazol treatment. Adverse events were significantly more likely with danazol when compared with progestogen treatment. Progestogen therapy from day 5 to day 26 of the menstrual cycle was significantly less effective at reducing menstrual blood loss than the IUS. A significantly higher proportion of norethisterone (NET) patients taking progestogens found their treatment unacceptable compared to IUS patients. However, the adverse effects of breast tenderness and intermenstrual bleeding were more likely in women with the IUS.
     </abstracttext>
     <abstracttext label="AUTHORS' CONCLUSIONS" nlmcategory="CONCLUSIONS">
      Progestogens administered from day 15 or 19 to day 26 of the cycle offer no advantage over other medical therapies such as danazol, tranexamic acid, non-steroidal anti-inflammatory drugs (NSAIDs) and the IUS in the treatment of menorrhagia in women with ovulatory cycles. Progestogen therapy for 21 days of the cycle results in a significant reduction in menstrual blood loss, although women found the treatment less acceptable than intrauterine levonorgestrel. This regimen of progestogen may have a role in the short-term treatment of menorrhagia.
     </abstracttext>
    </abstract>
    <affiliation>
     University of Auckland, O&amp;G FMHS, Grafton Rd, Private Bag 92019, Auckland, New Zealand 1142. a.lethaby@auckland.ac.nz
    </affiliation>
    <authorlist completeyn="Y">
     <author validyn="Y">
      <lastname>
       Lethaby
      </lastname>
      <forename>
       A
      </forename>
      <initials>
       A
      </initials>
     </author>
     <author validyn="Y">
      <lastname>
       Irvine
      </lastname>
      <forename>
       G
      </forename>
      <initials>
       G
      </initials>
     </author>
     <author validyn="Y">
      <lastname>
       Cameron
      </lastname>
      <forename>
       I
      </forename>
      <initials>
       I
      </initials>
     </author>
    </authorlist>
    <language>
     eng
    </language>
    <publicationtypelist>
     <publicationtype>
      Journal Article
     </publicationtype>
     <publicationtype>
      Meta-Analysis
     </publicationtype>
     <publicationtype>
      Review
     </publicationtype>
    </publicationtypelist>
    <articledate datetype="Electronic">
     <year>
      2008
     </year>
     <month>
      01
     </month>
     <day>
      23
     </day>
    </articledate>
   </article>
   <medlinejournalinfo>
    <country>
     England
    </country>
    <medlineta>
     Cochrane Database Syst Rev
    </medlineta>
    <nlmuniqueid>
     100909747
    </nlmuniqueid>
    <issnlinking>
     1361-6137
    </issnlinking>
   </medlinejournalinfo>
   <chemicallist>
    <chemical>
     <registrynumber>
      0
     </registrynumber>
     <nameofsubstance>
      Progestins
     </nameofsubstance>
    </chemical>
   </chemicallist>
   <citationsubset>
    IM
   </citationsubset>
   <commentscorrectionslist>
    <commentscorrections reftype="UpdateOf">
     <refsource>
      Cochrane Database Syst Rev. 2000;(2):CD001016
     </refsource>
     <pmid version="1">
      10796587
     </pmid>
    </commentscorrections>
   </commentscorrectionslist>
   <meshheadinglist>
    <meshheading>
     <descriptorname majortopicyn="N">
      Administration, Oral
     </descriptorname>
    </meshheading>
    <meshheading>
     <descriptorname majortopicyn="N">
      Drug Administration Schedule
     </descriptorname>
    </meshheading>
    <meshheading>
     <descriptorname majortopicyn="N">
      Female
     </descriptorname>
    </meshheading>
    <meshheading>
     <descriptorname majortopicyn="N">
      Humans
     </descriptorname>
    </meshheading>
    <meshheading>
     <descriptorname majortopicyn="N">
      Menorrhagia
     </descriptorname>
     <qualifiername majortopicyn="Y">
      drug therapy
     </qualifiername>
    </meshheading>
    <meshheading>
     <descriptorname majortopicyn="N">
      Progestins
     </descriptorname>
     <qualifiername majortopicyn="N">
      administration &amp; dosage
     </qualifiername>
     <qualifiername majortopicyn="Y">
      therapeutic use
     </qualifiername>
    </meshheading>
    <meshheading>
     <descriptorname majortopicyn="N">
      Randomized Controlled Trials as Topic
     </descriptorname>
    </meshheading>
   </meshheadinglist>
   <numberofreferences>
    20
   </numberofreferences>
  </medlinecitation>
  <pubmeddata>
   <history>
    <pubmedpubdate pubstatus="pubmed">
     <year>
      2008
     </year>
     <month>
      2
     </month>
     <day>
      7
     </day>
     <hour>
      9
     </hour>
     <minute>
      0
     </minute>
    </pubmedpubdate>
    <pubmedpubdate pubstatus="medline">
     <year>
      2008
     </year>
     <month>
      4
     </month>
     <day>
      15
     </day>
     <hour>
      9
     </hour>
     <minute>
      0
     </minute>
    </pubmedpubdate>
    <pubmedpubdate pubstatus="entrez">
     <year>
      2008
     </year>
     <month>
      2
     </month>
     <day>
      7
     </day>
     <hour>
      9
     </hour>
     <minute>
      0
     </minute>
    </pubmedpubdate>
   </history>
   <publicationstatus>
    epublish
   </publicationstatus>
   <articleidlist>
    <articleid idtype="doi">
     10.1002/14651858.CD001016.pub2
    </articleid>
    <articleid idtype="pubmed">
     18253983
    </articleid>
   </articleidlist>
  </pubmeddata>
 </pubmedarticle>
</pubmedarticleset>

