<?xml version='1.0' encoding='utf-8'?>
<!DOCTYPE PubmedArticleSet PUBLIC "-//NLM//DTD PubMedArticle, 1st January 2011//EN" "http://www.ncbi.nlm.nih.gov/entrez/query/DTD/pubmed_110101.dtd">
<pubmedarticleset>
 <pubmedarticle>
  <medlinecitation owner="NLM" status="MEDLINE">
   <pmid version="1">
    18253996
   </pmid>
   <datecreated>
    <year>
     2008
    </year>
    <month>
     02
    </month>
    <day>
     06
    </day>
   </datecreated>
   <datecompleted>
    <year>
     2008
    </year>
    <month>
     04
    </month>
    <day>
     14
    </day>
   </datecompleted>
   <daterevised>
    <year>
     2008
    </year>
    <month>
     11
    </month>
    <day>
     21
    </day>
   </daterevised>
   <article pubmodel="Electronic">
    <journal>
     <issn issntype="Electronic">
      1469-493X
     </issn>
     <journalissue citedmedium="Internet">
      <issue>
       1
      </issue>
      <pubdate>
       <year>
        2008
       </year>
      </pubdate>
     </journalissue>
     <title>
      Cochrane database of systematic reviews (Online)
     </title>
     <isoabbreviation>
      Cochrane Database Syst Rev
     </isoabbreviation>
    </journal>
    <articletitle>
     Over-the-counter medications for acute cough in children and adults in ambulatory settings.
    </articletitle>
    <pagination>
     <medlinepgn>
      CD001831
     </medlinepgn>
    </pagination>
    <abstract>
     <abstracttext label="BACKGROUND" nlmcategory="BACKGROUND">
      Acute cough due to upper respiratory tract infection (URTI) is a common symptom. Non-prescription over-the-counter (OTC) medicines are frequently recommended as a first-line treatment, but there is little evidence as to whether these drugs are effective.
     </abstracttext>
     <abstracttext label="OBJECTIVES" nlmcategory="OBJECTIVE">
      To assess the effects of oral OTC cough preparations for acute cough.
     </abstracttext>
     <abstracttext label="SEARCH STRATEGY" nlmcategory="METHODS">
      We searched the Cochrane Central Register of Controlled Trials (CENTRAL) (The Cochrane Library 2006, Issue 4); MEDLINE (January 1966 to January Week 1, 2007); EMBASE (January 1974 to January 2007); and the UK Department of Health National Research Register (June 2007).
     </abstracttext>
     <abstracttext label="SELECTION CRITERIA" nlmcategory="METHODS">
      Randomised controlled trials (RCTs) comparing oral OTC cough preparations with placebo in children and adults suffering from acute cough in ambulatory settings. We considered all cough outcomes and second outcomes of interest were adverse effects.
     </abstracttext>
     <abstracttext label="DATA COLLECTION AND ANALYSIS" nlmcategory="METHODS">
      Two review authors independently screened potentially relevant citations and independently extracted data and assessed study quality. Quantitative analysis was performed where appropriate.
     </abstracttext>
     <abstracttext label="MAIN RESULTS" nlmcategory="RESULTS">
      Twenty five trials (17 in adults, 8 in children) involving 3492 people (2876 adults and 616 children) were included. RESULTS OF STUDIES IN ADULTS: Six trials compared antitussives with placebo and had variable results. Two trials compared the expectorant, guaifenesin with placebo, one indicated significant benefit whereas the other did not. One trial found that a mucolytic reduced cough frequency and symptom scores. Two studies examined antihistamine-decongestant combinations and found conflicting results. Three studies compared other combinations of drugs with placebo and indicated some benefit in reducing cough symptoms. Three trials found antihistamines were no more effective than placebo in relieving cough symptoms. RESULTS OF STUDIES IN CHILDREN: Antitussives (two studies), antihistamines (two studies), antihistamine decongestants (two studies) and antitussive/bronchodilator combinations (one study) were no more effective than placebo. No studies using expectorants met our inclusion criteria. The results of one trial favoured active treatment with mucolytics over placebo. One trial tested two paediatric cough syrups and both preparations showed a 'satisfactory response' in 46% and 56% of children compared to 21% of children in the placebo group.
     </abstracttext>
     <abstracttext label="AUTHORS' CONCLUSIONS" nlmcategory="CONCLUSIONS">
      There is no good evidence for or against the effectiveness of OTC medicines in acute cough. The results of this review have to be interpreted with caution due differences in study characteristics and quality. Studies often showed conflicting results with uncertainty regarding clinical relevance. Higher quality evidence is needed to determine the effectiveness of self-care treatments for acute cough.
     </abstracttext>
    </abstract>
    <authorlist completeyn="Y">
     <author validyn="Y">
      <lastname>
       Smith
      </lastname>
      <forename>
       S M
      </forename>
      <initials>
       SM
      </initials>
     </author>
     <author validyn="Y">
      <lastname>
       Schroeder
      </lastname>
      <forename>
       K
      </forename>
      <initials>
       K
      </initials>
     </author>
     <author validyn="Y">
      <lastname>
       Fahey
      </lastname>
      <forename>
       T
      </forename>
      <initials>
       T
      </initials>
     </author>
    </authorlist>
    <language>
     eng
    </language>
    <publicationtypelist>
     <publicationtype>
      Journal Article
     </publicationtype>
     <publicationtype>
      Meta-Analysis
     </publicationtype>
     <publicationtype>
      Review
     </publicationtype>
    </publicationtypelist>
    <articledate datetype="Electronic">
     <year>
      2008
     </year>
     <month>
      01
     </month>
     <day>
      23
     </day>
    </articledate>
   </article>
   <medlinejournalinfo>
    <country>
     England
    </country>
    <medlineta>
     Cochrane Database Syst Rev
    </medlineta>
    <nlmuniqueid>
     100909747
    </nlmuniqueid>
    <issnlinking>
     1361-6137
    </issnlinking>
   </medlinejournalinfo>
   <chemicallist>
    <chemical>
     <registrynumber>
      0
     </registrynumber>
     <nameofsubstance>
      Antitussive Agents
     </nameofsubstance>
    </chemical>
    <chemical>
     <registrynumber>
      0
     </registrynumber>
     <nameofsubstance>
      Expectorants
     </nameofsubstance>
    </chemical>
    <chemical>
     <registrynumber>
      0
     </registrynumber>
     <nameofsubstance>
      Histamine H1 Antagonists
     </nameofsubstance>
    </chemical>
    <chemical>
     <registrynumber>
      0
     </registrynumber>
     <nameofsubstance>
      Nonprescription Drugs
     </nameofsubstance>
    </chemical>
   </chemicallist>
   <citationsubset>
    IM
   </citationsubset>
   <commentscorrectionslist>
    <commentscorrections reftype="UpdateOf">
     <refsource>
      Cochrane Database Syst Rev. 2004;(4):CD001831
     </refsource>
     <pmid version="1">
      15495019
     </pmid>
    </commentscorrections>
   </commentscorrectionslist>
   <meshheadinglist>
    <meshheading>
     <descriptorname majortopicyn="N">
      Acute Disease
     </descriptorname>
    </meshheading>
    <meshheading>
     <descriptorname majortopicyn="N">
      Administration, Oral
     </descriptorname>
    </meshheading>
    <meshheading>
     <descriptorname majortopicyn="N">
      Adult
     </descriptorname>
    </meshheading>
    <meshheading>
     <descriptorname majortopicyn="N">
      Ambulatory Care
     </descriptorname>
    </meshheading>
    <meshheading>
     <descriptorname majortopicyn="N">
      Antitussive Agents
     </descriptorname>
     <qualifiername majortopicyn="Y">
      administration &amp; dosage
     </qualifiername>
    </meshheading>
    <meshheading>
     <descriptorname majortopicyn="N">
      Child
     </descriptorname>
    </meshheading>
    <meshheading>
     <descriptorname majortopicyn="N">
      Cough
     </descriptorname>
     <qualifiername majortopicyn="Y">
      drug therapy
     </qualifiername>
    </meshheading>
    <meshheading>
     <descriptorname majortopicyn="N">
      Drug Therapy, Combination
     </descriptorname>
    </meshheading>
    <meshheading>
     <descriptorname majortopicyn="N">
      Expectorants
     </descriptorname>
     <qualifiername majortopicyn="N">
      administration &amp; dosage
     </qualifiername>
    </meshheading>
    <meshheading>
     <descriptorname majortopicyn="N">
      Histamine H1 Antagonists
     </descriptorname>
     <qualifiername majortopicyn="N">
      administration &amp; dosage
     </qualifiername>
    </meshheading>
    <meshheading>
     <descriptorname majortopicyn="N">
      Humans
     </descriptorname>
    </meshheading>
    <meshheading>
     <descriptorname majortopicyn="N">
      Nonprescription Drugs
     </descriptorname>
     <qualifiername majortopicyn="Y">
      administration &amp; dosage
     </qualifiername>
    </meshheading>
    <meshheading>
     <descriptorname majortopicyn="N">
      Randomized Controlled Trials as Topic
     </descriptorname>
    </meshheading>
   </meshheadinglist>
   <numberofreferences>
    36
   </numberofreferences>
  </medlinecitation>
  <pubmeddata>
   <history>
    <pubmedpubdate pubstatus="pubmed">
     <year>
      2008
     </year>
     <month>
      2
     </month>
     <day>
      7
     </day>
     <hour>
      9
     </hour>
     <minute>
      0
     </minute>
    </pubmedpubdate>
    <pubmedpubdate pubstatus="medline">
     <year>
      2008
     </year>
     <month>
      4
     </month>
     <day>
      15
     </day>
     <hour>
      9
     </hour>
     <minute>
      0
     </minute>
    </pubmedpubdate>
    <pubmedpubdate pubstatus="entrez">
     <year>
      2008
     </year>
     <month>
      2
     </month>
     <day>
      7
     </day>
     <hour>
      9
     </hour>
     <minute>
      0
     </minute>
    </pubmedpubdate>
   </history>
   <publicationstatus>
    epublish
   </publicationstatus>
   <articleidlist>
    <articleid idtype="doi">
     10.1002/14651858.CD001831.pub3
    </articleid>
    <articleid idtype="pubmed">
     18253996
    </articleid>
   </articleidlist>
  </pubmeddata>
 </pubmedarticle>
</pubmedarticleset>

