<?xml version='1.0' encoding='utf-8'?>
<!DOCTYPE PubmedArticleSet PUBLIC "-//NLM//DTD PubMedArticle, 1st January 2011//EN" "http://www.ncbi.nlm.nih.gov/entrez/query/DTD/pubmed_110101.dtd">
<pubmedarticleset>
 <pubmedarticle>
  <medlinecitation owner="NLM" status="MEDLINE">
   <pmid version="1">
    1827154
   </pmid>
   <datecreated>
    <year>
     1991
    </year>
    <month>
     06
    </month>
    <day>
     04
    </day>
   </datecreated>
   <datecompleted>
    <year>
     1991
    </year>
    <month>
     06
    </month>
    <day>
     04
    </day>
   </datecompleted>
   <daterevised>
    <year>
     2006
    </year>
    <month>
     11
    </month>
    <day>
     15
    </day>
   </daterevised>
   <article pubmodel="Print">
    <journal>
     <issn issntype="Print">
      0022-3999
     </issn>
     <journalissue citedmedium="Print">
      <volume>
       35
      </volume>
      <issue>
       1
      </issue>
      <pubdate>
       <year>
        1991
       </year>
      </pubdate>
     </journalissue>
     <title>
      Journal of psychosomatic research
     </title>
     <isoabbreviation>
      J Psychosom Res
     </isoabbreviation>
    </journal>
    <articletitle>
     Psychophysiological responses to repeated acute pain stimulation in chronic low back pain patients.
    </articletitle>
    <pagination>
     <medlinepgn>
      59-74
     </medlinepgn>
    </pagination>
    <abstract>
     <abstracttext>
      Psychophysiological recordings (electrodermal activity, heart rate, respiration rate and frontalis and back muscle tension) were taken in chronic low back pain (CLBP) patients and control subjects during baseline conditions and during the presentation of six acute pressure pain stimuli. No baseline differences in back muscle tension between CLBP patients and controls were found, but CLBP patients did have higher baseline electrodermal activity. During pain stimulation, CLBP patients showed larger skin conductance reactions than controls. Also, the CLBP patient group showed a marked increase in lumbar muscle tension during the test compared to baseline, whereas the EMG level of the control group remained unchanged. This increase in muscle tension seemed to be more related to the postural change than to the pain stimulus, and it is hypothesized that some CLBP patients react with exaggerated and non-functional back muscle contractions to slight changes in posture. Contrary to expectation, no differences were found between CLBP patients and controls in physiological habituation after repeating the pain stimulus. Comparison of subjective pain ratings and psychophysiological variables showed that for control subjects arousal and subjective pain were related. For CLBP patients there was no such clear relationship.
     </abstracttext>
    </abstract>
    <affiliation>
     Department of Medical Psychology, University of Limburg, Maastricht, The Netherlands.
    </affiliation>
    <authorlist completeyn="Y">
     <author validyn="Y">
      <lastname>
       Peters
      </lastname>
      <forename>
       M L
      </forename>
      <initials>
       ML
      </initials>
     </author>
     <author validyn="Y">
      <lastname>
       Schmidt
      </lastname>
      <forename>
       A J
      </forename>
      <initials>
       AJ
      </initials>
     </author>
    </authorlist>
    <language>
     eng
    </language>
    <publicationtypelist>
     <publicationtype>
      Journal Article
     </publicationtype>
    </publicationtypelist>
   </article>
   <medlinejournalinfo>
    <country>
     ENGLAND
    </country>
    <medlineta>
     J Psychosom Res
    </medlineta>
    <nlmuniqueid>
     0376333
    </nlmuniqueid>
    <issnlinking>
     0022-3999
    </issnlinking>
   </medlinejournalinfo>
   <citationsubset>
    IM
   </citationsubset>
   <meshheadinglist>
    <meshheading>
     <descriptorname majortopicyn="N">
      Adult
     </descriptorname>
    </meshheading>
    <meshheading>
     <descriptorname majortopicyn="Y">
      Arousal
     </descriptorname>
    </meshheading>
    <meshheading>
     <descriptorname majortopicyn="N">
      Back Pain
     </descriptorname>
     <qualifiername majortopicyn="Y">
      psychology
     </qualifiername>
    </meshheading>
    <meshheading>
     <descriptorname majortopicyn="N">
      Electromyography
     </descriptorname>
    </meshheading>
    <meshheading>
     <descriptorname majortopicyn="N">
      Galvanic Skin Response
     </descriptorname>
    </meshheading>
    <meshheading>
     <descriptorname majortopicyn="N">
      Habituation, Psychophysiologic
     </descriptorname>
    </meshheading>
    <meshheading>
     <descriptorname majortopicyn="N">
      Heart Rate
     </descriptorname>
    </meshheading>
    <meshheading>
     <descriptorname majortopicyn="N">
      Humans
     </descriptorname>
    </meshheading>
    <meshheading>
     <descriptorname majortopicyn="N">
      Male
     </descriptorname>
    </meshheading>
    <meshheading>
     <descriptorname majortopicyn="N">
      Middle Aged
     </descriptorname>
    </meshheading>
    <meshheading>
     <descriptorname majortopicyn="Y">
      Pain Measurement
     </descriptorname>
    </meshheading>
    <meshheading>
     <descriptorname majortopicyn="N">
      Respiration
     </descriptorname>
    </meshheading>
    <meshheading>
     <descriptorname majortopicyn="N">
      Sensory Thresholds
     </descriptorname>
    </meshheading>
   </meshheadinglist>
  </medlinecitation>
  <pubmeddata>
   <history>
    <pubmedpubdate pubstatus="pubmed">
     <year>
      1991
     </year>
     <month>
      1
     </month>
     <day>
      1
     </day>
    </pubmedpubdate>
    <pubmedpubdate pubstatus="medline">
     <year>
      1991
     </year>
     <month>
      1
     </month>
     <day>
      1
     </day>
     <hour>
      0
     </hour>
     <minute>
      1
     </minute>
    </pubmedpubdate>
    <pubmedpubdate pubstatus="entrez">
     <year>
      1991
     </year>
     <month>
      1
     </month>
     <day>
      1
     </day>
     <hour>
      0
     </hour>
     <minute>
      0
     </minute>
    </pubmedpubdate>
   </history>
   <publicationstatus>
    ppublish
   </publicationstatus>
   <articleidlist>
    <articleid idtype="pubmed">
     1827154
    </articleid>
   </articleidlist>
  </pubmeddata>
 </pubmedarticle>
</pubmedarticleset>

