<?xml version='1.0' encoding='utf-8'?>
<!DOCTYPE PubmedArticleSet PUBLIC "-//NLM//DTD PubMedArticle, 1st January 2011//EN" "http://www.ncbi.nlm.nih.gov/entrez/query/DTD/pubmed_110101.dtd">
<pubmedarticleset>
 <pubmedarticle>
  <medlinecitation owner="NLM" status="MEDLINE">
   <pmid version="1">
    18646084
   </pmid>
   <datecreated>
    <year>
     2008
    </year>
    <month>
     07
    </month>
    <day>
     22
    </day>
   </datecreated>
   <datecompleted>
    <year>
     2008
    </year>
    <month>
     10
    </month>
    <day>
     15
    </day>
   </datecompleted>
   <article pubmodel="Electronic">
    <journal>
     <issn issntype="Electronic">
      1469-493X
     </issn>
     <journalissue citedmedium="Internet">
      <issue>
       3
      </issue>
      <pubdate>
       <year>
        2008
       </year>
      </pubdate>
     </journalissue>
     <title>
      Cochrane database of systematic reviews (Online)
     </title>
     <isoabbreviation>
      Cochrane Database Syst Rev
     </isoabbreviation>
    </journal>
    <articletitle>
     Vitamin E for Alzheimer's disease and mild cognitive impairment.
    </articletitle>
    <pagination>
     <medlinepgn>
      CD002854
     </medlinepgn>
    </pagination>
    <abstract>
     <abstracttext label="BACKGROUND" nlmcategory="BACKGROUND">
      Vitamin E is a dietary compound that functions as an antioxidant scavenging toxic free radicals. Evidence that free radicals may contribute to the pathological processes of cognitive impairment including Alzheimer's disease (AD) has led to interest in the use of Vitamin E in the treatment of Alzheimer's disease and Mild Cognitivie Impairment (MCI).
     </abstracttext>
     <abstracttext label="OBJECTIVES" nlmcategory="OBJECTIVE">
      To assess the efficacy of Vitamin E in the treatment of Alzheimer's disease and prevention of progression of Mild Cognitive Impairment to Alzheimer's disease.
     </abstracttext>
     <abstracttext label="SEARCH STRATEGY" nlmcategory="METHODS">
      The Cochrane Dementia and Cognitive Improvement's Specialized Register was searched on 8 January 2007 using the following terms: "Vitamin E", vitamin-E, alpha-tocopherol. The CDCIG Registers contains records from major health care databases and ongoing trial databases and is updated regularly.
     </abstracttext>
     <abstracttext label="SELECTION CRITERIA" nlmcategory="METHODS">
      All unconfounded, double blind, randomized trials in which treatment with Vitamin E at any dose was compared with placebo for patients with Alzheimer's disease or Mild Cognitive Impairment.
     </abstracttext>
     <abstracttext label="DATA COLLECTION AND ANALYSIS" nlmcategory="METHODS">
      Two reviewers independently applied the selection criteria and assessed study quality and extracted and analysed the data. For each outcome measure data were sought on every patient randomized. Where such data were not available an analysis of patients who completed treatment was conducted.
     </abstracttext>
     <abstracttext label="MAIN RESULTS" nlmcategory="RESULTS">
      Only 2 studies met the inclusion criteria. The primary outcome used in the AD study was survival time to the first of 4 endpoints: death, institutionalisation, loss of 2 out of 3 basic activities of daily living and severe dementia (defined as a global Clinical Dementia Rating of 3). The investigators reported the total numbers in each group who reached the primary endpoint within two years for participants completing the study ("completers"). There appeared to be some benefit from Vitamin E with fewer participants reaching endpoint - 58% (45/77) of completers compared with 74% (58/78) - a Peto odds ratio of 0.49, 95% confidence interval 0.25 to 0.96.However, more participants taking Vitamin E suffered a fall (12/77 compared with 4/78; odds ratio 3.07, 95% CI 1.09 to 8.62). It was not possible to interpret the reported results for specific endpoints or for secondary outcomes of cognition, dependence, behavioural disturbance and activities of daily living.The primary outcome used in the MCI study which had 769 participants (257 in the Vitamin E group and 259 in the placebo group; a third Donepezil group of 253 was not included in this review) was the time to progression from MCI to possible or probable AD. A total of 214 of the 769 participants had progression to dementia, with 212 being classified as having possible or probable AD. There was no significant difference in the probability of progression from MCI to AD between the Vitamin E group and the placebo group. There was no significant difference between the placebo group and the Vitamin E group in adverse events. Five subjects died in each group and 72 discontinued treatment in the Vitamin E group and 66 in the placebo group.
     </abstracttext>
     <abstracttext label="AUTHORS' CONCLUSIONS" nlmcategory="CONCLUSIONS">
      There is no evidence of efficacy of Vitamin E in the prevention or treatment of people with AD or MCI. More research is needed to identify the role of Vitamin E, if any, in the management of cognitive impairment.
     </abstracttext>
    </abstract>
    <affiliation>
     Old Age Psychiatry, Sussex Partnership NHS, Milton Court Resourse Centre, Milton Road, Eastbourne, East Sussex, UK, BN21 1SL. mokhtarisa@hotmail.com
    </affiliation>
    <authorlist completeyn="Y">
     <author validyn="Y">
      <lastname>
       Isaac
      </lastname>
      <forename>
       Mokhtar Gad El Kareem Nasr
      </forename>
      <initials>
       MG
      </initials>
     </author>
     <author validyn="Y">
      <lastname>
       Quinn
      </lastname>
      <forename>
       Rebecca
      </forename>
      <initials>
       R
      </initials>
     </author>
     <author validyn="Y">
      <lastname>
       Tabet
      </lastname>
      <forename>
       Naji
      </forename>
      <initials>
       N
      </initials>
     </author>
    </authorlist>
    <language>
     eng
    </language>
    <publicationtypelist>
     <publicationtype>
      Journal Article
     </publicationtype>
     <publicationtype>
      Meta-Analysis
     </publicationtype>
     <publicationtype>
      Review
     </publicationtype>
    </publicationtypelist>
    <articledate datetype="Electronic">
     <year>
      2008
     </year>
     <month>
      07
     </month>
     <day>
      16
     </day>
    </articledate>
   </article>
   <medlinejournalinfo>
    <country>
     England
    </country>
    <medlineta>
     Cochrane Database Syst Rev
    </medlineta>
    <nlmuniqueid>
     100909747
    </nlmuniqueid>
    <issnlinking>
     1361-6137
    </issnlinking>
   </medlinejournalinfo>
   <chemicallist>
    <chemical>
     <registrynumber>
      0
     </registrynumber>
     <nameofsubstance>
      Antioxidants
     </nameofsubstance>
    </chemical>
    <chemical>
     <registrynumber>
      1406-18-4
     </registrynumber>
     <nameofsubstance>
      Vitamin E
     </nameofsubstance>
    </chemical>
   </chemicallist>
   <citationsubset>
    IM
   </citationsubset>
   <commentscorrectionslist>
    <commentscorrections reftype="UpdateOf">
     <refsource>
      Cochrane Database Syst Rev. 2000;(4):CD002854
     </refsource>
     <pmid version="1">
      11034775
     </pmid>
    </commentscorrections>
   </commentscorrectionslist>
   <meshheadinglist>
    <meshheading>
     <descriptorname majortopicyn="N">
      Alzheimer Disease
     </descriptorname>
     <qualifiername majortopicyn="Y">
      drug therapy
     </qualifiername>
    </meshheading>
    <meshheading>
     <descriptorname majortopicyn="N">
      Antioxidants
     </descriptorname>
     <qualifiername majortopicyn="Y">
      therapeutic use
     </qualifiername>
    </meshheading>
    <meshheading>
     <descriptorname majortopicyn="N">
      Disease Progression
     </descriptorname>
    </meshheading>
    <meshheading>
     <descriptorname majortopicyn="N">
      Humans
     </descriptorname>
    </meshheading>
    <meshheading>
     <descriptorname majortopicyn="N">
      Outcome Assessment (Health Care)
     </descriptorname>
    </meshheading>
    <meshheading>
     <descriptorname majortopicyn="N">
      Randomized Controlled Trials as Topic
     </descriptorname>
    </meshheading>
    <meshheading>
     <descriptorname majortopicyn="N">
      Vitamin E
     </descriptorname>
     <qualifiername majortopicyn="Y">
      therapeutic use
     </qualifiername>
    </meshheading>
   </meshheadinglist>
   <numberofreferences>
    53
   </numberofreferences>
  </medlinecitation>
  <pubmeddata>
   <history>
    <pubmedpubdate pubstatus="pubmed">
     <year>
      2008
     </year>
     <month>
      7
     </month>
     <day>
      23
     </day>
     <hour>
      9
     </hour>
     <minute>
      0
     </minute>
    </pubmedpubdate>
    <pubmedpubdate pubstatus="medline">
     <year>
      2008
     </year>
     <month>
      10
     </month>
     <day>
      16
     </day>
     <hour>
      9
     </hour>
     <minute>
      0
     </minute>
    </pubmedpubdate>
    <pubmedpubdate pubstatus="entrez">
     <year>
      2008
     </year>
     <month>
      7
     </month>
     <day>
      23
     </day>
     <hour>
      9
     </hour>
     <minute>
      0
     </minute>
    </pubmedpubdate>
   </history>
   <publicationstatus>
    epublish
   </publicationstatus>
   <articleidlist>
    <articleid idtype="doi">
     10.1002/14651858.CD002854.pub2
    </articleid>
    <articleid idtype="pubmed">
     18646084
    </articleid>
   </articleidlist>
  </pubmeddata>
 </pubmedarticle>
</pubmedarticleset>

