<?xml version='1.0' encoding='utf-8'?>
<!DOCTYPE PubmedArticleSet PUBLIC "-//NLM//DTD PubMedArticle, 1st January 2011//EN" "http://www.ncbi.nlm.nih.gov/entrez/query/DTD/pubmed_110101.dtd">
<pubmedarticleset>
 <pubmedarticle>
  <medlinecitation owner="NLM" status="In-Data-Review">
   <pmid version="1">
    19454119
   </pmid>
   <datecreated>
    <year>
     2009
    </year>
    <month>
     05
    </month>
    <day>
     20
    </day>
   </datecreated>
   <article pubmodel="Electronic">
    <journal>
     <issn issntype="Electronic">
      1752-8526
     </issn>
     <journalissue citedmedium="Internet">
      <volume>
       2007
      </volume>
      <pubdate>
       <year>
        2007
       </year>
      </pubdate>
     </journalissue>
     <title>
      Clinical evidence
     </title>
     <isoabbreviation>
      Clin Evid (Online)
     </isoabbreviation>
    </journal>
    <articletitle>
     Colonic diverticular disease.
    </articletitle>
    <elocationid eidtype="pii" validyn="Y">
     0405
    </elocationid>
    <abstract>
     <abstracttext label="INTRODUCTION" nlmcategory="BACKGROUND">
      Diverticula (mucosal outpouching through the wall of the colon) affect over 5% of adults aged 40 years and older, but only 10-25% of affected people will develop symptoms such as lower abdominal pain. Recurrent symptoms are common, and 5% of people with diverticula eventually develop complications such as perforation, obstruction, haemorrhage, fistulae, or abscesses. METHODS AND OUTCOMES: We conducted a systematic review and aimed to answer the following clinical questions: What are the effects of: treatments for uncomplicated diverticular disease; treatments to prevent complications; and treatments for acute diverticulitis? We searched: Medline, Embase, The Cochrane Library and other important databases up to July 2006 (Clinical Evidence reviews are updated periodically, please check our website for the most up-to-date version of this review). We included harms alerts from relevant organisations such as the US Food and Drug Administration (FDA) and the UK Medicines and Healthcare products Regulatory Agency (MHRA).
     </abstracttext>
     <abstracttext label="RESULTS" nlmcategory="RESULTS">
      We found 13 systematic reviews, RCTs, or observational studies that met our inclusion criteria. We performed a GRADE evaluation of the quality of evidence for interventions.
     </abstracttext>
     <abstracttext label="CONCLUSIONS" nlmcategory="CONCLUSIONS">
      In this systematic review we present information relating to the effectiveness and safety of the following interventions: antispasmodics, bran, elective surgery, increasing fibre intake, ispaghula husk, lactulose, medical treatment, mesalazine, methylcellulose, rifaximin, surgery.
     </abstracttext>
    </abstract>
    <affiliation>
     Department of Surgery, University of Nottingham, Nottingham, UK.
    </affiliation>
    <authorlist completeyn="Y">
     <author validyn="Y">
      <lastname>
       Humes
      </lastname>
      <forename>
       David
      </forename>
      <initials>
       D
      </initials>
     </author>
     <author validyn="Y">
      <lastname>
       Simpson
      </lastname>
      <forename>
       John
      </forename>
      <initials>
       J
      </initials>
     </author>
     <author validyn="Y">
      <lastname>
       Spiller
      </lastname>
      <forename>
       Robin C
      </forename>
      <initials>
       RC
      </initials>
     </author>
    </authorlist>
    <language>
     eng
    </language>
    <publicationtypelist>
     <publicationtype>
      Journal Article
     </publicationtype>
    </publicationtypelist>
    <articledate datetype="Electronic">
     <year>
      2007
     </year>
     <month>
      08
     </month>
     <day>
      15
     </day>
    </articledate>
   </article>
   <medlinejournalinfo>
    <country>
     England
    </country>
    <medlineta>
     Clin Evid (Online)
    </medlineta>
    <nlmuniqueid>
     101294314
    </nlmuniqueid>
    <issnlinking>
     1462-3846
    </issnlinking>
   </medlinejournalinfo>
   <citationsubset>
    IM
   </citationsubset>
   <otherid source="NLM">
    PMC2943810
   </otherid>
  </medlinecitation>
  <pubmeddata>
   <history>
    <pubmedpubdate pubstatus="entrez">
     <year>
      2009
     </year>
     <month>
      5
     </month>
     <day>
      21
     </day>
     <hour>
      9
     </hour>
     <minute>
      0
     </minute>
    </pubmedpubdate>
    <pubmedpubdate pubstatus="pubmed">
     <year>
      2007
     </year>
     <month>
      1
     </month>
     <day>
      1
     </day>
     <hour>
      0
     </hour>
     <minute>
      0
     </minute>
    </pubmedpubdate>
    <pubmedpubdate pubstatus="medline">
     <year>
      2007
     </year>
     <month>
      1
     </month>
     <day>
      1
     </day>
     <hour>
      0
     </hour>
     <minute>
      0
     </minute>
    </pubmedpubdate>
   </history>
   <publicationstatus>
    epublish
   </publicationstatus>
   <articleidlist>
    <articleid idtype="pii">
     0405
    </articleid>
    <articleid idtype="pubmed">
     19454119
    </articleid>
    <articleid idtype="pmc">
     PMC2943810
    </articleid>
   </articleidlist>
  </pubmeddata>
 </pubmedarticle>
</pubmedarticleset>

