<?xml version='1.0' encoding='utf-8'?>
<!DOCTYPE PubmedArticleSet PUBLIC "-//NLM//DTD PubMedArticle, 1st January 2011//EN" "http://www.ncbi.nlm.nih.gov/entrez/query/DTD/pubmed_110101.dtd">
<pubmedarticleset>
 <pubmedarticle>
  <medlinecitation owner="NLM" status="MEDLINE">
   <pmid version="1">
    1952493
   </pmid>
   <datecreated>
    <year>
     1991
    </year>
    <month>
     12
    </month>
    <day>
     23
    </day>
   </datecreated>
   <datecompleted>
    <year>
     1991
    </year>
    <month>
     12
    </month>
    <day>
     23
    </day>
   </datecompleted>
   <daterevised>
    <year>
     2004
    </year>
    <month>
     11
    </month>
    <day>
     17
    </day>
   </daterevised>
   <article pubmodel="Print">
    <journal>
     <issn issntype="Print">
      0003-4819
     </issn>
     <journalissue citedmedium="Print">
      <volume>
       115
      </volume>
      <issue>
       12
      </issue>
      <pubdate>
       <year>
        1991
       </year>
       <month>
        Dec
       </month>
       <day>
        15
       </day>
      </pubdate>
     </journalissue>
     <title>
      Annals of internal medicine
     </title>
     <isoabbreviation>
      Ann. Intern. Med.
     </isoabbreviation>
    </journal>
    <articletitle>
     NIH conference. Gastrointestinal surgery for severe obesity. Consensus Development Conference Panel.
    </articletitle>
    <pagination>
     <medlinepgn>
      956-61
     </medlinepgn>
    </pagination>
    <abstract>
     <abstracttext>
      Surgeons, gastroenterologists, endocrinologists, psychiatrists, nutritionists, and other health care professionals, as well as members of the public convened to address nonsurgical treatments for severe obesity, surgical treatments for severe obesity, and criteria for selection, the efficacy, and risks of surgical treatments for severe obesity, and the need for future research on and epidemiologic evaluation of these therapies. The National Institutes of Health Consensus Development Panel recommended that patients seeking therapy for severe obesity for the first time should be considered for treatment in a nonsurgical program that integrates a dietary regimen, appropriate exercise, behavior modification, and psychological support; that gastric restrictive or bypass procedures could be considered for well-informed and motivated patients in whom the operative risks were acceptable; that patients who are candidates for surgical procedures should be selected carefully after evaluation by a multidisciplinary team with medical, surgical, psychiatric, and nutritional expertise; that surgery be done by a surgeon who has substantial experience in the particular procedure and who works in a clinical setting with adequate support for all aspects of management and assessment; and that patients undergo lifelong medical surveillance after surgery.
     </abstracttext>
    </abstract>
    <language>
     eng
    </language>
    <publicationtypelist>
     <publicationtype>
      Consensus Development Conference
     </publicationtype>
     <publicationtype>
      Consensus Development Conference, NIH
     </publicationtype>
     <publicationtype>
      Guideline
     </publicationtype>
     <publicationtype>
      Journal Article
     </publicationtype>
     <publicationtype>
      Review
     </publicationtype>
    </publicationtypelist>
   </article>
   <medlinejournalinfo>
    <country>
     UNITED STATES
    </country>
    <medlineta>
     Ann Intern Med
    </medlineta>
    <nlmuniqueid>
     0372351
    </nlmuniqueid>
    <issnlinking>
     0003-4819
    </issnlinking>
   </medlinejournalinfo>
   <citationsubset>
    AIM
   </citationsubset>
   <citationsubset>
    IM
   </citationsubset>
   <meshheadinglist>
    <meshheading>
     <descriptorname majortopicyn="Y">
      Digestive System Surgical Procedures
     </descriptorname>
    </meshheading>
    <meshheading>
     <descriptorname majortopicyn="N">
      Forecasting
     </descriptorname>
    </meshheading>
    <meshheading>
     <descriptorname majortopicyn="N">
      Humans
     </descriptorname>
    </meshheading>
    <meshheading>
     <descriptorname majortopicyn="N">
      Obesity, Morbid
     </descriptorname>
     <qualifiername majortopicyn="Y">
      surgery
     </qualifiername>
     <qualifiername majortopicyn="N">
      therapy
     </qualifiername>
    </meshheading>
    <meshheading>
     <descriptorname majortopicyn="N">
      Postoperative Complications
     </descriptorname>
     <qualifiername majortopicyn="N">
      epidemiology
     </qualifiername>
     <qualifiername majortopicyn="N">
      etiology
     </qualifiername>
    </meshheading>
    <meshheading>
     <descriptorname majortopicyn="N">
      Risk
     </descriptorname>
    </meshheading>
   </meshheadinglist>
   <numberofreferences>
    0
   </numberofreferences>
  </medlinecitation>
  <pubmeddata>
   <history>
    <pubmedpubdate pubstatus="pubmed">
     <year>
      1991
     </year>
     <month>
      12
     </month>
     <day>
      15
     </day>
    </pubmedpubdate>
    <pubmedpubdate pubstatus="medline">
     <year>
      1991
     </year>
     <month>
      12
     </month>
     <day>
      15
     </day>
     <hour>
      0
     </hour>
     <minute>
      1
     </minute>
    </pubmedpubdate>
    <pubmedpubdate pubstatus="entrez">
     <year>
      1991
     </year>
     <month>
      12
     </month>
     <day>
      15
     </day>
     <hour>
      0
     </hour>
     <minute>
      0
     </minute>
    </pubmedpubdate>
   </history>
   <publicationstatus>
    ppublish
   </publicationstatus>
   <articleidlist>
    <articleid idtype="pubmed">
     1952493
    </articleid>
   </articleidlist>
  </pubmeddata>
 </pubmedarticle>
</pubmedarticleset>

