<?xml version='1.0' encoding='utf-8'?>
<!DOCTYPE PubmedArticleSet PUBLIC "-//NLM//DTD PubMedArticle, 1st January 2011//EN" "http://www.ncbi.nlm.nih.gov/entrez/query/DTD/pubmed_110101.dtd">
<pubmedarticleset>
 <pubmedarticle>
  <medlinecitation owner="NLM" status="MEDLINE">
   <pmid version="1">
    1955232
   </pmid>
   <datecreated>
    <year>
     1992
    </year>
    <month>
     01
    </month>
    <day>
     02
    </day>
   </datecreated>
   <datecompleted>
    <year>
     1992
    </year>
    <month>
     01
    </month>
    <day>
     02
    </day>
   </datecompleted>
   <daterevised>
    <year>
     2006
    </year>
    <month>
     10
    </month>
    <day>
     30
    </day>
   </daterevised>
   <article pubmodel="Print">
    <journal>
     <issn issntype="Print">
      0011-9059
     </issn>
     <journalissue citedmedium="Print">
      <volume>
       30
      </volume>
      <issue>
       10
      </issue>
      <pubdate>
       <year>
        1991
       </year>
       <month>
        Oct
       </month>
      </pubdate>
     </journalissue>
     <title>
      International journal of dermatology
     </title>
     <isoabbreviation>
      Int. J. Dermatol.
     </isoabbreviation>
    </journal>
    <articletitle>
     Verrucae treated by levamisole.
    </articletitle>
    <pagination>
     <medlinepgn>
      738-40
     </medlinepgn>
    </pagination>
    <abstract>
     <abstracttext>
      To assess the role of levamisole in treatment of different types of warts, a double-blind study was conducted on 40 patients with different types of warts. Patients were divided into two equal groups, A and B. Group A received levamisole 5 mg/kg body weight on 3 consecutive days every 2 weeks for a period up to 5 months, while patients of group B received placebo for the same period. In group A, 12 patients showed complete cure (60%), two showed partial cure (10%), and the remaining six patients showed no response (30%). In group B, complete cure was achieved only in one case. The higher cure rate was observed in plane and common warts, while plantar warts showed no improvement with levamisole treatment.
     </abstracttext>
    </abstract>
    <affiliation>
     Department of Dermatology and Venereology, Zagazig University, Faculty of Medicine, Egypt.
    </affiliation>
    <authorlist completeyn="Y">
     <author validyn="Y">
      <lastname>
       Amer
      </lastname>
      <forename>
       M
      </forename>
      <initials>
       M
      </initials>
     </author>
     <author validyn="Y">
      <lastname>
       Tosson
      </lastname>
      <forename>
       Z
      </forename>
      <initials>
       Z
      </initials>
     </author>
     <author validyn="Y">
      <lastname>
       Soliman
      </lastname>
      <forename>
       A
      </forename>
      <initials>
       A
      </initials>
     </author>
     <author validyn="Y">
      <lastname>
       Selim
      </lastname>
      <forename>
       A G
      </forename>
      <initials>
       AG
      </initials>
     </author>
     <author validyn="Y">
      <lastname>
       Salem
      </lastname>
      <forename>
       A
      </forename>
      <initials>
       A
      </initials>
     </author>
     <author validyn="Y">
      <lastname>
       al-Gendy
      </lastname>
      <forename>
       A A
      </forename>
      <initials>
       AA
      </initials>
     </author>
    </authorlist>
    <language>
     eng
    </language>
    <publicationtypelist>
     <publicationtype>
      Clinical Trial
     </publicationtype>
     <publicationtype>
      Controlled Clinical Trial
     </publicationtype>
     <publicationtype>
      Journal Article
     </publicationtype>
    </publicationtypelist>
   </article>
   <medlinejournalinfo>
    <country>
     UNITED STATES
    </country>
    <medlineta>
     Int J Dermatol
    </medlineta>
    <nlmuniqueid>
     0243704
    </nlmuniqueid>
    <issnlinking>
     0011-9059
    </issnlinking>
   </medlinejournalinfo>
   <chemicallist>
    <chemical>
     <registrynumber>
      14769-73-4
     </registrynumber>
     <nameofsubstance>
      Levamisole
     </nameofsubstance>
    </chemical>
   </chemicallist>
   <citationsubset>
    IM
   </citationsubset>
   <meshheadinglist>
    <meshheading>
     <descriptorname majortopicyn="N">
      Administration, Oral
     </descriptorname>
    </meshheading>
    <meshheading>
     <descriptorname majortopicyn="N">
      Adolescent
     </descriptorname>
    </meshheading>
    <meshheading>
     <descriptorname majortopicyn="N">
      Adult
     </descriptorname>
    </meshheading>
    <meshheading>
     <descriptorname majortopicyn="N">
      Child
     </descriptorname>
    </meshheading>
    <meshheading>
     <descriptorname majortopicyn="N">
      Double-Blind Method
     </descriptorname>
    </meshheading>
    <meshheading>
     <descriptorname majortopicyn="N">
      Humans
     </descriptorname>
    </meshheading>
    <meshheading>
     <descriptorname majortopicyn="N">
      Levamisole
     </descriptorname>
     <qualifiername majortopicyn="N">
      administration &amp; dosage
     </qualifiername>
     <qualifiername majortopicyn="Y">
      therapeutic use
     </qualifiername>
    </meshheading>
    <meshheading>
     <descriptorname majortopicyn="N">
      Middle Aged
     </descriptorname>
    </meshheading>
    <meshheading>
     <descriptorname majortopicyn="N">
      Skin Diseases
     </descriptorname>
     <qualifiername majortopicyn="Y">
      drug therapy
     </qualifiername>
     <qualifiername majortopicyn="N">
      pathology
     </qualifiername>
    </meshheading>
    <meshheading>
     <descriptorname majortopicyn="N">
      Warts
     </descriptorname>
     <qualifiername majortopicyn="Y">
      drug therapy
     </qualifiername>
     <qualifiername majortopicyn="N">
      pathology
     </qualifiername>
    </meshheading>
   </meshheadinglist>
  </medlinecitation>
  <pubmeddata>
   <history>
    <pubmedpubdate pubstatus="pubmed">
     <year>
      1991
     </year>
     <month>
      10
     </month>
     <day>
      1
     </day>
    </pubmedpubdate>
    <pubmedpubdate pubstatus="medline">
     <year>
      1991
     </year>
     <month>
      10
     </month>
     <day>
      1
     </day>
     <hour>
      0
     </hour>
     <minute>
      1
     </minute>
    </pubmedpubdate>
    <pubmedpubdate pubstatus="entrez">
     <year>
      1991
     </year>
     <month>
      10
     </month>
     <day>
      1
     </day>
     <hour>
      0
     </hour>
     <minute>
      0
     </minute>
    </pubmedpubdate>
   </history>
   <publicationstatus>
    ppublish
   </publicationstatus>
   <articleidlist>
    <articleid idtype="pubmed">
     1955232
    </articleid>
   </articleidlist>
  </pubmeddata>
 </pubmedarticle>
</pubmedarticleset>

