<?xml version='1.0' encoding='utf-8'?>
<!DOCTYPE PubmedArticleSet PUBLIC "-//NLM//DTD PubMedArticle, 1st January 2011//EN" "http://www.ncbi.nlm.nih.gov/entrez/query/DTD/pubmed_110101.dtd">
<pubmedarticleset>
 <pubmedarticle>
  <medlinecitation owner="NLM" status="OLDMEDLINE">
   <pmid version="1">
    20240871
   </pmid>
   <datecreated>
    <year>
     1947
    </year>
    <month>
     12
    </month>
    <day>
     01
    </day>
   </datecreated>
   <datecompleted>
    <year>
     2010
    </year>
    <month>
     03
    </month>
    <day>
     18
    </day>
   </datecompleted>
   <article pubmodel="Print">
    <journal>
     <issn issntype="Print">
      0004-010X
     </issn>
     <journalissue citedmedium="Print">
      <volume>
       79
      </volume>
      <issue>
       5
      </issue>
      <pubdate>
       <year>
        1947
       </year>
       <month>
        May
       </month>
      </pubdate>
     </journalissue>
     <title>
      Archivio di medicina interna
     </title>
     <isoabbreviation>
      Arch Med Interna
     </isoabbreviation>
    </journal>
    <articletitle>
     Pneumonia in old age; active immunization against pneumonia with pneumonococcus polysaccharide; results of a six year study.
    </articletitle>
    <pagination>
     <medlinepgn>
      518-31
     </medlinepgn>
    </pagination>
    <authorlist completeyn="Y">
     <author validyn="Y">
      <lastname>
       KAUFMAN
      </lastname>
      <forename>
       P
      </forename>
      <initials>
       P
      </initials>
     </author>
    </authorlist>
    <language>
     eng
    </language>
    <publicationtypelist>
     <publicationtype>
      Journal Article
     </publicationtype>
    </publicationtypelist>
   </article>
   <medlinejournalinfo>
    <country>
     Not Available
    </country>
    <medlineta>
     Arch Med Interna
    </medlineta>
    <nlmuniqueid>
     0421741
    </nlmuniqueid>
    <issnlinking>
     0004-010X
    </issnlinking>
   </medlinejournalinfo>
   <chemicallist>
    <chemical>
     <registrynumber>
      0
     </registrynumber>
     <nameofsubstance>
      Polysaccharides
     </nameofsubstance>
    </chemical>
   </chemicallist>
   <citationsubset>
    OM
   </citationsubset>
   <meshheadinglist>
    <meshheading>
     <descriptorname majortopicyn="Y">
      Polysaccharides
     </descriptorname>
    </meshheading>
   </meshheadinglist>
   <otherid source="CLML">
    4713:110p
   </otherid>
   <keywordlist owner="NLM">
    <keyword majortopicyn="Y">
     OLD AGE/diseases
    </keyword>
    <keyword majortopicyn="Y">
     PNEUMOCOCCI/immunity
    </keyword>
    <keyword majortopicyn="Y">
     PNEUMONIA/immunity
    </keyword>
    <keyword majortopicyn="Y">
     SACCHARIDES
    </keyword>
   </keywordlist>
  </medlinecitation>
  <pubmeddata>
   <history>
    <pubmedpubdate pubstatus="entrez">
     <year>
      2010
     </year>
     <month>
      3
     </month>
     <day>
      19
     </day>
     <hour>
      6
     </hour>
     <minute>
      0
     </minute>
    </pubmedpubdate>
    <pubmedpubdate pubstatus="pubmed">
     <year>
      1947
     </year>
     <month>
      5
     </month>
     <day>
      1
     </day>
     <hour>
      0
     </hour>
     <minute>
      0
     </minute>
    </pubmedpubdate>
    <pubmedpubdate pubstatus="medline">
     <year>
      1947
     </year>
     <month>
      5
     </month>
     <day>
      1
     </day>
     <hour>
      0
     </hour>
     <minute>
      0
     </minute>
    </pubmedpubdate>
   </history>
   <publicationstatus>
    ppublish
   </publicationstatus>
   <articleidlist>
    <articleid idtype="pubmed">
     20240871
    </articleid>
   </articleidlist>
  </pubmeddata>
 </pubmedarticle>
</pubmedarticleset>

