<?xml version='1.0' encoding='utf-8'?>
<!DOCTYPE PubmedArticleSet PUBLIC "-//NLM//DTD PubMedArticle, 1st January 2011//EN" "http://www.ncbi.nlm.nih.gov/entrez/query/DTD/pubmed_110101.dtd">
<pubmedarticleset>
 <pubmedarticle>
  <medlinecitation owner="NLM" status="OLDMEDLINE">
   <pmid version="1">
    20255799
   </pmid>
   <datecreated>
    <year>
     1947
    </year>
    <month>
     12
    </month>
    <day>
     01
    </day>
   </datecreated>
   <datecompleted>
    <year>
     2010
    </year>
    <month>
     03
    </month>
    <day>
     29
    </day>
   </datecompleted>
   <daterevised>
    <year>
     2010
    </year>
    <month>
     05
    </month>
    <day>
     03
    </day>
   </daterevised>
   <article pubmodel="Print">
    <journal>
     <issn issntype="Print">
      0140-6736
     </issn>
     <journalissue citedmedium="Print">
      <volume>
       2
      </volume>
      <issue>
       6468
      </issue>
      <pubdate>
       <year>
        1947
       </year>
       <month>
        Aug
       </month>
       <day>
        16
       </day>
      </pubdate>
     </journalissue>
     <title>
      Lancet
     </title>
     <isoabbreviation>
      Lancet
     </isoabbreviation>
    </journal>
    <articletitle>
     Cramp and salt balance in ordinary life.
    </articletitle>
    <pagination>
     <medlinepgn>
      231-3
     </medlinepgn>
    </pagination>
    <authorlist completeyn="Y">
     <author validyn="Y">
      <lastname>
       HALL
      </lastname>
      <forename>
       A J
      </forename>
      <initials>
       AJ
      </initials>
     </author>
    </authorlist>
    <language>
     eng
    </language>
    <publicationtypelist>
     <publicationtype>
      Journal Article
     </publicationtype>
    </publicationtypelist>
   </article>
   <medlinejournalinfo>
    <country>
     Not Available
    </country>
    <medlineta>
     Lancet
    </medlineta>
    <nlmuniqueid>
     2985213R
    </nlmuniqueid>
    <issnlinking>
     0140-6736
    </issnlinking>
   </medlinejournalinfo>
   <citationsubset>
    OM
   </citationsubset>
   <meshheadinglist>
    <meshheading>
     <descriptorname majortopicyn="Y">
      Muscle Cramp
     </descriptorname>
    </meshheading>
   </meshheadinglist>
   <otherid source="CLML">
    4713:830b
   </otherid>
   <keywordlist owner="NLM">
    <keyword majortopicyn="Y">
     CRAMPS
    </keyword>
    <keyword majortopicyn="Y">
     SALT
    </keyword>
   </keywordlist>
  </medlinecitation>
  <pubmeddata>
   <history>
    <pubmedpubdate pubstatus="entrez">
     <year>
      2010
     </year>
     <month>
      3
     </month>
     <day>
      19
     </day>
     <hour>
      6
     </hour>
     <minute>
      0
     </minute>
    </pubmedpubdate>
    <pubmedpubdate pubstatus="pubmed">
     <year>
      1947
     </year>
     <month>
      8
     </month>
     <day>
      16
     </day>
     <hour>
      0
     </hour>
     <minute>
      0
     </minute>
    </pubmedpubdate>
    <pubmedpubdate pubstatus="medline">
     <year>
      1947
     </year>
     <month>
      8
     </month>
     <day>
      16
     </day>
     <hour>
      0
     </hour>
     <minute>
      0
     </minute>
    </pubmedpubdate>
   </history>
   <publicationstatus>
    ppublish
   </publicationstatus>
   <articleidlist>
    <articleid idtype="pubmed">
     20255799
    </articleid>
   </articleidlist>
  </pubmeddata>
 </pubmedarticle>
</pubmedarticleset>

