<?xml version='1.0' encoding='utf-8'?>
<!DOCTYPE PubmedArticleSet PUBLIC "-//NLM//DTD PubMedArticle, 1st January 2011//EN" "http://www.ncbi.nlm.nih.gov/entrez/query/DTD/pubmed_110101.dtd">
<pubmedarticleset>
 <pubmedarticle>
  <medlinecitation owner="NLM" status="MEDLINE">
   <pmid version="1">
    2194334
   </pmid>
   <datecreated>
    <year>
     1990
    </year>
    <month>
     08
    </month>
    <day>
     08
    </day>
   </datecreated>
   <datecompleted>
    <year>
     1990
    </year>
    <month>
     08
    </month>
    <day>
     08
    </day>
   </datecompleted>
   <daterevised>
    <year>
     2007
    </year>
    <month>
     11
    </month>
    <day>
     15
    </day>
   </daterevised>
   <article pubmodel="Print">
    <journal>
     <issn issntype="Print">
      0041-5782
     </issn>
     <journalissue citedmedium="Print">
      <volume>
       152
      </volume>
      <issue>
       25
      </issue>
      <pubdate>
       <year>
        1990
       </year>
       <month>
        Jun
       </month>
       <day>
        18
       </day>
      </pubdate>
     </journalissue>
     <title>
      Ugeskrift for laeger
     </title>
     <isoabbreviation>
      Ugeskr. Laeg.
     </isoabbreviation>
    </journal>
    <articletitle>
     [Infantile constipation and Allomin-lactulose. Treatment of infantile obstipation in infants fed with breast milk substitutes. A controlled clinical trial of 2 per cent and 4 per cent Allomin-lactulose].
    </articletitle>
    <pagination>
     <medlinepgn>
      1819-22
     </medlinepgn>
    </pagination>
    <abstract>
     <abstracttext>
      The Authors investigated the effects of Allomin with admixture of 2% and 4% lactulose on constipation in infants aged 0-6 months reared on breast-milk substitutes. The investigation was randomized and double-blind and was carried out during the period 1.4.1987-31.7.1988 on non-hospitalized infants in the counties of Funen and North Jutland in cooperation with the health visitors in these regions. Constipation was defined as hard and difficult defaecation and the trial period lasted for 14 days. Parents of the infants who participated classified the infants' motions according to consistence and degree of difficulty in defaecation on special forms. A total of 220 children participated and these received, after randomizing, either Allomin-lactulose 2% or 4% as the only breast-milk substitute during the period of observation. The effect of treatment was defined as "no constipation" i.e. all motions during 24 hours described as easy and of normal or thin consistence. In addition, the effect was measured by the parents' general impression of what the infant thrived best on. With both of the preparations, treatment was effective in over 90% of the infants in both the groups without significant difference. The effect occurred gradually and, in some cases, up to 8-10 days after initiation of treatment without significant difference in the rate of effect between the groups. After the effect had commenced, significantly fewer thin motions occurred in the 2% group than in the 4% group. 92% of the infants in the 2% group and 91% in the 4% group wanted to continue the Allomin-lactulose preparation rather than the usual breast-milk substitute. A retrospective questionnaire to parents of 97 infants who had continued with Allomin-lactulose 2% was answered by 84.(ABSTRACT TRUNCATED AT 250 WORDS)
     </abstracttext>
    </abstract>
    <affiliation>
     Odense Sygehus, børneafdeling.
    </affiliation>
    <authorlist completeyn="Y">
     <author validyn="Y">
      <lastname>
       Hejl
      </lastname>
      <forename>
       M
      </forename>
      <initials>
       M
      </initials>
     </author>
     <author validyn="Y">
      <lastname>
       Kamper
      </lastname>
      <forename>
       J
      </forename>
      <initials>
       J
      </initials>
     </author>
     <author validyn="Y">
      <lastname>
       Ebbesen
      </lastname>
      <forename>
       F
      </forename>
      <initials>
       F
      </initials>
     </author>
     <author validyn="Y">
      <lastname>
       Hansted
      </lastname>
      <forename>
       C
      </forename>
      <initials>
       C
      </initials>
     </author>
    </authorlist>
    <language>
     dan
    </language>
    <publicationtypelist>
     <publicationtype>
      Clinical Trial
     </publicationtype>
     <publicationtype>
      English Abstract
     </publicationtype>
     <publicationtype>
      Journal Article
     </publicationtype>
     <publicationtype>
      Randomized Controlled Trial
     </publicationtype>
    </publicationtypelist>
    <vernaculartitle>
     Spaedbarnsobstipation og Allomin-laktulose. Behandling af obstipation hos spaedbørn ernaeret med modermaelkserstatning. En kontrolleret klinisk undersøgelse af 2% og 4% Allomin-laktulose.
    </vernaculartitle>
   </article>
   <medlinejournalinfo>
    <country>
     DENMARK
    </country>
    <medlineta>
     Ugeskr Laeger
    </medlineta>
    <nlmuniqueid>
     0141730
    </nlmuniqueid>
    <issnlinking>
     0041-5782
    </issnlinking>
   </medlinejournalinfo>
   <chemicallist>
    <chemical>
     <registrynumber>
      0
     </registrynumber>
     <nameofsubstance>
      Disaccharides
     </nameofsubstance>
    </chemical>
    <chemical>
     <registrynumber>
      4618-18-2
     </registrynumber>
     <nameofsubstance>
      Lactulose
     </nameofsubstance>
    </chemical>
   </chemicallist>
   <citationsubset>
    IM
   </citationsubset>
   <meshheadinglist>
    <meshheading>
     <descriptorname majortopicyn="N">
      Breast Feeding
     </descriptorname>
    </meshheading>
    <meshheading>
     <descriptorname majortopicyn="N">
      Constipation
     </descriptorname>
     <qualifiername majortopicyn="Y">
      diet therapy
     </qualifiername>
     <qualifiername majortopicyn="N">
      etiology
     </qualifiername>
    </meshheading>
    <meshheading>
     <descriptorname majortopicyn="N">
      Disaccharides
     </descriptorname>
     <qualifiername majortopicyn="Y">
      administration &amp; dosage
     </qualifiername>
    </meshheading>
    <meshheading>
     <descriptorname majortopicyn="N">
      Double-Blind Method
     </descriptorname>
    </meshheading>
    <meshheading>
     <descriptorname majortopicyn="N">
      Humans
     </descriptorname>
    </meshheading>
    <meshheading>
     <descriptorname majortopicyn="N">
      Infant
     </descriptorname>
    </meshheading>
    <meshheading>
     <descriptorname majortopicyn="N">
      Infant Food
     </descriptorname>
     <qualifiername majortopicyn="N">
      adverse effects
     </qualifiername>
    </meshheading>
    <meshheading>
     <descriptorname majortopicyn="N">
      Infant, Newborn
     </descriptorname>
    </meshheading>
    <meshheading>
     <descriptorname majortopicyn="N">
      Lactulose
     </descriptorname>
     <qualifiername majortopicyn="Y">
      administration &amp; dosage
     </qualifiername>
    </meshheading>
    <meshheading>
     <descriptorname majortopicyn="N">
      Milk, Human
     </descriptorname>
    </meshheading>
    <meshheading>
     <descriptorname majortopicyn="N">
      Randomized Controlled Trials as Topic
     </descriptorname>
    </meshheading>
   </meshheadinglist>
  </medlinecitation>
  <pubmeddata>
   <history>
    <pubmedpubdate pubstatus="pubmed">
     <year>
      1990
     </year>
     <month>
      6
     </month>
     <day>
      18
     </day>
    </pubmedpubdate>
    <pubmedpubdate pubstatus="medline">
     <year>
      1990
     </year>
     <month>
      6
     </month>
     <day>
      18
     </day>
     <hour>
      0
     </hour>
     <minute>
      1
     </minute>
    </pubmedpubdate>
    <pubmedpubdate pubstatus="entrez">
     <year>
      1990
     </year>
     <month>
      6
     </month>
     <day>
      18
     </day>
     <hour>
      0
     </hour>
     <minute>
      0
     </minute>
    </pubmedpubdate>
   </history>
   <publicationstatus>
    ppublish
   </publicationstatus>
   <articleidlist>
    <articleid idtype="pubmed">
     2194334
    </articleid>
   </articleidlist>
  </pubmeddata>
 </pubmedarticle>
</pubmedarticleset>

