<?xml version='1.0' encoding='utf-8'?>
<!DOCTYPE PubmedArticleSet PUBLIC "-//NLM//DTD PubMedArticle, 1st January 2011//EN" "http://www.ncbi.nlm.nih.gov/entrez/query/DTD/pubmed_110101.dtd">
<pubmedarticleset>
 <pubmedarticle>
  <medlinecitation owner="NLM" status="MEDLINE">
   <pmid version="1">
    2298897
   </pmid>
   <datecreated>
    <year>
     1990
    </year>
    <month>
     03
    </month>
    <day>
     13
    </day>
   </datecreated>
   <datecompleted>
    <year>
     1990
    </year>
    <month>
     03
    </month>
    <day>
     13
    </day>
   </datecompleted>
   <daterevised>
    <year>
     2004
    </year>
    <month>
     11
    </month>
    <day>
     17
    </day>
   </daterevised>
   <article pubmodel="Print">
    <journal>
     <issn issntype="Print">
      0271-6798
     </issn>
     <journalissue citedmedium="Print">
      <volume>
       10
      </volume>
      <issue>
       1
      </issue>
      <pubdate>
       <medlinedate>
        1990 Jan-Feb
       </medlinedate>
      </pubdate>
     </journalissue>
     <title>
      Journal of pediatric orthopedics
     </title>
     <isoabbreviation>
      J Pediatr Orthop
     </isoabbreviation>
    </journal>
    <articletitle>
     Natural history of Osgood-Schlatter disease.
    </articletitle>
    <pagination>
     <medlinepgn>
      65-8
     </medlinepgn>
    </pagination>
    <abstract>
     <abstracttext>
      The natural history of untreated Osgood-Schlatter disease is presented in the retrospective study of 69 knees in 50 patients. Seventy-six percent of the patients believed they had no limitation of activity, although 60% still could not kneel without discomfort. Two groups of patients were identified: those who presented with radiologic fragmentation and had either separated ossicles or an abnormally ossified tuberosity at review, and those who presented with soft tissue swelling without radiologic fragmentation and were asymptomatic at review. There was a low incidence of patellar instability or anterior knee pain, and no case of premature proximal tibial epiphyseal arrest.
     </abstracttext>
    </abstract>
    <affiliation>
     Royal National Orthopaedic Hospital, London, England.
    </affiliation>
    <authorlist completeyn="Y">
     <author validyn="Y">
      <lastname>
       Krause
      </lastname>
      <forename>
       B L
      </forename>
      <initials>
       BL
      </initials>
     </author>
     <author validyn="Y">
      <lastname>
       Williams
      </lastname>
      <forename>
       J P
      </forename>
      <initials>
       JP
      </initials>
     </author>
     <author validyn="Y">
      <lastname>
       Catterall
      </lastname>
      <forename>
       A
      </forename>
      <initials>
       A
      </initials>
     </author>
    </authorlist>
    <language>
     eng
    </language>
    <publicationtypelist>
     <publicationtype>
      Journal Article
     </publicationtype>
    </publicationtypelist>
   </article>
   <medlinejournalinfo>
    <country>
     UNITED STATES
    </country>
    <medlineta>
     J Pediatr Orthop
    </medlineta>
    <nlmuniqueid>
     8109053
    </nlmuniqueid>
    <issnlinking>
     0271-6798
    </issnlinking>
   </medlinejournalinfo>
   <citationsubset>
    IM
   </citationsubset>
   <meshheadinglist>
    <meshheading>
     <descriptorname majortopicyn="N">
      Activities of Daily Living
     </descriptorname>
    </meshheading>
    <meshheading>
     <descriptorname majortopicyn="N">
      Adolescent
     </descriptorname>
    </meshheading>
    <meshheading>
     <descriptorname majortopicyn="N">
      Adult
     </descriptorname>
    </meshheading>
    <meshheading>
     <descriptorname majortopicyn="N">
      Child
     </descriptorname>
    </meshheading>
    <meshheading>
     <descriptorname majortopicyn="N">
      Female
     </descriptorname>
    </meshheading>
    <meshheading>
     <descriptorname majortopicyn="N">
      Humans
     </descriptorname>
    </meshheading>
    <meshheading>
     <descriptorname majortopicyn="N">
      Male
     </descriptorname>
    </meshheading>
    <meshheading>
     <descriptorname majortopicyn="N">
      Osteochondritis
     </descriptorname>
     <qualifiername majortopicyn="N">
      complications
     </qualifiername>
     <qualifiername majortopicyn="Y">
      physiopathology
     </qualifiername>
     <qualifiername majortopicyn="N">
      radiography
     </qualifiername>
    </meshheading>
    <meshheading>
     <descriptorname majortopicyn="N">
      Pain
     </descriptorname>
     <qualifiername majortopicyn="Y">
      epidemiology
     </qualifiername>
     <qualifiername majortopicyn="N">
      etiology
     </qualifiername>
     <qualifiername majortopicyn="N">
      physiopathology
     </qualifiername>
    </meshheading>
    <meshheading>
     <descriptorname majortopicyn="N">
      Retrospective Studies
     </descriptorname>
    </meshheading>
   </meshheadinglist>
  </medlinecitation>
  <pubmeddata>
   <history>
    <pubmedpubdate pubstatus="pubmed">
     <year>
      1990
     </year>
     <month>
      1
     </month>
     <day>
      1
     </day>
    </pubmedpubdate>
    <pubmedpubdate pubstatus="medline">
     <year>
      1990
     </year>
     <month>
      1
     </month>
     <day>
      1
     </day>
     <hour>
      0
     </hour>
     <minute>
      1
     </minute>
    </pubmedpubdate>
    <pubmedpubdate pubstatus="entrez">
     <year>
      1990
     </year>
     <month>
      1
     </month>
     <day>
      1
     </day>
     <hour>
      0
     </hour>
     <minute>
      0
     </minute>
    </pubmedpubdate>
   </history>
   <publicationstatus>
    ppublish
   </publicationstatus>
   <articleidlist>
    <articleid idtype="pubmed">
     2298897
    </articleid>
   </articleidlist>
  </pubmeddata>
 </pubmedarticle>
</pubmedarticleset>

