<?xml version='1.0' encoding='utf-8'?>
<!DOCTYPE PubmedArticleSet PUBLIC "-//NLM//DTD PubMedArticle, 1st January 2011//EN" "http://www.ncbi.nlm.nih.gov/entrez/query/DTD/pubmed_110101.dtd">
<pubmedarticleset>
 <pubmedarticle>
  <medlinecitation owner="NLM" status="MEDLINE">
   <pmid version="1">
    2631530
   </pmid>
   <datecreated>
    <year>
     1990
    </year>
    <month>
     05
    </month>
    <day>
     09
    </day>
   </datecreated>
   <datecompleted>
    <year>
     1990
    </year>
    <month>
     05
    </month>
    <day>
     09
    </day>
   </datecompleted>
   <daterevised>
    <year>
     2004
    </year>
    <month>
     11
    </month>
    <day>
     17
    </day>
   </daterevised>
   <article pubmodel="Print">
    <journal>
     <issn issntype="Print">
      0001-6349
     </issn>
     <journalissue citedmedium="Print">
      <volume>
       68
      </volume>
      <issue>
       7
      </issue>
      <pubdate>
       <year>
        1989
       </year>
      </pubdate>
     </journalissue>
     <title>
      Acta obstetricia et gynecologica Scandinavica
     </title>
     <isoabbreviation>
      Acta Obstet Gynecol Scand
     </isoabbreviation>
    </journal>
    <articletitle>
     Serum CA 125 levels in patients with a provisional diagnosis of pelvic inflammatory disease. Clinical and theoretical implications.
    </articletitle>
    <pagination>
     <medlinepgn>
      637-41
     </medlinepgn>
    </pagination>
    <abstract>
     <abstracttext>
      In 50 patients with a provisional diagnosis of pelvic inflammatory disease (PID), CA 125 concentrations in serum were measured before laparoscopy and during hospitalization, using an enzyme immunoassay. The findings at laparoscopy were graded on the basis of the extent of inflammatory peritoneal involvement (grades 0-3; normal observations having a score of 0). On admission, 66% of the patients had serum CA 125 concentrations in excess of the cut-off value of 16 U/ml (range: 20-1300 U/ml). The serum CA 125 concentration before laparoscopy correlated with the extent of inflammatory peritoneal involvement (eta = 0.74). The predictive value of an elevated serum CA 125 level to indicate the presence of salpingitis (grades 1-3) was 97%. However, the predictive value of a normal CA 125 level indicating normal observations at laparoscopy (grade 0) was only 47%. During treatment and follow-up, the serum CA 125 concentration returned gradually to normal levels. It was concluded that the finding of an elevated serum CA 125 level confirms the diagnosis of peritoneal involvement in patients with a clinical diagnosis of PID.
     </abstracttext>
    </abstract>
    <affiliation>
     Department of Obstetrics and Gynaecology, University Hospital, Groningen, The Netherlands.
    </affiliation>
    <authorlist completeyn="Y">
     <author validyn="Y">
      <lastname>
       Duk
      </lastname>
      <forename>
       J M
      </forename>
      <initials>
       JM
      </initials>
     </author>
     <author validyn="Y">
      <lastname>
       Kauer
      </lastname>
      <forename>
       F M
      </forename>
      <initials>
       FM
      </initials>
     </author>
     <author validyn="Y">
      <lastname>
       Fleuren
      </lastname>
      <forename>
       G J
      </forename>
      <initials>
       GJ
      </initials>
     </author>
     <author validyn="Y">
      <lastname>
       de Bruijn
      </lastname>
      <forename>
       H W
      </forename>
      <initials>
       HW
      </initials>
     </author>
    </authorlist>
    <language>
     eng
    </language>
    <publicationtypelist>
     <publicationtype>
      Journal Article
     </publicationtype>
    </publicationtypelist>
   </article>
   <medlinejournalinfo>
    <country>
     SWEDEN
    </country>
    <medlineta>
     Acta Obstet Gynecol Scand
    </medlineta>
    <nlmuniqueid>
     0370343
    </nlmuniqueid>
    <issnlinking>
     0001-6349
    </issnlinking>
   </medlinejournalinfo>
   <chemicallist>
    <chemical>
     <registrynumber>
      0
     </registrynumber>
     <nameofsubstance>
      Antigens, Tumor-Associated, Carbohydrate
     </nameofsubstance>
    </chemical>
   </chemicallist>
   <citationsubset>
    IM
   </citationsubset>
   <meshheadinglist>
    <meshheading>
     <descriptorname majortopicyn="N">
      Adolescent
     </descriptorname>
    </meshheading>
    <meshheading>
     <descriptorname majortopicyn="N">
      Adult
     </descriptorname>
    </meshheading>
    <meshheading>
     <descriptorname majortopicyn="N">
      Antigens, Tumor-Associated, Carbohydrate
     </descriptorname>
     <qualifiername majortopicyn="Y">
      analysis
     </qualifiername>
    </meshheading>
    <meshheading>
     <descriptorname majortopicyn="N">
      Diagnosis, Differential
     </descriptorname>
    </meshheading>
    <meshheading>
     <descriptorname majortopicyn="N">
      Female
     </descriptorname>
    </meshheading>
    <meshheading>
     <descriptorname majortopicyn="N">
      Humans
     </descriptorname>
    </meshheading>
    <meshheading>
     <descriptorname majortopicyn="N">
      Pelvic Inflammatory Disease
     </descriptorname>
     <qualifiername majortopicyn="Y">
      immunology
     </qualifiername>
    </meshheading>
   </meshheadinglist>
  </medlinecitation>
  <pubmeddata>
   <history>
    <pubmedpubdate pubstatus="pubmed">
     <year>
      1989
     </year>
     <month>
      1
     </month>
     <day>
      1
     </day>
    </pubmedpubdate>
    <pubmedpubdate pubstatus="medline">
     <year>
      1989
     </year>
     <month>
      1
     </month>
     <day>
      1
     </day>
     <hour>
      0
     </hour>
     <minute>
      1
     </minute>
    </pubmedpubdate>
    <pubmedpubdate pubstatus="entrez">
     <year>
      1989
     </year>
     <month>
      1
     </month>
     <day>
      1
     </day>
     <hour>
      0
     </hour>
     <minute>
      0
     </minute>
    </pubmedpubdate>
   </history>
   <publicationstatus>
    ppublish
   </publicationstatus>
   <articleidlist>
    <articleid idtype="pubmed">
     2631530
    </articleid>
   </articleidlist>
  </pubmeddata>
 </pubmedarticle>
</pubmedarticleset>

