<?xml version='1.0' encoding='utf-8'?>
<!DOCTYPE PubmedArticleSet PUBLIC "-//NLM//DTD PubMedArticle, 1st January 2011//EN" "http://www.ncbi.nlm.nih.gov/entrez/query/DTD/pubmed_110101.dtd">
<pubmedarticleset>
 <pubmedarticle>
  <medlinecitation owner="NLM" status="MEDLINE">
   <pmid version="1">
    2656936
   </pmid>
   <datecreated>
    <year>
     1989
    </year>
    <month>
     07
    </month>
    <day>
     03
    </day>
   </datecreated>
   <datecompleted>
    <year>
     1989
    </year>
    <month>
     07
    </month>
    <day>
     03
    </day>
   </datecompleted>
   <daterevised>
    <year>
     2009
    </year>
    <month>
     02
    </month>
    <day>
     24
    </day>
   </daterevised>
   <article pubmodel="Print">
    <journal>
     <issn issntype="Print">
      0884-8734
     </issn>
     <journalissue citedmedium="Print">
      <volume>
       4
      </volume>
      <issue>
       3
      </issue>
      <pubdate>
       <medlinedate>
        1989 May-Jun
       </medlinedate>
      </pubdate>
     </journalissue>
     <title>
      Journal of general internal medicine
     </title>
     <isoabbreviation>
      J Gen Intern Med
     </isoabbreviation>
    </journal>
    <articletitle>
     Calcium supplementation in premenstrual syndrome: a randomized crossover trial.
    </articletitle>
    <pagination>
     <medlinepgn>
      183-9
     </medlinepgn>
    </pagination>
    <abstract>
     <abstracttext label="OBJECTIVE" nlmcategory="OBJECTIVE">
      To determine the efficacy of calcium supplementation in women with premenstrual syndrome (PMS).
     </abstracttext>
     <abstracttext label="DESIGN" nlmcategory="METHODS">
      Randomized, double-blind crossover trial.
     </abstracttext>
     <abstracttext label="SETTING" nlmcategory="METHODS">
      Outpatient medical clinic of a large city hospital.
     </abstracttext>
     <abstracttext label="PARTICIPANTS" nlmcategory="METHODS">
      Seventy-eight women were initially screened. Trial selection was based on a history of recurrent PMS symptoms and on the results of a prospective assessment of daily symptom scores. Only women with symptom scores during the late luteal phase that were at least 50% greater than those during the intermenstrual phase were selected. Thirty-three women completed the trial.
     </abstracttext>
     <abstracttext label="INTERVENTION" nlmcategory="METHODS">
      A preliminary evaluation included physical examination, routine laboratory tests, dietary assessment, and psychiatric evaluation. Each participant received six months of treatment involving three months of daily calcium supplementation (1,000 mg of calcium carbonate) and three months of placebo.
     </abstracttext>
     <abstracttext label="MEASUREMENTS" nlmcategory="METHODS">
      Efficacy was assessed prospectively by changes in daily symptom scores over a six-month period and retrospectively by an overall global assessment. Multivariate repeated measures analysis of variance on symptom ratings derived from daily PMS symptom scores demonstrated a reduction in symptoms on calcium treatment during both the luteal (p = 0.011) and the menstrual phases (p = 0.032) of the reproductive cycle. Calcium supplementation had no effect during the intermenstrual phase. Retrospective assessment of overall symptoms confirmed this reduction: 73% of the women reported fewer symptoms during the treatment phase on calcium, 15% preferred placebo, and 12% had no clear preference. Three premenstrual factors (negative affect [p = 0.045]; water retention [p = 0.003]; pain [p = 0.036]) and one menstrual factor (pain [p = 0.02]) were significantly alleviated by calcium.
     </abstracttext>
     <abstracttext label="CONCLUSION" nlmcategory="CONCLUSIONS">
      Calcium supplementation is a simple and effective treatment for premenstrual syndrome, but further studies will be needed to determine its precise role in PMS.
     </abstracttext>
    </abstract>
    <affiliation>
     Department of Medicine, Metropolitan Hospital, New York Medical College, New York.
    </affiliation>
    <authorlist completeyn="Y">
     <author validyn="Y">
      <lastname>
       Thys-Jacobs
      </lastname>
      <forename>
       S
      </forename>
      <initials>
       S
      </initials>
     </author>
     <author validyn="Y">
      <lastname>
       Ceccarelli
      </lastname>
      <forename>
       S
      </forename>
      <initials>
       S
      </initials>
     </author>
     <author validyn="Y">
      <lastname>
       Bierman
      </lastname>
      <forename>
       A
      </forename>
      <initials>
       A
      </initials>
     </author>
     <author validyn="Y">
      <lastname>
       Weisman
      </lastname>
      <forename>
       H
      </forename>
      <initials>
       H
      </initials>
     </author>
     <author validyn="Y">
      <lastname>
       Cohen
      </lastname>
      <forename>
       M A
      </forename>
      <initials>
       MA
      </initials>
     </author>
     <author validyn="Y">
      <lastname>
       Alvir
      </lastname>
      <forename>
       J
      </forename>
      <initials>
       J
      </initials>
     </author>
    </authorlist>
    <language>
     eng
    </language>
    <publicationtypelist>
     <publicationtype>
      Clinical Trial
     </publicationtype>
     <publicationtype>
      Comparative Study
     </publicationtype>
     <publicationtype>
      Journal Article
     </publicationtype>
     <publicationtype>
      Randomized Controlled Trial
     </publicationtype>
    </publicationtypelist>
   </article>
   <medlinejournalinfo>
    <country>
     UNITED STATES
    </country>
    <medlineta>
     J Gen Intern Med
    </medlineta>
    <nlmuniqueid>
     8605834
    </nlmuniqueid>
    <issnlinking>
     0884-8734
    </issnlinking>
   </medlinejournalinfo>
   <chemicallist>
    <chemical>
     <registrynumber>
      471-34-1
     </registrynumber>
     <nameofsubstance>
      Calcium Carbonate
     </nameofsubstance>
    </chemical>
   </chemicallist>
   <citationsubset>
    IM
   </citationsubset>
   <meshheadinglist>
    <meshheading>
     <descriptorname majortopicyn="N">
      Adult
     </descriptorname>
    </meshheading>
    <meshheading>
     <descriptorname majortopicyn="N">
      Calcium Carbonate
     </descriptorname>
     <qualifiername majortopicyn="N">
      administration &amp; dosage
     </qualifiername>
     <qualifiername majortopicyn="Y">
      therapeutic use
     </qualifiername>
    </meshheading>
    <meshheading>
     <descriptorname majortopicyn="N">
      Clinical Trials as Topic
     </descriptorname>
    </meshheading>
    <meshheading>
     <descriptorname majortopicyn="N">
      Double-Blind Method
     </descriptorname>
    </meshheading>
    <meshheading>
     <descriptorname majortopicyn="N">
      Female
     </descriptorname>
    </meshheading>
    <meshheading>
     <descriptorname majortopicyn="N">
      Humans
     </descriptorname>
    </meshheading>
    <meshheading>
     <descriptorname majortopicyn="N">
      Premenstrual Syndrome
     </descriptorname>
     <qualifiername majortopicyn="Y">
      drug therapy
     </qualifiername>
    </meshheading>
    <meshheading>
     <descriptorname majortopicyn="N">
      Random Allocation
     </descriptorname>
    </meshheading>
   </meshheadinglist>
  </medlinecitation>
  <pubmeddata>
   <history>
    <pubmedpubdate pubstatus="pubmed">
     <year>
      1989
     </year>
     <month>
      5
     </month>
     <day>
      1
     </day>
    </pubmedpubdate>
    <pubmedpubdate pubstatus="medline">
     <year>
      1989
     </year>
     <month>
      5
     </month>
     <day>
      1
     </day>
     <hour>
      0
     </hour>
     <minute>
      1
     </minute>
    </pubmedpubdate>
    <pubmedpubdate pubstatus="entrez">
     <year>
      1989
     </year>
     <month>
      5
     </month>
     <day>
      1
     </day>
     <hour>
      0
     </hour>
     <minute>
      0
     </minute>
    </pubmedpubdate>
   </history>
   <publicationstatus>
    ppublish
   </publicationstatus>
   <articleidlist>
    <articleid idtype="pubmed">
     2656936
    </articleid>
   </articleidlist>
  </pubmeddata>
 </pubmedarticle>
</pubmedarticleset>

