<?xml version='1.0' encoding='utf-8'?>
<!DOCTYPE PubmedArticleSet PUBLIC "-//NLM//DTD PubMedArticle, 1st January 2011//EN" "http://www.ncbi.nlm.nih.gov/entrez/query/DTD/pubmed_110101.dtd">
<pubmedarticleset>
 <pubmedarticle>
  <medlinecitation owner="NLM" status="MEDLINE">
   <pmid version="1">
    2729383
   </pmid>
   <datecreated>
    <year>
     1989
    </year>
    <month>
     06
    </month>
    <day>
     27
    </day>
   </datecreated>
   <datecompleted>
    <year>
     1989
    </year>
    <month>
     06
    </month>
    <day>
     27
    </day>
   </datecompleted>
   <daterevised>
    <year>
     2006
    </year>
    <month>
     11
    </month>
    <day>
     15
    </day>
   </daterevised>
   <article pubmodel="Print">
    <journal>
     <issn issntype="Print">
      0002-9378
     </issn>
     <journalissue citedmedium="Print">
      <volume>
       160
      </volume>
      <issue>
       5 Pt 1
      </issue>
      <pubdate>
       <year>
        1989
       </year>
       <month>
        May
       </month>
      </pubdate>
     </journalissue>
     <title>
      American journal of obstetrics and gynecology
     </title>
     <isoabbreviation>
      Am. J. Obstet. Gynecol.
     </isoabbreviation>
    </journal>
    <articletitle>
     A prospective evaluation of fetal movement screening to reduce the incidence of antepartum fetal death.
    </articletitle>
    <pagination>
     <medlinepgn>
      1075-80
     </medlinepgn>
    </pagination>
    <abstract>
     <abstracttext>
      Fetal death is a tragedy for mother, family, and obstetrician. Recent reviews of fetal death indicate that nearly half occur in pregnancies that are not candidates for traditional antepartum testing. We conducted a prospective evaluation of the effectiveness of a fetal movement screening program in reducing the fetal mortality rate. During a 7-month control period, 2519 deliveries occurred, no formal fetal movement assessment was done, and the fetal mortality rate was 8.7 per 1000 births. A pilot study was conducted to validate a protocol in which the patient was instructed to record the elapsed time required to appreciate 10 fetal movements. The mean time interval was 20.9 +/- 18.1 minutes (mean +/- SD). Patients in whom 2 hours elapsed without 10 fetal movements (mean +/- 5 SD) were to report to the delivery unit for further evaluation. During the study period, 1864 patients were delivered of infants and the fetal mortality rate was 2.1 per 1000 (chi 2 = 6.8, p less than 0.01). During the study period the number of antepartum tests performed increased by 13%. Interventions for fetal compromise prompted by inadequate fetal activity tripled in the study period, resulting in a drop in fetal mortality among patients with decreased movement from 44 to 10 per 1000. We conclude that the count-to-10 fetal movement screening program is simple and effective in reducing the fetal mortality rate.
     </abstracttext>
    </abstract>
    <affiliation>
     Department of Obstetrics and Gynecology, U.S. Naval Hospital, San Diego, CA.
    </affiliation>
    <authorlist completeyn="Y">
     <author validyn="Y">
      <lastname>
       Moore
      </lastname>
      <forename>
       T R
      </forename>
      <initials>
       TR
      </initials>
     </author>
     <author validyn="Y">
      <lastname>
       Piacquadio
      </lastname>
      <forename>
       K
      </forename>
      <initials>
       K
      </initials>
     </author>
    </authorlist>
    <language>
     eng
    </language>
    <publicationtypelist>
     <publicationtype>
      Comparative Study
     </publicationtype>
     <publicationtype>
      Journal Article
     </publicationtype>
    </publicationtypelist>
   </article>
   <medlinejournalinfo>
    <country>
     UNITED STATES
    </country>
    <medlineta>
     Am J Obstet Gynecol
    </medlineta>
    <nlmuniqueid>
     0370476
    </nlmuniqueid>
    <issnlinking>
     0002-9378
    </issnlinking>
   </medlinejournalinfo>
   <citationsubset>
    AIM
   </citationsubset>
   <citationsubset>
    IM
   </citationsubset>
   <commentscorrectionslist>
    <commentscorrections reftype="CommentIn">
     <refsource>
      Am J Obstet Gynecol. 1990 Jul;163(1 Pt 1):264-5
     </refsource>
     <pmid version="1">
      2197870
     </pmid>
    </commentscorrections>
   </commentscorrectionslist>
   <meshheadinglist>
    <meshheading>
     <descriptorname majortopicyn="N" type="Geographic">
      California
     </descriptorname>
    </meshheading>
    <meshheading>
     <descriptorname majortopicyn="N">
      Circadian Rhythm
     </descriptorname>
    </meshheading>
    <meshheading>
     <descriptorname majortopicyn="N">
      Female
     </descriptorname>
    </meshheading>
    <meshheading>
     <descriptorname majortopicyn="N">
      Fetal Death
     </descriptorname>
     <qualifiername majortopicyn="N">
      epidemiology
     </qualifiername>
     <qualifiername majortopicyn="Y">
      prevention &amp; control
     </qualifiername>
    </meshheading>
    <meshheading>
     <descriptorname majortopicyn="Y">
      Fetal Monitoring
     </descriptorname>
    </meshheading>
    <meshheading>
     <descriptorname majortopicyn="Y">
      Fetal Movement
     </descriptorname>
    </meshheading>
    <meshheading>
     <descriptorname majortopicyn="N">
      Humans
     </descriptorname>
    </meshheading>
    <meshheading>
     <descriptorname majortopicyn="N">
      Military Personnel
     </descriptorname>
    </meshheading>
    <meshheading>
     <descriptorname majortopicyn="N">
      Patient Compliance
     </descriptorname>
    </meshheading>
    <meshheading>
     <descriptorname majortopicyn="N">
      Pilot Projects
     </descriptorname>
    </meshheading>
    <meshheading>
     <descriptorname majortopicyn="N">
      Pregnancy
     </descriptorname>
    </meshheading>
    <meshheading>
     <descriptorname majortopicyn="N">
      Program Evaluation
     </descriptorname>
    </meshheading>
    <meshheading>
     <descriptorname majortopicyn="N">
      Prospective Studies
     </descriptorname>
    </meshheading>
    <meshheading>
     <descriptorname majortopicyn="N">
      Risk Factors
     </descriptorname>
    </meshheading>
   </meshheadinglist>
  </medlinecitation>
  <pubmeddata>
   <history>
    <pubmedpubdate pubstatus="pubmed">
     <year>
      1989
     </year>
     <month>
      5
     </month>
     <day>
      1
     </day>
    </pubmedpubdate>
    <pubmedpubdate pubstatus="medline">
     <year>
      1989
     </year>
     <month>
      5
     </month>
     <day>
      1
     </day>
     <hour>
      0
     </hour>
     <minute>
      1
     </minute>
    </pubmedpubdate>
    <pubmedpubdate pubstatus="entrez">
     <year>
      1989
     </year>
     <month>
      5
     </month>
     <day>
      1
     </day>
     <hour>
      0
     </hour>
     <minute>
      0
     </minute>
    </pubmedpubdate>
   </history>
   <publicationstatus>
    ppublish
   </publicationstatus>
   <articleidlist>
    <articleid idtype="pubmed">
     2729383
    </articleid>
   </articleidlist>
  </pubmeddata>
 </pubmedarticle>
</pubmedarticleset>

