<?xml version='1.0' encoding='utf-8'?>
<!DOCTYPE PubmedArticleSet PUBLIC "-//NLM//DTD PubMedArticle, 1st January 2011//EN" "http://www.ncbi.nlm.nih.gov/entrez/query/DTD/pubmed_110101.dtd">
<pubmedarticleset>
 <pubmedarticle>
  <medlinecitation owner="NLM" status="MEDLINE">
   <pmid version="1">
    2754155
   </pmid>
   <datecreated>
    <year>
     1989
    </year>
    <month>
     09
    </month>
    <day>
     06
    </day>
   </datecreated>
   <datecompleted>
    <year>
     1989
    </year>
    <month>
     09
    </month>
    <day>
     06
    </day>
   </datecompleted>
   <daterevised>
    <year>
     2008
    </year>
    <month>
     03
    </month>
    <day>
     10
    </day>
   </daterevised>
   <article pubmodel="Print">
    <journal>
     <issn issntype="Print">
      0002-8614
     </issn>
     <journalissue citedmedium="Print">
      <volume>
       37
      </volume>
      <issue>
       8
      </issue>
      <pubdate>
       <year>
        1989
       </year>
       <month>
        Aug
       </month>
      </pubdate>
     </journalissue>
     <title>
      Journal of the American Geriatrics Society
     </title>
     <isoabbreviation>
      J Am Geriatr Soc
     </isoabbreviation>
    </journal>
    <articletitle>
     Simplified tests of lower urinary tract function in the evaluation of geriatric urinary incontinence.
    </articletitle>
    <pagination>
     <medlinepgn>
      706-14
     </medlinepgn>
    </pagination>
    <affiliation>
     Jewish Homes for the Aging, Reseda, CA 91335.
    </affiliation>
    <authorlist completeyn="Y">
     <author validyn="Y">
      <lastname>
       Ouslander
      </lastname>
      <forename>
       J G
      </forename>
      <initials>
       JG
      </initials>
     </author>
     <author validyn="Y">
      <lastname>
       Leach
      </lastname>
      <forename>
       G E
      </forename>
      <initials>
       GE
      </initials>
     </author>
     <author validyn="Y">
      <lastname>
       Staskin
      </lastname>
      <forename>
       D R
      </forename>
      <initials>
       DR
      </initials>
     </author>
    </authorlist>
    <language>
     eng
    </language>
    <publicationtypelist>
     <publicationtype>
      Case Reports
     </publicationtype>
     <publicationtype>
      Journal Article
     </publicationtype>
    </publicationtypelist>
   </article>
   <medlinejournalinfo>
    <country>
     UNITED STATES
    </country>
    <medlineta>
     J Am Geriatr Soc
    </medlineta>
    <nlmuniqueid>
     7503062
    </nlmuniqueid>
    <issnlinking>
     0002-8614
    </issnlinking>
   </medlinejournalinfo>
   <citationsubset>
    IM
   </citationsubset>
   <meshheadinglist>
    <meshheading>
     <descriptorname majortopicyn="N">
      Aged
     </descriptorname>
    </meshheading>
    <meshheading>
     <descriptorname majortopicyn="N">
      Aged, 80 and over
     </descriptorname>
    </meshheading>
    <meshheading>
     <descriptorname majortopicyn="N">
      Cystoscopy
     </descriptorname>
    </meshheading>
    <meshheading>
     <descriptorname majortopicyn="N">
      Evaluation Studies as Topic
     </descriptorname>
    </meshheading>
    <meshheading>
     <descriptorname majortopicyn="N">
      Female
     </descriptorname>
    </meshheading>
    <meshheading>
     <descriptorname majortopicyn="N">
      Humans
     </descriptorname>
    </meshheading>
    <meshheading>
     <descriptorname majortopicyn="N">
      Male
     </descriptorname>
    </meshheading>
    <meshheading>
     <descriptorname majortopicyn="N">
      Primary Health Care
     </descriptorname>
    </meshheading>
    <meshheading>
     <descriptorname majortopicyn="N">
      Prospective Studies
     </descriptorname>
    </meshheading>
    <meshheading>
     <descriptorname majortopicyn="N">
      Urinary Bladder
     </descriptorname>
     <qualifiername majortopicyn="N">
      physiopathology
     </qualifiername>
    </meshheading>
    <meshheading>
     <descriptorname majortopicyn="N">
      Urinary Bladder Diseases
     </descriptorname>
     <qualifiername majortopicyn="N">
      physiopathology
     </qualifiername>
    </meshheading>
    <meshheading>
     <descriptorname majortopicyn="N">
      Urinary Catheterization
     </descriptorname>
    </meshheading>
    <meshheading>
     <descriptorname majortopicyn="N">
      Urinary Incontinence
     </descriptorname>
     <qualifiername majortopicyn="Y">
      diagnosis
     </qualifiername>
     <qualifiername majortopicyn="N">
      physiopathology
     </qualifiername>
    </meshheading>
    <meshheading>
     <descriptorname majortopicyn="N">
      Urodynamics
     </descriptorname>
    </meshheading>
   </meshheadinglist>
  </medlinecitation>
  <pubmeddata>
   <history>
    <pubmedpubdate pubstatus="pubmed">
     <year>
      1989
     </year>
     <month>
      8
     </month>
     <day>
      1
     </day>
    </pubmedpubdate>
    <pubmedpubdate pubstatus="medline">
     <year>
      1989
     </year>
     <month>
      8
     </month>
     <day>
      1
     </day>
     <hour>
      0
     </hour>
     <minute>
      1
     </minute>
    </pubmedpubdate>
    <pubmedpubdate pubstatus="entrez">
     <year>
      1989
     </year>
     <month>
      8
     </month>
     <day>
      1
     </day>
     <hour>
      0
     </hour>
     <minute>
      0
     </minute>
    </pubmedpubdate>
   </history>
   <publicationstatus>
    ppublish
   </publicationstatus>
   <articleidlist>
    <articleid idtype="pubmed">
     2754155
    </articleid>
   </articleidlist>
  </pubmeddata>
 </pubmedarticle>
</pubmedarticleset>

