<?xml version='1.0' encoding='utf-8'?>
<!DOCTYPE PubmedArticleSet PUBLIC "-//NLM//DTD PubMedArticle, 1st January 2011//EN" "http://www.ncbi.nlm.nih.gov/entrez/query/DTD/pubmed_110101.dtd">
<pubmedarticleset>
 <pubmedarticle>
  <medlinecitation owner="NLM" status="MEDLINE">
   <pmid version="1">
    2927639
   </pmid>
   <datecreated>
    <year>
     1989
    </year>
    <month>
     04
    </month>
    <day>
     26
    </day>
   </datecreated>
   <datecompleted>
    <year>
     1989
    </year>
    <month>
     04
    </month>
    <day>
     26
    </day>
   </datecompleted>
   <daterevised>
    <year>
     2004
    </year>
    <month>
     11
    </month>
    <day>
     17
    </day>
   </daterevised>
   <article pubmodel="Print">
    <journal>
     <issn issntype="Print">
      0028-3878
     </issn>
     <journalissue citedmedium="Print">
      <volume>
       39
      </volume>
      <issue>
       3
      </issue>
      <pubdate>
       <year>
        1989
       </year>
       <month>
        Mar
       </month>
      </pubdate>
     </journalissue>
     <title>
      Neurology
     </title>
     <isoabbreviation>
      Neurology
     </isoabbreviation>
    </journal>
    <articletitle>
     Lisuride, a dopamine agonist in the treatment of early Parkinson's disease.
    </articletitle>
    <pagination>
     <medlinepgn>
      336-9
     </medlinepgn>
    </pagination>
    <abstract>
     <abstracttext>
      A randomized, prospective trial in 90 de novo parkinsonian patients showed that 4 years' treatment with lisuride resulted in significantly fewer end-of-dose disturbances and peak-dose dyskinesias, but also less improvement in parkinsonian disability, than with levodopa. Early combination of lisuride and a low dose of levodopa, during a 4-year follow-up, resulted in a therapeutic response equal to that achieved with high-dose levodopa alone, but significantly fewer end-of-dose failures and dyskinesias. Thus it seems advisable that treatment should begin in the early phase of the disease with a dopamine agonist such as lisuride combined with a low dose of levodopa.
     </abstracttext>
    </abstract>
    <affiliation>
     Department of Neurology, University of Turku, Finland.
    </affiliation>
    <authorlist completeyn="Y">
     <author validyn="Y">
      <lastname>
       Rinne
      </lastname>
      <forename>
       U K
      </forename>
      <initials>
       UK
      </initials>
     </author>
    </authorlist>
    <language>
     eng
    </language>
    <publicationtypelist>
     <publicationtype>
      Clinical Trial
     </publicationtype>
     <publicationtype>
      Journal Article
     </publicationtype>
     <publicationtype>
      Randomized Controlled Trial
     </publicationtype>
    </publicationtypelist>
   </article>
   <medlinejournalinfo>
    <country>
     UNITED STATES
    </country>
    <medlineta>
     Neurology
    </medlineta>
    <nlmuniqueid>
     0401060
    </nlmuniqueid>
    <issnlinking>
     0028-3878
    </issnlinking>
   </medlinejournalinfo>
   <chemicallist>
    <chemical>
     <registrynumber>
      0
     </registrynumber>
     <nameofsubstance>
      Ergolines
     </nameofsubstance>
    </chemical>
    <chemical>
     <registrynumber>
      0
     </registrynumber>
     <nameofsubstance>
      Levodopa
     </nameofsubstance>
    </chemical>
    <chemical>
     <registrynumber>
      18016-80-3
     </registrynumber>
     <nameofsubstance>
      Lisuride
     </nameofsubstance>
    </chemical>
   </chemicallist>
   <citationsubset>
    AIM
   </citationsubset>
   <citationsubset>
    IM
   </citationsubset>
   <commentscorrectionslist>
    <commentscorrections reftype="CommentIn">
     <refsource>
      Neurology. 1990 Apr;40(4):725
     </refsource>
     <pmid version="1">
      2320258
     </pmid>
    </commentscorrections>
   </commentscorrectionslist>
   <meshheadinglist>
    <meshheading>
     <descriptorname majortopicyn="N">
      Drug Therapy, Combination
     </descriptorname>
    </meshheading>
    <meshheading>
     <descriptorname majortopicyn="N">
      Ergolines
     </descriptorname>
     <qualifiername majortopicyn="Y">
      therapeutic use
     </qualifiername>
    </meshheading>
    <meshheading>
     <descriptorname majortopicyn="N">
      Female
     </descriptorname>
    </meshheading>
    <meshheading>
     <descriptorname majortopicyn="N">
      Humans
     </descriptorname>
    </meshheading>
    <meshheading>
     <descriptorname majortopicyn="N">
      Levodopa
     </descriptorname>
     <qualifiername majortopicyn="N">
      administration &amp; dosage
     </qualifiername>
     <qualifiername majortopicyn="Y">
      therapeutic use
     </qualifiername>
    </meshheading>
    <meshheading>
     <descriptorname majortopicyn="N">
      Lisuride
     </descriptorname>
     <qualifiername majortopicyn="N">
      administration &amp; dosage
     </qualifiername>
     <qualifiername majortopicyn="Y">
      therapeutic use
     </qualifiername>
    </meshheading>
    <meshheading>
     <descriptorname majortopicyn="N">
      Male
     </descriptorname>
    </meshheading>
    <meshheading>
     <descriptorname majortopicyn="N">
      Middle Aged
     </descriptorname>
    </meshheading>
    <meshheading>
     <descriptorname majortopicyn="N">
      Parkinson Disease
     </descriptorname>
     <qualifiername majortopicyn="Y">
      drug therapy
     </qualifiername>
    </meshheading>
   </meshheadinglist>
  </medlinecitation>
  <pubmeddata>
   <history>
    <pubmedpubdate pubstatus="pubmed">
     <year>
      1989
     </year>
     <month>
      3
     </month>
     <day>
      1
     </day>
    </pubmedpubdate>
    <pubmedpubdate pubstatus="medline">
     <year>
      1989
     </year>
     <month>
      3
     </month>
     <day>
      1
     </day>
     <hour>
      0
     </hour>
     <minute>
      1
     </minute>
    </pubmedpubdate>
    <pubmedpubdate pubstatus="entrez">
     <year>
      1989
     </year>
     <month>
      3
     </month>
     <day>
      1
     </day>
     <hour>
      0
     </hour>
     <minute>
      0
     </minute>
    </pubmedpubdate>
   </history>
   <publicationstatus>
    ppublish
   </publicationstatus>
   <articleidlist>
    <articleid idtype="pubmed">
     2927639
    </articleid>
   </articleidlist>
  </pubmeddata>
 </pubmedarticle>
</pubmedarticleset>

