<?xml version='1.0' encoding='utf-8'?>
<!DOCTYPE PubmedArticleSet PUBLIC "-//NLM//DTD PubMedArticle, 1st January 2011//EN" "http://www.ncbi.nlm.nih.gov/entrez/query/DTD/pubmed_110101.dtd">
<pubmedarticleset>
 <pubmedarticle>
  <medlinecitation owner="NLM" status="MEDLINE">
   <pmid version="1">
    3140269
   </pmid>
   <datecreated>
    <year>
     1988
    </year>
    <month>
     11
    </month>
    <day>
     09
    </day>
   </datecreated>
   <datecompleted>
    <year>
     1988
    </year>
    <month>
     11
    </month>
    <day>
     09
    </day>
   </datecompleted>
   <daterevised>
    <year>
     2009
    </year>
    <month>
     11
    </month>
    <day>
     18
    </day>
   </daterevised>
   <article pubmodel="Print">
    <journal>
     <issn issntype="Print">
      0033-3549
     </issn>
     <journalissue citedmedium="Print">
      <volume>
       103
      </volume>
      <issue>
       5
      </issue>
      <pubdate>
       <medlinedate>
        1988 Sep-Oct
       </medlinedate>
      </pubdate>
     </journalissue>
     <title>
      Public health reports (Washington, D.C. : 1974)
     </title>
     <isoabbreviation>
      Public Health Rep
     </isoabbreviation>
    </journal>
    <articletitle>
     Continuing outbreak of hepatitis A linked with intravenous drug abuse in Multnomah County.
    </articletitle>
    <pagination>
     <medlinepgn>
      452-9
     </medlinepgn>
    </pagination>
    <abstract>
     <abstracttext>
      A communitywide outbreak of hepatitis A occurred in Portland, OR, from 1983 through 1986. At the peak of the outbreak, the age- and sex-specific annual incidence rate approached 400 cases per 100,000 population among men ages 25 to 34, the highest risk group. The community incidence rate was nearly 10 times the relevant national incidence rate. A review of the records concerning cases of hepatitis A reported in the last 6 months of 1985 revealed that about half the number of young adults whose cases were investigated during that time reported a history of intravenous (IV) drug use--a proportion about 50 times greater than expected among persons in that age range. A simultaneous epidemic of overdose deaths from heroin and a concomitant increase in hepatitis B incidence rates led to the suspicion that this was a drug-abuse-associated epidemic of hepatitis among new IV drug users. Control of this outbreak was difficult because the population most at risk was distrustful of public health officials. Increased surveillance in food service establishments and schools might have prevented outbreaks from a common source in the general population; however, an increase of sporadic cases in the nondrug-using population clearly occurred.
     </abstracttext>
    </abstract>
    <affiliation>
     Department of Human Services, Multnomah County, OR.
    </affiliation>
    <authorlist completeyn="Y">
     <author validyn="Y">
      <lastname>
       Schade
      </lastname>
      <forename>
       C P
      </forename>
      <initials>
       CP
      </initials>
     </author>
     <author validyn="Y">
      <lastname>
       Komorwska
      </lastname>
      <forename>
       D
      </forename>
      <initials>
       D
      </initials>
     </author>
    </authorlist>
    <language>
     eng
    </language>
    <publicationtypelist>
     <publicationtype>
      Journal Article
     </publicationtype>
    </publicationtypelist>
   </article>
   <medlinejournalinfo>
    <country>
     UNITED STATES
    </country>
    <medlineta>
     Public Health Rep
    </medlineta>
    <nlmuniqueid>
     9716844
    </nlmuniqueid>
    <issnlinking>
     0033-3549
    </issnlinking>
   </medlinejournalinfo>
   <citationsubset>
    AIM
   </citationsubset>
   <citationsubset>
    IM
   </citationsubset>
   <commentscorrectionslist>
    <commentscorrections reftype="Cites">
     <refsource>
      Am J Public Health. 1976 Sep;66(9):872-7
     </refsource>
     <pmid version="1">
      961955
     </pmid>
    </commentscorrections>
    <commentscorrections reftype="Cites">
     <refsource>
      Science. 1986 Nov 21;234(4779):970-4
     </refsource>
     <pmid version="1">
      3490691
     </pmid>
    </commentscorrections>
    <commentscorrections reftype="Cites">
     <refsource>
      Scand J Infect Dis. 1983;15(2):139-43
     </refsource>
     <pmid version="1">
      6603653
     </pmid>
    </commentscorrections>
    <commentscorrections reftype="Cites">
     <refsource>
      Scand J Infect Dis. 1982;14(4):253-9
     </refsource>
     <pmid version="1">
      6819637
     </pmid>
    </commentscorrections>
    <commentscorrections reftype="Cites">
     <refsource>
      Scand J Gastroenterol. 1978;13(7):873-7
     </refsource>
     <pmid version="1">
      725509
     </pmid>
    </commentscorrections>
   </commentscorrectionslist>
   <meshheadinglist>
    <meshheading>
     <descriptorname majortopicyn="N">
      Adolescent
     </descriptorname>
    </meshheading>
    <meshheading>
     <descriptorname majortopicyn="N">
      Adult
     </descriptorname>
    </meshheading>
    <meshheading>
     <descriptorname majortopicyn="N">
      African Americans
     </descriptorname>
    </meshheading>
    <meshheading>
     <descriptorname majortopicyn="N">
      Age Factors
     </descriptorname>
    </meshheading>
    <meshheading>
     <descriptorname majortopicyn="N">
      Child
     </descriptorname>
    </meshheading>
    <meshheading>
     <descriptorname majortopicyn="N">
      Child, Preschool
     </descriptorname>
    </meshheading>
    <meshheading>
     <descriptorname majortopicyn="N">
      Disease Outbreaks
     </descriptorname>
    </meshheading>
    <meshheading>
     <descriptorname majortopicyn="N">
      Female
     </descriptorname>
    </meshheading>
    <meshheading>
     <descriptorname majortopicyn="N">
      Hepatitis A
     </descriptorname>
     <qualifiername majortopicyn="Y">
      epidemiology
     </qualifiername>
     <qualifiername majortopicyn="N">
      etiology
     </qualifiername>
    </meshheading>
    <meshheading>
     <descriptorname majortopicyn="N">
      Hepatitis B
     </descriptorname>
     <qualifiername majortopicyn="N">
      epidemiology
     </qualifiername>
    </meshheading>
    <meshheading>
     <descriptorname majortopicyn="N">
      Humans
     </descriptorname>
    </meshheading>
    <meshheading>
     <descriptorname majortopicyn="N">
      Injections, Intravenous
     </descriptorname>
    </meshheading>
    <meshheading>
     <descriptorname majortopicyn="N">
      Male
     </descriptorname>
    </meshheading>
    <meshheading>
     <descriptorname majortopicyn="N">
      Middle Aged
     </descriptorname>
    </meshheading>
    <meshheading>
     <descriptorname majortopicyn="N" type="Geographic">
      Oregon
     </descriptorname>
    </meshheading>
    <meshheading>
     <descriptorname majortopicyn="N">
      Poisoning
     </descriptorname>
     <qualifiername majortopicyn="N">
      mortality
     </qualifiername>
    </meshheading>
    <meshheading>
     <descriptorname majortopicyn="N">
      Retrospective Studies
     </descriptorname>
    </meshheading>
    <meshheading>
     <descriptorname majortopicyn="N">
      Sex Factors
     </descriptorname>
    </meshheading>
    <meshheading>
     <descriptorname majortopicyn="N">
      Substance-Related Disorders
     </descriptorname>
     <qualifiername majortopicyn="Y">
      complications
     </qualifiername>
    </meshheading>
   </meshheadinglist>
   <otherid source="NLM">
    PMC1478131
   </otherid>
  </medlinecitation>
  <pubmeddata>
   <history>
    <pubmedpubdate pubstatus="pubmed">
     <year>
      1988
     </year>
     <month>
      9
     </month>
     <day>
      1
     </day>
    </pubmedpubdate>
    <pubmedpubdate pubstatus="medline">
     <year>
      1988
     </year>
     <month>
      9
     </month>
     <day>
      1
     </day>
     <hour>
      0
     </hour>
     <minute>
      1
     </minute>
    </pubmedpubdate>
    <pubmedpubdate pubstatus="entrez">
     <year>
      1988
     </year>
     <month>
      9
     </month>
     <day>
      1
     </day>
     <hour>
      0
     </hour>
     <minute>
      0
     </minute>
    </pubmedpubdate>
   </history>
   <publicationstatus>
    ppublish
   </publicationstatus>
   <articleidlist>
    <articleid idtype="pubmed">
     3140269
    </articleid>
    <articleid idtype="pmc">
     PMC1478131
    </articleid>
   </articleidlist>
  </pubmeddata>
 </pubmedarticle>
</pubmedarticleset>

