<?xml version='1.0' encoding='utf-8'?>
<!DOCTYPE PubmedArticleSet PUBLIC "-//NLM//DTD PubMedArticle, 1st January 2011//EN" "http://www.ncbi.nlm.nih.gov/entrez/query/DTD/pubmed_110101.dtd">
<pubmedarticleset>
 <pubmedarticle>
  <medlinecitation owner="NLM" status="MEDLINE">
   <pmid version="1">
    3186087
   </pmid>
   <datecreated>
    <year>
     1988
    </year>
    <month>
     12
    </month>
    <day>
     22
    </day>
   </datecreated>
   <datecompleted>
    <year>
     1988
    </year>
    <month>
     12
    </month>
    <day>
     22
    </day>
   </datecompleted>
   <daterevised>
    <year>
     2009
    </year>
    <month>
     10
    </month>
    <day>
     26
    </day>
   </daterevised>
   <article pubmodel="Print">
    <journal>
     <issn issntype="Print">
      0029-7844
     </issn>
     <journalissue citedmedium="Print">
      <volume>
       72
      </volume>
      <issue>
       6
      </issue>
      <pubdate>
       <year>
        1988
       </year>
       <month>
        Dec
       </month>
      </pubdate>
     </journalissue>
     <title>
      Obstetrics and gynecology
     </title>
     <isoabbreviation>
      Obstet Gynecol
     </isoabbreviation>
    </journal>
    <articletitle>
     A randomized trial of intrapartum versus immediate postpartum treatment of women with intra-amniotic infection.
    </articletitle>
    <pagination>
     <medlinepgn>
      823-8
     </medlinepgn>
    </pagination>
    <abstract>
     <abstracttext>
      A randomized trial of intrapartum versus postpartum antibiotic treatment of women with intra-amniotic infection was conducted. Intra-amniotic infection was treated with ampicillin and gentamicin during labor (at the time of diagnosis) in 26 women and immediately after umbilical cord clamping in 19 women. Intrapartum treatment led to a lower incidence of neonatal sepsis (0 versus 21%; P = .03) and a shorter neonatal hospital stay (3.8 versus 5.7 days; P = .02) when compared with postpartum treatment. There were no significant differences in the microbiologic results, the gestational age, or the birth weight between the groups. Intrapartum-treated mothers had a shorter mean postpartum stay, a lower mean number of febrile days, and a lower mean peak postpartum temperature than did postpartum-treated mothers; these differences were all statistically significant (P = .05). The treatment of clinical intra-amniotic infection during labor results in improved outcome.
     </abstracttext>
    </abstract>
    <affiliation>
     Department of Obstetrics and Gynecology, University of Texas Health Science Center, San Antonio.
    </affiliation>
    <authorlist completeyn="Y">
     <author validyn="Y">
      <lastname>
       Gibbs
      </lastname>
      <forename>
       R S
      </forename>
      <initials>
       RS
      </initials>
     </author>
     <author validyn="Y">
      <lastname>
       Dinsmoor
      </lastname>
      <forename>
       M J
      </forename>
      <initials>
       MJ
      </initials>
     </author>
     <author validyn="Y">
      <lastname>
       Newton
      </lastname>
      <forename>
       E R
      </forename>
      <initials>
       ER
      </initials>
     </author>
     <author validyn="Y">
      <lastname>
       Ramamurthy
      </lastname>
      <forename>
       R S
      </forename>
      <initials>
       RS
      </initials>
     </author>
    </authorlist>
    <language>
     eng
    </language>
    <publicationtypelist>
     <publicationtype>
      Clinical Trial
     </publicationtype>
     <publicationtype>
      Comparative Study
     </publicationtype>
     <publicationtype>
      Journal Article
     </publicationtype>
     <publicationtype>
      Randomized Controlled Trial
     </publicationtype>
    </publicationtypelist>
   </article>
   <medlinejournalinfo>
    <country>
     UNITED STATES
    </country>
    <medlineta>
     Obstet Gynecol
    </medlineta>
    <nlmuniqueid>
     0401101
    </nlmuniqueid>
    <issnlinking>
     0029-7844
    </issnlinking>
   </medlinejournalinfo>
   <chemicallist>
    <chemical>
     <registrynumber>
      0
     </registrynumber>
     <nameofsubstance>
      Gentamicins
     </nameofsubstance>
    </chemical>
    <chemical>
     <registrynumber>
      69-53-4
     </registrynumber>
     <nameofsubstance>
      Ampicillin
     </nameofsubstance>
    </chemical>
   </chemicallist>
   <citationsubset>
    AIM
   </citationsubset>
   <citationsubset>
    IM
   </citationsubset>
   <meshheadinglist>
    <meshheading>
     <descriptorname majortopicyn="N">
      Adult
     </descriptorname>
    </meshheading>
    <meshheading>
     <descriptorname majortopicyn="N">
      Ampicillin
     </descriptorname>
     <qualifiername majortopicyn="Y">
      administration &amp; dosage
     </qualifiername>
     <qualifiername majortopicyn="N">
      therapeutic use
     </qualifiername>
    </meshheading>
    <meshheading>
     <descriptorname majortopicyn="N">
      Bacteria
     </descriptorname>
     <qualifiername majortopicyn="N">
      isolation &amp; purification
     </qualifiername>
    </meshheading>
    <meshheading>
     <descriptorname majortopicyn="N">
      Bacterial Infections
     </descriptorname>
     <qualifiername majortopicyn="N">
      prevention &amp; control
     </qualifiername>
    </meshheading>
    <meshheading>
     <descriptorname majortopicyn="N">
      Chorioamnionitis
     </descriptorname>
     <qualifiername majortopicyn="Y">
      drug therapy
     </qualifiername>
     <qualifiername majortopicyn="N">
      microbiology
     </qualifiername>
    </meshheading>
    <meshheading>
     <descriptorname majortopicyn="N">
      Drug Therapy, Combination
     </descriptorname>
     <qualifiername majortopicyn="N">
      therapeutic use
     </qualifiername>
    </meshheading>
    <meshheading>
     <descriptorname majortopicyn="N">
      Female
     </descriptorname>
    </meshheading>
    <meshheading>
     <descriptorname majortopicyn="N">
      Gentamicins
     </descriptorname>
     <qualifiername majortopicyn="Y">
      administration &amp; dosage
     </qualifiername>
     <qualifiername majortopicyn="N">
      therapeutic use
     </qualifiername>
    </meshheading>
    <meshheading>
     <descriptorname majortopicyn="N">
      Humans
     </descriptorname>
    </meshheading>
    <meshheading>
     <descriptorname majortopicyn="N">
      Infant, Newborn
     </descriptorname>
    </meshheading>
    <meshheading>
     <descriptorname majortopicyn="N">
      Labor, Obstetric
     </descriptorname>
    </meshheading>
    <meshheading>
     <descriptorname majortopicyn="N">
      Postpartum Period
     </descriptorname>
    </meshheading>
    <meshheading>
     <descriptorname majortopicyn="N">
      Pregnancy
     </descriptorname>
    </meshheading>
    <meshheading>
     <descriptorname majortopicyn="N">
      Pregnancy Complications, Infectious
     </descriptorname>
     <qualifiername majortopicyn="Y">
      drug therapy
     </qualifiername>
     <qualifiername majortopicyn="N">
      microbiology
     </qualifiername>
    </meshheading>
    <meshheading>
     <descriptorname majortopicyn="N">
      Prospective Studies
     </descriptorname>
    </meshheading>
    <meshheading>
     <descriptorname majortopicyn="N">
      Random Allocation
     </descriptorname>
    </meshheading>
    <meshheading>
     <descriptorname majortopicyn="N">
      Vagina
     </descriptorname>
     <qualifiername majortopicyn="N">
      microbiology
     </qualifiername>
    </meshheading>
   </meshheadinglist>
  </medlinecitation>
  <pubmeddata>
   <history>
    <pubmedpubdate pubstatus="pubmed">
     <year>
      1988
     </year>
     <month>
      12
     </month>
     <day>
      1
     </day>
    </pubmedpubdate>
    <pubmedpubdate pubstatus="medline">
     <year>
      1988
     </year>
     <month>
      12
     </month>
     <day>
      1
     </day>
     <hour>
      0
     </hour>
     <minute>
      1
     </minute>
    </pubmedpubdate>
    <pubmedpubdate pubstatus="entrez">
     <year>
      1988
     </year>
     <month>
      12
     </month>
     <day>
      1
     </day>
     <hour>
      0
     </hour>
     <minute>
      0
     </minute>
    </pubmedpubdate>
   </history>
   <publicationstatus>
    ppublish
   </publicationstatus>
   <articleidlist>
    <articleid idtype="pubmed">
     3186087
    </articleid>
   </articleidlist>
  </pubmeddata>
 </pubmedarticle>
</pubmedarticleset>

