<?xml version='1.0' encoding='utf-8'?>
<!DOCTYPE PubmedArticleSet PUBLIC "-//NLM//DTD PubMedArticle, 1st January 2011//EN" "http://www.ncbi.nlm.nih.gov/entrez/query/DTD/pubmed_110101.dtd">
<pubmedarticleset>
 <pubmedarticle>
  <medlinecitation owner="NLM" status="MEDLINE">
   <pmid version="1">
    3192364
   </pmid>
   <datecreated>
    <year>
     1989
    </year>
    <month>
     01
    </month>
    <day>
     05
    </day>
   </datecreated>
   <datecompleted>
    <year>
     1989
    </year>
    <month>
     01
    </month>
    <day>
     05
    </day>
   </datecompleted>
   <daterevised>
    <year>
     2004
    </year>
    <month>
     11
    </month>
    <day>
     17
    </day>
   </daterevised>
   <article pubmodel="Print">
    <journal>
     <issn issntype="Print">
      0165-5876
     </issn>
     <journalissue citedmedium="Print">
      <volume>
       15
      </volume>
      <issue>
       3
      </issue>
      <pubdate>
       <year>
        1988
       </year>
       <month>
        Sep
       </month>
      </pubdate>
     </journalissue>
     <title>
      International journal of pediatric otorhinolaryngology
     </title>
     <isoabbreviation>
      Int. J. Pediatr. Otorhinolaryngol.
     </isoabbreviation>
    </journal>
    <articletitle>
     Treatment of chronic maxillary sinusitis in children.
    </articletitle>
    <pagination>
     <medlinepgn>
      269-78
     </medlinepgn>
    </pagination>
    <abstract>
     <abstracttext>
      In the present study 141 children aged between 3 and 10 years and suffering from chronic maxillary sinusitis were treated non-selectively in one of 4 ways: amoxicillin combined with decongestive nose drops, drainage of the maxillary sinus, a combination of the two, or a placebo. The duration of the follow-up period was 6 months. The therapeutic effects of the 4 forms of treatment did not differ significantly. Haemophilus influenzae and streptococcus pneumoniae were the micro-organisms encountered most often in these children. The results are discussed.
     </abstracttext>
    </abstract>
    <affiliation>
     Department of Otorhinolaryngology and Head and Neck Surgery, Academic Hospital, University of Leiden, The Netherlands.
    </affiliation>
    <authorlist completeyn="Y">
     <author validyn="Y">
      <lastname>
       Otten
      </lastname>
      <forename>
       F W
      </forename>
      <initials>
       FW
      </initials>
     </author>
     <author validyn="Y">
      <lastname>
       Grote
      </lastname>
      <forename>
       J J
      </forename>
      <initials>
       JJ
      </initials>
     </author>
    </authorlist>
    <language>
     eng
    </language>
    <publicationtypelist>
     <publicationtype>
      Clinical Trial
     </publicationtype>
     <publicationtype>
      Controlled Clinical Trial
     </publicationtype>
     <publicationtype>
      Journal Article
     </publicationtype>
    </publicationtypelist>
   </article>
   <medlinejournalinfo>
    <country>
     NETHERLANDS
    </country>
    <medlineta>
     Int J Pediatr Otorhinolaryngol
    </medlineta>
    <nlmuniqueid>
     8003603
    </nlmuniqueid>
    <issnlinking>
     0165-5876
    </issnlinking>
   </medlinejournalinfo>
   <chemicallist>
    <chemical>
     <registrynumber>
      0
     </registrynumber>
     <nameofsubstance>
      Imidazoles
     </nameofsubstance>
    </chemical>
    <chemical>
     <registrynumber>
      26787-78-0
     </registrynumber>
     <nameofsubstance>
      Amoxicillin
     </nameofsubstance>
    </chemical>
    <chemical>
     <registrynumber>
      526-36-3
     </registrynumber>
     <nameofsubstance>
      xylometazoline
     </nameofsubstance>
    </chemical>
   </chemicallist>
   <citationsubset>
    IM
   </citationsubset>
   <meshheadinglist>
    <meshheading>
     <descriptorname majortopicyn="N">
      Administration, Intranasal
     </descriptorname>
    </meshheading>
    <meshheading>
     <descriptorname majortopicyn="N">
      Amoxicillin
     </descriptorname>
     <qualifiername majortopicyn="N">
      administration &amp; dosage
     </qualifiername>
    </meshheading>
    <meshheading>
     <descriptorname majortopicyn="N">
      Bacterial Infections
     </descriptorname>
     <qualifiername majortopicyn="Y">
      therapy
     </qualifiername>
    </meshheading>
    <meshheading>
     <descriptorname majortopicyn="N">
      Child
     </descriptorname>
    </meshheading>
    <meshheading>
     <descriptorname majortopicyn="N">
      Child, Preschool
     </descriptorname>
    </meshheading>
    <meshheading>
     <descriptorname majortopicyn="N">
      Combined Modality Therapy
     </descriptorname>
    </meshheading>
    <meshheading>
     <descriptorname majortopicyn="N">
      Drainage
     </descriptorname>
    </meshheading>
    <meshheading>
     <descriptorname majortopicyn="N">
      Female
     </descriptorname>
    </meshheading>
    <meshheading>
     <descriptorname majortopicyn="N">
      Follow-Up Studies
     </descriptorname>
    </meshheading>
    <meshheading>
     <descriptorname majortopicyn="N">
      Humans
     </descriptorname>
    </meshheading>
    <meshheading>
     <descriptorname majortopicyn="N">
      Imidazoles
     </descriptorname>
     <qualifiername majortopicyn="N">
      administration &amp; dosage
     </qualifiername>
    </meshheading>
    <meshheading>
     <descriptorname majortopicyn="N">
      Male
     </descriptorname>
    </meshheading>
    <meshheading>
     <descriptorname majortopicyn="N">
      Maxillary Sinus
     </descriptorname>
     <qualifiername majortopicyn="N">
      drug effects
     </qualifiername>
    </meshheading>
    <meshheading>
     <descriptorname majortopicyn="N">
      Sinusitis
     </descriptorname>
     <qualifiername majortopicyn="Y">
      therapy
     </qualifiername>
    </meshheading>
   </meshheadinglist>
  </medlinecitation>
  <pubmeddata>
   <history>
    <pubmedpubdate pubstatus="pubmed">
     <year>
      1988
     </year>
     <month>
      9
     </month>
     <day>
      1
     </day>
    </pubmedpubdate>
    <pubmedpubdate pubstatus="medline">
     <year>
      1988
     </year>
     <month>
      9
     </month>
     <day>
      1
     </day>
     <hour>
      0
     </hour>
     <minute>
      1
     </minute>
    </pubmedpubdate>
    <pubmedpubdate pubstatus="entrez">
     <year>
      1988
     </year>
     <month>
      9
     </month>
     <day>
      1
     </day>
     <hour>
      0
     </hour>
     <minute>
      0
     </minute>
    </pubmedpubdate>
   </history>
   <publicationstatus>
    ppublish
   </publicationstatus>
   <articleidlist>
    <articleid idtype="pubmed">
     3192364
    </articleid>
   </articleidlist>
  </pubmeddata>
 </pubmedarticle>
</pubmedarticleset>

