<?xml version='1.0' encoding='utf-8'?>
<!DOCTYPE PubmedArticleSet PUBLIC "-//NLM//DTD PubMedArticle, 1st January 2011//EN" "http://www.ncbi.nlm.nih.gov/entrez/query/DTD/pubmed_110101.dtd">
<pubmedarticleset>
 <pubmedarticle>
  <medlinecitation owner="NLM" status="MEDLINE">
   <pmid version="1">
    3339302
   </pmid>
   <datecreated>
    <year>
     1988
    </year>
    <month>
     03
    </month>
    <day>
     02
    </day>
   </datecreated>
   <datecompleted>
    <year>
     1988
    </year>
    <month>
     03
    </month>
    <day>
     02
    </day>
   </datecompleted>
   <daterevised>
    <year>
     2006
    </year>
    <month>
     11
    </month>
    <day>
     15
    </day>
   </daterevised>
   <article pubmodel="Print">
    <journal>
     <issn issntype="Print">
      0094-3509
     </issn>
     <journalissue citedmedium="Print">
      <volume>
       26
      </volume>
      <issue>
       1
      </issue>
      <pubdate>
       <year>
        1988
       </year>
       <month>
        Jan
       </month>
      </pubdate>
     </journalissue>
     <title>
      The Journal of family practice
     </title>
     <isoabbreviation>
      J Fam Pract
     </isoabbreviation>
    </journal>
    <articletitle>
     A one-year follow-up of fatigued patients.
    </articletitle>
    <pagination>
     <medlinepgn>
      33-8
     </medlinepgn>
    </pagination>
    <abstract>
     <abstracttext>
      To better understand the complaint "fatigue" and the characteristic features of patients who present with this problem, a one-year follow-up study was performed in a county health center. One hundred-fifteen fatigued adults were identified using scores on the Rand Index of Vitality (RIV). One hundred thirty-nine patients of similar age, sex, and socioeconomic status were identified as nonfatigued. One year later, these patients were followed up with a chart review, reassessment of fatigue (by RIV score), and a telephone interview. Seventy-three (64 percent) fatigued and 72 (53 percent) nonfatigued patients provided this information. On the RIV, 31 patients moved from the fatigued group to nonfatigued, and 15 nonfatigued patients' scores changed to the fatigued category. Patients categorized as fatigued in 1984 (by RIV score) returned for office visits more often (mean of 3.85 vs 2.51, P less than .05), and developed significantly more new diagnoses (2.75 vs 1.68, P less than .05) over the follow-up year, compared with those not fatigued. Fatigued patients also had a greater proportion of diagnoses containing a psychologic component than nonfatigued patients. Persistence of fatigue over the year was significantly associated with race and education (nonwhites and those completing high school remaining fatigued). No significant association between marital status, age, sex, employment status, and either the resolution or development of fatigue over the year was found.
     </abstracttext>
    </abstract>
    <affiliation>
     Department of Family Medicine, School of Medicine, State University of New York, Stony Brook 11794.
    </affiliation>
    <authorlist completeyn="Y">
     <author validyn="Y">
      <lastname>
       Valdini
      </lastname>
      <forename>
       A F
      </forename>
      <initials>
       AF
      </initials>
     </author>
     <author validyn="Y">
      <lastname>
       Steinhardt
      </lastname>
      <forename>
       S
      </forename>
      <initials>
       S
      </initials>
     </author>
     <author validyn="Y">
      <lastname>
       Valicenti
      </lastname>
      <forename>
       J
      </forename>
      <initials>
       J
      </initials>
     </author>
     <author validyn="Y">
      <lastname>
       Jaffe
      </lastname>
      <forename>
       A
      </forename>
      <initials>
       A
      </initials>
     </author>
    </authorlist>
    <language>
     eng
    </language>
    <publicationtypelist>
     <publicationtype>
      Journal Article
     </publicationtype>
     <publicationtype>
      Research Support, Non-U.S. Gov't
     </publicationtype>
    </publicationtypelist>
   </article>
   <medlinejournalinfo>
    <country>
     UNITED STATES
    </country>
    <medlineta>
     J Fam Pract
    </medlineta>
    <nlmuniqueid>
     7502590
    </nlmuniqueid>
    <issnlinking>
     0094-3509
    </issnlinking>
   </medlinejournalinfo>
   <citationsubset>
    AIM
   </citationsubset>
   <citationsubset>
    IM
   </citationsubset>
   <meshheadinglist>
    <meshheading>
     <descriptorname majortopicyn="N">
      Adolescent
     </descriptorname>
    </meshheading>
    <meshheading>
     <descriptorname majortopicyn="N">
      Adult
     </descriptorname>
    </meshheading>
    <meshheading>
     <descriptorname majortopicyn="N">
      Educational Status
     </descriptorname>
    </meshheading>
    <meshheading>
     <descriptorname majortopicyn="N">
      Employment
     </descriptorname>
    </meshheading>
    <meshheading>
     <descriptorname majortopicyn="N">
      Fatigue
     </descriptorname>
     <qualifiername majortopicyn="N">
      epidemiology
     </qualifiername>
     <qualifiername majortopicyn="Y">
      etiology
     </qualifiername>
     <qualifiername majortopicyn="N">
      psychology
     </qualifiername>
    </meshheading>
    <meshheading>
     <descriptorname majortopicyn="N">
      Female
     </descriptorname>
    </meshheading>
    <meshheading>
     <descriptorname majortopicyn="N">
      Follow-Up Studies
     </descriptorname>
    </meshheading>
    <meshheading>
     <descriptorname majortopicyn="N">
      Humans
     </descriptorname>
    </meshheading>
    <meshheading>
     <descriptorname majortopicyn="N">
      Male
     </descriptorname>
    </meshheading>
    <meshheading>
     <descriptorname majortopicyn="N">
      Middle Aged
     </descriptorname>
    </meshheading>
    <meshheading>
     <descriptorname majortopicyn="N">
      Sex Factors
     </descriptorname>
    </meshheading>
    <meshheading>
     <descriptorname majortopicyn="N">
      Socioeconomic Factors
     </descriptorname>
    </meshheading>
   </meshheadinglist>
  </medlinecitation>
  <pubmeddata>
   <history>
    <pubmedpubdate pubstatus="pubmed">
     <year>
      1988
     </year>
     <month>
      1
     </month>
     <day>
      1
     </day>
    </pubmedpubdate>
    <pubmedpubdate pubstatus="medline">
     <year>
      1988
     </year>
     <month>
      1
     </month>
     <day>
      1
     </day>
     <hour>
      0
     </hour>
     <minute>
      1
     </minute>
    </pubmedpubdate>
    <pubmedpubdate pubstatus="entrez">
     <year>
      1988
     </year>
     <month>
      1
     </month>
     <day>
      1
     </day>
     <hour>
      0
     </hour>
     <minute>
      0
     </minute>
    </pubmedpubdate>
   </history>
   <publicationstatus>
    ppublish
   </publicationstatus>
   <articleidlist>
    <articleid idtype="pubmed">
     3339302
    </articleid>
   </articleidlist>
  </pubmeddata>
 </pubmedarticle>
</pubmedarticleset>

