<?xml version='1.0' encoding='utf-8'?>
<!DOCTYPE PubmedArticleSet PUBLIC "-//NLM//DTD PubMedArticle, 1st January 2011//EN" "http://www.ncbi.nlm.nih.gov/entrez/query/DTD/pubmed_110101.dtd">
<pubmedarticleset>
 <pubmedarticle>
  <medlinecitation owner="NLM" status="MEDLINE">
   <pmid version="1">
    3398197
   </pmid>
   <datecreated>
    <year>
     1988
    </year>
    <month>
     09
    </month>
    <day>
     06
    </day>
   </datecreated>
   <datecompleted>
    <year>
     1988
    </year>
    <month>
     09
    </month>
    <day>
     06
    </day>
   </datecompleted>
   <daterevised>
    <year>
     2008
    </year>
    <month>
     11
    </month>
    <day>
     21
    </day>
   </daterevised>
   <article pubmodel="Print">
    <journal>
     <issn issntype="Print">
      0098-7484
     </issn>
     <journalissue citedmedium="Print">
      <volume>
       260
      </volume>
      <issue>
       7
      </issue>
      <pubdate>
       <year>
        1988
       </year>
       <month>
        Aug
       </month>
       <day>
        19
       </day>
      </pubdate>
     </journalissue>
     <title>
      JAMA : the journal of the American Medical Association
     </title>
     <isoabbreviation>
      JAMA
     </isoabbreviation>
    </journal>
    <articletitle>
     Chronic fatigue in primary care. Prevalence, patient characteristics, and outcome.
    </articletitle>
    <pagination>
     <medlinepgn>
      929-34
     </medlinepgn>
    </pagination>
    <abstract>
     <abstracttext>
      Although fatigue is one of the most common complaints in ambulatory care, research has been minimal. Of the 1159 consecutive patients surveyed in two adult primary-care clinics, 276 (24%) indicated that fatigue was a major problem. Fatigue was more prevalent in women than in men (28% vs 19%). Extensive clinical, laboratory, psychometric, and functional data were gathered for 102 fatigued patients and 26 controls. Laboratory testing was not useful in detecting unsuspected medical conditions or in determining the cause of fatigue. Depression or somatic anxiety or both were suggested by screening psychometric instruments in 82 fatigued patients (80%) compared with three controls (12%). Global dysfunction was marked, as reported by patients on the Sickness Impact Profile. The mean score on the Sickness Impact Profile of 11.3 for fatigued patients is similar to that reported for patients with major medical illnesses. After one year of follow-up, only 29 fatigued patients (28%) had improved. The high prevalence, persistence, and functional consequences of fatigue mandate a search for effective therapy.
     </abstracttext>
    </abstract>
    <affiliation>
     Department of Medicine, Brooke Army Medical Center, Fort Sam Houston, Tex. 78234-6200.
    </affiliation>
    <authorlist completeyn="Y">
     <author validyn="Y">
      <lastname>
       Kroenke
      </lastname>
      <forename>
       K
      </forename>
      <initials>
       K
      </initials>
     </author>
     <author validyn="Y">
      <lastname>
       Wood
      </lastname>
      <forename>
       D R
      </forename>
      <initials>
       DR
      </initials>
     </author>
     <author validyn="Y">
      <lastname>
       Mangelsdorff
      </lastname>
      <forename>
       A D
      </forename>
      <initials>
       AD
      </initials>
     </author>
     <author validyn="Y">
      <lastname>
       Meier
      </lastname>
      <forename>
       N J
      </forename>
      <initials>
       NJ
      </initials>
     </author>
     <author validyn="Y">
      <lastname>
       Powell
      </lastname>
      <forename>
       J B
      </forename>
      <initials>
       JB
      </initials>
     </author>
    </authorlist>
    <language>
     eng
    </language>
    <publicationtypelist>
     <publicationtype>
      Journal Article
     </publicationtype>
    </publicationtypelist>
   </article>
   <medlinejournalinfo>
    <country>
     UNITED STATES
    </country>
    <medlineta>
     JAMA
    </medlineta>
    <nlmuniqueid>
     7501160
    </nlmuniqueid>
    <issnlinking>
     0098-7484
    </issnlinking>
   </medlinejournalinfo>
   <citationsubset>
    AIM
   </citationsubset>
   <citationsubset>
    IM
   </citationsubset>
   <meshheadinglist>
    <meshheading>
     <descriptorname majortopicyn="N">
      Adult
     </descriptorname>
    </meshheading>
    <meshheading>
     <descriptorname majortopicyn="N">
      Age Factors
     </descriptorname>
    </meshheading>
    <meshheading>
     <descriptorname majortopicyn="N">
      Anxiety
     </descriptorname>
     <qualifiername majortopicyn="N">
      complications
     </qualifiername>
    </meshheading>
    <meshheading>
     <descriptorname majortopicyn="N">
      Chronic Disease
     </descriptorname>
    </meshheading>
    <meshheading>
     <descriptorname majortopicyn="N">
      Depression
     </descriptorname>
     <qualifiername majortopicyn="N">
      complications
     </qualifiername>
    </meshheading>
    <meshheading>
     <descriptorname majortopicyn="N">
      Fatigue
     </descriptorname>
     <qualifiername majortopicyn="Y">
      epidemiology
     </qualifiername>
     <qualifiername majortopicyn="N">
      etiology
     </qualifiername>
    </meshheading>
    <meshheading>
     <descriptorname majortopicyn="N">
      Female
     </descriptorname>
    </meshheading>
    <meshheading>
     <descriptorname majortopicyn="N">
      Humans
     </descriptorname>
    </meshheading>
    <meshheading>
     <descriptorname majortopicyn="N">
      Male
     </descriptorname>
    </meshheading>
    <meshheading>
     <descriptorname majortopicyn="N">
      Middle Aged
     </descriptorname>
    </meshheading>
    <meshheading>
     <descriptorname majortopicyn="N">
      Physical Exertion
     </descriptorname>
    </meshheading>
    <meshheading>
     <descriptorname majortopicyn="N">
      Prognosis
     </descriptorname>
    </meshheading>
    <meshheading>
     <descriptorname majortopicyn="N">
      Prospective Studies
     </descriptorname>
    </meshheading>
    <meshheading>
     <descriptorname majortopicyn="N">
      Psychological Tests
     </descriptorname>
    </meshheading>
    <meshheading>
     <descriptorname majortopicyn="N">
      Sex Factors
     </descriptorname>
    </meshheading>
   </meshheadinglist>
  </medlinecitation>
  <pubmeddata>
   <history>
    <pubmedpubdate pubstatus="pubmed">
     <year>
      1988
     </year>
     <month>
      8
     </month>
     <day>
      19
     </day>
    </pubmedpubdate>
    <pubmedpubdate pubstatus="medline">
     <year>
      1988
     </year>
     <month>
      8
     </month>
     <day>
      19
     </day>
     <hour>
      0
     </hour>
     <minute>
      1
     </minute>
    </pubmedpubdate>
    <pubmedpubdate pubstatus="entrez">
     <year>
      1988
     </year>
     <month>
      8
     </month>
     <day>
      19
     </day>
     <hour>
      0
     </hour>
     <minute>
      0
     </minute>
    </pubmedpubdate>
   </history>
   <publicationstatus>
    ppublish
   </publicationstatus>
   <articleidlist>
    <articleid idtype="pubmed">
     3398197
    </articleid>
   </articleidlist>
  </pubmeddata>
 </pubmedarticle>
</pubmedarticleset>

