<?xml version='1.0' encoding='utf-8'?>
<!DOCTYPE PubmedArticleSet PUBLIC "-//NLM//DTD PubMedArticle, 1st January 2011//EN" "http://www.ncbi.nlm.nih.gov/entrez/query/DTD/pubmed_110101.dtd">
<pubmedarticleset>
 <pubmedarticle>
  <medlinecitation owner="NLM" status="MEDLINE">
   <pmid version="1">
    3530834
   </pmid>
   <datecreated>
    <year>
     1986
    </year>
    <month>
     11
    </month>
    <day>
     04
    </day>
   </datecreated>
   <datecompleted>
    <year>
     1986
    </year>
    <month>
     11
    </month>
    <day>
     04
    </day>
   </datecompleted>
   <daterevised>
    <year>
     2007
    </year>
    <month>
     11
    </month>
    <day>
     15
    </day>
   </daterevised>
   <article pubmodel="Print">
    <journal>
     <issn issntype="Print">
      0300-0605
     </issn>
     <journalissue citedmedium="Print">
      <volume>
       14
      </volume>
      <issue>
       4
      </issue>
      <pubdate>
       <year>
        1986
       </year>
      </pubdate>
     </journalissue>
     <title>
      The Journal of international medical research
     </title>
     <isoabbreviation>
      J. Int. Med. Res.
     </isoabbreviation>
    </journal>
    <articletitle>
     Multicentre double-blind clinical trials of ciclopirox olamine cream 1% in the treatment of tinea corporis and tinea cruris.
    </articletitle>
    <pagination>
     <medlinepgn>
      210-6
     </medlinepgn>
    </pagination>
    <abstract>
     <abstracttext>
      In separate multicentre, randomized, double-blind clinical trials, 1% ciclopirox olamine cream was compared with its cream vehicle and with 1% clotrimazole cream as treatment for tinea corporis and tinea cruris. Patients who demonstrated clinical and mycological findings consistent with the diagnoses of tinea corporis or tinea cruris were included in the study. Clinical and mycological evaluations were made pretreatment, at the end of each of the four weeks of treatment, and weekly for the two weeks immediately following cessation of treatment. In both studies, use of ciclopirox olamine cream resulted in demonstrable improvements after the first week of therapy and in complete clinical and mycological clearing in two thirds of the patients at the end of the treatment period. These results were maintained through the two-week drug-free observation period that followed the end of treatment. Statistically, the results with ciclopirox olamine cream were significantly better than those with the vehicle and were equivalent to those with clotrimazole cream. All treatments were well tolerated.
     </abstracttext>
    </abstract>
    <authorlist completeyn="Y">
     <author validyn="Y">
      <lastname>
       Bogaert
      </lastname>
      <forename>
       H
      </forename>
      <initials>
       H
      </initials>
     </author>
     <author validyn="Y">
      <lastname>
       Cordero
      </lastname>
      <forename>
       C
      </forename>
      <initials>
       C
      </initials>
     </author>
     <author validyn="Y">
      <lastname>
       Ollague
      </lastname>
      <forename>
       W
      </forename>
      <initials>
       W
      </initials>
     </author>
     <author validyn="Y">
      <lastname>
       Savin
      </lastname>
      <forename>
       R C
      </forename>
      <initials>
       RC
      </initials>
     </author>
     <author validyn="Y">
      <lastname>
       Shalita
      </lastname>
      <forename>
       A R
      </forename>
      <initials>
       AR
      </initials>
     </author>
     <author validyn="Y">
      <lastname>
       Zaias
      </lastname>
      <forename>
       N
      </forename>
      <initials>
       N
      </initials>
     </author>
    </authorlist>
    <language>
     eng
    </language>
    <publicationtypelist>
     <publicationtype>
      Clinical Trial
     </publicationtype>
     <publicationtype>
      Journal Article
     </publicationtype>
     <publicationtype>
      Randomized Controlled Trial
     </publicationtype>
    </publicationtypelist>
   </article>
   <medlinejournalinfo>
    <country>
     ENGLAND
    </country>
    <medlineta>
     J Int Med Res
    </medlineta>
    <nlmuniqueid>
     0346411
    </nlmuniqueid>
    <issnlinking>
     0300-0605
    </issnlinking>
   </medlinejournalinfo>
   <chemicallist>
    <chemical>
     <registrynumber>
      0
     </registrynumber>
     <nameofsubstance>
      Antifungal Agents
     </nameofsubstance>
    </chemical>
    <chemical>
     <registrynumber>
      0
     </registrynumber>
     <nameofsubstance>
      Pyridones
     </nameofsubstance>
    </chemical>
    <chemical>
     <registrynumber>
      23593-75-1
     </registrynumber>
     <nameofsubstance>
      Clotrimazole
     </nameofsubstance>
    </chemical>
    <chemical>
     <registrynumber>
      29342-05-0
     </registrynumber>
     <nameofsubstance>
      ciclopirox
     </nameofsubstance>
    </chemical>
   </chemicallist>
   <citationsubset>
    IM
   </citationsubset>
   <meshheadinglist>
    <meshheading>
     <descriptorname majortopicyn="N">
      Administration, Topical
     </descriptorname>
    </meshheading>
    <meshheading>
     <descriptorname majortopicyn="N">
      Antifungal Agents
     </descriptorname>
     <qualifiername majortopicyn="N">
      administration &amp; dosage
     </qualifiername>
     <qualifiername majortopicyn="Y">
      therapeutic use
     </qualifiername>
    </meshheading>
    <meshheading>
     <descriptorname majortopicyn="N">
      Clinical Trials as Topic
     </descriptorname>
    </meshheading>
    <meshheading>
     <descriptorname majortopicyn="N">
      Clotrimazole
     </descriptorname>
     <qualifiername majortopicyn="N">
      adverse effects
     </qualifiername>
     <qualifiername majortopicyn="N">
      therapeutic use
     </qualifiername>
    </meshheading>
    <meshheading>
     <descriptorname majortopicyn="N">
      Double-Blind Method
     </descriptorname>
    </meshheading>
    <meshheading>
     <descriptorname majortopicyn="N">
      Humans
     </descriptorname>
    </meshheading>
    <meshheading>
     <descriptorname majortopicyn="N">
      Pyridones
     </descriptorname>
     <qualifiername majortopicyn="N">
      administration &amp; dosage
     </qualifiername>
     <qualifiername majortopicyn="Y">
      therapeutic use
     </qualifiername>
    </meshheading>
    <meshheading>
     <descriptorname majortopicyn="N">
      Tinea
     </descriptorname>
     <qualifiername majortopicyn="Y">
      drug therapy
     </qualifiername>
    </meshheading>
   </meshheadinglist>
  </medlinecitation>
  <pubmeddata>
   <history>
    <pubmedpubdate pubstatus="pubmed">
     <year>
      1986
     </year>
     <month>
      1
     </month>
     <day>
      1
     </day>
    </pubmedpubdate>
    <pubmedpubdate pubstatus="medline">
     <year>
      2000
     </year>
     <month>
      6
     </month>
     <day>
      1
     </day>
     <hour>
      9
     </hour>
     <minute>
      0
     </minute>
    </pubmedpubdate>
    <pubmedpubdate pubstatus="entrez">
     <year>
      1986
     </year>
     <month>
      1
     </month>
     <day>
      1
     </day>
     <hour>
      0
     </hour>
     <minute>
      0
     </minute>
    </pubmedpubdate>
   </history>
   <publicationstatus>
    ppublish
   </publicationstatus>
   <articleidlist>
    <articleid idtype="pubmed">
     3530834
    </articleid>
   </articleidlist>
  </pubmeddata>
 </pubmedarticle>
</pubmedarticleset>

