<?xml version='1.0' encoding='utf-8'?>
<!DOCTYPE PubmedArticleSet PUBLIC "-//NLM//DTD PubMedArticle, 1st January 2011//EN" "http://www.ncbi.nlm.nih.gov/entrez/query/DTD/pubmed_110101.dtd">
<pubmedarticleset>
 <pubmedarticle>
  <medlinecitation owner="NLM" status="MEDLINE">
   <pmid version="1">
    3536151
   </pmid>
   <datecreated>
    <year>
     1986
    </year>
    <month>
     12
    </month>
    <day>
     31
    </day>
   </datecreated>
   <datecompleted>
    <year>
     1986
    </year>
    <month>
     12
    </month>
    <day>
     31
    </day>
   </datecompleted>
   <daterevised>
    <year>
     2009
    </year>
    <month>
     11
    </month>
    <day>
     19
    </day>
   </daterevised>
   <article pubmodel="Print">
    <journal>
     <issn issntype="Print">
      0009-7322
     </issn>
     <journalissue citedmedium="Print">
      <volume>
       74
      </volume>
      <issue>
       6
      </issue>
      <pubdate>
       <year>
        1986
       </year>
       <month>
        Dec
       </month>
      </pubdate>
     </journalissue>
     <title>
      Circulation
     </title>
     <isoabbreviation>
      Circulation
     </isoabbreviation>
    </journal>
    <articletitle>
     High-density lipoprotein cholesterol and coronary heart disease in hypercholesterolemic men: the Lipid Research Clinics Coronary Primary Prevention Trial.
    </articletitle>
    <pagination>
     <medlinepgn>
      1217-25
     </medlinepgn>
    </pagination>
    <abstract>
     <abstracttext>
      Plasma levels of high-density lipoprotein cholesterol (HDL-C) at entry and subsequent changes from these baseline levels were inversely predictive of coronary heart disease (CHD) end points in hypercholesterolemic men followed for 7 to 10 years in the Lipid Research Clinics Coronary Primary Prevention Trial, especially in the 1907 participants receiving cholestyramine. When the men in this cohort were compared, each 1 mg/dl increment in baseline HDL-C (mean 44.3 mg/dl) was associated with a 5.5% decrement in risk of "definite" CHD death or myocardial infarction (Z = -5.4), and each 1 mg/dl increase from baseline HDL-C levels (mean increase = 1.6 mg/dl) during the trial was associated with a 4.4% risk reduction (Z = -2.2). In the 1899 participants receiving placebo, the corresponding risk decrements were 3.4% and 1.1%. Although baseline HDL-C level (mean = 44.4 mg/dl) remained a significant risk predictor (Z = -3.8) in the placebo cohort, increases in HDL-C (mean increase 0.5 mg/dl) were not significantly predictive of CHD (Z = -0.6) unless "suspect" as well as "definite" end points were analyzed (Z = -2.0). When the associations between HDL-C (baseline plus change) and incidence of definite CHD end points within each treatment cohort were compared, their difference approached nominal significance (Z = 1.9). The results suggest a synergistic interaction, in which cholestyramine treatment reduced CHD risk most substantially in men maintaining the highest HDL-C levels.
     </abstracttext>
    </abstract>
    <authorlist completeyn="Y">
     <author validyn="Y">
      <lastname>
       Gordon
      </lastname>
      <forename>
       D J
      </forename>
      <initials>
       DJ
      </initials>
     </author>
     <author validyn="Y">
      <lastname>
       Knoke
      </lastname>
      <forename>
       J
      </forename>
      <initials>
       J
      </initials>
     </author>
     <author validyn="Y">
      <lastname>
       Probstfield
      </lastname>
      <forename>
       J L
      </forename>
      <initials>
       JL
      </initials>
     </author>
     <author validyn="Y">
      <lastname>
       Superko
      </lastname>
      <forename>
       R
      </forename>
      <initials>
       R
      </initials>
     </author>
     <author validyn="Y">
      <lastname>
       Tyroler
      </lastname>
      <forename>
       H A
      </forename>
      <initials>
       HA
      </initials>
     </author>
    </authorlist>
    <language>
     eng
    </language>
    <grantlist completeyn="N">
     <grant>
      <grantid>
       N01-HV12156
      </grantid>
      <acronym>
       HV
      </acronym>
      <agency>
       NHLBI NIH HHS
      </agency>
      <country>
       United States
      </country>
     </grant>
     <grant>
      <grantid>
       N01-HV22914
      </grantid>
      <acronym>
       HV
      </acronym>
      <agency>
       NHLBI NIH HHS
      </agency>
      <country>
       United States
      </country>
     </grant>
     <grant>
      <grantid>
       Y01-HV30010
      </grantid>
      <acronym>
       HV
      </acronym>
      <agency>
       NHLBI NIH HHS
      </agency>
      <country>
       United States
      </country>
     </grant>
    </grantlist>
    <publicationtypelist>
     <publicationtype>
      Clinical Trial
     </publicationtype>
     <publicationtype>
      Comparative Study
     </publicationtype>
     <publicationtype>
      Controlled Clinical Trial
     </publicationtype>
     <publicationtype>
      Journal Article
     </publicationtype>
     <publicationtype>
      Research Support, U.S. Gov't, P.H.S.
     </publicationtype>
    </publicationtypelist>
   </article>
   <medlinejournalinfo>
    <country>
     UNITED STATES
    </country>
    <medlineta>
     Circulation
    </medlineta>
    <nlmuniqueid>
     0147763
    </nlmuniqueid>
    <issnlinking>
     0009-7322
    </issnlinking>
   </medlinejournalinfo>
   <chemicallist>
    <chemical>
     <registrynumber>
      0
     </registrynumber>
     <nameofsubstance>
      Cholesterol, HDL
     </nameofsubstance>
    </chemical>
    <chemical>
     <registrynumber>
      11041-12-6
     </registrynumber>
     <nameofsubstance>
      Cholestyramine Resin
     </nameofsubstance>
    </chemical>
   </chemicallist>
   <citationsubset>
    AIM
   </citationsubset>
   <citationsubset>
    IM
   </citationsubset>
   <meshheadinglist>
    <meshheading>
     <descriptorname majortopicyn="N">
      Adult
     </descriptorname>
    </meshheading>
    <meshheading>
     <descriptorname majortopicyn="N">
      Cholesterol, HDL
     </descriptorname>
     <qualifiername majortopicyn="Y">
      blood
     </qualifiername>
    </meshheading>
    <meshheading>
     <descriptorname majortopicyn="N">
      Cholestyramine Resin
     </descriptorname>
     <qualifiername majortopicyn="N">
      therapeutic use
     </qualifiername>
    </meshheading>
    <meshheading>
     <descriptorname majortopicyn="N">
      Clinical Trials as Topic
     </descriptorname>
    </meshheading>
    <meshheading>
     <descriptorname majortopicyn="N">
      Coronary Disease
     </descriptorname>
     <qualifiername majortopicyn="Y">
      blood
     </qualifiername>
     <qualifiername majortopicyn="N">
      epidemiology
     </qualifiername>
     <qualifiername majortopicyn="N">
      prevention &amp; control
     </qualifiername>
    </meshheading>
    <meshheading>
     <descriptorname majortopicyn="N">
      Double-Blind Method
     </descriptorname>
    </meshheading>
    <meshheading>
     <descriptorname majortopicyn="N">
      Humans
     </descriptorname>
    </meshheading>
    <meshheading>
     <descriptorname majortopicyn="N">
      Hypercholesterolemia
     </descriptorname>
     <qualifiername majortopicyn="Y">
      blood
     </qualifiername>
     <qualifiername majortopicyn="N">
      drug therapy
     </qualifiername>
    </meshheading>
    <meshheading>
     <descriptorname majortopicyn="N">
      Male
     </descriptorname>
    </meshheading>
    <meshheading>
     <descriptorname majortopicyn="N">
      Middle Aged
     </descriptorname>
    </meshheading>
    <meshheading>
     <descriptorname majortopicyn="N">
      Prognosis
     </descriptorname>
    </meshheading>
    <meshheading>
     <descriptorname majortopicyn="N">
      Random Allocation
     </descriptorname>
    </meshheading>
    <meshheading>
     <descriptorname majortopicyn="N">
      Risk
     </descriptorname>
    </meshheading>
   </meshheadinglist>
  </medlinecitation>
  <pubmeddata>
   <history>
    <pubmedpubdate pubstatus="pubmed">
     <year>
      1986
     </year>
     <month>
      12
     </month>
     <day>
      1
     </day>
    </pubmedpubdate>
    <pubmedpubdate pubstatus="medline">
     <year>
      1986
     </year>
     <month>
      12
     </month>
     <day>
      1
     </day>
     <hour>
      0
     </hour>
     <minute>
      1
     </minute>
    </pubmedpubdate>
    <pubmedpubdate pubstatus="entrez">
     <year>
      1986
     </year>
     <month>
      12
     </month>
     <day>
      1
     </day>
     <hour>
      0
     </hour>
     <minute>
      0
     </minute>
    </pubmedpubdate>
   </history>
   <publicationstatus>
    ppublish
   </publicationstatus>
   <articleidlist>
    <articleid idtype="pubmed">
     3536151
    </articleid>
   </articleidlist>
  </pubmeddata>
 </pubmedarticle>
</pubmedarticleset>

