<?xml version='1.0' encoding='utf-8'?>
<!DOCTYPE PubmedArticleSet PUBLIC "-//NLM//DTD PubMedArticle, 1st January 2011//EN" "http://www.ncbi.nlm.nih.gov/entrez/query/DTD/pubmed_110101.dtd">
<pubmedarticleset>
 <pubmedarticle>
  <medlinecitation owner="NLM" status="MEDLINE">
   <pmid version="1">
    3783255
   </pmid>
   <datecreated>
    <year>
     1987
    </year>
    <month>
     01
    </month>
    <day>
     22
    </day>
   </datecreated>
   <datecompleted>
    <year>
     1987
    </year>
    <month>
     01
    </month>
    <day>
     22
    </day>
   </datecompleted>
   <daterevised>
    <year>
     2004
    </year>
    <month>
     11
    </month>
    <day>
     17
    </day>
   </daterevised>
   <article pubmodel="Print">
    <journal>
     <issn issntype="Print">
      0022-3085
     </issn>
     <journalissue citedmedium="Print">
      <volume>
       66
      </volume>
      <issue>
       1
      </issue>
      <pubdate>
       <year>
        1987
       </year>
       <month>
        Jan
       </month>
      </pubdate>
     </journalissue>
     <title>
      Journal of neurosurgery
     </title>
     <isoabbreviation>
      J. Neurosurg.
     </isoabbreviation>
    </journal>
    <articletitle>
     The significance of unruptured intracranial saccular aneurysms.
    </articletitle>
    <pagination>
     <medlinepgn>
      23-9
     </medlinepgn>
    </pagination>
    <abstract>
     <abstracttext>
      The authors report the results of a long-term follow-up study of 130 patients with 161 unruptured intracranial saccular aneurysms. Their findings suggest that unruptured saccular aneurysms less than 10 mm in diameter have a very low probability of subsequent rupture. The mean diameter of the aneurysms that subsequently ruptured was 21.3 mm, compared with a diameter of 7.5 mm for aneurysms defined after rupture at the same institution. Part of the explanation for this discrepancy may be that the size of the filling compartment of the aneurysm decreases after rupture. There is also evidence from the present study that intracranial saccular aneurysms develop with increasing age of the patient and stabilize over a relatively short period, if they do not initially rupture, and that the likelihood of subsequent rupture decreases considerably if the initial stabilized size is less than 10 mm in diameter. Consequently, the critical size for aneurysm rupture is likely to be smaller if rupture occurs at the time of or soon after aneurysm formation. There seems to be a substantial difference in potential for growth and rupture between previously ruptured and unruptured aneurysms.
     </abstracttext>
    </abstract>
    <authorlist completeyn="Y">
     <author validyn="Y">
      <lastname>
       Wiebers
      </lastname>
      <forename>
       D O
      </forename>
      <initials>
       DO
      </initials>
     </author>
     <author validyn="Y">
      <lastname>
       Whisnant
      </lastname>
      <forename>
       J P
      </forename>
      <initials>
       JP
      </initials>
     </author>
     <author validyn="Y">
      <lastname>
       Sundt
      </lastname>
      <forename>
       T M
      </forename>
      <initials>
       TM
      </initials>
      <suffix>
       Jr
      </suffix>
     </author>
     <author validyn="Y">
      <lastname>
       O'Fallon
      </lastname>
      <forename>
       W M
      </forename>
      <initials>
       WM
      </initials>
     </author>
    </authorlist>
    <language>
     eng
    </language>
    <publicationtypelist>
     <publicationtype>
      Journal Article
     </publicationtype>
    </publicationtypelist>
   </article>
   <medlinejournalinfo>
    <country>
     UNITED STATES
    </country>
    <medlineta>
     J Neurosurg
    </medlineta>
    <nlmuniqueid>
     0253357
    </nlmuniqueid>
    <issnlinking>
     0022-3085
    </issnlinking>
   </medlinejournalinfo>
   <citationsubset>
    AIM
   </citationsubset>
   <citationsubset>
    IM
   </citationsubset>
   <meshheadinglist>
    <meshheading>
     <descriptorname majortopicyn="N">
      Adolescent
     </descriptorname>
    </meshheading>
    <meshheading>
     <descriptorname majortopicyn="N">
      Adult
     </descriptorname>
    </meshheading>
    <meshheading>
     <descriptorname majortopicyn="N">
      Age Factors
     </descriptorname>
    </meshheading>
    <meshheading>
     <descriptorname majortopicyn="N">
      Aged
     </descriptorname>
    </meshheading>
    <meshheading>
     <descriptorname majortopicyn="N">
      Blood Pressure
     </descriptorname>
    </meshheading>
    <meshheading>
     <descriptorname majortopicyn="N">
      Cerebral Angiography
     </descriptorname>
    </meshheading>
    <meshheading>
     <descriptorname majortopicyn="N">
      Female
     </descriptorname>
    </meshheading>
    <meshheading>
     <descriptorname majortopicyn="N">
      Follow-Up Studies
     </descriptorname>
    </meshheading>
    <meshheading>
     <descriptorname majortopicyn="N">
      Humans
     </descriptorname>
    </meshheading>
    <meshheading>
     <descriptorname majortopicyn="N">
      Intracranial Aneurysm
     </descriptorname>
     <qualifiername majortopicyn="N">
      mortality
     </qualifiername>
     <qualifiername majortopicyn="Y">
      physiopathology
     </qualifiername>
    </meshheading>
    <meshheading>
     <descriptorname majortopicyn="N">
      Male
     </descriptorname>
    </meshheading>
    <meshheading>
     <descriptorname majortopicyn="N">
      Middle Aged
     </descriptorname>
    </meshheading>
    <meshheading>
     <descriptorname majortopicyn="N">
      Rupture, Spontaneous
     </descriptorname>
    </meshheading>
   </meshheadinglist>
  </medlinecitation>
  <pubmeddata>
   <history>
    <pubmedpubdate pubstatus="pubmed">
     <year>
      1987
     </year>
     <month>
      1
     </month>
     <day>
      1
     </day>
    </pubmedpubdate>
    <pubmedpubdate pubstatus="medline">
     <year>
      2001
     </year>
     <month>
      3
     </month>
     <day>
      28
     </day>
     <hour>
      10
     </hour>
     <minute>
      1
     </minute>
    </pubmedpubdate>
    <pubmedpubdate pubstatus="entrez">
     <year>
      1987
     </year>
     <month>
      1
     </month>
     <day>
      1
     </day>
     <hour>
      0
     </hour>
     <minute>
      0
     </minute>
    </pubmedpubdate>
   </history>
   <publicationstatus>
    ppublish
   </publicationstatus>
   <articleidlist>
    <articleid idtype="pubmed">
     3783255
    </articleid>
    <articleid idtype="doi">
     10.3171/jns.1987.66.1.0023
    </articleid>
   </articleidlist>
  </pubmeddata>
 </pubmedarticle>
</pubmedarticleset>

