<?xml version='1.0' encoding='utf-8'?>
<!DOCTYPE PubmedArticleSet PUBLIC "-//NLM//DTD PubMedArticle, 1st January 2011//EN" "http://www.ncbi.nlm.nih.gov/entrez/query/DTD/pubmed_110101.dtd">
<pubmedarticleset>
 <pubmedarticle>
  <medlinecitation owner="NLM" status="MEDLINE">
   <pmid version="1">
    3821822
   </pmid>
   <datecreated>
    <year>
     1987
    </year>
    <month>
     04
    </month>
    <day>
     07
    </day>
   </datecreated>
   <datecompleted>
    <year>
     1987
    </year>
    <month>
     04
    </month>
    <day>
     07
    </day>
   </datecompleted>
   <daterevised>
    <year>
     2007
    </year>
    <month>
     11
    </month>
    <day>
     14
    </day>
   </daterevised>
   <article pubmodel="Print">
    <journal>
     <issn issntype="Print">
      0028-4793
     </issn>
     <journalissue citedmedium="Print">
      <volume>
       316
      </volume>
      <issue>
       13
      </issue>
      <pubdate>
       <year>
        1987
       </year>
       <month>
        Mar
       </month>
       <day>
        26
       </day>
      </pubdate>
     </journalissue>
     <title>
      The New England journal of medicine
     </title>
     <isoabbreviation>
      N. Engl. J. Med.
     </isoabbreviation>
    </journal>
    <articletitle>
     Replacement dose, metabolism, and bioavailability of levothyroxine in the treatment of hypothyroidism. Role of triiodothyronine in pituitary feedback in humans.
    </articletitle>
    <pagination>
     <medlinepgn>
      764-70
     </medlinepgn>
    </pagination>
    <abstract>
     <abstracttext>
      A change in the formulation of the levothyroxine preparation Synthroid (Flint) in 1982 prompted us to reevaluate the replacement dose of this drug in 19 patients with hypothyroidism. The dose was titrated monthly until thyrotropin levels became normal. The mean replacement dose (+/- SD) was 112 +/- 19 micrograms per day, significantly less (P less than 0.001) than the dose of an earlier formulation--169 +/- 66 micrograms per day--used in a similar study (Stock JM, et al. N Engl J Med 1974; 290:529-33). The fractional gastrointestinal absorption of a tablet of the current formulation is 81 percent, considerably higher than the earlier estimate of 48 percent. Using high-performance liquid chromatographic analysis, we found that the current tablet contains the amount of thyroxine stated by the manufacturer. By measuring the bioavailability of the earlier type of tablet in five patients, we inferred that the strength of the previous tablet had been overestimated. In the present study, the thyrotropin levels of patients on replacement therapy returned to normal when serum triiodothyronine concentrations were not significantly different from those of controls (122 vs. 115 ng per deciliter [1.87 vs. 1.77 nmol per liter]), but when serum thyroxine levels were significantly above those of controls (11.3 vs. 8.7 micrograms per deciliter [145 vs. 112 nmol per liter], P less than 0.001). These findings suggest the possibility that in humans, serum triiodothyronine may play a more important part than serum thyroxine in regulating the serum thyrotropin concentration.
     </abstracttext>
    </abstract>
    <authorlist completeyn="Y">
     <author validyn="Y">
      <lastname>
       Fish
      </lastname>
      <forename>
       L H
      </forename>
      <initials>
       LH
      </initials>
     </author>
     <author validyn="Y">
      <lastname>
       Schwartz
      </lastname>
      <forename>
       H L
      </forename>
      <initials>
       HL
      </initials>
     </author>
     <author validyn="Y">
      <lastname>
       Cavanaugh
      </lastname>
      <forename>
       J
      </forename>
      <initials>
       J
      </initials>
     </author>
     <author validyn="Y">
      <lastname>
       Steffes
      </lastname>
      <forename>
       M W
      </forename>
      <initials>
       MW
      </initials>
     </author>
     <author validyn="Y">
      <lastname>
       Bantle
      </lastname>
      <forename>
       J P
      </forename>
      <initials>
       JP
      </initials>
     </author>
     <author validyn="Y">
      <lastname>
       Oppenheimer
      </lastname>
      <forename>
       J H
      </forename>
      <initials>
       JH
      </initials>
     </author>
    </authorlist>
    <language>
     eng
    </language>
    <grantlist completeyn="N">
     <grant>
      <grantid>
       AM-07203
      </grantid>
      <acronym>
       AM
      </acronym>
      <agency>
       NIADDK NIH HHS
      </agency>
      <country>
       United States
      </country>
     </grant>
     <grant>
      <grantid>
       AM-07586
      </grantid>
      <acronym>
       AM
      </acronym>
      <agency>
       NIADDK NIH HHS
      </agency>
      <country>
       United States
      </country>
     </grant>
     <grant>
      <grantid>
       AM-19812
      </grantid>
      <acronym>
       AM
      </acronym>
      <agency>
       NIADDK NIH HHS
      </agency>
      <country>
       United States
      </country>
     </grant>
    </grantlist>
    <publicationtypelist>
     <publicationtype>
      Journal Article
     </publicationtype>
     <publicationtype>
      Research Support, Non-U.S. Gov't
     </publicationtype>
     <publicationtype>
      Research Support, U.S. Gov't, P.H.S.
     </publicationtype>
    </publicationtypelist>
   </article>
   <medlinejournalinfo>
    <country>
     UNITED STATES
    </country>
    <medlineta>
     N Engl J Med
    </medlineta>
    <nlmuniqueid>
     0255562
    </nlmuniqueid>
    <issnlinking>
     0028-4793
    </issnlinking>
   </medlinejournalinfo>
   <chemicallist>
    <chemical>
     <registrynumber>
      0
     </registrynumber>
     <nameofsubstance>
      Tablets
     </nameofsubstance>
    </chemical>
    <chemical>
     <registrynumber>
      6893-02-3
     </registrynumber>
     <nameofsubstance>
      Triiodothyronine
     </nameofsubstance>
    </chemical>
    <chemical>
     <registrynumber>
      7488-70-2
     </registrynumber>
     <nameofsubstance>
      Thyroxine
     </nameofsubstance>
    </chemical>
    <chemical>
     <registrynumber>
      9002-71-5
     </registrynumber>
     <nameofsubstance>
      Thyrotropin
     </nameofsubstance>
    </chemical>
   </chemicallist>
   <citationsubset>
    AIM
   </citationsubset>
   <citationsubset>
    IM
   </citationsubset>
   <meshheadinglist>
    <meshheading>
     <descriptorname majortopicyn="N">
      Biological Availability
     </descriptorname>
    </meshheading>
    <meshheading>
     <descriptorname majortopicyn="N">
      Feedback
     </descriptorname>
    </meshheading>
    <meshheading>
     <descriptorname majortopicyn="N">
      Humans
     </descriptorname>
    </meshheading>
    <meshheading>
     <descriptorname majortopicyn="N">
      Hypothyroidism
     </descriptorname>
     <qualifiername majortopicyn="Y">
      drug therapy
     </qualifiername>
    </meshheading>
    <meshheading>
     <descriptorname majortopicyn="N">
      Intestinal Absorption
     </descriptorname>
    </meshheading>
    <meshheading>
     <descriptorname majortopicyn="N">
      Pituitary Gland, Anterior
     </descriptorname>
     <qualifiername majortopicyn="Y">
      secretion
     </qualifiername>
    </meshheading>
    <meshheading>
     <descriptorname majortopicyn="N">
      Tablets
     </descriptorname>
    </meshheading>
    <meshheading>
     <descriptorname majortopicyn="N">
      Thyrotropin
     </descriptorname>
     <qualifiername majortopicyn="N">
      secretion
     </qualifiername>
    </meshheading>
    <meshheading>
     <descriptorname majortopicyn="N">
      Thyroxine
     </descriptorname>
     <qualifiername majortopicyn="N">
      administration &amp; dosage
     </qualifiername>
     <qualifiername majortopicyn="Y">
      metabolism
     </qualifiername>
     <qualifiername majortopicyn="N">
      therapeutic use
     </qualifiername>
    </meshheading>
    <meshheading>
     <descriptorname majortopicyn="N">
      Triiodothyronine
     </descriptorname>
     <qualifiername majortopicyn="N">
      blood
     </qualifiername>
     <qualifiername majortopicyn="Y">
      physiology
     </qualifiername>
    </meshheading>
   </meshheadinglist>
  </medlinecitation>
  <pubmeddata>
   <history>
    <pubmedpubdate pubstatus="pubmed">
     <year>
      1987
     </year>
     <month>
      3
     </month>
     <day>
      26
     </day>
    </pubmedpubdate>
    <pubmedpubdate pubstatus="medline">
     <year>
      1987
     </year>
     <month>
      3
     </month>
     <day>
      26
     </day>
     <hour>
      0
     </hour>
     <minute>
      1
     </minute>
    </pubmedpubdate>
    <pubmedpubdate pubstatus="entrez">
     <year>
      1987
     </year>
     <month>
      3
     </month>
     <day>
      26
     </day>
     <hour>
      0
     </hour>
     <minute>
      0
     </minute>
    </pubmedpubdate>
   </history>
   <publicationstatus>
    ppublish
   </publicationstatus>
   <articleidlist>
    <articleid idtype="pubmed">
     3821822
    </articleid>
    <articleid idtype="doi">
     10.1056/NEJM198703263161302
    </articleid>
   </articleidlist>
  </pubmeddata>
 </pubmedarticle>
</pubmedarticleset>

