<?xml version='1.0' encoding='utf-8'?>
<!DOCTYPE PubmedArticleSet PUBLIC "-//NLM//DTD PubMedArticle, 1st January 2011//EN" "http://www.ncbi.nlm.nih.gov/entrez/query/DTD/pubmed_110101.dtd">
<pubmedarticleset>
 <pubmedarticle>
  <medlinecitation owner="NLM" status="MEDLINE">
   <pmid version="1">
    4079820
   </pmid>
   <datecreated>
    <year>
     1986
    </year>
    <month>
     02
    </month>
    <day>
     13
    </day>
   </datecreated>
   <datecompleted>
    <year>
     1986
    </year>
    <month>
     02
    </month>
    <day>
     13
    </day>
   </datecompleted>
   <daterevised>
    <year>
     2007
    </year>
    <month>
     11
    </month>
    <day>
     14
    </day>
   </daterevised>
   <article pubmodel="Print">
    <journal>
     <issn issntype="Print">
      0378-5122
     </issn>
     <journalissue citedmedium="Print">
      <volume>
       7
      </volume>
      <issue>
       3
      </issue>
      <pubdate>
       <year>
        1985
       </year>
       <month>
        Sep
       </month>
      </pubdate>
     </journalissue>
     <title>
      Maturitas
     </title>
     <isoabbreviation>
      Maturitas
     </isoabbreviation>
    </journal>
    <articletitle>
     A longitudinal study of the effects of menopause on sexuality.
    </articletitle>
    <pagination>
     <medlinepgn>
      203-10
     </medlinepgn>
    </pagination>
    <abstract>
     <abstracttext>
      From an initial group of 39, 16 cycling peri-menopausal women completed a longitudinal study in which they recorded menstrual and sexual behavior daily and were interviewed at roughly 4-mth intervals until 1 yr or more without cycling. At each interview women gave 20-ml blood samples, completed sexuality questionnaires, and rated themselves for menopausal symptoms. As predicted, the difference in weekly rate of sexual intercourse before and after the cycle showed a significant decline (P less than 0.05). For each subject, mean weekly rates of sexual intercourse for 13-wk periods over the entire transition period were plotted and the slope of the line was calculated. Overall, the mean slope was negative, as predicted, and was significantly different from zero (P less than 0.05). The questionnaire data showed that compared with their pre-menopause data, the women had fewer sexual thoughts or fantasies (P less than 0.01), suffered more from lack of vaginal lubrication during sex (P less than 0.01), and were less satisfied with their partners as lovers (P less than 0.05) after menopause. While estradiol (E) and testosterone (T) levels showed significant declines (P less than 0.02), testosterone showed the most consistent association with coital frequency. The findings generally supported our initial hypothesis of a decline in sexual interest and coital frequency after menopause.
     </abstracttext>
    </abstract>
    <authorlist completeyn="Y">
     <author validyn="Y">
      <lastname>
       McCoy
      </lastname>
      <forename>
       N L
      </forename>
      <initials>
       NL
      </initials>
     </author>
     <author validyn="Y">
      <lastname>
       Davidson
      </lastname>
      <forename>
       J M
      </forename>
      <initials>
       JM
      </initials>
     </author>
    </authorlist>
    <language>
     eng
    </language>
    <grantlist completeyn="Y">
     <grant>
      <grantid>
       AG 1437
      </grantid>
      <acronym>
       AG
      </acronym>
      <agency>
       NIA NIH HHS
      </agency>
      <country>
       United States
      </country>
     </grant>
    </grantlist>
    <publicationtypelist>
     <publicationtype>
      Journal Article
     </publicationtype>
     <publicationtype>
      Research Support, U.S. Gov't, P.H.S.
     </publicationtype>
    </publicationtypelist>
   </article>
   <medlinejournalinfo>
    <country>
     NETHERLANDS
    </country>
    <medlineta>
     Maturitas
    </medlineta>
    <nlmuniqueid>
     7807333
    </nlmuniqueid>
    <issnlinking>
     0378-5122
    </issnlinking>
   </medlinejournalinfo>
   <chemicallist>
    <chemical>
     <registrynumber>
      50-28-2
     </registrynumber>
     <nameofsubstance>
      Estradiol
     </nameofsubstance>
    </chemical>
    <chemical>
     <registrynumber>
      58-22-0
     </registrynumber>
     <nameofsubstance>
      Testosterone
     </nameofsubstance>
    </chemical>
   </chemicallist>
   <citationsubset>
    IM
   </citationsubset>
   <meshheadinglist>
    <meshheading>
     <descriptorname majortopicyn="N">
      Coitus
     </descriptorname>
    </meshheading>
    <meshheading>
     <descriptorname majortopicyn="N">
      Estradiol
     </descriptorname>
     <qualifiername majortopicyn="N">
      blood
     </qualifiername>
    </meshheading>
    <meshheading>
     <descriptorname majortopicyn="N">
      Female
     </descriptorname>
    </meshheading>
    <meshheading>
     <descriptorname majortopicyn="N">
      Humans
     </descriptorname>
    </meshheading>
    <meshheading>
     <descriptorname majortopicyn="N">
      Libido
     </descriptorname>
    </meshheading>
    <meshheading>
     <descriptorname majortopicyn="N">
      Longitudinal Studies
     </descriptorname>
    </meshheading>
    <meshheading>
     <descriptorname majortopicyn="Y">
      Menopause
     </descriptorname>
    </meshheading>
    <meshheading>
     <descriptorname majortopicyn="N">
      Middle Aged
     </descriptorname>
    </meshheading>
    <meshheading>
     <descriptorname majortopicyn="N">
      Questionnaires
     </descriptorname>
    </meshheading>
    <meshheading>
     <descriptorname majortopicyn="Y">
      Sexual Behavior
     </descriptorname>
    </meshheading>
    <meshheading>
     <descriptorname majortopicyn="N">
      Testosterone
     </descriptorname>
     <qualifiername majortopicyn="N">
      blood
     </qualifiername>
    </meshheading>
   </meshheadinglist>
  </medlinecitation>
  <pubmeddata>
   <history>
    <pubmedpubdate pubstatus="pubmed">
     <year>
      1985
     </year>
     <month>
      9
     </month>
     <day>
      1
     </day>
    </pubmedpubdate>
    <pubmedpubdate pubstatus="medline">
     <year>
      1985
     </year>
     <month>
      9
     </month>
     <day>
      1
     </day>
     <hour>
      0
     </hour>
     <minute>
      1
     </minute>
    </pubmedpubdate>
    <pubmedpubdate pubstatus="entrez">
     <year>
      1985
     </year>
     <month>
      9
     </month>
     <day>
      1
     </day>
     <hour>
      0
     </hour>
     <minute>
      0
     </minute>
    </pubmedpubdate>
   </history>
   <publicationstatus>
    ppublish
   </publicationstatus>
   <articleidlist>
    <articleid idtype="pubmed">
     4079820
    </articleid>
    <articleid idtype="pii">
     0378-5122(85)90041-6
    </articleid>
   </articleidlist>
  </pubmeddata>
 </pubmedarticle>
</pubmedarticleset>

