<?xml version='1.0' encoding='utf-8'?>
<!DOCTYPE PubmedArticleSet PUBLIC "-//NLM//DTD PubMedArticle, 1st January 2011//EN" "http://www.ncbi.nlm.nih.gov/entrez/query/DTD/pubmed_110101.dtd">
<pubmedarticleset>
 <pubmedarticle>
  <medlinecitation owner="NLM" status="MEDLINE">
   <pmid version="1">
    4079739
   </pmid>
   <datecreated>
    <year>
     1986
    </year>
    <month>
     02
    </month>
    <day>
     19
    </day>
   </datecreated>
   <datecompleted>
    <year>
     1986
    </year>
    <month>
     02
    </month>
    <day>
     19
    </day>
   </datecompleted>
   <daterevised>
    <year>
     2006
    </year>
    <month>
     11
    </month>
    <day>
     15
    </day>
   </daterevised>
   <article pubmodel="Print">
    <journal>
     <issn issntype="Print">
      0195-9131
     </issn>
     <journalissue citedmedium="Print">
      <volume>
       17
      </volume>
      <issue>
       6
      </issue>
      <pubdate>
       <year>
        1985
       </year>
       <month>
        Dec
       </month>
      </pubdate>
     </journalissue>
     <title>
      Medicine and science in sports and exercise
     </title>
     <isoabbreviation>
      Med Sci Sports Exerc
     </isoabbreviation>
    </journal>
    <articletitle>
     Creatine kinase isoenzyme activities in men and women following a marathon race.
    </articletitle>
    <pagination>
     <medlinepgn>
      679-82
     </medlinepgn>
    </pagination>
    <abstract>
     <abstracttext>
      Serum samples from 14 men and 8 women were obtained pre-marathon (48 h) and at 24, 48, 72, and 96 h post-race to quantitate total serum creatine kinase activity (TCK), percentage of creatine kinase MB (CK-MB), and clearance rates (half-lives) of TCK and CK-MB. TCK was measured enzymatically, and the CK-MB isoenzyme was separated by agarose electrophoresis and quantitated by densitometry. The men's and women's post-race mean TCK levels were significantly elevated (P less than 0.05) above pre-race values at 24 h (3322 U . l-1, 946 U . l-1 and 48 h (1787 U . l-1, 508 U . l-1). In addition, CK-MB was significantly elevated both 24 h (5.1%, 3.3%) and 48 h (2.5%, 1.8%) post-race (P less than 0.05). The men's 24-h TCK was 22.3 times the pre-race value, while the women had an 8.6-fold increase in TCK. The mean 24-h post-race CK-MB activities were 166 U . l-1 for the men and 31 U . l-1 for the women. The mean increase in CK-MB activity was 41.5-fold for the men and 7.8-fold for the women. Furthermore, the men had a mean half-life (t1/2) of 30.4 h for TCK and 12.0 h for CK-MB; the women's t1/2's were 29.4 and 16.8 h, respectively. At all time points, the men evidenced significantly (P less than 0.05) higher TCK and CK-MB enzyme activities than did the women.(ABSTRACT TRUNCATED AT 250 WORDS)
     </abstracttext>
    </abstract>
    <authorlist completeyn="Y">
     <author validyn="Y">
      <lastname>
       Rogers
      </lastname>
      <forename>
       M A
      </forename>
      <initials>
       MA
      </initials>
     </author>
     <author validyn="Y">
      <lastname>
       Stull
      </lastname>
      <forename>
       G A
      </forename>
      <initials>
       GA
      </initials>
     </author>
     <author validyn="Y">
      <lastname>
       Apple
      </lastname>
      <forename>
       F S
      </forename>
      <initials>
       FS
      </initials>
     </author>
    </authorlist>
    <language>
     eng
    </language>
    <publicationtypelist>
     <publicationtype>
      Journal Article
     </publicationtype>
     <publicationtype>
      Research Support, Non-U.S. Gov't
     </publicationtype>
    </publicationtypelist>
   </article>
   <medlinejournalinfo>
    <country>
     UNITED STATES
    </country>
    <medlineta>
     Med Sci Sports Exerc
    </medlineta>
    <nlmuniqueid>
     8005433
    </nlmuniqueid>
    <issnlinking>
     0195-9131
    </issnlinking>
   </medlinejournalinfo>
   <chemicallist>
    <chemical>
     <registrynumber>
      0
     </registrynumber>
     <nameofsubstance>
      Isoenzymes
     </nameofsubstance>
    </chemical>
    <chemical>
     <registrynumber>
      EC 2.7.3.2
     </registrynumber>
     <nameofsubstance>
      Creatine Kinase
     </nameofsubstance>
    </chemical>
   </chemicallist>
   <citationsubset>
    IM
   </citationsubset>
   <citationsubset>
    S
   </citationsubset>
   <meshheadinglist>
    <meshheading>
     <descriptorname majortopicyn="N">
      Creatine Kinase
     </descriptorname>
     <qualifiername majortopicyn="Y">
      blood
     </qualifiername>
    </meshheading>
    <meshheading>
     <descriptorname majortopicyn="N">
      Female
     </descriptorname>
    </meshheading>
    <meshheading>
     <descriptorname majortopicyn="N">
      Half-Life
     </descriptorname>
    </meshheading>
    <meshheading>
     <descriptorname majortopicyn="N">
      Humans
     </descriptorname>
    </meshheading>
    <meshheading>
     <descriptorname majortopicyn="N">
      Isoenzymes
     </descriptorname>
    </meshheading>
    <meshheading>
     <descriptorname majortopicyn="N">
      Male
     </descriptorname>
    </meshheading>
    <meshheading>
     <descriptorname majortopicyn="N">
      Muscles
     </descriptorname>
     <qualifiername majortopicyn="Y">
      enzymology
     </qualifiername>
    </meshheading>
    <meshheading>
     <descriptorname majortopicyn="Y">
      Physical Endurance
     </descriptorname>
    </meshheading>
    <meshheading>
     <descriptorname majortopicyn="Y">
      Running
     </descriptorname>
    </meshheading>
    <meshheading>
     <descriptorname majortopicyn="N">
      Time Factors
     </descriptorname>
    </meshheading>
   </meshheadinglist>
  </medlinecitation>
  <pubmeddata>
   <history>
    <pubmedpubdate pubstatus="pubmed">
     <year>
      1985
     </year>
     <month>
      12
     </month>
     <day>
      1
     </day>
    </pubmedpubdate>
    <pubmedpubdate pubstatus="medline">
     <year>
      1985
     </year>
     <month>
      12
     </month>
     <day>
      1
     </day>
     <hour>
      0
     </hour>
     <minute>
      1
     </minute>
    </pubmedpubdate>
    <pubmedpubdate pubstatus="entrez">
     <year>
      1985
     </year>
     <month>
      12
     </month>
     <day>
      1
     </day>
     <hour>
      0
     </hour>
     <minute>
      0
     </minute>
    </pubmedpubdate>
   </history>
   <publicationstatus>
    ppublish
   </publicationstatus>
   <articleidlist>
    <articleid idtype="pubmed">
     4079739
    </articleid>
   </articleidlist>
  </pubmeddata>
 </pubmedarticle>
</pubmedarticleset>

