<?xml version='1.0' encoding='utf-8'?>
<!DOCTYPE PubmedArticleSet PUBLIC "-//NLM//DTD PubMedArticle, 1st January 2011//EN" "http://www.ncbi.nlm.nih.gov/entrez/query/DTD/pubmed_110101.dtd">
<pubmedarticleset>
 <pubmedarticle>
  <medlinecitation owner="NLM" status="MEDLINE">
   <pmid version="1">
    4396080
   </pmid>
   <datecreated>
    <year>
     1971
    </year>
    <month>
     04
    </month>
    <day>
     26
    </day>
   </datecreated>
   <datecompleted>
    <year>
     1971
    </year>
    <month>
     04
    </month>
    <day>
     26
    </day>
   </datecompleted>
   <daterevised>
    <year>
     2010
    </year>
    <month>
     10
    </month>
    <day>
     26
    </day>
   </daterevised>
   <article pubmodel="Print">
    <journal>
     <issn issntype="Print">
      0007-1447
     </issn>
     <journalissue citedmedium="Print">
      <volume>
       1
      </volume>
      <issue>
       5748
      </issue>
      <pubdate>
       <year>
        1971
       </year>
       <month>
        Mar
       </month>
       <day>
        6
       </day>
      </pubdate>
     </journalissue>
     <title>
      British medical journal
     </title>
     <isoabbreviation>
      Br Med J
     </isoabbreviation>
    </journal>
    <articletitle>
     Associations between drugs administered during pregnancy and congenital abnormalities of the fetus.
    </articletitle>
    <pagination>
     <medlinepgn>
      523-7
     </medlinepgn>
    </pagination>
    <abstract>
     <abstracttext>
      In a retrospective study to compare the drug consumption during pregnancy of mothers of infants with congenital abnormalities and of those without, over 97% of 1,369 mothers took prescribed drugs and 65% self-administered drugs. Significantly more mothers of infants with congenital abnormalities took aspirin, antacids, dextroamphetamine, phenobarbitone, sodium amytal, other barbiturates, cough medicines, iron, sulphonamides, and nicotinamide than mothers in the control group. However, most mothers taking analgesics, antacids, appetite suppressants, barbiturates, cough medicines, iron, sulphonamides, and vitamins produced normal infants. Any teratogenic effect of these drugs is therefore one of low potency. On the other hand, deficiencies such as those of ascorbic acid and folic acid may have a teratogenic effect. There is need for caution in presuming teratogenic effects on the basis of the associations shown here. During pregnancy, however, it would appear wise to avoid the administration of any drug which carries a suspicion of teratogenicity unless that drug is specifically indicated, and self-medication with common household remedies such as aspirin and antacids should be avoided. These recommendations would also apply to any woman of childbearing age in whom conception is likely.
     </abstracttext>
    </abstract>
    <authorlist completeyn="Y">
     <author validyn="Y">
      <lastname>
       Nelson
      </lastname>
      <forename>
       M M
      </forename>
      <initials>
       MM
      </initials>
     </author>
     <author validyn="Y">
      <lastname>
       Forfar
      </lastname>
      <forename>
       J O
      </forename>
      <initials>
       JO
      </initials>
     </author>
    </authorlist>
    <language>
     eng
    </language>
    <publicationtypelist>
     <publicationtype>
      Journal Article
     </publicationtype>
    </publicationtypelist>
   </article>
   <medlinejournalinfo>
    <country>
     ENGLAND
    </country>
    <medlineta>
     Br Med J
    </medlineta>
    <nlmuniqueid>
     0372673
    </nlmuniqueid>
    <issnlinking>
     0007-1447
    </issnlinking>
   </medlinejournalinfo>
   <chemicallist>
    <chemical>
     <registrynumber>
      0
     </registrynumber>
     <nameofsubstance>
      Analgesics
     </nameofsubstance>
    </chemical>
    <chemical>
     <registrynumber>
      0
     </registrynumber>
     <nameofsubstance>
      Antacids
     </nameofsubstance>
    </chemical>
    <chemical>
     <registrynumber>
      0
     </registrynumber>
     <nameofsubstance>
      Antiemetics
     </nameofsubstance>
    </chemical>
    <chemical>
     <registrynumber>
      0
     </registrynumber>
     <nameofsubstance>
      Appetite Depressants
     </nameofsubstance>
    </chemical>
    <chemical>
     <registrynumber>
      0
     </registrynumber>
     <nameofsubstance>
      Barbiturates
     </nameofsubstance>
    </chemical>
    <chemical>
     <registrynumber>
      0
     </registrynumber>
     <nameofsubstance>
      Expectorants
     </nameofsubstance>
    </chemical>
    <chemical>
     <registrynumber>
      0
     </registrynumber>
     <nameofsubstance>
      Histamine H1 Antagonists
     </nameofsubstance>
    </chemical>
    <chemical>
     <registrynumber>
      0
     </registrynumber>
     <nameofsubstance>
      Sulfonamides
     </nameofsubstance>
    </chemical>
    <chemical>
     <registrynumber>
      0
     </registrynumber>
     <nameofsubstance>
      Vitamins
     </nameofsubstance>
    </chemical>
    <chemical>
     <registrynumber>
      50-78-2
     </registrynumber>
     <nameofsubstance>
      Aspirin
     </nameofsubstance>
    </chemical>
    <chemical>
     <registrynumber>
      7439-89-6
     </registrynumber>
     <nameofsubstance>
      Iron
     </nameofsubstance>
    </chemical>
   </chemicallist>
   <citationsubset>
    AIM
   </citationsubset>
   <citationsubset>
    IM
   </citationsubset>
   <commentscorrectionslist>
    <commentscorrections reftype="Cites">
     <refsource>
      Practitioner. 1965 Jan;194:68-71
     </refsource>
     <pmid version="1">
      14259695
     </pmid>
    </commentscorrections>
    <commentscorrections reftype="Cites">
     <refsource>
      Am J Pathol. 1959 Mar-Apr;35(2):315-31
     </refsource>
     <pmid version="1">
      13627129
     </pmid>
    </commentscorrections>
    <commentscorrections reftype="Cites">
     <refsource>
      Lancet. 1965 Mar 13;1(7385):606-7
     </refsource>
     <pmid version="1">
      14250104
     </pmid>
    </commentscorrections>
    <commentscorrections reftype="Cites">
     <refsource>
      Br Med J. 1970 Oct 17;4(5728):178-9
     </refsource>
     <pmid version="1">
      5475836
     </pmid>
    </commentscorrections>
    <commentscorrections reftype="Cites">
     <refsource>
      Am J Dis Child. 1966 Aug;112(2):99-106
     </refsource>
     <pmid version="1">
      5330368
     </pmid>
    </commentscorrections>
    <commentscorrections reftype="Cites">
     <refsource>
      Dev Med Child Neurol. 1969 Feb;11(1):3-16
     </refsource>
     <pmid version="1">
      5815000
     </pmid>
    </commentscorrections>
    <commentscorrections reftype="Cites">
     <refsource>
      Biol Neonat. 1966;10(1):93-107
     </refsource>
     <pmid version="1">
      5919856
     </pmid>
    </commentscorrections>
    <commentscorrections reftype="Cites">
     <refsource>
      JAMA. 1967 Dec 18;202(12):1065-9
     </refsource>
     <pmid version="1">
      6072744
     </pmid>
    </commentscorrections>
    <commentscorrections reftype="Cites">
     <refsource>
      J Pediatr. 1968 Jun;72(6):790-5
     </refsource>
     <pmid version="1">
      5652604
     </pmid>
    </commentscorrections>
    <commentscorrections reftype="Cites">
     <refsource>
      Pediatrics. 1969 Jun;43(6):915-26
     </refsource>
     <pmid version="1">
      5786215
     </pmid>
    </commentscorrections>
    <commentscorrections reftype="Cites">
     <refsource>
      Br J Prev Soc Med. 1969 Nov;23(4):218-25
     </refsource>
     <pmid version="1">
      5355276
     </pmid>
    </commentscorrections>
    <commentscorrections reftype="Cites">
     <refsource>
      Proc R Soc Med. 1970 Jan;63(1):48-9
     </refsource>
     <pmid version="1">
      5417773
     </pmid>
    </commentscorrections>
   </commentscorrectionslist>
   <meshheadinglist>
    <meshheading>
     <descriptorname majortopicyn="Y">
      Abnormalities, Drug-Induced
     </descriptorname>
    </meshheading>
    <meshheading>
     <descriptorname majortopicyn="N">
      Adult
     </descriptorname>
    </meshheading>
    <meshheading>
     <descriptorname majortopicyn="N">
      Analgesics
     </descriptorname>
     <qualifiername majortopicyn="N">
      adverse effects
     </qualifiername>
    </meshheading>
    <meshheading>
     <descriptorname majortopicyn="N">
      Antacids
     </descriptorname>
     <qualifiername majortopicyn="N">
      adverse effects
     </qualifiername>
    </meshheading>
    <meshheading>
     <descriptorname majortopicyn="N">
      Antiemetics
     </descriptorname>
     <qualifiername majortopicyn="N">
      adverse effects
     </qualifiername>
    </meshheading>
    <meshheading>
     <descriptorname majortopicyn="N">
      Appetite Depressants
     </descriptorname>
     <qualifiername majortopicyn="N">
      adverse effects
     </qualifiername>
    </meshheading>
    <meshheading>
     <descriptorname majortopicyn="N">
      Ascorbic Acid Deficiency
     </descriptorname>
     <qualifiername majortopicyn="N">
      complications
     </qualifiername>
    </meshheading>
    <meshheading>
     <descriptorname majortopicyn="N">
      Aspirin
     </descriptorname>
     <qualifiername majortopicyn="N">
      adverse effects
     </qualifiername>
    </meshheading>
    <meshheading>
     <descriptorname majortopicyn="N">
      Barbiturates
     </descriptorname>
     <qualifiername majortopicyn="N">
      adverse effects
     </qualifiername>
    </meshheading>
    <meshheading>
     <descriptorname majortopicyn="N">
      Expectorants
     </descriptorname>
     <qualifiername majortopicyn="N">
      adverse effects
     </qualifiername>
    </meshheading>
    <meshheading>
     <descriptorname majortopicyn="N">
      Female
     </descriptorname>
    </meshheading>
    <meshheading>
     <descriptorname majortopicyn="N">
      Fetus
     </descriptorname>
     <qualifiername majortopicyn="N">
      drug effects
     </qualifiername>
    </meshheading>
    <meshheading>
     <descriptorname majortopicyn="N">
      Folic Acid Deficiency
     </descriptorname>
     <qualifiername majortopicyn="N">
      complications
     </qualifiername>
    </meshheading>
    <meshheading>
     <descriptorname majortopicyn="N">
      Gestational Age
     </descriptorname>
    </meshheading>
    <meshheading>
     <descriptorname majortopicyn="N">
      Histamine H1 Antagonists
     </descriptorname>
     <qualifiername majortopicyn="N">
      adverse effects
     </qualifiername>
    </meshheading>
    <meshheading>
     <descriptorname majortopicyn="N">
      Humans
     </descriptorname>
    </meshheading>
    <meshheading>
     <descriptorname majortopicyn="N">
      Iron
     </descriptorname>
     <qualifiername majortopicyn="N">
      adverse effects
     </qualifiername>
    </meshheading>
    <meshheading>
     <descriptorname majortopicyn="N">
      Pregnancy
     </descriptorname>
    </meshheading>
    <meshheading>
     <descriptorname majortopicyn="N">
      Pregnancy Complications
     </descriptorname>
     <qualifiername majortopicyn="Y">
      drug therapy
     </qualifiername>
    </meshheading>
    <meshheading>
     <descriptorname majortopicyn="N">
      Retrospective Studies
     </descriptorname>
    </meshheading>
    <meshheading>
     <descriptorname majortopicyn="N">
      Self Medication
     </descriptorname>
    </meshheading>
    <meshheading>
     <descriptorname majortopicyn="N">
      Sulfonamides
     </descriptorname>
     <qualifiername majortopicyn="N">
      adverse effects
     </qualifiername>
    </meshheading>
    <meshheading>
     <descriptorname majortopicyn="N">
      Vitamins
     </descriptorname>
     <qualifiername majortopicyn="N">
      adverse effects
     </qualifiername>
    </meshheading>
   </meshheadinglist>
   <otherid source="NLM">
    PMC1795296
   </otherid>
  </medlinecitation>
  <pubmeddata>
   <history>
    <pubmedpubdate pubstatus="pubmed">
     <year>
      1971
     </year>
     <month>
      3
     </month>
     <day>
      6
     </day>
    </pubmedpubdate>
    <pubmedpubdate pubstatus="medline">
     <year>
      1971
     </year>
     <month>
      3
     </month>
     <day>
      6
     </day>
     <hour>
      0
     </hour>
     <minute>
      1
     </minute>
    </pubmedpubdate>
    <pubmedpubdate pubstatus="entrez">
     <year>
      1971
     </year>
     <month>
      3
     </month>
     <day>
      6
     </day>
     <hour>
      0
     </hour>
     <minute>
      0
     </minute>
    </pubmedpubdate>
   </history>
   <publicationstatus>
    ppublish
   </publicationstatus>
   <articleidlist>
    <articleid idtype="pubmed">
     4396080
    </articleid>
    <articleid idtype="pmc">
     PMC1795296
    </articleid>
   </articleidlist>
  </pubmeddata>
 </pubmedarticle>
</pubmedarticleset>

