<?xml version='1.0' encoding='utf-8'?>
<!DOCTYPE PubmedArticleSet PUBLIC "-//NLM//DTD PubMedArticle, 1st January 2011//EN" "http://www.ncbi.nlm.nih.gov/entrez/query/DTD/pubmed_110101.dtd">
<pubmedarticleset>
 <pubmedarticle>
  <medlinecitation owner="NLM" status="MEDLINE">
   <pmid version="1">
    6229205
   </pmid>
   <datecreated>
    <year>
     1984
    </year>
    <month>
     02
    </month>
    <day>
     14
    </day>
   </datecreated>
   <datecompleted>
    <year>
     1984
    </year>
    <month>
     02
    </month>
    <day>
     14
    </day>
   </datecompleted>
   <daterevised>
    <year>
     2007
    </year>
    <month>
     11
    </month>
    <day>
     14
    </day>
   </daterevised>
   <article pubmodel="Print">
    <journal>
     <issn issntype="Print">
      0003-4819
     </issn>
     <journalissue citedmedium="Print">
      <volume>
       100
      </volume>
      <issue>
       1
      </issue>
      <pubdate>
       <year>
        1984
       </year>
       <month>
        Jan
       </month>
      </pubdate>
     </journalissue>
     <title>
      Annals of internal medicine
     </title>
     <isoabbreviation>
      Ann. Intern. Med.
     </isoabbreviation>
    </journal>
    <articletitle>
     Drugs five years later. Bromocriptine.
    </articletitle>
    <pagination>
     <medlinepgn>
      78-91
     </medlinepgn>
    </pagination>
    <abstract>
     <abstracttext>
      Bromocriptine, a specific dopamine receptor agonist, has been used for the treatment of various hyperprolactinemic conditions and as adjunctive therapy for acromegaly (with or without concomitant hyperprolactinemia) and Parkinson's disease. Bromocriptine is extremely effective in suppressing prolactin secretion regardless of the cause, in restoring gonadal function and fertility, and in decreasing the size of prolactin-secreting pituitary tumors. Most patients with acromegaly have clinical improvement with this drug. When bromocriptine is added to a regimen of levodopa or carbidopa, patients with Parkinson's disease frequently have additional clinical improvement and, in most patients, the levodopa or carbidopa dose can be reduced. Withdrawal of bromocriptine therapy is associated in most patients with reversal of its beneficial effects--return of hyperprolactinemia, return of excess growth hormone secretion, and exacerbation of Parkinson's disease.
     </abstracttext>
    </abstract>
    <authorlist completeyn="Y">
     <author validyn="Y">
      <lastname>
       Vance
      </lastname>
      <forename>
       M L
      </forename>
      <initials>
       ML
      </initials>
     </author>
     <author validyn="Y">
      <lastname>
       Evans
      </lastname>
      <forename>
       W S
      </forename>
      <initials>
       WS
      </initials>
     </author>
     <author validyn="Y">
      <lastname>
       Thorner
      </lastname>
      <forename>
       M O
      </forename>
      <initials>
       MO
      </initials>
     </author>
    </authorlist>
    <language>
     eng
    </language>
    <grantlist completeyn="Y">
     <grant>
      <grantid>
       1 K03-HD-00439
      </grantid>
      <acronym>
       HD
      </acronym>
      <agency>
       NICHD NIH HHS
      </agency>
      <country>
       United States
      </country>
     </grant>
     <grant>
      <grantid>
       R01 HD13197
      </grantid>
      <acronym>
       HD
      </acronym>
      <agency>
       NICHD NIH HHS
      </agency>
      <country>
       United States
      </country>
     </grant>
     <grant>
      <grantid>
       RR 847
      </grantid>
      <acronym>
       RR
      </acronym>
      <agency>
       NCRR NIH HHS
      </agency>
      <country>
       United States
      </country>
     </grant>
    </grantlist>
    <publicationtypelist>
     <publicationtype>
      Journal Article
     </publicationtype>
     <publicationtype>
      Research Support, Non-U.S. Gov't
     </publicationtype>
     <publicationtype>
      Research Support, U.S. Gov't, P.H.S.
     </publicationtype>
     <publicationtype>
      Review
     </publicationtype>
    </publicationtypelist>
   </article>
   <medlinejournalinfo>
    <country>
     UNITED STATES
    </country>
    <medlineta>
     Ann Intern Med
    </medlineta>
    <nlmuniqueid>
     0372351
    </nlmuniqueid>
    <issnlinking>
     0003-4819
    </issnlinking>
   </medlinejournalinfo>
   <chemicallist>
    <chemical>
     <registrynumber>
      25614-03-3
     </registrynumber>
     <nameofsubstance>
      Bromocriptine
     </nameofsubstance>
    </chemical>
    <chemical>
     <registrynumber>
      9002-62-4
     </registrynumber>
     <nameofsubstance>
      Prolactin
     </nameofsubstance>
    </chemical>
    <chemical>
     <registrynumber>
      9002-72-6
     </registrynumber>
     <nameofsubstance>
      Growth Hormone
     </nameofsubstance>
    </chemical>
   </chemicallist>
   <citationsubset>
    AIM
   </citationsubset>
   <citationsubset>
    IM
   </citationsubset>
   <meshheadinglist>
    <meshheading>
     <descriptorname majortopicyn="N">
      Acromegaly
     </descriptorname>
     <qualifiername majortopicyn="N">
      drug therapy
     </qualifiername>
    </meshheading>
    <meshheading>
     <descriptorname majortopicyn="N">
      Adenoma
     </descriptorname>
     <qualifiername majortopicyn="N">
      drug therapy
     </qualifiername>
    </meshheading>
    <meshheading>
     <descriptorname majortopicyn="N">
      Bromocriptine
     </descriptorname>
     <qualifiername majortopicyn="N">
      adverse effects
     </qualifiername>
     <qualifiername majortopicyn="Y">
      therapeutic use
     </qualifiername>
    </meshheading>
    <meshheading>
     <descriptorname majortopicyn="N">
      Dyskinesia, Drug-Induced
     </descriptorname>
     <qualifiername majortopicyn="N">
      drug therapy
     </qualifiername>
    </meshheading>
    <meshheading>
     <descriptorname majortopicyn="N">
      Edema
     </descriptorname>
     <qualifiername majortopicyn="N">
      drug therapy
     </qualifiername>
    </meshheading>
    <meshheading>
     <descriptorname majortopicyn="N">
      Female
     </descriptorname>
    </meshheading>
    <meshheading>
     <descriptorname majortopicyn="N">
      Growth Hormone
     </descriptorname>
     <qualifiername majortopicyn="N">
      blood
     </qualifiername>
    </meshheading>
    <meshheading>
     <descriptorname majortopicyn="N">
      Hepatic Encephalopathy
     </descriptorname>
     <qualifiername majortopicyn="N">
      drug therapy
     </qualifiername>
    </meshheading>
    <meshheading>
     <descriptorname majortopicyn="N">
      Humans
     </descriptorname>
    </meshheading>
    <meshheading>
     <descriptorname majortopicyn="N">
      Huntington Disease
     </descriptorname>
     <qualifiername majortopicyn="N">
      drug therapy
     </qualifiername>
    </meshheading>
    <meshheading>
     <descriptorname majortopicyn="N">
      Infertility, Female
     </descriptorname>
     <qualifiername majortopicyn="N">
      drug therapy
     </qualifiername>
    </meshheading>
    <meshheading>
     <descriptorname majortopicyn="N">
      Lactation
     </descriptorname>
     <qualifiername majortopicyn="N">
      drug effects
     </qualifiername>
    </meshheading>
    <meshheading>
     <descriptorname majortopicyn="N">
      Luteal Phase
     </descriptorname>
     <qualifiername majortopicyn="N">
      drug effects
     </qualifiername>
    </meshheading>
    <meshheading>
     <descriptorname majortopicyn="N">
      Male
     </descriptorname>
    </meshheading>
    <meshheading>
     <descriptorname majortopicyn="N">
      Mental Disorders
     </descriptorname>
     <qualifiername majortopicyn="N">
      drug therapy
     </qualifiername>
    </meshheading>
    <meshheading>
     <descriptorname majortopicyn="N">
      Parkinson Disease
     </descriptorname>
     <qualifiername majortopicyn="N">
      drug therapy
     </qualifiername>
    </meshheading>
    <meshheading>
     <descriptorname majortopicyn="N">
      Pituitary Neoplasms
     </descriptorname>
     <qualifiername majortopicyn="N">
      drug therapy
     </qualifiername>
    </meshheading>
    <meshheading>
     <descriptorname majortopicyn="N">
      Pregnancy
     </descriptorname>
    </meshheading>
    <meshheading>
     <descriptorname majortopicyn="N">
      Premenstrual Syndrome
     </descriptorname>
     <qualifiername majortopicyn="N">
      drug therapy
     </qualifiername>
    </meshheading>
    <meshheading>
     <descriptorname majortopicyn="N">
      Prolactin
     </descriptorname>
     <qualifiername majortopicyn="N">
      blood
     </qualifiername>
    </meshheading>
   </meshheadinglist>
   <numberofreferences>
    135
   </numberofreferences>
  </medlinecitation>
  <pubmeddata>
   <history>
    <pubmedpubdate pubstatus="pubmed">
     <year>
      1984
     </year>
     <month>
      1
     </month>
     <day>
      1
     </day>
    </pubmedpubdate>
    <pubmedpubdate pubstatus="medline">
     <year>
      1984
     </year>
     <month>
      1
     </month>
     <day>
      1
     </day>
     <hour>
      0
     </hour>
     <minute>
      1
     </minute>
    </pubmedpubdate>
    <pubmedpubdate pubstatus="entrez">
     <year>
      1984
     </year>
     <month>
      1
     </month>
     <day>
      1
     </day>
     <hour>
      0
     </hour>
     <minute>
      0
     </minute>
    </pubmedpubdate>
   </history>
   <publicationstatus>
    ppublish
   </publicationstatus>
   <articleidlist>
    <articleid idtype="pubmed">
     6229205
    </articleid>
   </articleidlist>
  </pubmeddata>
 </pubmedarticle>
</pubmedarticleset>

