<?xml version='1.0' encoding='utf-8'?>
<!DOCTYPE PubmedArticleSet PUBLIC "-//NLM//DTD PubMedArticle, 1st January 2011//EN" "http://www.ncbi.nlm.nih.gov/entrez/query/DTD/pubmed_110101.dtd">
<pubmedarticleset>
 <pubmedarticle>
  <medlinecitation owner="NLM" status="MEDLINE">
   <pmid version="1">
    6244871
   </pmid>
   <datecreated>
    <year>
     1980
    </year>
    <month>
     06
    </month>
    <day>
     27
    </day>
   </datecreated>
   <datecompleted>
    <year>
     1980
    </year>
    <month>
     06
    </month>
    <day>
     27
    </day>
   </datecompleted>
   <daterevised>
    <year>
     2004
    </year>
    <month>
     11
    </month>
    <day>
     17
    </day>
   </daterevised>
   <article pubmodel="Print">
    <journal>
     <issn issntype="Print">
      0007-1323
     </issn>
     <journalissue citedmedium="Print">
      <volume>
       67
      </volume>
      <issue>
       2
      </issue>
      <pubdate>
       <year>
        1980
       </year>
       <month>
        Feb
       </month>
      </pubdate>
     </journalissue>
     <title>
      The British journal of surgery
     </title>
     <isoabbreviation>
      Br J Surg
     </isoabbreviation>
    </journal>
    <articletitle>
     Does a high fibre diet prevent the complications of diverticular disease?
    </articletitle>
    <pagination>
     <medlinepgn>
      77-9
     </medlinepgn>
    </pagination>
    <abstract>
     <abstracttext>
      The management of diverticular disease has altered radically with the widespread use of high fibre diet (HFD) over the past decade. However, whether this regimen has improved the prognosis in patients admitted with acute complications is still debatable. In this study the outcome of 100 such patients admitted to hospital with acute episodes of diverticular disease has been reviewed. Seventy-five per cent were treated conservatively with HFD and review after 5--7 years showed that over 90 per cent remained symptom-free, suggesting that HFD may afford protection by preventing further complications.
     </abstracttext>
    </abstract>
    <authorlist completeyn="Y">
     <author validyn="Y">
      <lastname>
       Hyland
      </lastname>
      <forename>
       J M
      </forename>
      <initials>
       JM
      </initials>
     </author>
     <author validyn="Y">
      <lastname>
       Taylor
      </lastname>
      <forename>
       I
      </forename>
      <initials>
       I
      </initials>
     </author>
    </authorlist>
    <language>
     eng
    </language>
    <publicationtypelist>
     <publicationtype>
      Journal Article
     </publicationtype>
    </publicationtypelist>
   </article>
   <medlinejournalinfo>
    <country>
     ENGLAND
    </country>
    <medlineta>
     Br J Surg
    </medlineta>
    <nlmuniqueid>
     0372553
    </nlmuniqueid>
    <issnlinking>
     0007-1323
    </issnlinking>
   </medlinejournalinfo>
   <chemicallist>
    <chemical>
     <registrynumber>
      9004-34-6
     </registrynumber>
     <nameofsubstance>
      Cellulose
     </nameofsubstance>
    </chemical>
   </chemicallist>
   <citationsubset>
    AIM
   </citationsubset>
   <citationsubset>
    IM
   </citationsubset>
   <meshheadinglist>
    <meshheading>
     <descriptorname majortopicyn="N">
      Acute Disease
     </descriptorname>
    </meshheading>
    <meshheading>
     <descriptorname majortopicyn="N">
      Adult
     </descriptorname>
    </meshheading>
    <meshheading>
     <descriptorname majortopicyn="N">
      Aged
     </descriptorname>
    </meshheading>
    <meshheading>
     <descriptorname majortopicyn="N">
      Cellulose
     </descriptorname>
     <qualifiername majortopicyn="Y">
      therapeutic use
     </qualifiername>
    </meshheading>
    <meshheading>
     <descriptorname majortopicyn="N">
      Dietary Fiber
     </descriptorname>
     <qualifiername majortopicyn="Y">
      therapeutic use
     </qualifiername>
    </meshheading>
    <meshheading>
     <descriptorname majortopicyn="N">
      Diverticulum, Colon
     </descriptorname>
     <qualifiername majortopicyn="N">
      complications
     </qualifiername>
     <qualifiername majortopicyn="Y">
      diet therapy
     </qualifiername>
    </meshheading>
    <meshheading>
     <descriptorname majortopicyn="N">
      Female
     </descriptorname>
    </meshheading>
    <meshheading>
     <descriptorname majortopicyn="N">
      Follow-Up Studies
     </descriptorname>
    </meshheading>
    <meshheading>
     <descriptorname majortopicyn="N">
      Humans
     </descriptorname>
    </meshheading>
    <meshheading>
     <descriptorname majortopicyn="N">
      Male
     </descriptorname>
    </meshheading>
    <meshheading>
     <descriptorname majortopicyn="N">
      Middle Aged
     </descriptorname>
    </meshheading>
   </meshheadinglist>
  </medlinecitation>
  <pubmeddata>
   <history>
    <pubmedpubdate pubstatus="pubmed">
     <year>
      1980
     </year>
     <month>
      2
     </month>
     <day>
      1
     </day>
    </pubmedpubdate>
    <pubmedpubdate pubstatus="medline">
     <year>
      1980
     </year>
     <month>
      2
     </month>
     <day>
      1
     </day>
     <hour>
      0
     </hour>
     <minute>
      1
     </minute>
    </pubmedpubdate>
    <pubmedpubdate pubstatus="entrez">
     <year>
      1980
     </year>
     <month>
      2
     </month>
     <day>
      1
     </day>
     <hour>
      0
     </hour>
     <minute>
      0
     </minute>
    </pubmedpubdate>
   </history>
   <publicationstatus>
    ppublish
   </publicationstatus>
   <articleidlist>
    <articleid idtype="pubmed">
     6244871
    </articleid>
   </articleidlist>
  </pubmeddata>
 </pubmedarticle>
</pubmedarticleset>

