<?xml version='1.0' encoding='utf-8'?>
<!DOCTYPE PubmedArticleSet PUBLIC "-//NLM//DTD PubMedArticle, 1st January 2011//EN" "http://www.ncbi.nlm.nih.gov/entrez/query/DTD/pubmed_110101.dtd">
<pubmedarticleset>
 <pubmedarticle>
  <medlinecitation owner="NLM" status="MEDLINE">
   <pmid version="1">
    6263396
   </pmid>
   <datecreated>
    <year>
     1981
    </year>
    <month>
     08
    </month>
    <day>
     10
    </day>
   </datecreated>
   <datecompleted>
    <year>
     1981
    </year>
    <month>
     08
    </month>
    <day>
     10
    </day>
   </datecompleted>
   <daterevised>
    <year>
     2009
    </year>
    <month>
     11
    </month>
    <day>
     18
    </day>
   </daterevised>
   <article pubmodel="Print">
    <journal>
     <issn issntype="Print">
      0267-0623
     </issn>
     <journalissue citedmedium="Print">
      <volume>
       282
      </volume>
      <issue>
       6273
      </issue>
      <pubdate>
       <year>
        1981
       </year>
       <month>
        Apr
       </month>
       <day>
        25
       </day>
      </pubdate>
     </journalissue>
     <title>
      British medical journal (Clinical research ed.)
     </title>
     <isoabbreviation>
      Br Med J (Clin Res Ed)
     </isoabbreviation>
    </journal>
    <articletitle>
     Are fibre supplements really necessary in diverticular disease of the colon? A controlled clinical trial.
    </articletitle>
    <pagination>
     <medlinepgn>
      1353-6
     </medlinepgn>
    </pagination>
    <abstract>
     <abstracttext>
      Fifty-eight patients with uncomplicated diverticular disease of the colon took bran crispbread, ispaghula drink, and placebo for four months each in a randomised, cross-over, double-blind controlled trial. Assessments were made subjectively, using a monthly self-administered questionnaire, and objectively, by examining a seven-day stool collection at the end of each treatment period. In terms of a pain score, lower bowel symptom score (the pain score and sensation of incomplete emptying, straining, stool consistency, flatus, and aperients taken), and total symptom score (belching, nausea, vomiting, dyspepsia, and abdominal distension) fibre supplementation conferred no benefit. Symptoms of constipation, however, when assessed alone, were significantly relieved. Both fibre regimens produced the expected changes in stool weight, consistency, and frequency. It is concluded that dietary fibre supplements in the commonly used doses do no more than relieve constipation. Perhaps the impression that fibre helps diverticular disease is simply a manifestation of Western civilisation's obsession with the need for regular frequent defecation.
     </abstracttext>
    </abstract>
    <authorlist completeyn="Y">
     <author validyn="Y">
      <lastname>
       Ornstein
      </lastname>
      <forename>
       M H
      </forename>
      <initials>
       MH
      </initials>
     </author>
     <author validyn="Y">
      <lastname>
       Littlewood
      </lastname>
      <forename>
       E R
      </forename>
      <initials>
       ER
      </initials>
     </author>
     <author validyn="Y">
      <lastname>
       Baird
      </lastname>
      <forename>
       I M
      </forename>
      <initials>
       IM
      </initials>
     </author>
     <author validyn="Y">
      <lastname>
       Fowler
      </lastname>
      <forename>
       J
      </forename>
      <initials>
       J
      </initials>
     </author>
     <author validyn="Y">
      <lastname>
       North
      </lastname>
      <forename>
       W R
      </forename>
      <initials>
       WR
      </initials>
     </author>
     <author validyn="Y">
      <lastname>
       Cox
      </lastname>
      <forename>
       A G
      </forename>
      <initials>
       AG
      </initials>
     </author>
    </authorlist>
    <language>
     eng
    </language>
    <publicationtypelist>
     <publicationtype>
      Clinical Trial
     </publicationtype>
     <publicationtype>
      Journal Article
     </publicationtype>
     <publicationtype>
      Randomized Controlled Trial
     </publicationtype>
     <publicationtype>
      Research Support, Non-U.S. Gov't
     </publicationtype>
    </publicationtypelist>
   </article>
   <medlinejournalinfo>
    <country>
     ENGLAND
    </country>
    <medlineta>
     Br Med J (Clin Res Ed)
    </medlineta>
    <nlmuniqueid>
     8302911
    </nlmuniqueid>
    <issnlinking>
     0267-0623
    </issnlinking>
   </medlinejournalinfo>
   <chemicallist>
    <chemical>
     <registrynumber>
      9004-34-6
     </registrynumber>
     <nameofsubstance>
      Cellulose
     </nameofsubstance>
    </chemical>
   </chemicallist>
   <citationsubset>
    IM
   </citationsubset>
   <commentscorrectionslist>
    <commentscorrections reftype="Cites">
     <refsource>
      Am J Gastroenterol. 1977 Feb;67(2):157-62
     </refsource>
     <pmid version="1">
      324270
     </pmid>
    </commentscorrections>
    <commentscorrections reftype="Cites">
     <refsource>
      Lancet. 1978 Apr 1;1(8066):725
     </refsource>
     <pmid version="1">
      76271
     </pmid>
    </commentscorrections>
    <commentscorrections reftype="Cites">
     <refsource>
      Lancet. 1978 Jan 7;1(8054):5-9
     </refsource>
     <pmid version="1">
      74533
     </pmid>
    </commentscorrections>
    <commentscorrections reftype="Cites">
     <refsource>
      Lancet. 1977 Mar 26;1(8013):664-6
     </refsource>
     <pmid version="1">
      66471
     </pmid>
    </commentscorrections>
    <commentscorrections reftype="Cites">
     <refsource>
      Gut. 1978 Jan;19(1):1-9
     </refsource>
     <pmid version="1">
      624498
     </pmid>
    </commentscorrections>
    <commentscorrections reftype="Cites">
     <refsource>
      Am J Clin Nutr. 1976 Dec;29(12):1427-31
     </refsource>
     <pmid version="1">
      826151
     </pmid>
    </commentscorrections>
    <commentscorrections reftype="Cites">
     <refsource>
      Am J Clin Nutr. 1976 Dec;29(12):1468-73
     </refsource>
     <pmid version="1">
      998555
     </pmid>
    </commentscorrections>
    <commentscorrections reftype="Cites">
     <refsource>
      Br Med J. 1972 Apr 15;2(5806):137-40
     </refsource>
     <pmid version="1">
      4622783
     </pmid>
    </commentscorrections>
    <commentscorrections reftype="Cites">
     <refsource>
      J Am Diet Assoc. 1973 Nov;63(5):527-30
     </refsource>
     <pmid version="1">
      4200581
     </pmid>
    </commentscorrections>
    <commentscorrections reftype="Cites">
     <refsource>
      Br Med J. 1971 May 22;2(5759):450-4
     </refsource>
     <pmid version="1">
      4930390
     </pmid>
    </commentscorrections>
    <commentscorrections reftype="Cites">
     <refsource>
      Br Med J. 1976 Feb 21;1(6007):425-8
     </refsource>
     <pmid version="1">
      766894
     </pmid>
    </commentscorrections>
    <commentscorrections reftype="Cites">
     <refsource>
      Br Med J. 1973 Nov 17;4(5889):392-4
     </refsource>
     <pmid version="1">
      4749759
     </pmid>
    </commentscorrections>
    <commentscorrections reftype="Cites">
     <refsource>
      Br Med J. 1976 Feb 7;1(6005):315-8
     </refsource>
     <pmid version="1">
      764934
     </pmid>
    </commentscorrections>
    <commentscorrections reftype="Cites">
     <refsource>
      Br Med J. 1976 Apr 24;1(6016):988-90
     </refsource>
     <pmid version="1">
      773493
     </pmid>
    </commentscorrections>
    <commentscorrections reftype="Cites">
     <refsource>
      Gut. 1976 Mar;17(3):210-8
     </refsource>
     <pmid version="1">
      1269989
     </pmid>
    </commentscorrections>
   </commentscorrectionslist>
   <meshheadinglist>
    <meshheading>
     <descriptorname majortopicyn="N">
      Adult
     </descriptorname>
    </meshheading>
    <meshheading>
     <descriptorname majortopicyn="N">
      Aged
     </descriptorname>
    </meshheading>
    <meshheading>
     <descriptorname majortopicyn="N">
      Cellulose
     </descriptorname>
     <qualifiername majortopicyn="Y">
      therapeutic use
     </qualifiername>
    </meshheading>
    <meshheading>
     <descriptorname majortopicyn="N">
      Clinical Trials as Topic
     </descriptorname>
    </meshheading>
    <meshheading>
     <descriptorname majortopicyn="N">
      Defecation
     </descriptorname>
    </meshheading>
    <meshheading>
     <descriptorname majortopicyn="N">
      Dietary Fiber
     </descriptorname>
     <qualifiername majortopicyn="Y">
      therapeutic use
     </qualifiername>
    </meshheading>
    <meshheading>
     <descriptorname majortopicyn="N">
      Diverticulum, Colon
     </descriptorname>
     <qualifiername majortopicyn="Y">
      diet therapy
     </qualifiername>
     <qualifiername majortopicyn="N">
      physiopathology
     </qualifiername>
    </meshheading>
    <meshheading>
     <descriptorname majortopicyn="N">
      Double-Blind Method
     </descriptorname>
    </meshheading>
    <meshheading>
     <descriptorname majortopicyn="N">
      Feces
     </descriptorname>
    </meshheading>
    <meshheading>
     <descriptorname majortopicyn="N">
      Female
     </descriptorname>
    </meshheading>
    <meshheading>
     <descriptorname majortopicyn="N">
      Humans
     </descriptorname>
    </meshheading>
    <meshheading>
     <descriptorname majortopicyn="N">
      Male
     </descriptorname>
    </meshheading>
    <meshheading>
     <descriptorname majortopicyn="N">
      Middle Aged
     </descriptorname>
    </meshheading>
    <meshheading>
     <descriptorname majortopicyn="N">
      Random Allocation
     </descriptorname>
    </meshheading>
   </meshheadinglist>
   <otherid source="NLM">
    PMC1505006
   </otherid>
  </medlinecitation>
  <pubmeddata>
   <history>
    <pubmedpubdate pubstatus="pubmed">
     <year>
      1981
     </year>
     <month>
      4
     </month>
     <day>
      25
     </day>
    </pubmedpubdate>
    <pubmedpubdate pubstatus="medline">
     <year>
      1981
     </year>
     <month>
      4
     </month>
     <day>
      25
     </day>
     <hour>
      0
     </hour>
     <minute>
      1
     </minute>
    </pubmedpubdate>
    <pubmedpubdate pubstatus="entrez">
     <year>
      1981
     </year>
     <month>
      4
     </month>
     <day>
      25
     </day>
     <hour>
      0
     </hour>
     <minute>
      0
     </minute>
    </pubmedpubdate>
   </history>
   <publicationstatus>
    ppublish
   </publicationstatus>
   <articleidlist>
    <articleid idtype="pubmed">
     6263396
    </articleid>
    <articleid idtype="pmc">
     PMC1505006
    </articleid>
   </articleidlist>
  </pubmeddata>
 </pubmedarticle>
</pubmedarticleset>

