<?xml version='1.0' encoding='utf-8'?>
<!DOCTYPE PubmedArticleSet PUBLIC "-//NLM//DTD PubMedArticle, 1st January 2011//EN" "http://www.ncbi.nlm.nih.gov/entrez/query/DTD/pubmed_110101.dtd">
<pubmedarticleset>
 <pubmedarticle>
  <medlinecitation owner="NLM" status="MEDLINE">
   <pmid version="1">
    6310075
   </pmid>
   <datecreated>
    <year>
     1983
    </year>
    <month>
     10
    </month>
    <day>
     28
    </day>
   </datecreated>
   <datecompleted>
    <year>
     1983
    </year>
    <month>
     10
    </month>
    <day>
     28
    </day>
   </datecompleted>
   <daterevised>
    <year>
     2006
    </year>
    <month>
     11
    </month>
    <day>
     15
    </day>
   </daterevised>
   <article pubmodel="Print">
    <journal>
     <issn issntype="Print">
      0277-2116
     </issn>
     <journalissue citedmedium="Print">
      <volume>
       1
      </volume>
      <issue>
       2
      </issue>
      <pubdate>
       <year>
        1982
       </year>
      </pubdate>
     </journalissue>
     <title>
      Journal of pediatric gastroenterology and nutrition
     </title>
     <isoabbreviation>
      J. Pediatr. Gastroenterol. Nutr.
     </isoabbreviation>
    </journal>
    <articletitle>
     Lubricant versus laxative in the treatment of chronic functional constipation of children: a comparative study.
    </articletitle>
    <pagination>
     <medlinepgn>
      223-6
     </medlinepgn>
    </pagination>
    <abstract>
     <abstracttext>
      The efficacy of two medications commonly used in treatment of chronic functional constipation of children (CFC) was compared. Thirty-seven children (aged 3-12 years) with typical CFC were assigned at random to treatment with mineral oil or standardized senna concentrate (Senokot). The results of follow-up evaluations at 1, 3, and greater than 6 months indicate that symptom control (fecal soiling and decreased stool frequency) was significantly better in mineral-oil-treated patients. At least one recurrence of symptoms occurred in 66% of mineral-oil-treated and 89% of Senokot-treated patients. However, recurrences appeared later and less frequently in mineral-oil-treated patients. After 6 months, 55% of those treated with mineral oil had successfully discontinued regular medication. After 6 months, only 22% of Senokot-treated patients had successfully discontinued medication, while an additional 33% had stopped taking medication because of poor symptom control.
     </abstracttext>
    </abstract>
    <authorlist completeyn="Y">
     <author validyn="Y">
      <lastname>
       Sondheimer
      </lastname>
      <forename>
       J M
      </forename>
      <initials>
       JM
      </initials>
     </author>
     <author validyn="Y">
      <lastname>
       Gervaise
      </lastname>
      <forename>
       E P
      </forename>
      <initials>
       EP
      </initials>
     </author>
    </authorlist>
    <language>
     eng
    </language>
    <publicationtypelist>
     <publicationtype>
      Clinical Trial
     </publicationtype>
     <publicationtype>
      Comparative Study
     </publicationtype>
     <publicationtype>
      Journal Article
     </publicationtype>
     <publicationtype>
      Randomized Controlled Trial
     </publicationtype>
    </publicationtypelist>
   </article>
   <medlinejournalinfo>
    <country>
     UNITED STATES
    </country>
    <medlineta>
     J Pediatr Gastroenterol Nutr
    </medlineta>
    <nlmuniqueid>
     8211545
    </nlmuniqueid>
    <issnlinking>
     0277-2116
    </issnlinking>
   </medlinejournalinfo>
   <chemicallist>
    <chemical>
     <registrynumber>
      8013-11-4
     </registrynumber>
     <nameofsubstance>
      Senna Extract
     </nameofsubstance>
    </chemical>
    <chemical>
     <registrynumber>
      8020-83-5
     </registrynumber>
     <nameofsubstance>
      Mineral Oil
     </nameofsubstance>
    </chemical>
   </chemicallist>
   <citationsubset>
    IM
   </citationsubset>
   <meshheadinglist>
    <meshheading>
     <descriptorname majortopicyn="N">
      Child
     </descriptorname>
    </meshheading>
    <meshheading>
     <descriptorname majortopicyn="N">
      Child, Preschool
     </descriptorname>
    </meshheading>
    <meshheading>
     <descriptorname majortopicyn="N">
      Chronic Disease
     </descriptorname>
    </meshheading>
    <meshheading>
     <descriptorname majortopicyn="N">
      Constipation
     </descriptorname>
     <qualifiername majortopicyn="Y">
      therapy
     </qualifiername>
    </meshheading>
    <meshheading>
     <descriptorname majortopicyn="N">
      Dietary Fiber
     </descriptorname>
     <qualifiername majortopicyn="N">
      administration &amp; dosage
     </qualifiername>
    </meshheading>
    <meshheading>
     <descriptorname majortopicyn="N">
      Female
     </descriptorname>
    </meshheading>
    <meshheading>
     <descriptorname majortopicyn="N">
      Follow-Up Studies
     </descriptorname>
    </meshheading>
    <meshheading>
     <descriptorname majortopicyn="N">
      Humans
     </descriptorname>
    </meshheading>
    <meshheading>
     <descriptorname majortopicyn="N">
      Male
     </descriptorname>
    </meshheading>
    <meshheading>
     <descriptorname majortopicyn="N">
      Mineral Oil
     </descriptorname>
     <qualifiername majortopicyn="Y">
      therapeutic use
     </qualifiername>
    </meshheading>
    <meshheading>
     <descriptorname majortopicyn="N">
      Patient Compliance
     </descriptorname>
    </meshheading>
    <meshheading>
     <descriptorname majortopicyn="N">
      Recurrence
     </descriptorname>
    </meshheading>
    <meshheading>
     <descriptorname majortopicyn="N">
      Senna Extract
     </descriptorname>
     <qualifiername majortopicyn="Y">
      therapeutic use
     </qualifiername>
    </meshheading>
   </meshheadinglist>
  </medlinecitation>
  <pubmeddata>
   <history>
    <pubmedpubdate pubstatus="pubmed">
     <year>
      1982
     </year>
     <month>
      1
     </month>
     <day>
      1
     </day>
    </pubmedpubdate>
    <pubmedpubdate pubstatus="medline">
     <year>
      1982
     </year>
     <month>
      1
     </month>
     <day>
      1
     </day>
     <hour>
      0
     </hour>
     <minute>
      1
     </minute>
    </pubmedpubdate>
    <pubmedpubdate pubstatus="entrez">
     <year>
      1982
     </year>
     <month>
      1
     </month>
     <day>
      1
     </day>
     <hour>
      0
     </hour>
     <minute>
      0
     </minute>
    </pubmedpubdate>
   </history>
   <publicationstatus>
    ppublish
   </publicationstatus>
   <articleidlist>
    <articleid idtype="pubmed">
     6310075
    </articleid>
   </articleidlist>
  </pubmeddata>
 </pubmedarticle>
</pubmedarticleset>

