<?xml version='1.0' encoding='utf-8'?>
<!DOCTYPE PubmedArticleSet PUBLIC "-//NLM//DTD PubMedArticle, 1st January 2011//EN" "http://www.ncbi.nlm.nih.gov/entrez/query/DTD/pubmed_110101.dtd">
<pubmedarticleset>
 <pubmedarticle>
  <medlinecitation owner="NLM" status="MEDLINE">
   <pmid version="1">
    6851084
   </pmid>
   <datecreated>
    <year>
     1983
    </year>
    <month>
     07
    </month>
    <day>
     15
    </day>
   </datecreated>
   <datecompleted>
    <year>
     1983
    </year>
    <month>
     07
    </month>
    <day>
     15
    </day>
   </datecompleted>
   <daterevised>
    <year>
     2008
    </year>
    <month>
     11
    </month>
    <day>
     21
    </day>
   </daterevised>
   <article pubmodel="Print">
    <journal>
     <issn issntype="Print">
      0009-9120
     </issn>
     <journalissue citedmedium="Print">
      <volume>
       16
      </volume>
      <issue>
       3
      </issue>
      <pubdate>
       <year>
        1983
       </year>
       <month>
        Jun
       </month>
      </pubdate>
     </journalissue>
     <title>
      Clinical biochemistry
     </title>
     <isoabbreviation>
      Clin. Biochem.
     </isoabbreviation>
    </journal>
    <articletitle>
     Changes in serum myoglobin, total creatine kinase, lactate dehydrogenase and creatine kinase MB levels in runners.
    </articletitle>
    <pagination>
     <medlinepgn>
      195-9
     </medlinepgn>
    </pagination>
    <abstract>
     <abstracttext>
      A comparison was made between pre- and post-run serum levels of total creatine kinase (CK), CK-MB isoenzyme, lactate dehydrogenase (LD) and myoglobin (MG) levels in 84 runners in each of three groups; male 5-10 mile run; female 5-10 mile run; and male 15-55 mile run. Levels of CK-MB and MG were quantified using radioimmunoassay, while total CK and LD were measured using spectrophotometric procedures. Post-run levels of all four markers were significantly higher than the pre-run levels (p less than 0.001). Although levels of enzymes and MG correlated with the sex and distance run, the post-run changes did not correlate with age nor with the smoking status of the runners. Elevation of these markers as a result of vigorous exercise in the absence of myocardial infarction requires cautious interpretation of serum enzyme changes in runners.
     </abstracttext>
    </abstract>
    <authorlist completeyn="Y">
     <author validyn="Y">
      <lastname>
       Munjal
      </lastname>
      <forename>
       D D
      </forename>
      <initials>
       DD
      </initials>
     </author>
     <author validyn="Y">
      <lastname>
       McFadden
      </lastname>
      <forename>
       J A
      </forename>
      <initials>
       JA
      </initials>
     </author>
     <author validyn="Y">
      <lastname>
       Matix
      </lastname>
      <forename>
       P A
      </forename>
      <initials>
       PA
      </initials>
     </author>
     <author validyn="Y">
      <lastname>
       Coffman
      </lastname>
      <forename>
       K D
      </forename>
      <initials>
       KD
      </initials>
     </author>
     <author validyn="Y">
      <lastname>
       Cattaneo
      </lastname>
      <forename>
       S M
      </forename>
      <initials>
       SM
      </initials>
     </author>
    </authorlist>
    <language>
     eng
    </language>
    <publicationtypelist>
     <publicationtype>
      Journal Article
     </publicationtype>
     <publicationtype>
      Research Support, Non-U.S. Gov't
     </publicationtype>
    </publicationtypelist>
   </article>
   <medlinejournalinfo>
    <country>
     CANADA
    </country>
    <medlineta>
     Clin Biochem
    </medlineta>
    <nlmuniqueid>
     0133660
    </nlmuniqueid>
    <issnlinking>
     0009-9120
    </issnlinking>
   </medlinejournalinfo>
   <chemicallist>
    <chemical>
     <registrynumber>
      0
     </registrynumber>
     <nameofsubstance>
      Isoenzymes
     </nameofsubstance>
    </chemical>
    <chemical>
     <registrynumber>
      0
     </registrynumber>
     <nameofsubstance>
      Myoglobin
     </nameofsubstance>
    </chemical>
    <chemical>
     <registrynumber>
      EC 1.1.1.27
     </registrynumber>
     <nameofsubstance>
      L-Lactate Dehydrogenase
     </nameofsubstance>
    </chemical>
    <chemical>
     <registrynumber>
      EC 2.7.3.2
     </registrynumber>
     <nameofsubstance>
      Creatine Kinase
     </nameofsubstance>
    </chemical>
   </chemicallist>
   <citationsubset>
    IM
   </citationsubset>
   <meshheadinglist>
    <meshheading>
     <descriptorname majortopicyn="N">
      Adult
     </descriptorname>
    </meshheading>
    <meshheading>
     <descriptorname majortopicyn="N">
      Age Factors
     </descriptorname>
    </meshheading>
    <meshheading>
     <descriptorname majortopicyn="N">
      Creatine Kinase
     </descriptorname>
     <qualifiername majortopicyn="Y">
      blood
     </qualifiername>
    </meshheading>
    <meshheading>
     <descriptorname majortopicyn="N">
      Electrocardiography
     </descriptorname>
    </meshheading>
    <meshheading>
     <descriptorname majortopicyn="N">
      Energy Metabolism
     </descriptorname>
    </meshheading>
    <meshheading>
     <descriptorname majortopicyn="N">
      Female
     </descriptorname>
    </meshheading>
    <meshheading>
     <descriptorname majortopicyn="N">
      Humans
     </descriptorname>
    </meshheading>
    <meshheading>
     <descriptorname majortopicyn="N">
      Isoenzymes
     </descriptorname>
    </meshheading>
    <meshheading>
     <descriptorname majortopicyn="N">
      L-Lactate Dehydrogenase
     </descriptorname>
     <qualifiername majortopicyn="Y">
      blood
     </qualifiername>
    </meshheading>
    <meshheading>
     <descriptorname majortopicyn="N">
      Male
     </descriptorname>
    </meshheading>
    <meshheading>
     <descriptorname majortopicyn="N">
      Middle Aged
     </descriptorname>
    </meshheading>
    <meshheading>
     <descriptorname majortopicyn="N">
      Myoglobin
     </descriptorname>
     <qualifiername majortopicyn="Y">
      blood
     </qualifiername>
    </meshheading>
    <meshheading>
     <descriptorname majortopicyn="N">
      Physical Exertion
     </descriptorname>
    </meshheading>
    <meshheading>
     <descriptorname majortopicyn="Y">
      Running
     </descriptorname>
    </meshheading>
    <meshheading>
     <descriptorname majortopicyn="N">
      Sex Factors
     </descriptorname>
    </meshheading>
    <meshheading>
     <descriptorname majortopicyn="Y">
      Sports Medicine
     </descriptorname>
    </meshheading>
   </meshheadinglist>
  </medlinecitation>
  <pubmeddata>
   <history>
    <pubmedpubdate pubstatus="pubmed">
     <year>
      1983
     </year>
     <month>
      6
     </month>
     <day>
      1
     </day>
    </pubmedpubdate>
    <pubmedpubdate pubstatus="medline">
     <year>
      1983
     </year>
     <month>
      6
     </month>
     <day>
      1
     </day>
     <hour>
      0
     </hour>
     <minute>
      1
     </minute>
    </pubmedpubdate>
    <pubmedpubdate pubstatus="entrez">
     <year>
      1983
     </year>
     <month>
      6
     </month>
     <day>
      1
     </day>
     <hour>
      0
     </hour>
     <minute>
      0
     </minute>
    </pubmedpubdate>
   </history>
   <publicationstatus>
    ppublish
   </publicationstatus>
   <articleidlist>
    <articleid idtype="pubmed">
     6851084
    </articleid>
    <articleid idtype="pii">
     S0009-9120(83)90279-5
    </articleid>
   </articleidlist>
  </pubmeddata>
 </pubmedarticle>
</pubmedarticleset>

