<?xml version='1.0' encoding='utf-8'?>
<!DOCTYPE PubmedArticleSet PUBLIC "-//NLM//DTD PubMedArticle, 1st January 2011//EN" "http://www.ncbi.nlm.nih.gov/entrez/query/DTD/pubmed_110101.dtd">
<pubmedarticleset>
 <pubmedarticle>
  <medlinecitation owner="NLM" status="MEDLINE">
   <pmid version="1">
    6881172
   </pmid>
   <datecreated>
    <year>
     1983
    </year>
    <month>
     09
    </month>
    <day>
     09
    </day>
   </datecreated>
   <datecompleted>
    <year>
     1983
    </year>
    <month>
     09
    </month>
    <day>
     09
    </day>
   </datecompleted>
   <daterevised>
    <year>
     2006
    </year>
    <month>
     11
    </month>
    <day>
     15
    </day>
   </daterevised>
   <article pubmodel="Print">
    <journal>
     <issn issntype="Print">
      0002-9343
     </issn>
     <journalissue citedmedium="Print">
      <volume>
       75
      </volume>
      <issue>
       2
      </issue>
      <pubdate>
       <year>
        1983
       </year>
       <month>
        Aug
       </month>
      </pubdate>
     </journalissue>
     <title>
      The American journal of medicine
     </title>
     <isoabbreviation>
      Am. J. Med.
     </isoabbreviation>
    </journal>
    <articletitle>
     Aging and the thyroid. Decreased requirement for thyroid hormone in older hypothyroid patients.
    </articletitle>
    <pagination>
     <medlinepgn>
      206-9
     </medlinepgn>
    </pagination>
    <abstract>
     <abstracttext>
      In 84 patients, aged 23 to 84, with primary hypothyroidism, the daily dose of thyroxine needed to lower the serum thyrotropin level into the normal range was significantly less in older patients than in younger ones (p less than 0.01). Most of the difference between middle-aged (40 to 60 years) and older patients (greater than 60 years) was due to a decrease in the required dose in men; there was no difference in the dose needed by women in these age groups. Previous hyperthyroidism did not affect the dose of thyroxine required; it is unlikely that residual autonomous thyroid tissue affected the dose. Although the wide range of doses needed precludes use of these data in calculating a dose of thyroxine for an individual patient, doses of 100 micrograms per day or less were common in patients over age 40, and a few patients over age 60 needed 50 micrograms per day or less. Thus, (1) there is a sound physiologic basis for the common practice of using low doses of thyroxine, e.g., 25 micrograms per day, as initial therapy in older hypothyroid patients and (2) it may be reasonable to reassess the dose of thyroxine after several years in older patients.
     </abstracttext>
    </abstract>
    <authorlist completeyn="Y">
     <author validyn="Y">
      <lastname>
       Sawin
      </lastname>
      <forename>
       C T
      </forename>
      <initials>
       CT
      </initials>
     </author>
     <author validyn="Y">
      <lastname>
       Herman
      </lastname>
      <forename>
       T
      </forename>
      <initials>
       T
      </initials>
     </author>
     <author validyn="Y">
      <lastname>
       Molitch
      </lastname>
      <forename>
       M E
      </forename>
      <initials>
       ME
      </initials>
     </author>
     <author validyn="Y">
      <lastname>
       London
      </lastname>
      <forename>
       M H
      </forename>
      <initials>
       MH
      </initials>
     </author>
     <author validyn="Y">
      <lastname>
       Kramer
      </lastname>
      <forename>
       S M
      </forename>
      <initials>
       SM
      </initials>
     </author>
    </authorlist>
    <language>
     eng
    </language>
    <publicationtypelist>
     <publicationtype>
      Journal Article
     </publicationtype>
     <publicationtype>
      Research Support, U.S. Gov't, Non-P.H.S.
     </publicationtype>
    </publicationtypelist>
   </article>
   <medlinejournalinfo>
    <country>
     UNITED STATES
    </country>
    <medlineta>
     Am J Med
    </medlineta>
    <nlmuniqueid>
     0267200
    </nlmuniqueid>
    <issnlinking>
     0002-9343
    </issnlinking>
   </medlinejournalinfo>
   <chemicallist>
    <chemical>
     <registrynumber>
      7488-70-2
     </registrynumber>
     <nameofsubstance>
      Thyroxine
     </nameofsubstance>
    </chemical>
    <chemical>
     <registrynumber>
      9002-71-5
     </registrynumber>
     <nameofsubstance>
      Thyrotropin
     </nameofsubstance>
    </chemical>
   </chemicallist>
   <citationsubset>
    AIM
   </citationsubset>
   <citationsubset>
    IM
   </citationsubset>
   <meshheadinglist>
    <meshheading>
     <descriptorname majortopicyn="N">
      Adult
     </descriptorname>
    </meshheading>
    <meshheading>
     <descriptorname majortopicyn="N">
      Aged
     </descriptorname>
    </meshheading>
    <meshheading>
     <descriptorname majortopicyn="Y">
      Aging
     </descriptorname>
    </meshheading>
    <meshheading>
     <descriptorname majortopicyn="N">
      Female
     </descriptorname>
    </meshheading>
    <meshheading>
     <descriptorname majortopicyn="N">
      Humans
     </descriptorname>
    </meshheading>
    <meshheading>
     <descriptorname majortopicyn="N">
      Hypothyroidism
     </descriptorname>
     <qualifiername majortopicyn="N">
      blood
     </qualifiername>
     <qualifiername majortopicyn="Y">
      drug therapy
     </qualifiername>
    </meshheading>
    <meshheading>
     <descriptorname majortopicyn="N">
      Male
     </descriptorname>
    </meshheading>
    <meshheading>
     <descriptorname majortopicyn="N">
      Middle Aged
     </descriptorname>
    </meshheading>
    <meshheading>
     <descriptorname majortopicyn="N">
      Thyrotropin
     </descriptorname>
     <qualifiername majortopicyn="N">
      blood
     </qualifiername>
    </meshheading>
    <meshheading>
     <descriptorname majortopicyn="N">
      Thyroxine
     </descriptorname>
     <qualifiername majortopicyn="Y">
      administration &amp; dosage
     </qualifiername>
     <qualifiername majortopicyn="N">
      blood
     </qualifiername>
    </meshheading>
   </meshheadinglist>
  </medlinecitation>
  <pubmeddata>
   <history>
    <pubmedpubdate pubstatus="pubmed">
     <year>
      1983
     </year>
     <month>
      8
     </month>
     <day>
      1
     </day>
    </pubmedpubdate>
    <pubmedpubdate pubstatus="medline">
     <year>
      1983
     </year>
     <month>
      8
     </month>
     <day>
      1
     </day>
     <hour>
      0
     </hour>
     <minute>
      1
     </minute>
    </pubmedpubdate>
    <pubmedpubdate pubstatus="entrez">
     <year>
      1983
     </year>
     <month>
      8
     </month>
     <day>
      1
     </day>
     <hour>
      0
     </hour>
     <minute>
      0
     </minute>
    </pubmedpubdate>
   </history>
   <publicationstatus>
    ppublish
   </publicationstatus>
   <articleidlist>
    <articleid idtype="pubmed">
     6881172
    </articleid>
    <articleid idtype="pii">
     0002-9343(83)91192-0
    </articleid>
   </articleidlist>
  </pubmeddata>
 </pubmedarticle>
</pubmedarticleset>

