<?xml version='1.0' encoding='utf-8'?>
<!DOCTYPE PubmedArticleSet PUBLIC "-//NLM//DTD PubMedArticle, 1st January 2011//EN" "http://www.ncbi.nlm.nih.gov/entrez/query/DTD/pubmed_110101.dtd">
<pubmedarticleset>
 <pubmedarticle>
  <medlinecitation owner="NLM" status="MEDLINE">
   <pmid version="1">
    7017311
   </pmid>
   <datecreated>
    <year>
     1981
    </year>
    <month>
     08
    </month>
    <day>
     10
    </day>
   </datecreated>
   <datecompleted>
    <year>
     1981
    </year>
    <month>
     08
    </month>
    <day>
     10
    </day>
   </datecompleted>
   <daterevised>
    <year>
     2007
    </year>
    <month>
     11
    </month>
    <day>
     15
    </day>
   </daterevised>
   <article pubmodel="Print">
    <journal>
     <issn issntype="Print">
      0023-852X
     </issn>
     <journalissue citedmedium="Print">
      <volume>
       91
      </volume>
      <issue>
       6
      </issue>
      <pubdate>
       <year>
        1981
       </year>
       <month>
        Jun
       </month>
      </pubdate>
     </journalissue>
     <title>
      The Laryngoscope
     </title>
     <isoabbreviation>
      Laryngoscope
     </isoabbreviation>
    </journal>
    <articletitle>
     Tympanostomy tubes in the otitis media prone child.
    </articletitle>
    <pagination>
     <medlinepgn>
      849-66
     </medlinepgn>
    </pagination>
    <abstract>
     <abstracttext>
      Otitis media has long been recognized as one of the most common diseases of childhood. A prospective randomized study was designed with patients who had multiple episodes of acute purulent otitis media. Comparison of infection rates was made between patients treated with conventional antibiotic therapy for each episode and patients who had tympanostomy tubes placed. Placement of tympanostomy tubes significantly decreased the number of episodes of acute purulent otitis media and was shown to be an effective method of prophylaxis in the "otitis prone" child. Immunoglobulin levels in the middle ear in this group of patients were found to be similar to those levels in patients with otitis media with effusion. This supports the hypothesis that a dynamic relationship between the different clinical entities of otitis media exists.
     </abstracttext>
    </abstract>
    <authorlist completeyn="Y">
     <author validyn="Y">
      <lastname>
       Gebhart
      </lastname>
      <forename>
       D E
      </forename>
      <initials>
       DE
      </initials>
     </author>
    </authorlist>
    <language>
     eng
    </language>
    <grantlist completeyn="Y">
     <grant>
      <grantid>
       NSO 8854
      </grantid>
      <acronym>
       NS
      </acronym>
      <agency>
       NINDS NIH HHS
      </agency>
      <country>
       United States
      </country>
     </grant>
    </grantlist>
    <publicationtypelist>
     <publicationtype>
      Clinical Trial
     </publicationtype>
     <publicationtype>
      Comparative Study
     </publicationtype>
     <publicationtype>
      Journal Article
     </publicationtype>
     <publicationtype>
      Randomized Controlled Trial
     </publicationtype>
     <publicationtype>
      Research Support, U.S. Gov't, P.H.S.
     </publicationtype>
    </publicationtypelist>
   </article>
   <medlinejournalinfo>
    <country>
     UNITED STATES
    </country>
    <medlineta>
     Laryngoscope
    </medlineta>
    <nlmuniqueid>
     8607378
    </nlmuniqueid>
    <issnlinking>
     0023-852X
    </issnlinking>
   </medlinejournalinfo>
   <chemicallist>
    <chemical>
     <registrynumber>
      0
     </registrynumber>
     <nameofsubstance>
      Immunoglobulins
     </nameofsubstance>
    </chemical>
   </chemicallist>
   <citationsubset>
    IM
   </citationsubset>
   <meshheadinglist>
    <meshheading>
     <descriptorname majortopicyn="N">
      Bacterial Infections
     </descriptorname>
     <qualifiername majortopicyn="N">
      microbiology
     </qualifiername>
    </meshheading>
    <meshheading>
     <descriptorname majortopicyn="N">
      Child
     </descriptorname>
    </meshheading>
    <meshheading>
     <descriptorname majortopicyn="N">
      Child, Preschool
     </descriptorname>
    </meshheading>
    <meshheading>
     <descriptorname majortopicyn="N">
      Clinical Trials as Topic
     </descriptorname>
    </meshheading>
    <meshheading>
     <descriptorname majortopicyn="N">
      Ear, Middle
     </descriptorname>
     <qualifiername majortopicyn="N">
      immunology
     </qualifiername>
     <qualifiername majortopicyn="N">
      microbiology
     </qualifiername>
     <qualifiername majortopicyn="Y">
      surgery
     </qualifiername>
    </meshheading>
    <meshheading>
     <descriptorname majortopicyn="N">
      Female
     </descriptorname>
    </meshheading>
    <meshheading>
     <descriptorname majortopicyn="N">
      Humans
     </descriptorname>
    </meshheading>
    <meshheading>
     <descriptorname majortopicyn="N">
      Immunoglobulins
     </descriptorname>
     <qualifiername majortopicyn="N">
      analysis
     </qualifiername>
    </meshheading>
    <meshheading>
     <descriptorname majortopicyn="N">
      Infant
     </descriptorname>
    </meshheading>
    <meshheading>
     <descriptorname majortopicyn="N">
      Male
     </descriptorname>
    </meshheading>
    <meshheading>
     <descriptorname majortopicyn="N">
      Otitis Media
     </descriptorname>
     <qualifiername majortopicyn="Y">
      surgery
     </qualifiername>
    </meshheading>
    <meshheading>
     <descriptorname majortopicyn="N">
      Otitis Media, Suppurative
     </descriptorname>
     <qualifiername majortopicyn="N">
      immunology
     </qualifiername>
     <qualifiername majortopicyn="Y">
      surgery
     </qualifiername>
    </meshheading>
    <meshheading>
     <descriptorname majortopicyn="N">
      Prospective Studies
     </descriptorname>
    </meshheading>
    <meshheading>
     <descriptorname majortopicyn="N">
      Random Allocation
     </descriptorname>
    </meshheading>
    <meshheading>
     <descriptorname majortopicyn="N">
      Recurrence
     </descriptorname>
    </meshheading>
    <meshheading>
     <descriptorname majortopicyn="N">
      Surgical Instruments
     </descriptorname>
    </meshheading>
   </meshheadinglist>
  </medlinecitation>
  <pubmeddata>
   <history>
    <pubmedpubdate pubstatus="pubmed">
     <year>
      1981
     </year>
     <month>
      6
     </month>
     <day>
      1
     </day>
    </pubmedpubdate>
    <pubmedpubdate pubstatus="medline">
     <year>
      1981
     </year>
     <month>
      6
     </month>
     <day>
      1
     </day>
     <hour>
      0
     </hour>
     <minute>
      1
     </minute>
    </pubmedpubdate>
    <pubmedpubdate pubstatus="entrez">
     <year>
      1981
     </year>
     <month>
      6
     </month>
     <day>
      1
     </day>
     <hour>
      0
     </hour>
     <minute>
      0
     </minute>
    </pubmedpubdate>
   </history>
   <publicationstatus>
    ppublish
   </publicationstatus>
   <articleidlist>
    <articleid idtype="pubmed">
     7017311
    </articleid>
   </articleidlist>
  </pubmeddata>
 </pubmedarticle>
</pubmedarticleset>

