<?xml version='1.0' encoding='utf-8'?>
<!DOCTYPE PubmedArticleSet PUBLIC "-//NLM//DTD PubMedArticle, 1st January 2011//EN" "http://www.ncbi.nlm.nih.gov/entrez/query/DTD/pubmed_110101.dtd">
<pubmedarticleset>
 <pubmedarticle>
  <medlinecitation owner="NLM" status="MEDLINE">
   <pmid version="1">
    7224353
   </pmid>
   <datecreated>
    <year>
     1981
    </year>
    <month>
     06
    </month>
    <day>
     13
    </day>
   </datecreated>
   <datecompleted>
    <year>
     1981
    </year>
    <month>
     06
    </month>
    <day>
     13
    </day>
   </datecompleted>
   <daterevised>
    <year>
     2005
    </year>
    <month>
     11
    </month>
    <day>
     17
    </day>
   </daterevised>
   <article pubmodel="Print">
    <journal>
     <issn issntype="Print">
      0003-0805
     </issn>
     <journalissue citedmedium="Print">
      <volume>
       123
      </volume>
      <issue>
       4 Pt 1
      </issue>
      <pubdate>
       <year>
        1981
       </year>
       <month>
        Apr
       </month>
      </pubdate>
     </journalissue>
     <title>
      The American review of respiratory disease
     </title>
     <isoabbreviation>
      Am. Rev. Respir. Dis.
     </isoabbreviation>
    </journal>
    <articletitle>
     Chronic persistent cough in the adult: the spectrum and frequency of causes and successful outcome of specific therapy.
    </articletitle>
    <pagination>
     <medlinepgn>
      413-7
     </medlinepgn>
    </pagination>
    <abstract>
     <abstracttext>
      Using a diagnostic protocol based on the anatomy and distribution of cough receptors and afferent nerves, we sought to determine the causes and outcome of specific therapy of chronic persistent cough in 49 consecutive and unselected patients. A specific diagnosis was made in all. Cough was due to chronic postnasal dip from a variety of conditions in 29%, asthma in 25%, postnasal drip plus asthma in 18%, chronic bronchitis in 12%, gastroesophageal reflux in 10%, and miscellaneous disorders in 6%. History, physical examination, and methacholine inhalational challenge diagnosed disease in 86% of all patients. Adjusted success rates for specific therapy, and average of 4.4 and 18.9 months after therapy had been prescribed, were 98% and 97%, respectively. We concluded the following about chronic persistent cough; using an anatomic, diagnostic protocol, the cause can be consistently determined; postnasal drip and/or bronchial asthma are very common causes of cough; the outcome of specific therapy, almost without exception, is successful and sustained.
     </abstracttext>
    </abstract>
    <authorlist completeyn="Y">
     <author validyn="Y">
      <lastname>
       Irwin
      </lastname>
      <forename>
       R S
      </forename>
      <initials>
       RS
      </initials>
     </author>
     <author validyn="Y">
      <lastname>
       Corrao
      </lastname>
      <forename>
       W M
      </forename>
      <initials>
       WM
      </initials>
     </author>
     <author validyn="Y">
      <lastname>
       Pratter
      </lastname>
      <forename>
       M R
      </forename>
      <initials>
       MR
      </initials>
     </author>
    </authorlist>
    <language>
     eng
    </language>
    <publicationtypelist>
     <publicationtype>
      Journal Article
     </publicationtype>
    </publicationtypelist>
   </article>
   <medlinejournalinfo>
    <country>
     UNITED STATES
    </country>
    <medlineta>
     Am Rev Respir Dis
    </medlineta>
    <nlmuniqueid>
     0370523
    </nlmuniqueid>
    <issnlinking>
     0003-0805
    </issnlinking>
   </medlinejournalinfo>
   <citationsubset>
    AIM
   </citationsubset>
   <citationsubset>
    IM
   </citationsubset>
   <meshheadinglist>
    <meshheading>
     <descriptorname majortopicyn="N">
      Adolescent
     </descriptorname>
    </meshheading>
    <meshheading>
     <descriptorname majortopicyn="N">
      Adult
     </descriptorname>
    </meshheading>
    <meshheading>
     <descriptorname majortopicyn="N">
      Aged
     </descriptorname>
    </meshheading>
    <meshheading>
     <descriptorname majortopicyn="N">
      Asthma
     </descriptorname>
     <qualifiername majortopicyn="N">
      complications
     </qualifiername>
    </meshheading>
    <meshheading>
     <descriptorname majortopicyn="N">
      Chronic Disease
     </descriptorname>
    </meshheading>
    <meshheading>
     <descriptorname majortopicyn="N">
      Cough
     </descriptorname>
     <qualifiername majortopicyn="N">
      diagnosis
     </qualifiername>
     <qualifiername majortopicyn="Y">
      etiology
     </qualifiername>
     <qualifiername majortopicyn="Y">
      therapy
     </qualifiername>
    </meshheading>
    <meshheading>
     <descriptorname majortopicyn="N">
      Female
     </descriptorname>
    </meshheading>
    <meshheading>
     <descriptorname majortopicyn="N">
      Gastroesophageal Reflux
     </descriptorname>
     <qualifiername majortopicyn="N">
      complications
     </qualifiername>
    </meshheading>
    <meshheading>
     <descriptorname majortopicyn="N">
      Humans
     </descriptorname>
    </meshheading>
    <meshheading>
     <descriptorname majortopicyn="N">
      Male
     </descriptorname>
    </meshheading>
    <meshheading>
     <descriptorname majortopicyn="N">
      Middle Aged
     </descriptorname>
    </meshheading>
    <meshheading>
     <descriptorname majortopicyn="N">
      Rhinitis, Allergic, Perennial
     </descriptorname>
     <qualifiername majortopicyn="N">
      complications
     </qualifiername>
    </meshheading>
    <meshheading>
     <descriptorname majortopicyn="N">
      Rhinitis, Allergic, Seasonal
     </descriptorname>
     <qualifiername majortopicyn="N">
      complications
     </qualifiername>
    </meshheading>
   </meshheadinglist>
  </medlinecitation>
  <pubmeddata>
   <history>
    <pubmedpubdate pubstatus="pubmed">
     <year>
      1981
     </year>
     <month>
      4
     </month>
     <day>
      1
     </day>
    </pubmedpubdate>
    <pubmedpubdate pubstatus="medline">
     <year>
      1981
     </year>
     <month>
      4
     </month>
     <day>
      1
     </day>
     <hour>
      0
     </hour>
     <minute>
      1
     </minute>
    </pubmedpubdate>
    <pubmedpubdate pubstatus="entrez">
     <year>
      1981
     </year>
     <month>
      4
     </month>
     <day>
      1
     </day>
     <hour>
      0
     </hour>
     <minute>
      0
     </minute>
    </pubmedpubdate>
   </history>
   <publicationstatus>
    ppublish
   </publicationstatus>
   <articleidlist>
    <articleid idtype="pubmed">
     7224353
    </articleid>
   </articleidlist>
  </pubmeddata>
 </pubmedarticle>
</pubmedarticleset>

