<?xml version='1.0' encoding='utf-8'?>
<!DOCTYPE PubmedArticleSet PUBLIC "-//NLM//DTD PubMedArticle, 1st January 2011//EN" "http://www.ncbi.nlm.nih.gov/entrez/query/DTD/pubmed_110101.dtd">
<pubmedarticleset>
 <pubmedarticle>
  <medlinecitation owner="NLM" status="MEDLINE">
   <pmid version="1">
    7229753
   </pmid>
   <datecreated>
    <year>
     1981
    </year>
    <month>
     07
    </month>
    <day>
     20
    </day>
   </datecreated>
   <datecompleted>
    <year>
     1981
    </year>
    <month>
     07
    </month>
    <day>
     20
    </day>
   </datecompleted>
   <daterevised>
    <year>
     2007
    </year>
    <month>
     11
    </month>
    <day>
     15
    </day>
   </daterevised>
   <article pubmodel="Print">
    <journal>
     <issn issntype="Print">
      0022-3476
     </issn>
     <journalissue citedmedium="Print">
      <volume>
       98
      </volume>
      <issue>
       5
      </issue>
      <pubdate>
       <year>
        1981
       </year>
       <month>
        May
       </month>
      </pubdate>
     </journalissue>
     <title>
      The Journal of pediatrics
     </title>
     <isoabbreviation>
      J. Pediatr.
     </isoabbreviation>
    </journal>
    <articletitle>
     Iron deficiency in one-year-old infants: comparison of results of a therapeutic trial in infants with anemia or low-normal hemoglobin values.
    </articletitle>
    <pagination>
     <medlinepgn>
      753-8
     </medlinepgn>
    </pagination>
    <abstract>
     <abstracttext>
      The purpose of this study was to determine the Hgb response to a therapeutic trial of iron in infants with anemia compared to those with low-normal hemoglobin values. Hgb was determined in 1.128 one-year-old infants. The 278 infants (25%) who had an Hgb less than 11.5 gm/dl were given a three-month oral course of ferrous sulfate (3 mg iron/kg/day); the regimen was satisfactorily completed by 188 infants. Of the 75 infants whose initial capillary Hgb was in the anemic range (Hgb less than 11.0 gm/dl), 45% had an increase in venous Hgb greater than or equal to 1.0 gm/dl. Of the 113 infants with initial capillary values in the low-normal range (11.0 to 11.4 gm/dl), 28% had greater than or equal to 1.0 gm/dl Hgb response. Despite the lower rate of response in the low-normal group, almost half of the infants with a greater than or equal to 1 gm/dl response would have been missed by using the generally accepted cutoff value of 11 gm/dl for a therapeutic trial. Because of the low cost and simplicity of a therapeutic trial, we favor including the low-normal Hgb group for a therapeutic trial of iron in order to avoid missing iron-responsive individuals among groups of infants with a similarly high prevalence of iron deficiency anemia.
     </abstracttext>
    </abstract>
    <authorlist completeyn="Y">
     <author validyn="Y">
      <lastname>
       Driggers
      </lastname>
      <forename>
       D A
      </forename>
      <initials>
       DA
      </initials>
     </author>
     <author validyn="Y">
      <lastname>
       Reeves
      </lastname>
      <forename>
       J D
      </forename>
      <initials>
       JD
      </initials>
     </author>
     <author validyn="Y">
      <lastname>
       Lo
      </lastname>
      <forename>
       E Y
      </forename>
      <initials>
       EY
      </initials>
     </author>
     <author validyn="Y">
      <lastname>
       Dallman
      </lastname>
      <forename>
       P R
      </forename>
      <initials>
       PR
      </initials>
     </author>
    </authorlist>
    <language>
     eng
    </language>
    <publicationtypelist>
     <publicationtype>
      Comparative Study
     </publicationtype>
     <publicationtype>
      Journal Article
     </publicationtype>
    </publicationtypelist>
   </article>
   <medlinejournalinfo>
    <country>
     UNITED STATES
    </country>
    <medlineta>
     J Pediatr
    </medlineta>
    <nlmuniqueid>
     0375410
    </nlmuniqueid>
    <issnlinking>
     0022-3476
    </issnlinking>
   </medlinejournalinfo>
   <chemicallist>
    <chemical>
     <registrynumber>
      0
     </registrynumber>
     <nameofsubstance>
      Ferrous Compounds
     </nameofsubstance>
    </chemical>
    <chemical>
     <registrynumber>
      0
     </registrynumber>
     <nameofsubstance>
      Hemoglobins
     </nameofsubstance>
    </chemical>
    <chemical>
     <registrynumber>
      7439-89-6
     </registrynumber>
     <nameofsubstance>
      Iron
     </nameofsubstance>
    </chemical>
   </chemicallist>
   <citationsubset>
    AIM
   </citationsubset>
   <citationsubset>
    IM
   </citationsubset>
   <meshheadinglist>
    <meshheading>
     <descriptorname majortopicyn="N">
      Adult
     </descriptorname>
    </meshheading>
    <meshheading>
     <descriptorname majortopicyn="N">
      Anemia, Hypochromic
     </descriptorname>
     <qualifiername majortopicyn="Y">
      drug therapy
     </qualifiername>
    </meshheading>
    <meshheading>
     <descriptorname majortopicyn="N">
      Evaluation Studies as Topic
     </descriptorname>
    </meshheading>
    <meshheading>
     <descriptorname majortopicyn="N">
      Female
     </descriptorname>
    </meshheading>
    <meshheading>
     <descriptorname majortopicyn="N">
      Ferrous Compounds
     </descriptorname>
     <qualifiername majortopicyn="Y">
      therapeutic use
     </qualifiername>
    </meshheading>
    <meshheading>
     <descriptorname majortopicyn="N">
      Hemoglobins
     </descriptorname>
     <qualifiername majortopicyn="Y">
      analysis
     </qualifiername>
    </meshheading>
    <meshheading>
     <descriptorname majortopicyn="N">
      Humans
     </descriptorname>
    </meshheading>
    <meshheading>
     <descriptorname majortopicyn="N">
      Infant
     </descriptorname>
    </meshheading>
    <meshheading>
     <descriptorname majortopicyn="N">
      Iron
     </descriptorname>
     <qualifiername majortopicyn="Y">
      therapeutic use
     </qualifiername>
    </meshheading>
    <meshheading>
     <descriptorname majortopicyn="N">
      Male
     </descriptorname>
    </meshheading>
    <meshheading>
     <descriptorname majortopicyn="N">
      Mass Screening
     </descriptorname>
    </meshheading>
    <meshheading>
     <descriptorname majortopicyn="N">
      Reference Values
     </descriptorname>
    </meshheading>
   </meshheadinglist>
  </medlinecitation>
  <pubmeddata>
   <history>
    <pubmedpubdate pubstatus="pubmed">
     <year>
      1981
     </year>
     <month>
      5
     </month>
     <day>
      1
     </day>
    </pubmedpubdate>
    <pubmedpubdate pubstatus="medline">
     <year>
      1981
     </year>
     <month>
      5
     </month>
     <day>
      1
     </day>
     <hour>
      0
     </hour>
     <minute>
      1
     </minute>
    </pubmedpubdate>
    <pubmedpubdate pubstatus="entrez">
     <year>
      1981
     </year>
     <month>
      5
     </month>
     <day>
      1
     </day>
     <hour>
      0
     </hour>
     <minute>
      0
     </minute>
    </pubmedpubdate>
   </history>
   <publicationstatus>
    ppublish
   </publicationstatus>
   <articleidlist>
    <articleid idtype="pubmed">
     7229753
    </articleid>
   </articleidlist>
  </pubmeddata>
 </pubmedarticle>
</pubmedarticleset>

