<?xml version='1.0' encoding='utf-8'?>
<!DOCTYPE PubmedArticleSet PUBLIC "-//NLM//DTD PubMedArticle, 1st January 2011//EN" "http://www.ncbi.nlm.nih.gov/entrez/query/DTD/pubmed_110101.dtd">
<pubmedarticleset>
 <pubmedarticle>
  <medlinecitation owner="NLM" status="MEDLINE">
   <pmid version="1">
    7264790
   </pmid>
   <datecreated>
    <year>
     1981
    </year>
    <month>
     10
    </month>
    <day>
     25
    </day>
   </datecreated>
   <datecompleted>
    <year>
     1981
    </year>
    <month>
     10
    </month>
    <day>
     25
    </day>
   </datecompleted>
   <daterevised>
    <year>
     2007
    </year>
    <month>
     11
    </month>
    <day>
     14
    </day>
   </daterevised>
   <article pubmodel="Print">
    <journal>
     <issn issntype="Print">
      0022-3476
     </issn>
     <journalissue citedmedium="Print">
      <volume>
       99
      </volume>
      <issue>
       3
      </issue>
      <pubdate>
       <year>
        1981
       </year>
       <month>
        Sep
       </month>
      </pubdate>
     </journalissue>
     <title>
      The Journal of pediatrics
     </title>
     <isoabbreviation>
      J. Pediatr.
     </isoabbreviation>
    </journal>
    <articletitle>
     Diagnosis of iron deficiency: the limitations of laboratory tests in predicting response to iron treatment in 1-year-old infants.
    </articletitle>
    <pagination>
     <medlinepgn>
      376-81
     </medlinepgn>
    </pagination>
    <abstract>
     <abstracttext>
      This study was designed to compare the effectiveness of laboratory tests for iron deficiency (mean corpuscular volume, erythrocyte protoporphyrin, transferrin saturation, and serum ferritin) in predicting hemoglobin response to iron therapy in infants found to have low Hgb concentrations. Screening for anemia was performed on capillary blood of 1,128 healthy 1-year-old infants of United States Air Force personnel. The 25% who had Hgb values less than 11.5 gm/dl were asked to return for tests on venous blood before therapy and again after three months of therapy. Of the 188 infants completing therapy, 66 (35%) had a rise in Hgb concentration greater than or equal to 1.0 gm/dl and were designated responders. None of the confirmatory tests on venous blood reliably distinguished responders from those who subsequently showed no response. By using any one of the tests in combination with a capillary Hgb value less than 11.5 gm/dl, more than half of the infants with an abnormal value responded. But well over half of the responders would have been missed if treatment had been restricted to infants with abnormal values. Neither changes in the criteria for normality nor combinations of tests substantially improved our ability to distinguish the two groups. Because of the difficulty in distinguishing responders from nonresponders with additional laboratory tests and because of the simplicity, low cost, and relative safety of iron therapy in infants, we favor an initial therapeutic trial of iron first for determining the cause of low Hgb values in similar high-risk populations. Further costly workup can then be reserved for the small number of infants who still have unexplained Hgb concentrations less than 11.0 gm/dl after a therapeutic trial.
     </abstracttext>
    </abstract>
    <authorlist completeyn="Y">
     <author validyn="Y">
      <lastname>
       Dallman
      </lastname>
      <forename>
       P R
      </forename>
      <initials>
       PR
      </initials>
     </author>
     <author validyn="Y">
      <lastname>
       Reeves
      </lastname>
      <forename>
       J D
      </forename>
      <initials>
       JD
      </initials>
     </author>
     <author validyn="Y">
      <lastname>
       Driggers
      </lastname>
      <forename>
       D A
      </forename>
      <initials>
       DA
      </initials>
     </author>
     <author validyn="Y">
      <lastname>
       Lo
      </lastname>
      <forename>
       E Y
      </forename>
      <initials>
       EY
      </initials>
     </author>
    </authorlist>
    <language>
     eng
    </language>
    <grantlist completeyn="Y">
     <grant>
      <grantid>
       200-79-0910 (P)
      </grantid>
      <agency>
       PHS HHS
      </agency>
      <country>
       United States
      </country>
     </grant>
    </grantlist>
    <publicationtypelist>
     <publicationtype>
      Journal Article
     </publicationtype>
     <publicationtype>
      Research Support, U.S. Gov't, P.H.S.
     </publicationtype>
    </publicationtypelist>
   </article>
   <medlinejournalinfo>
    <country>
     UNITED STATES
    </country>
    <medlineta>
     J Pediatr
    </medlineta>
    <nlmuniqueid>
     0375410
    </nlmuniqueid>
    <issnlinking>
     0022-3476
    </issnlinking>
   </medlinejournalinfo>
   <chemicallist>
    <chemical>
     <registrynumber>
      0
     </registrynumber>
     <nameofsubstance>
      Ferrous Compounds
     </nameofsubstance>
    </chemical>
    <chemical>
     <registrynumber>
      0
     </registrynumber>
     <nameofsubstance>
      Hemoglobins
     </nameofsubstance>
    </chemical>
    <chemical>
     <registrynumber>
      0
     </registrynumber>
     <nameofsubstance>
      Protoporphyrins
     </nameofsubstance>
    </chemical>
    <chemical>
     <registrynumber>
      11096-37-0
     </registrynumber>
     <nameofsubstance>
      Transferrin
     </nameofsubstance>
    </chemical>
    <chemical>
     <registrynumber>
      7439-89-6
     </registrynumber>
     <nameofsubstance>
      Iron
     </nameofsubstance>
    </chemical>
    <chemical>
     <registrynumber>
      9007-73-2
     </registrynumber>
     <nameofsubstance>
      Ferritins
     </nameofsubstance>
    </chemical>
   </chemicallist>
   <citationsubset>
    AIM
   </citationsubset>
   <citationsubset>
    IM
   </citationsubset>
   <meshheadinglist>
    <meshheading>
     <descriptorname majortopicyn="N">
      Anemia, Hypochromic
     </descriptorname>
     <qualifiername majortopicyn="Y">
      blood
     </qualifiername>
     <qualifiername majortopicyn="N">
      drug therapy
     </qualifiername>
    </meshheading>
    <meshheading>
     <descriptorname majortopicyn="N">
      Erythrocyte Indices
     </descriptorname>
    </meshheading>
    <meshheading>
     <descriptorname majortopicyn="N">
      Ferritins
     </descriptorname>
     <qualifiername majortopicyn="N">
      blood
     </qualifiername>
    </meshheading>
    <meshheading>
     <descriptorname majortopicyn="N">
      Ferrous Compounds
     </descriptorname>
     <qualifiername majortopicyn="N">
      therapeutic use
     </qualifiername>
    </meshheading>
    <meshheading>
     <descriptorname majortopicyn="N">
      Hemoglobins
     </descriptorname>
     <qualifiername majortopicyn="N">
      analysis
     </qualifiername>
    </meshheading>
    <meshheading>
     <descriptorname majortopicyn="N">
      Humans
     </descriptorname>
    </meshheading>
    <meshheading>
     <descriptorname majortopicyn="N">
      Infant
     </descriptorname>
    </meshheading>
    <meshheading>
     <descriptorname majortopicyn="N">
      Iron
     </descriptorname>
     <qualifiername majortopicyn="Y">
      therapeutic use
     </qualifiername>
    </meshheading>
    <meshheading>
     <descriptorname majortopicyn="N">
      Protoporphyrins
     </descriptorname>
     <qualifiername majortopicyn="N">
      blood
     </qualifiername>
    </meshheading>
    <meshheading>
     <descriptorname majortopicyn="N">
      Transferrin
     </descriptorname>
     <qualifiername majortopicyn="N">
      blood
     </qualifiername>
    </meshheading>
   </meshheadinglist>
  </medlinecitation>
  <pubmeddata>
   <history>
    <pubmedpubdate pubstatus="pubmed">
     <year>
      1981
     </year>
     <month>
      9
     </month>
     <day>
      1
     </day>
    </pubmedpubdate>
    <pubmedpubdate pubstatus="medline">
     <year>
      1981
     </year>
     <month>
      9
     </month>
     <day>
      1
     </day>
     <hour>
      0
     </hour>
     <minute>
      1
     </minute>
    </pubmedpubdate>
    <pubmedpubdate pubstatus="entrez">
     <year>
      1981
     </year>
     <month>
      9
     </month>
     <day>
      1
     </day>
     <hour>
      0
     </hour>
     <minute>
      0
     </minute>
    </pubmedpubdate>
   </history>
   <publicationstatus>
    ppublish
   </publicationstatus>
   <articleidlist>
    <articleid idtype="pubmed">
     7264790
    </articleid>
   </articleidlist>
  </pubmeddata>
 </pubmedarticle>
</pubmedarticleset>

