<?xml version='1.0' encoding='utf-8'?>
<!DOCTYPE PubmedArticleSet PUBLIC "-//NLM//DTD PubMedArticle, 1st January 2011//EN" "http://www.ncbi.nlm.nih.gov/entrez/query/DTD/pubmed_110101.dtd">
<pubmedarticleset>
 <pubmedarticle>
  <medlinecitation owner="NLM" status="MEDLINE">
   <pmid version="1">
    7464862
   </pmid>
   <datecreated>
    <year>
     1981
    </year>
    <month>
     04
    </month>
    <day>
     21
    </day>
   </datecreated>
   <datecompleted>
    <year>
     1981
    </year>
    <month>
     04
    </month>
    <day>
     21
    </day>
   </datecompleted>
   <daterevised>
    <year>
     2004
    </year>
    <month>
     11
    </month>
    <day>
     17
    </day>
   </daterevised>
   <article pubmodel="Print">
    <journal>
     <issn issntype="Print">
      0028-4793
     </issn>
     <journalissue citedmedium="Print">
      <volume>
       304
      </volume>
      <issue>
       12
      </issue>
      <pubdate>
       <year>
        1981
       </year>
       <month>
        Mar
       </month>
       <day>
        19
       </day>
      </pubdate>
     </journalissue>
     <title>
      The New England journal of medicine
     </title>
     <isoabbreviation>
      N. Engl. J. Med.
     </isoabbreviation>
    </journal>
    <articletitle>
     The natural history of unruptured intracranial aneurysms.
    </articletitle>
    <pagination>
     <medlinepgn>
      696-8
     </medlinepgn>
    </pagination>
    <abstract>
     <abstracttext>
      This study defines the natural history of a selected group of 65 patients with 81 unruptured intracranial saccular aneurysms who did not undergo surgery. Eight of the 65 patients with aneurysms had intracranial hemorrhage due to aneurysmal rupture over a mean follow-up interval of slightly over eight years. We performed a multivariate discriminant analysis to assess the relation of several independent variables to aneurysmal ruptures. These variables included age, sex, aneurysm size, number of aneurysms, presence of multilobed aneurysms, aneurysmal symptoms other than rupture, aneurysm location, and hypertension at or before the identification of the aneurysm. The only variable of unquestionable significance was aneurysm size, which was noted in 73 instances. None of the 44 aneurysms smaller than 1 cm in diameter ruptured, whereas eight of the 29 aneurysms 1 cm or more in diameter eventually did. We conclude that unruptured intracranial saccular aneurysms smaller than 1 cm in diameter have a very low probability of subsequent rupture.
     </abstracttext>
    </abstract>
    <authorlist completeyn="Y">
     <author validyn="Y">
      <lastname>
       Wiebers
      </lastname>
      <forename>
       D O
      </forename>
      <initials>
       DO
      </initials>
     </author>
     <author validyn="Y">
      <lastname>
       Whisnant
      </lastname>
      <forename>
       J P
      </forename>
      <initials>
       JP
      </initials>
     </author>
     <author validyn="Y">
      <lastname>
       O'Fallon
      </lastname>
      <forename>
       W M
      </forename>
      <initials>
       WM
      </initials>
     </author>
    </authorlist>
    <language>
     eng
    </language>
    <publicationtypelist>
     <publicationtype>
      Journal Article
     </publicationtype>
    </publicationtypelist>
   </article>
   <medlinejournalinfo>
    <country>
     UNITED STATES
    </country>
    <medlineta>
     N Engl J Med
    </medlineta>
    <nlmuniqueid>
     0255562
    </nlmuniqueid>
    <issnlinking>
     0028-4793
    </issnlinking>
   </medlinejournalinfo>
   <citationsubset>
    AIM
   </citationsubset>
   <citationsubset>
    IM
   </citationsubset>
   <meshheadinglist>
    <meshheading>
     <descriptorname majortopicyn="N">
      Adolescent
     </descriptorname>
    </meshheading>
    <meshheading>
     <descriptorname majortopicyn="N">
      Adult
     </descriptorname>
    </meshheading>
    <meshheading>
     <descriptorname majortopicyn="N">
      Aged
     </descriptorname>
    </meshheading>
    <meshheading>
     <descriptorname majortopicyn="N">
      Analysis of Variance
     </descriptorname>
    </meshheading>
    <meshheading>
     <descriptorname majortopicyn="N">
      Blood Pressure
     </descriptorname>
    </meshheading>
    <meshheading>
     <descriptorname majortopicyn="N">
      Cerebral Hemorrhage
     </descriptorname>
     <qualifiername majortopicyn="N">
      etiology
     </qualifiername>
     <qualifiername majortopicyn="N">
      mortality
     </qualifiername>
    </meshheading>
    <meshheading>
     <descriptorname majortopicyn="N">
      Female
     </descriptorname>
    </meshheading>
    <meshheading>
     <descriptorname majortopicyn="N">
      Follow-Up Studies
     </descriptorname>
    </meshheading>
    <meshheading>
     <descriptorname majortopicyn="N">
      Humans
     </descriptorname>
    </meshheading>
    <meshheading>
     <descriptorname majortopicyn="N">
      Intracranial Aneurysm
     </descriptorname>
     <qualifiername majortopicyn="N">
      mortality
     </qualifiername>
     <qualifiername majortopicyn="N">
      pathology
     </qualifiername>
     <qualifiername majortopicyn="Y">
      physiopathology
     </qualifiername>
    </meshheading>
    <meshheading>
     <descriptorname majortopicyn="N">
      Male
     </descriptorname>
    </meshheading>
    <meshheading>
     <descriptorname majortopicyn="N">
      Middle Aged
     </descriptorname>
    </meshheading>
    <meshheading>
     <descriptorname majortopicyn="N">
      Rupture, Spontaneous
     </descriptorname>
    </meshheading>
   </meshheadinglist>
  </medlinecitation>
  <pubmeddata>
   <history>
    <pubmedpubdate pubstatus="pubmed">
     <year>
      1981
     </year>
     <month>
      3
     </month>
     <day>
      19
     </day>
    </pubmedpubdate>
    <pubmedpubdate pubstatus="medline">
     <year>
      1981
     </year>
     <month>
      3
     </month>
     <day>
      19
     </day>
     <hour>
      0
     </hour>
     <minute>
      1
     </minute>
    </pubmedpubdate>
    <pubmedpubdate pubstatus="entrez">
     <year>
      1981
     </year>
     <month>
      3
     </month>
     <day>
      19
     </day>
     <hour>
      0
     </hour>
     <minute>
      0
     </minute>
    </pubmedpubdate>
   </history>
   <publicationstatus>
    ppublish
   </publicationstatus>
   <articleidlist>
    <articleid idtype="pubmed">
     7464862
    </articleid>
    <articleid idtype="doi">
     10.1056/NEJM198103193041203
    </articleid>
   </articleidlist>
  </pubmeddata>
 </pubmedarticle>
</pubmedarticleset>

