<?xml version='1.0' encoding='utf-8'?>
<!DOCTYPE PubmedArticleSet PUBLIC "-//NLM//DTD PubMedArticle, 1st January 2011//EN" "http://www.ncbi.nlm.nih.gov/entrez/query/DTD/pubmed_110101.dtd">
<pubmedarticleset>
 <pubmedarticle>
  <medlinecitation owner="NLM" status="MEDLINE">
   <pmid version="1">
    7634674
   </pmid>
   <datecreated>
    <year>
     1995
    </year>
    <month>
     09
    </month>
    <day>
     13
    </day>
   </datecreated>
   <datecompleted>
    <year>
     1995
    </year>
    <month>
     09
    </month>
    <day>
     13
    </day>
   </datecompleted>
   <daterevised>
    <year>
     2006
    </year>
    <month>
     11
    </month>
    <day>
     15
    </day>
   </daterevised>
   <article pubmodel="Print">
    <journal>
     <issn issntype="Print">
      0009-921X
     </issn>
     <journalissue citedmedium="Print">
      <issue>
       315
      </issue>
      <pubdate>
       <year>
        1995
       </year>
       <month>
        Jun
       </month>
      </pubdate>
     </journalissue>
     <title>
      Clinical orthopaedics and related research
     </title>
     <isoabbreviation>
      Clin. Orthop. Relat. Res.
     </isoabbreviation>
    </journal>
    <articletitle>
     Fractures of the fifth metatarsal. Analysis of a fracture registry.
    </articletitle>
    <pagination>
     <medlinepgn>
      238-41
     </medlinepgn>
    </pagination>
    <abstract>
     <abstracttext>
      To understand better the natural history of fractures of the fifth metatarsal, a fracture registry was established consisting of patients who had acute fractures of the fifth metatarsal. The first 100 patients were studied to develop data on the natural history of injuries to this bone, and on the results of standard treatment for those injuries. In this study, 3 fracture subtypes were identified: avulsion, true Jones' fracture, and shaft/neck fracture. Avulsion fractures healed without immobilization, usually in 4 weeks. Shaft/neck fractures healed in plaster casts with weight bearing as tolerated in 4 to 6 weeks. True Jones' fractures required a prolonged time to heal when treated with 8 weeks of nonweight bearing and then weight bearing as tolerated in a cast. This method was, however, successful in 72% of patients (average time until union, 21.2 weeks). For the 7 patients in whom conservative treatment failed, surgical fixation at an average of 25 weeks after injury reliably achieved bony union in half the time required with cast treatment. This low-risk procedure met with higher patient satisfaction than prolonged casting.
     </abstracttext>
    </abstract>
    <affiliation>
     Department of Orthopaedics, Naval Medical Center San Diego, CA 92134-5000, USA.
    </affiliation>
    <authorlist completeyn="Y">
     <author validyn="Y">
      <lastname>
       Clapper
      </lastname>
      <forename>
       M F
      </forename>
      <initials>
       MF
      </initials>
     </author>
     <author validyn="Y">
      <lastname>
       O'Brien
      </lastname>
      <forename>
       T J
      </forename>
      <initials>
       TJ
      </initials>
     </author>
     <author validyn="Y">
      <lastname>
       Lyons
      </lastname>
      <forename>
       P M
      </forename>
      <initials>
       PM
      </initials>
     </author>
    </authorlist>
    <language>
     eng
    </language>
    <publicationtypelist>
     <publicationtype>
      Journal Article
     </publicationtype>
     <publicationtype>
      Research Support, Non-U.S. Gov't
     </publicationtype>
     <publicationtype>
      Research Support, U.S. Gov't, Non-P.H.S.
     </publicationtype>
     <publicationtype>
      Review
     </publicationtype>
    </publicationtypelist>
   </article>
   <medlinejournalinfo>
    <country>
     UNITED STATES
    </country>
    <medlineta>
     Clin Orthop Relat Res
    </medlineta>
    <nlmuniqueid>
     0075674
    </nlmuniqueid>
    <issnlinking>
     0009-921X
    </issnlinking>
   </medlinejournalinfo>
   <citationsubset>
    AIM
   </citationsubset>
   <citationsubset>
    IM
   </citationsubset>
   <citationsubset>
    S
   </citationsubset>
   <meshheadinglist>
    <meshheading>
     <descriptorname majortopicyn="N">
      Adult
     </descriptorname>
    </meshheading>
    <meshheading>
     <descriptorname majortopicyn="N">
      Casts, Surgical
     </descriptorname>
    </meshheading>
    <meshheading>
     <descriptorname majortopicyn="N">
      Female
     </descriptorname>
    </meshheading>
    <meshheading>
     <descriptorname majortopicyn="Y">
      Fracture Healing
     </descriptorname>
    </meshheading>
    <meshheading>
     <descriptorname majortopicyn="N">
      Fractures, Bone
     </descriptorname>
     <qualifiername majortopicyn="Y">
      therapy
     </qualifiername>
    </meshheading>
    <meshheading>
     <descriptorname majortopicyn="N">
      Humans
     </descriptorname>
    </meshheading>
    <meshheading>
     <descriptorname majortopicyn="N">
      Immobilization
     </descriptorname>
    </meshheading>
    <meshheading>
     <descriptorname majortopicyn="N">
      Male
     </descriptorname>
    </meshheading>
    <meshheading>
     <descriptorname majortopicyn="N">
      Metatarsal Bones
     </descriptorname>
     <qualifiername majortopicyn="Y">
      injuries
     </qualifiername>
    </meshheading>
    <meshheading>
     <descriptorname majortopicyn="N">
      Registries
     </descriptorname>
    </meshheading>
    <meshheading>
     <descriptorname majortopicyn="N">
      Time Factors
     </descriptorname>
    </meshheading>
   </meshheadinglist>
   <numberofreferences>
    7
   </numberofreferences>
  </medlinecitation>
  <pubmeddata>
   <history>
    <pubmedpubdate pubstatus="pubmed">
     <year>
      1995
     </year>
     <month>
      6
     </month>
     <day>
      1
     </day>
    </pubmedpubdate>
    <pubmedpubdate pubstatus="medline">
     <year>
      1995
     </year>
     <month>
      6
     </month>
     <day>
      1
     </day>
     <hour>
      0
     </hour>
     <minute>
      1
     </minute>
    </pubmedpubdate>
    <pubmedpubdate pubstatus="entrez">
     <year>
      1995
     </year>
     <month>
      6
     </month>
     <day>
      1
     </day>
     <hour>
      0
     </hour>
     <minute>
      0
     </minute>
    </pubmedpubdate>
   </history>
   <publicationstatus>
    ppublish
   </publicationstatus>
   <articleidlist>
    <articleid idtype="pubmed">
     7634674
    </articleid>
   </articleidlist>
  </pubmeddata>
 </pubmedarticle>
</pubmedarticleset>

