<?xml version='1.0' encoding='utf-8'?>
<!DOCTYPE PubmedArticleSet PUBLIC "-//NLM//DTD PubMedArticle, 1st January 2011//EN" "http://www.ncbi.nlm.nih.gov/entrez/query/DTD/pubmed_110101.dtd">
<pubmedarticleset>
 <pubmedarticle>
  <medlinecitation owner="NLM" status="MEDLINE">
   <pmid version="1">
    7650803
   </pmid>
   <datecreated>
    <year>
     1995
    </year>
    <month>
     09
    </month>
    <day>
     28
    </day>
   </datecreated>
   <datecompleted>
    <year>
     1995
    </year>
    <month>
     09
    </month>
    <day>
     28
    </day>
   </datecompleted>
   <daterevised>
    <year>
     2010
    </year>
    <month>
     03
    </month>
    <day>
     24
    </day>
   </daterevised>
   <article pubmodel="Print">
    <journal>
     <issn issntype="Print">
      0098-7484
     </issn>
     <journalissue citedmedium="Print">
      <volume>
       274
      </volume>
      <issue>
       10
      </issue>
      <pubdate>
       <year>
        1995
       </year>
       <month>
        Sep
       </month>
       <day>
        13
       </day>
      </pubdate>
     </journalissue>
     <title>
      JAMA : the journal of the American Medical Association
     </title>
     <isoabbreviation>
      JAMA
     </isoabbreviation>
    </journal>
    <articletitle>
     Identifying adults at increased risk of coronary disease. How well do the current cholesterol guidelines work?
    </articletitle>
    <pagination>
     <medlinepgn>
      801-6
     </medlinepgn>
    </pagination>
    <abstract>
     <abstracttext label="OBJECTIVE" nlmcategory="OBJECTIVE">
      To assess the accuracy of lipid screening strategies to identify individuals at increased risk of coronary heart disease mortality.
     </abstracttext>
     <abstracttext label="PATIENTS" nlmcategory="METHODS">
      The 15% random sample of adults recruited into the Lipid Research Clinic Prevalence and Follow-up Studies, which included 3678 men and women aged 35 to 74 years. Total plasma cholesterol levels, lipoprotein fractions, and other coronary risk factors at study entry were compared with subsequent coronary heart disease mortality (mean follow-up, 12.2 years).
     </abstracttext>
     <abstracttext label="MAIN OUTCOME MEASURES" nlmcategory="METHODS">
      The areas under receiver operating characteristic curves for blood lipids, lipid ratios, the screening guidelines proposed by the National National Cholesterol Education Program, those of the Canadian Consensus Conference on Cholesterol, and a coronary risk model that used Framingham data.
     </abstracttext>
     <abstracttext label="MAIN RESULTS" nlmcategory="RESULTS">
      The current National Cholesterol Education Program guidelines (area under the curve, 0.74) were significantly (P = .03) more accurate than the old National Cholesterol Education Program guidelines (area, 0.72). The ratio of total plasma cholesterol level to high-density lipoprotein cholesterol level (area, 0.72) was as accurate as current National Cholesterol Education Program guidelines. The coronary risk model (area, 0.85) was superior (P &lt; .003) to all other screening maneuvers. Compared with the current National Cholesterol Education Program guidelines, the risk model demonstrated superior test sensitivity (70% vs 45%) with only slightly reduced specificity (82% vs 86%).
     </abstracttext>
     <abstracttext label="CONCLUSION" nlmcategory="CONCLUSIONS">
      The ratio of total plasma cholesterol level to high-density lipoprotein cholesterol level is as accurate as current American screening guidelines. Future guidelines should better incorporate high-density lipoprotein cholesterol levels and nonlipid risk factors to target high-risk individuals accurately.
     </abstracttext>
    </abstract>
    <affiliation>
     Centre for the Analysis of Cost-Effective Care, Montreal General Hospital, Quebec, Canada.
    </affiliation>
    <authorlist completeyn="Y">
     <author validyn="Y">
      <lastname>
       Grover
      </lastname>
      <forename>
       S A
      </forename>
      <initials>
       SA
      </initials>
     </author>
     <author validyn="Y">
      <lastname>
       Coupal
      </lastname>
      <forename>
       L
      </forename>
      <initials>
       L
      </initials>
     </author>
     <author validyn="Y">
      <lastname>
       Hu
      </lastname>
      <forename>
       X P
      </forename>
      <initials>
       XP
      </initials>
     </author>
    </authorlist>
    <language>
     eng
    </language>
    <publicationtypelist>
     <publicationtype>
      Journal Article
     </publicationtype>
     <publicationtype>
      Research Support, Non-U.S. Gov't
     </publicationtype>
    </publicationtypelist>
   </article>
   <medlinejournalinfo>
    <country>
     UNITED STATES
    </country>
    <medlineta>
     JAMA
    </medlineta>
    <nlmuniqueid>
     7501160
    </nlmuniqueid>
    <issnlinking>
     0098-7484
    </issnlinking>
   </medlinejournalinfo>
   <chemicallist>
    <chemical>
     <registrynumber>
      0
     </registrynumber>
     <nameofsubstance>
      Lipoproteins
     </nameofsubstance>
    </chemical>
    <chemical>
     <registrynumber>
      57-88-5
     </registrynumber>
     <nameofsubstance>
      Cholesterol
     </nameofsubstance>
    </chemical>
   </chemicallist>
   <citationsubset>
    AIM
   </citationsubset>
   <citationsubset>
    IM
   </citationsubset>
   <meshheadinglist>
    <meshheading>
     <descriptorname majortopicyn="N">
      Adult
     </descriptorname>
    </meshheading>
    <meshheading>
     <descriptorname majortopicyn="N">
      Aged
     </descriptorname>
    </meshheading>
    <meshheading>
     <descriptorname majortopicyn="N">
      Cholesterol
     </descriptorname>
     <qualifiername majortopicyn="Y">
      blood
     </qualifiername>
    </meshheading>
    <meshheading>
     <descriptorname majortopicyn="N">
      Coronary Disease
     </descriptorname>
     <qualifiername majortopicyn="N">
      blood
     </qualifiername>
     <qualifiername majortopicyn="Y">
      epidemiology
     </qualifiername>
     <qualifiername majortopicyn="N">
      prevention &amp; control
     </qualifiername>
    </meshheading>
    <meshheading>
     <descriptorname majortopicyn="N">
      Female
     </descriptorname>
    </meshheading>
    <meshheading>
     <descriptorname majortopicyn="N">
      Guidelines as Topic
     </descriptorname>
    </meshheading>
    <meshheading>
     <descriptorname majortopicyn="N">
      Humans
     </descriptorname>
    </meshheading>
    <meshheading>
     <descriptorname majortopicyn="N">
      Hyperlipidemias
     </descriptorname>
     <qualifiername majortopicyn="N">
      blood
     </qualifiername>
    </meshheading>
    <meshheading>
     <descriptorname majortopicyn="N">
      Lipoproteins
     </descriptorname>
     <qualifiername majortopicyn="N">
      blood
     </qualifiername>
    </meshheading>
    <meshheading>
     <descriptorname majortopicyn="N">
      Male
     </descriptorname>
    </meshheading>
    <meshheading>
     <descriptorname majortopicyn="N">
      Mass Screening
     </descriptorname>
     <qualifiername majortopicyn="N">
      standards
     </qualifiername>
    </meshheading>
    <meshheading>
     <descriptorname majortopicyn="N">
      Middle Aged
     </descriptorname>
    </meshheading>
    <meshheading>
     <descriptorname majortopicyn="N">
      ROC Curve
     </descriptorname>
    </meshheading>
    <meshheading>
     <descriptorname majortopicyn="N">
      Risk Factors
     </descriptorname>
    </meshheading>
   </meshheadinglist>
  </medlinecitation>
  <pubmeddata>
   <history>
    <pubmedpubdate pubstatus="pubmed">
     <year>
      1995
     </year>
     <month>
      9
     </month>
     <day>
      13
     </day>
    </pubmedpubdate>
    <pubmedpubdate pubstatus="medline">
     <year>
      1995
     </year>
     <month>
      9
     </month>
     <day>
      13
     </day>
     <hour>
      0
     </hour>
     <minute>
      1
     </minute>
    </pubmedpubdate>
    <pubmedpubdate pubstatus="entrez">
     <year>
      1995
     </year>
     <month>
      9
     </month>
     <day>
      13
     </day>
     <hour>
      0
     </hour>
     <minute>
      0
     </minute>
    </pubmedpubdate>
   </history>
   <publicationstatus>
    ppublish
   </publicationstatus>
   <articleidlist>
    <articleid idtype="pubmed">
     7650803
    </articleid>
   </articleidlist>
  </pubmeddata>
 </pubmedarticle>
</pubmedarticleset>

