<?xml version='1.0' encoding='utf-8'?>
<!DOCTYPE PubmedArticleSet PUBLIC "-//NLM//DTD PubMedArticle, 1st January 2011//EN" "http://www.ncbi.nlm.nih.gov/entrez/query/DTD/pubmed_110101.dtd">
<pubmedarticleset>
 <pubmedarticle>
  <medlinecitation owner="NLM" status="MEDLINE">
   <pmid version="1">
    7661497
   </pmid>
   <datecreated>
    <year>
     1995
    </year>
    <month>
     10
    </month>
    <day>
     04
    </day>
   </datecreated>
   <datecompleted>
    <year>
     1995
    </year>
    <month>
     10
    </month>
    <day>
     04
    </day>
   </datecompleted>
   <daterevised>
    <year>
     2007
    </year>
    <month>
     11
    </month>
    <day>
     14
    </day>
   </daterevised>
   <article pubmodel="Print">
    <journal>
     <issn issntype="Print">
      0003-4819
     </issn>
     <journalissue citedmedium="Print">
      <volume>
       123
      </volume>
      <issue>
       7
      </issue>
      <pubdate>
       <year>
        1995
       </year>
       <month>
        Oct
       </month>
       <day>
        1
       </day>
      </pubdate>
     </journalissue>
     <title>
      Annals of internal medicine
     </title>
     <isoabbreviation>
      Ann. Intern. Med.
     </isoabbreviation>
    </journal>
    <articletitle>
     The efficacy of influenza vaccine in elderly persons. A meta-analysis and review of the literature.
    </articletitle>
    <pagination>
     <medlinepgn>
      518-27
     </medlinepgn>
    </pagination>
    <abstract>
     <abstracttext label="OBJECTIVE" nlmcategory="OBJECTIVE">
      To quantify the protective efficacy of influenza vaccine in elderly persons.
     </abstracttext>
     <abstracttext label="DATA SOURCES" nlmcategory="METHODS">
      A MEDLINE search was done using the index terms influenza vaccine, vaccine efficacy, elderly, mortality, hospitalized, and pneumonia. Appropriate references in the initially selected articles were also reviewed.
     </abstracttext>
     <abstracttext label="STUDY SELECTION" nlmcategory="METHODS">
      Only cohort observational studies with mortality assessment were included in the meta-analysis. In addition, 3 recent case-control studies, 2 cost-effectiveness studies, and 1 randomized, double-blind, placebo-controlled trial were reviewed.
     </abstracttext>
     <abstracttext label="DATA EXTRACTION" nlmcategory="METHODS">
      Vaccine and epidemic virus strains, age and sex of patients, severity of illness, patient status, and study design were recorded. Upper respiratory illness, hospitalization, pneumonia, and mortality were used as outcome measures.
     </abstracttext>
     <abstracttext label="DATA SYNTHESIS" nlmcategory="RESULTS">
      In a meta-analysis of 20 cohort studies, the pooled estimates of vaccine efficacy (1-odds ratio) were 56% (95% Cl, 39% to 68%) for preventing respiratory illness, 53% (Cl, 35% to 66%) for preventing pneumonia, 50% (Cl, 28% to 65%) for preventing hospitalization, and 68% (Cl, 56% to 76%) for preventing death. Vaccine efficacy in the case-control studies ranged from 32% to 45% for preventing hospitalization for pneumonia, from 31% to 65% for preventing hospital deaths from pneumonia and influenza, from 43% to 50% for preventing hospital deaths from all respiratory conditions, and from 27% to 30% for preventing deaths from all causes. The randomized, double-blind, placebo-controlled trial showed a 50% or greater reduction in influenza-related illness. Recent cost-effectiveness studies confirm the efficacy of influenza vaccine in reducing influenza-related morbidity and mortality and show that vaccine provides important cost savings per year per vaccinated person.
     </abstracttext>
     <abstracttext label="CONCLUSION" nlmcategory="CONCLUSIONS">
      Despite the paucity of randomized trials, many studies confirm that influenza vaccine reduces the risks for pneumonia, hospitalization, and death in elderly persons during an influenza epidemic if the vaccine strain is identical or similar to the epidemic strain. Influenza immunization is an indispensable part of the care of persons 65 years of age and older. Annual vaccine administration requires the attention of all physicians and public health organizations.
     </abstracttext>
    </abstract>
    <affiliation>
     Department of Internal Medicine, Hackensack Medical Center, NJ 07601, USA.
    </affiliation>
    <authorlist completeyn="Y">
     <author validyn="Y">
      <lastname>
       Gross
      </lastname>
      <forename>
       P A
      </forename>
      <initials>
       PA
      </initials>
     </author>
     <author validyn="Y">
      <lastname>
       Hermogenes
      </lastname>
      <forename>
       A W
      </forename>
      <initials>
       AW
      </initials>
     </author>
     <author validyn="Y">
      <lastname>
       Sacks
      </lastname>
      <forename>
       H S
      </forename>
      <initials>
       HS
      </initials>
     </author>
     <author validyn="Y">
      <lastname>
       Lau
      </lastname>
      <forename>
       J
      </forename>
      <initials>
       J
      </initials>
     </author>
     <author validyn="Y">
      <lastname>
       Levandowski
      </lastname>
      <forename>
       R A
      </forename>
      <initials>
       RA
      </initials>
     </author>
    </authorlist>
    <language>
     eng
    </language>
    <grantlist completeyn="Y">
     <grant>
      <grantid>
       223-90-1102
      </grantid>
      <agency>
       PHS HHS
      </agency>
      <country>
       United States
      </country>
     </grant>
    </grantlist>
    <publicationtypelist>
     <publicationtype>
      Journal Article
     </publicationtype>
     <publicationtype>
      Meta-Analysis
     </publicationtype>
     <publicationtype>
      Research Support, U.S. Gov't, P.H.S.
     </publicationtype>
    </publicationtypelist>
   </article>
   <medlinejournalinfo>
    <country>
     UNITED STATES
    </country>
    <medlineta>
     Ann Intern Med
    </medlineta>
    <nlmuniqueid>
     0372351
    </nlmuniqueid>
    <issnlinking>
     0003-4819
    </issnlinking>
   </medlinejournalinfo>
   <chemicallist>
    <chemical>
     <registrynumber>
      0
     </registrynumber>
     <nameofsubstance>
      Influenza Vaccines
     </nameofsubstance>
    </chemical>
   </chemicallist>
   <citationsubset>
    AIM
   </citationsubset>
   <citationsubset>
    IM
   </citationsubset>
   <meshheadinglist>
    <meshheading>
     <descriptorname majortopicyn="N">
      Age Factors
     </descriptorname>
    </meshheading>
    <meshheading>
     <descriptorname majortopicyn="N">
      Aged
     </descriptorname>
    </meshheading>
    <meshheading>
     <descriptorname majortopicyn="N">
      Chronic Disease
     </descriptorname>
    </meshheading>
    <meshheading>
     <descriptorname majortopicyn="N">
      Cost-Benefit Analysis
     </descriptorname>
    </meshheading>
    <meshheading>
     <descriptorname majortopicyn="N">
      Female
     </descriptorname>
    </meshheading>
    <meshheading>
     <descriptorname majortopicyn="N">
      Hospital Mortality
     </descriptorname>
    </meshheading>
    <meshheading>
     <descriptorname majortopicyn="N">
      Humans
     </descriptorname>
    </meshheading>
    <meshheading>
     <descriptorname majortopicyn="Y">
      Influenza Vaccines
     </descriptorname>
     <qualifiername majortopicyn="N">
      economics
     </qualifiername>
    </meshheading>
    <meshheading>
     <descriptorname majortopicyn="N">
      Influenza, Human
     </descriptorname>
     <qualifiername majortopicyn="Y">
      prevention &amp; control
     </qualifiername>
    </meshheading>
    <meshheading>
     <descriptorname majortopicyn="N">
      Male
     </descriptorname>
    </meshheading>
    <meshheading>
     <descriptorname majortopicyn="N">
      Odds Ratio
     </descriptorname>
    </meshheading>
    <meshheading>
     <descriptorname majortopicyn="N">
      Pneumonia, Viral
     </descriptorname>
     <qualifiername majortopicyn="N">
      mortality
     </qualifiername>
     <qualifiername majortopicyn="N">
      prevention &amp; control
     </qualifiername>
    </meshheading>
    <meshheading>
     <descriptorname majortopicyn="N">
      Severity of Illness Index
     </descriptorname>
    </meshheading>
    <meshheading>
     <descriptorname majortopicyn="N">
      Sex Factors
     </descriptorname>
    </meshheading>
   </meshheadinglist>
  </medlinecitation>
  <pubmeddata>
   <history>
    <pubmedpubdate pubstatus="pubmed">
     <year>
      1995
     </year>
     <month>
      10
     </month>
     <day>
      1
     </day>
    </pubmedpubdate>
    <pubmedpubdate pubstatus="medline">
     <year>
      1995
     </year>
     <month>
      10
     </month>
     <day>
      1
     </day>
     <hour>
      0
     </hour>
     <minute>
      1
     </minute>
    </pubmedpubdate>
    <pubmedpubdate pubstatus="entrez">
     <year>
      1995
     </year>
     <month>
      10
     </month>
     <day>
      1
     </day>
     <hour>
      0
     </hour>
     <minute>
      0
     </minute>
    </pubmedpubdate>
   </history>
   <publicationstatus>
    ppublish
   </publicationstatus>
   <articleidlist>
    <articleid idtype="pubmed">
     7661497
    </articleid>
   </articleidlist>
  </pubmeddata>
 </pubmedarticle>
</pubmedarticleset>

