<?xml version='1.0' encoding='utf-8'?>
<!DOCTYPE PubmedArticleSet PUBLIC "-//NLM//DTD PubMedArticle, 1st January 2011//EN" "http://www.ncbi.nlm.nih.gov/entrez/query/DTD/pubmed_110101.dtd">
<pubmedarticleset>
 <pubmedarticle>
  <medlinecitation owner="NLM" status="MEDLINE">
   <pmid version="1">
    7756486
   </pmid>
   <datecreated>
    <year>
     1995
    </year>
    <month>
     06
    </month>
    <day>
     29
    </day>
   </datecreated>
   <datecompleted>
    <year>
     1995
    </year>
    <month>
     06
    </month>
    <day>
     29
    </day>
   </datecompleted>
   <daterevised>
    <year>
     2004
    </year>
    <month>
     11
    </month>
    <day>
     17
    </day>
   </daterevised>
   <article pubmodel="Print">
    <journal>
     <issn issntype="Print">
      1058-4838
     </issn>
     <journalissue citedmedium="Print">
      <volume>
       20
      </volume>
      <issue>
       3
      </issue>
      <pubdate>
       <year>
        1995
       </year>
       <month>
        Mar
       </month>
      </pubdate>
     </journalissue>
     <title>
      Clinical infectious diseases : an official publication of the Infectious Diseases Society of America
     </title>
     <isoabbreviation>
      Clin. Infect. Dis.
     </isoabbreviation>
    </journal>
    <articletitle>
     Concurrent outbreaks of pertussis and Mycoplasma pneumoniae infection: clinical and epidemiological characteristics of illnesses manifested by cough.
    </articletitle>
    <pagination>
     <medlinepgn>
      621-8
     </medlinepgn>
    </pagination>
    <abstract>
     <abstracttext>
      Concurrent outbreaks of illnesses that were manifested by cough and that were suspected to be due to Bordetella pertussis and Mycoplasma pneumoniae infection were investigated in a midwestern town in Illinois. Three studies were conducted: questionnaires on the clinical and epidemiological characteristics of illness were administered to patients; serological tests were performed to confirm the presence of each pathogen and to develop case definitions for each illness; and case definitions were applied to responses to a mail-in questionnaire for estimating the magnitude of both outbreaks. In 135 cases of suspected pertussis and 42 cases of suspected mycoplasmal infection, subjects had a cough for &gt; or = 14 days (the pertussis outbreak case definition). Among 20 laboratory-confirmed cases, a cough for &gt; or = 14 days had a specificity of 20% for pertussis, and a cough for &gt; or = 28 days plus whoop and/or vomiting had a specificity of 90% for pertussis. Six hundred-seventeen pertussis cases per 100,000 population and 1,179 cases of M. pneumoniae infection per 100,000 population occurred. In this setting, the standard outbreak case definition for pertussis lacked adequate specificity to distinguish pertussis from mycoplasmal infection. The magnitude of each outbreak was greater than the number of reported cases suggested.
     </abstracttext>
    </abstract>
    <affiliation>
     National Immunization Program, Centers for Disease Control and Prevention, Atlanta, Georgia 30333, USA.
    </affiliation>
    <authorlist completeyn="Y">
     <author validyn="Y">
      <lastname>
       Davis
      </lastname>
      <forename>
       S F
      </forename>
      <initials>
       SF
      </initials>
     </author>
     <author validyn="Y">
      <lastname>
       Sutter
      </lastname>
      <forename>
       R W
      </forename>
      <initials>
       RW
      </initials>
     </author>
     <author validyn="Y">
      <lastname>
       Strebel
      </lastname>
      <forename>
       P M
      </forename>
      <initials>
       PM
      </initials>
     </author>
     <author validyn="Y">
      <lastname>
       Orton
      </lastname>
      <forename>
       C
      </forename>
      <initials>
       C
      </initials>
     </author>
     <author validyn="Y">
      <lastname>
       Alexander
      </lastname>
      <forename>
       V
      </forename>
      <initials>
       V
      </initials>
     </author>
     <author validyn="Y">
      <lastname>
       Sanden
      </lastname>
      <forename>
       G N
      </forename>
      <initials>
       GN
      </initials>
     </author>
     <author validyn="Y">
      <lastname>
       Cassell
      </lastname>
      <forename>
       G H
      </forename>
      <initials>
       GH
      </initials>
     </author>
     <author validyn="Y">
      <lastname>
       Thacker
      </lastname>
      <forename>
       W L
      </forename>
      <initials>
       WL
      </initials>
     </author>
     <author validyn="Y">
      <lastname>
       Cochi
      </lastname>
      <forename>
       S L
      </forename>
      <initials>
       SL
      </initials>
     </author>
    </authorlist>
    <language>
     eng
    </language>
    <publicationtypelist>
     <publicationtype>
      Journal Article
     </publicationtype>
    </publicationtypelist>
   </article>
   <medlinejournalinfo>
    <country>
     UNITED STATES
    </country>
    <medlineta>
     Clin Infect Dis
    </medlineta>
    <nlmuniqueid>
     9203213
    </nlmuniqueid>
    <issnlinking>
     1058-4838
    </issnlinking>
   </medlinejournalinfo>
   <citationsubset>
    IM
   </citationsubset>
   <meshheadinglist>
    <meshheading>
     <descriptorname majortopicyn="N">
      Adolescent
     </descriptorname>
    </meshheading>
    <meshheading>
     <descriptorname majortopicyn="N">
      Adult
     </descriptorname>
    </meshheading>
    <meshheading>
     <descriptorname majortopicyn="N">
      Child
     </descriptorname>
    </meshheading>
    <meshheading>
     <descriptorname majortopicyn="N">
      Child, Preschool
     </descriptorname>
    </meshheading>
    <meshheading>
     <descriptorname majortopicyn="N">
      Cough
     </descriptorname>
     <qualifiername majortopicyn="N">
      epidemiology
     </qualifiername>
     <qualifiername majortopicyn="Y">
      microbiology
     </qualifiername>
    </meshheading>
    <meshheading>
     <descriptorname majortopicyn="N">
      Disease Outbreaks
     </descriptorname>
    </meshheading>
    <meshheading>
     <descriptorname majortopicyn="N">
      Humans
     </descriptorname>
    </meshheading>
    <meshheading>
     <descriptorname majortopicyn="N" type="Geographic">
      Illinois
     </descriptorname>
     <qualifiername majortopicyn="N">
      epidemiology
     </qualifiername>
    </meshheading>
    <meshheading>
     <descriptorname majortopicyn="N">
      Infant
     </descriptorname>
    </meshheading>
    <meshheading>
     <descriptorname majortopicyn="N">
      Pneumonia, Mycoplasma
     </descriptorname>
     <qualifiername majortopicyn="N">
      blood
     </qualifiername>
     <qualifiername majortopicyn="Y">
      epidemiology
     </qualifiername>
    </meshheading>
    <meshheading>
     <descriptorname majortopicyn="N">
      Prospective Studies
     </descriptorname>
    </meshheading>
    <meshheading>
     <descriptorname majortopicyn="N">
      Questionnaires
     </descriptorname>
    </meshheading>
    <meshheading>
     <descriptorname majortopicyn="N">
      Retrospective Studies
     </descriptorname>
    </meshheading>
    <meshheading>
     <descriptorname majortopicyn="N">
      Whooping Cough
     </descriptorname>
     <qualifiername majortopicyn="N">
      blood
     </qualifiername>
     <qualifiername majortopicyn="Y">
      epidemiology
     </qualifiername>
    </meshheading>
   </meshheadinglist>
  </medlinecitation>
  <pubmeddata>
   <history>
    <pubmedpubdate pubstatus="pubmed">
     <year>
      1995
     </year>
     <month>
      3
     </month>
     <day>
      1
     </day>
    </pubmedpubdate>
    <pubmedpubdate pubstatus="medline">
     <year>
      1995
     </year>
     <month>
      3
     </month>
     <day>
      1
     </day>
     <hour>
      0
     </hour>
     <minute>
      1
     </minute>
    </pubmedpubdate>
    <pubmedpubdate pubstatus="entrez">
     <year>
      1995
     </year>
     <month>
      3
     </month>
     <day>
      1
     </day>
     <hour>
      0
     </hour>
     <minute>
      0
     </minute>
    </pubmedpubdate>
   </history>
   <publicationstatus>
    ppublish
   </publicationstatus>
   <articleidlist>
    <articleid idtype="pubmed">
     7756486
    </articleid>
   </articleidlist>
  </pubmeddata>
 </pubmedarticle>
</pubmedarticleset>

