<?xml version='1.0' encoding='utf-8'?>
<!DOCTYPE PubmedArticleSet PUBLIC "-//NLM//DTD PubMedArticle, 1st January 2011//EN" "http://www.ncbi.nlm.nih.gov/entrez/query/DTD/pubmed_110101.dtd">
<pubmedarticleset>
 <pubmedarticle>
  <medlinecitation owner="NLM" status="MEDLINE">
   <pmid version="1">
    7782801
   </pmid>
   <datecreated>
    <year>
     1995
    </year>
    <month>
     07
    </month>
    <day>
     18
    </day>
   </datecreated>
   <datecompleted>
    <year>
     1995
    </year>
    <month>
     07
    </month>
    <day>
     18
    </day>
   </datecompleted>
   <daterevised>
    <year>
     2007
    </year>
    <month>
     11
    </month>
    <day>
     14
    </day>
   </daterevised>
   <article pubmodel="Print">
    <journal>
     <issn issntype="Print">
      0895-4356
     </issn>
     <journalissue citedmedium="Print">
      <volume>
       48
      </volume>
      <issue>
       7
      </issue>
      <pubdate>
       <year>
        1995
       </year>
       <month>
        Jul
       </month>
      </pubdate>
     </journalissue>
     <title>
      Journal of clinical epidemiology
     </title>
     <isoabbreviation>
      J Clin Epidemiol
     </isoabbreviation>
    </journal>
    <articletitle>
     Associations of serum and dietary magnesium with cardiovascular disease, hypertension, diabetes, insulin, and carotid arterial wall thickness: the ARIC study. Atherosclerosis Risk in Communities Study.
    </articletitle>
    <pagination>
     <medlinepgn>
      927-40
     </medlinepgn>
    </pagination>
    <abstract>
     <abstracttext>
      The objective of this study was to examine the relationships of serum and dietary magnesium (Mg) with prevalent cardiovascular disease (CVD), hypertension, diabetes mellitus, fasting insulin, and average carotid intimal-medial wall thickness measured by B-mode ultrasound. A cross-sectional design was used. The setting was the Atherosclerosis Risk in Communities (ARIC) Study in four US communities. A total of 15,248 participants took part, male and female, black and white, aged 45-64 years. Fasting serum Mg, lipids, fasting glucose and insulin were measured; as was usual dietary intake by food frequency questionnaire and carotid intima-media thickness by standardized B-mode ultrasound methods. The results showed that serum Mg levels and dietary Mg intake were both lower in blacks than whites. Mean serum Mg levels were significantly lower in participants with prevalent CVD, hypertension, and diabetes than in those free of these diseases. In participants without CVD, serum Mg levels were also inversely associated with fasting serum insulin, glucose, systolic blood pressure and smoking. Dietary Mg intake was inversely associated with fasting serum insulin, plasma high density lipoprotein-cholesterol, systolic and diastolic blood pressure. Adjusted for age, race, body mass index, smoking, hypertension, Low density lipoprotein-cholesterol, and field center, mean carotid wall thickness increased in women by 0.0118 mm (p = 0.006) in diuretic users and 0.0048 mm (p = 0.017) in nonusers for each 0.1 mmol/l decrease in serum Mg level; the multivariate association in men was not significant. In conclusion, low serum and dietary Mg may be related to the etiologies of CVD, hypertension, diabetes, and atherosclerosis.
     </abstracttext>
    </abstract>
    <affiliation>
     Division of Epidemiology, School of Public Health, Medical School, University of Minnesota, Minneapolis, USA.
    </affiliation>
    <authorlist completeyn="Y">
     <author validyn="Y">
      <lastname>
       Ma
      </lastname>
      <forename>
       J
      </forename>
      <initials>
       J
      </initials>
     </author>
     <author validyn="Y">
      <lastname>
       Folsom
      </lastname>
      <forename>
       A R
      </forename>
      <initials>
       AR
      </initials>
     </author>
     <author validyn="Y">
      <lastname>
       Melnick
      </lastname>
      <forename>
       S L
      </forename>
      <initials>
       SL
      </initials>
     </author>
     <author validyn="Y">
      <lastname>
       Eckfeldt
      </lastname>
      <forename>
       J H
      </forename>
      <initials>
       JH
      </initials>
     </author>
     <author validyn="Y">
      <lastname>
       Sharrett
      </lastname>
      <forename>
       A R
      </forename>
      <initials>
       AR
      </initials>
     </author>
     <author validyn="Y">
      <lastname>
       Nabulsi
      </lastname>
      <forename>
       A A
      </forename>
      <initials>
       AA
      </initials>
     </author>
     <author validyn="Y">
      <lastname>
       Hutchinson
      </lastname>
      <forename>
       R G
      </forename>
      <initials>
       RG
      </initials>
     </author>
     <author validyn="Y">
      <lastname>
       Metcalf
      </lastname>
      <forename>
       P A
      </forename>
      <initials>
       PA
      </initials>
     </author>
    </authorlist>
    <language>
     eng
    </language>
    <grantlist completeyn="N">
     <grant>
      <grantid>
       N01-HC-55015
      </grantid>
      <acronym>
       HC
      </acronym>
      <agency>
       NHLBI NIH HHS
      </agency>
      <country>
       United States
      </country>
     </grant>
     <grant>
      <grantid>
       N01-HC-55016
      </grantid>
      <acronym>
       HC
      </acronym>
      <agency>
       NHLBI NIH HHS
      </agency>
      <country>
       United States
      </country>
     </grant>
     <grant>
      <grantid>
       N01-HC-55018
      </grantid>
      <acronym>
       HC
      </acronym>
      <agency>
       NHLBI NIH HHS
      </agency>
      <country>
       United States
      </country>
     </grant>
    </grantlist>
    <publicationtypelist>
     <publicationtype>
      Comparative Study
     </publicationtype>
     <publicationtype>
      Journal Article
     </publicationtype>
     <publicationtype>
      Research Support, U.S. Gov't, P.H.S.
     </publicationtype>
    </publicationtypelist>
   </article>
   <medlinejournalinfo>
    <country>
     ENGLAND
    </country>
    <medlineta>
     J Clin Epidemiol
    </medlineta>
    <nlmuniqueid>
     8801383
    </nlmuniqueid>
    <issnlinking>
     0895-4356
    </issnlinking>
   </medlinejournalinfo>
   <chemicallist>
    <chemical>
     <registrynumber>
      0
     </registrynumber>
     <nameofsubstance>
      Blood Glucose
     </nameofsubstance>
    </chemical>
    <chemical>
     <registrynumber>
      11061-68-0
     </registrynumber>
     <nameofsubstance>
      Insulin
     </nameofsubstance>
    </chemical>
    <chemical>
     <registrynumber>
      7439-95-4
     </registrynumber>
     <nameofsubstance>
      Magnesium
     </nameofsubstance>
    </chemical>
   </chemicallist>
   <citationsubset>
    IM
   </citationsubset>
   <meshheadinglist>
    <meshheading>
     <descriptorname majortopicyn="N">
      African Continental Ancestry Group
     </descriptorname>
    </meshheading>
    <meshheading>
     <descriptorname majortopicyn="N">
      Blood Glucose
     </descriptorname>
    </meshheading>
    <meshheading>
     <descriptorname majortopicyn="N">
      Cardiovascular Diseases
     </descriptorname>
     <qualifiername majortopicyn="N">
      complications
     </qualifiername>
     <qualifiername majortopicyn="Y">
      epidemiology
     </qualifiername>
    </meshheading>
    <meshheading>
     <descriptorname majortopicyn="N">
      Carotid Arteries
     </descriptorname>
     <qualifiername majortopicyn="N">
      anatomy &amp; histology
     </qualifiername>
     <qualifiername majortopicyn="Y">
      ultrasonography
     </qualifiername>
    </meshheading>
    <meshheading>
     <descriptorname majortopicyn="N">
      Cross-Sectional Studies
     </descriptorname>
    </meshheading>
    <meshheading>
     <descriptorname majortopicyn="N">
      Diabetes Complications
     </descriptorname>
    </meshheading>
    <meshheading>
     <descriptorname majortopicyn="N">
      Diabetes Mellitus
     </descriptorname>
     <qualifiername majortopicyn="Y">
      epidemiology
     </qualifiername>
    </meshheading>
    <meshheading>
     <descriptorname majortopicyn="N">
      Diet
     </descriptorname>
    </meshheading>
    <meshheading>
     <descriptorname majortopicyn="N">
      European Continental Ancestry Group
     </descriptorname>
    </meshheading>
    <meshheading>
     <descriptorname majortopicyn="N">
      Female
     </descriptorname>
    </meshheading>
    <meshheading>
     <descriptorname majortopicyn="N">
      Humans
     </descriptorname>
    </meshheading>
    <meshheading>
     <descriptorname majortopicyn="N">
      Hypertension
     </descriptorname>
     <qualifiername majortopicyn="N">
      complications
     </qualifiername>
     <qualifiername majortopicyn="Y">
      epidemiology
     </qualifiername>
    </meshheading>
    <meshheading>
     <descriptorname majortopicyn="N">
      Insulin
     </descriptorname>
     <qualifiername majortopicyn="N">
      blood
     </qualifiername>
    </meshheading>
    <meshheading>
     <descriptorname majortopicyn="N">
      Magnesium
     </descriptorname>
     <qualifiername majortopicyn="N">
      administration &amp; dosage
     </qualifiername>
     <qualifiername majortopicyn="Y">
      blood
     </qualifiername>
    </meshheading>
    <meshheading>
     <descriptorname majortopicyn="N">
      Male
     </descriptorname>
    </meshheading>
    <meshheading>
     <descriptorname majortopicyn="N" type="Geographic">
      Maryland
     </descriptorname>
     <qualifiername majortopicyn="N">
      epidemiology
     </qualifiername>
    </meshheading>
    <meshheading>
     <descriptorname majortopicyn="N">
      Middle Aged
     </descriptorname>
    </meshheading>
    <meshheading>
     <descriptorname majortopicyn="N" type="Geographic">
      Minnesota
     </descriptorname>
     <qualifiername majortopicyn="N">
      epidemiology
     </qualifiername>
    </meshheading>
    <meshheading>
     <descriptorname majortopicyn="N">
      Prevalence
     </descriptorname>
    </meshheading>
    <meshheading>
     <descriptorname majortopicyn="N">
      Sex Factors
     </descriptorname>
    </meshheading>
   </meshheadinglist>
  </medlinecitation>
  <pubmeddata>
   <history>
    <pubmedpubdate pubstatus="pubmed">
     <year>
      1995
     </year>
     <month>
      7
     </month>
     <day>
      1
     </day>
    </pubmedpubdate>
    <pubmedpubdate pubstatus="medline">
     <year>
      1995
     </year>
     <month>
      7
     </month>
     <day>
      1
     </day>
     <hour>
      0
     </hour>
     <minute>
      1
     </minute>
    </pubmedpubdate>
    <pubmedpubdate pubstatus="entrez">
     <year>
      1995
     </year>
     <month>
      7
     </month>
     <day>
      1
     </day>
     <hour>
      0
     </hour>
     <minute>
      0
     </minute>
    </pubmedpubdate>
   </history>
   <publicationstatus>
    ppublish
   </publicationstatus>
   <articleidlist>
    <articleid idtype="pubmed">
     7782801
    </articleid>
    <articleid idtype="pii">
     089543569400200A
    </articleid>
   </articleidlist>
  </pubmeddata>
 </pubmedarticle>
</pubmedarticleset>

