<?xml version='1.0' encoding='utf-8'?>
<!DOCTYPE PubmedArticleSet PUBLIC "-//NLM//DTD PubMedArticle, 1st January 2011//EN" "http://www.ncbi.nlm.nih.gov/entrez/query/DTD/pubmed_110101.dtd">
<pubmedarticleset>
 <pubmedarticle>
  <medlinecitation owner="NLM" status="MEDLINE">
   <pmid version="1">
    7801760
   </pmid>
   <datecreated>
    <year>
     1995
    </year>
    <month>
     01
    </month>
    <day>
     26
    </day>
   </datecreated>
   <datecompleted>
    <year>
     1995
    </year>
    <month>
     01
    </month>
    <day>
     26
    </day>
   </datecompleted>
   <daterevised>
    <year>
     2006
    </year>
    <month>
     11
    </month>
    <day>
     15
    </day>
   </daterevised>
   <article pubmodel="Print">
    <journal>
     <issn issntype="Print">
      0001-6470
     </issn>
     <journalissue citedmedium="Print">
      <volume>
       65
      </volume>
      <issue>
       5
      </issue>
      <pubdate>
       <year>
        1994
       </year>
       <month>
        Oct
       </month>
      </pubdate>
     </journalissue>
     <title>
      Acta orthopaedica Scandinavica
     </title>
     <isoabbreviation>
      Acta Orthop Scand
     </isoabbreviation>
    </journal>
    <articletitle>
     Closed treatment of Jones fracture. Good results in 40 cases after 11-26 years.
    </articletitle>
    <pagination>
     <medlinepgn>
      545-7
     </medlinepgn>
    </pagination>
    <abstract>
     <abstracttext>
      40 patients with transversal or short oblique fractures of the proximal shaft of the fifth metatarsal bone (Jones fracture) were treated with full weight bearing with or without elastic bandage in 39 cases and plaster cast immobilization in one. 24 cases were acute traumatic fractures, 14 stress fractures and 2 refractures. After 17 (11-26) years, 33 of the fractures had healed primarily, evidence of refracture or delayed union was found in 7 and there were no non-unions. All but one of the patients were free of symptoms.
     </abstracttext>
    </abstract>
    <affiliation>
     Department of Orthopedics, Malmö General Hospital, Lund University, Sweden.
    </affiliation>
    <authorlist completeyn="Y">
     <author validyn="Y">
      <lastname>
       Josefsson
      </lastname>
      <forename>
       P O
      </forename>
      <initials>
       PO
      </initials>
     </author>
     <author validyn="Y">
      <lastname>
       Karlsson
      </lastname>
      <forename>
       M
      </forename>
      <initials>
       M
      </initials>
     </author>
     <author validyn="Y">
      <lastname>
       Redlund-Johnell
      </lastname>
      <forename>
       I
      </forename>
      <initials>
       I
      </initials>
     </author>
     <author validyn="Y">
      <lastname>
       Wendeberg
      </lastname>
      <forename>
       B
      </forename>
      <initials>
       B
      </initials>
     </author>
    </authorlist>
    <language>
     eng
    </language>
    <publicationtypelist>
     <publicationtype>
      Journal Article
     </publicationtype>
     <publicationtype>
      Research Support, Non-U.S. Gov't
     </publicationtype>
    </publicationtypelist>
   </article>
   <medlinejournalinfo>
    <country>
     NORWAY
    </country>
    <medlineta>
     Acta Orthop Scand
    </medlineta>
    <nlmuniqueid>
     0370352
    </nlmuniqueid>
    <issnlinking>
     0001-6470
    </issnlinking>
   </medlinejournalinfo>
   <citationsubset>
    IM
   </citationsubset>
   <meshheadinglist>
    <meshheading>
     <descriptorname majortopicyn="N">
      Adolescent
     </descriptorname>
    </meshheading>
    <meshheading>
     <descriptorname majortopicyn="N">
      Adult
     </descriptorname>
    </meshheading>
    <meshheading>
     <descriptorname majortopicyn="N">
      Aged
     </descriptorname>
    </meshheading>
    <meshheading>
     <descriptorname majortopicyn="Y">
      Bandages
     </descriptorname>
    </meshheading>
    <meshheading>
     <descriptorname majortopicyn="N">
      Elasticity
     </descriptorname>
    </meshheading>
    <meshheading>
     <descriptorname majortopicyn="N">
      Female
     </descriptorname>
    </meshheading>
    <meshheading>
     <descriptorname majortopicyn="N">
      Follow-Up Studies
     </descriptorname>
    </meshheading>
    <meshheading>
     <descriptorname majortopicyn="N">
      Fractures, Bone
     </descriptorname>
     <qualifiername majortopicyn="Y">
      therapy
     </qualifiername>
    </meshheading>
    <meshheading>
     <descriptorname majortopicyn="N">
      Fractures, Ununited
     </descriptorname>
     <qualifiername majortopicyn="N">
      therapy
     </qualifiername>
    </meshheading>
    <meshheading>
     <descriptorname majortopicyn="N">
      Humans
     </descriptorname>
    </meshheading>
    <meshheading>
     <descriptorname majortopicyn="N">
      Male
     </descriptorname>
    </meshheading>
    <meshheading>
     <descriptorname majortopicyn="N">
      Metatarsus
     </descriptorname>
     <qualifiername majortopicyn="Y">
      injuries
     </qualifiername>
    </meshheading>
    <meshheading>
     <descriptorname majortopicyn="N">
      Middle Aged
     </descriptorname>
    </meshheading>
    <meshheading>
     <descriptorname majortopicyn="Y">
      Weight-Bearing
     </descriptorname>
    </meshheading>
   </meshheadinglist>
  </medlinecitation>
  <pubmeddata>
   <history>
    <pubmedpubdate pubstatus="pubmed">
     <year>
      1994
     </year>
     <month>
      10
     </month>
     <day>
      1
     </day>
    </pubmedpubdate>
    <pubmedpubdate pubstatus="medline">
     <year>
      1994
     </year>
     <month>
      10
     </month>
     <day>
      1
     </day>
     <hour>
      0
     </hour>
     <minute>
      1
     </minute>
    </pubmedpubdate>
    <pubmedpubdate pubstatus="entrez">
     <year>
      1994
     </year>
     <month>
      10
     </month>
     <day>
      1
     </day>
     <hour>
      0
     </hour>
     <minute>
      0
     </minute>
    </pubmedpubdate>
   </history>
   <publicationstatus>
    ppublish
   </publicationstatus>
   <articleidlist>
    <articleid idtype="pubmed">
     7801760
    </articleid>
   </articleidlist>
  </pubmeddata>
 </pubmedarticle>
</pubmedarticleset>

