<?xml version='1.0' encoding='utf-8'?>
<!DOCTYPE PubmedArticleSet PUBLIC "-//NLM//DTD PubMedArticle, 1st January 2011//EN" "http://www.ncbi.nlm.nih.gov/entrez/query/DTD/pubmed_110101.dtd">
<pubmedarticleset>
 <pubmedarticle>
  <medlinecitation owner="NLM" status="MEDLINE">
   <pmid version="1">
    7869070
   </pmid>
   <datecreated>
    <year>
     1995
    </year>
    <month>
     03
    </month>
    <day>
     30
    </day>
   </datecreated>
   <datecompleted>
    <year>
     1995
    </year>
    <month>
     03
    </month>
    <day>
     30
    </day>
   </datecompleted>
   <daterevised>
    <year>
     2004
    </year>
    <month>
     11
    </month>
    <day>
     17
    </day>
   </daterevised>
   <article pubmodel="Print">
    <journal>
     <issn issntype="Print">
      0895-4356
     </issn>
     <journalissue citedmedium="Print">
      <volume>
       48
      </volume>
      <issue>
       2
      </issue>
      <pubdate>
       <year>
        1995
       </year>
       <month>
        Feb
       </month>
      </pubdate>
     </journalissue>
     <title>
      Journal of clinical epidemiology
     </title>
     <isoabbreviation>
      J Clin Epidemiol
     </isoabbreviation>
    </journal>
    <articletitle>
     Recall bias in case-control studies: an empirical analysis and theoretical framework.
    </articletitle>
    <pagination>
     <medlinepgn>
      245-54
     </medlinepgn>
    </pagination>
    <abstract>
     <abstracttext>
      Previous work has suggested that recall bias in case-control studies may be more serious when the overall study quality is lower. This paper summarizes a systematic literature search to examine the question. All relevant studies published between 1966 and 1990 were included if they met the following criteria: (1) they represented original work, (2) they used a human population, (3) they used a case-control design, (4) they had a "validated" gold standard applied equally to cases and controls and (5) they reported at least one of crude agreement rates, chance-corrected agreement rates (kappa), sensitivity or specificity. Sixteen such studies were identified. No relationship was found between the absolute differences in agreement between cases and controls and the overall level of agreement, in contradiction to suggestions in previous literature. Comparisons of the data quality for cases and controls using either the crude agreement level, kappa, sensitivity, or specificity gave linear relationships with correlations of 0.81, 0.78, 0.58 and 0.62 respectively. Kappas were generally lower than the corresponding crude agreement levels and specificities were higher than sensitivities. When used together, these types of comparisons can give valuable information regarding (1) the possible existence of differential recall in a particular study and (2) the quality of that study, A theoretical framework is proposed for use in these areas.
     </abstracttext>
    </abstract>
    <affiliation>
     Department of Medicine, McMaster University, Hamilton, Ontario, Canada.
    </affiliation>
    <authorlist completeyn="Y">
     <author validyn="Y">
      <lastname>
       Chouinard
      </lastname>
      <forename>
       E
      </forename>
      <initials>
       E
      </initials>
     </author>
     <author validyn="Y">
      <lastname>
       Walter
      </lastname>
      <forename>
       S
      </forename>
      <initials>
       S
      </initials>
     </author>
    </authorlist>
    <language>
     eng
    </language>
    <publicationtypelist>
     <publicationtype>
      Journal Article
     </publicationtype>
    </publicationtypelist>
   </article>
   <medlinejournalinfo>
    <country>
     ENGLAND
    </country>
    <medlineta>
     J Clin Epidemiol
    </medlineta>
    <nlmuniqueid>
     8801383
    </nlmuniqueid>
    <issnlinking>
     0895-4356
    </issnlinking>
   </medlinejournalinfo>
   <citationsubset>
    IM
   </citationsubset>
   <meshheadinglist>
    <meshheading>
     <descriptorname majortopicyn="Y">
      Bias (Epidemiology)
     </descriptorname>
    </meshheading>
    <meshheading>
     <descriptorname majortopicyn="Y">
      Case-Control Studies
     </descriptorname>
    </meshheading>
    <meshheading>
     <descriptorname majortopicyn="N">
      Humans
     </descriptorname>
    </meshheading>
    <meshheading>
     <descriptorname majortopicyn="Y">
      Mental Recall
     </descriptorname>
    </meshheading>
    <meshheading>
     <descriptorname majortopicyn="N">
      Sensitivity and Specificity
     </descriptorname>
    </meshheading>
   </meshheadinglist>
  </medlinecitation>
  <pubmeddata>
   <history>
    <pubmedpubdate pubstatus="pubmed">
     <year>
      1995
     </year>
     <month>
      2
     </month>
     <day>
      1
     </day>
    </pubmedpubdate>
    <pubmedpubdate pubstatus="medline">
     <year>
      1995
     </year>
     <month>
      2
     </month>
     <day>
      1
     </day>
     <hour>
      0
     </hour>
     <minute>
      1
     </minute>
    </pubmedpubdate>
    <pubmedpubdate pubstatus="entrez">
     <year>
      1995
     </year>
     <month>
      2
     </month>
     <day>
      1
     </day>
     <hour>
      0
     </hour>
     <minute>
      0
     </minute>
    </pubmedpubdate>
   </history>
   <publicationstatus>
    ppublish
   </publicationstatus>
   <articleidlist>
    <articleid idtype="pubmed">
     7869070
    </articleid>
    <articleid idtype="pii">
     0895-4356(94)00132-A
    </articleid>
   </articleidlist>
  </pubmeddata>
 </pubmedarticle>
</pubmedarticleset>

