<?xml version='1.0' encoding='utf-8'?>
<!DOCTYPE PubmedArticleSet PUBLIC "-//NLM//DTD PubMedArticle, 1st January 2011//EN" "http://www.ncbi.nlm.nih.gov/entrez/query/DTD/pubmed_110101.dtd">
<pubmedarticleset>
 <pubmedarticle>
  <medlinecitation owner="NLM" status="MEDLINE">
   <pmid version="1">
    8035399
   </pmid>
   <datecreated>
    <year>
     1994
    </year>
    <month>
     08
    </month>
    <day>
     16
    </day>
   </datecreated>
   <datecompleted>
    <year>
     1994
    </year>
    <month>
     08
    </month>
    <day>
     16
    </day>
   </datecompleted>
   <daterevised>
    <year>
     2008
    </year>
    <month>
     11
    </month>
    <day>
     21
    </day>
   </daterevised>
   <article pubmodel="Print">
    <journal>
     <issn issntype="Print">
      0315-162X
     </issn>
     <journalissue citedmedium="Print">
      <volume>
       21
      </volume>
      <issue>
       4
      </issue>
      <pubdate>
       <year>
        1994
       </year>
       <month>
        Apr
       </month>
      </pubdate>
     </journalissue>
     <title>
      The Journal of rheumatology
     </title>
     <isoabbreviation>
      J. Rheumatol.
     </isoabbreviation>
    </journal>
    <articletitle>
     A randomized, controlled clinical trial of education and physical training for women with fibromyalgia.
    </articletitle>
    <pagination>
     <medlinepgn>
      714-20
     </medlinepgn>
    </pagination>
    <abstract>
     <abstracttext label="OBJECTIVE" nlmcategory="OBJECTIVE">
      To determine the effectiveness of self-management education and physical training in decreasing fibromyalgia (FMS) symptoms and increasing physical and psychological well being.
     </abstracttext>
     <abstracttext label="METHODS" nlmcategory="METHODS">
      A pretest-posttest control group design was used. Ninety-nine women with FMS were randomly assigned to 1 of 3 groups; 86 completed the study. The education only group received a 6-week self-management course. The education plus physical training group received the course and 6 h of training designed to assist them to exercise independently. The control group got treatment after 3 months.
     </abstracttext>
     <abstracttext label="RESULTS" nlmcategory="RESULTS">
      The experimental programs had a significant positive impact on quality of life and self-efficacy. Helplessness, number of days feeling bad, physical dysfunction, and pain in the tender points decreased significantly in one or both of the treated groups when retested 6 weeks after the end of the program. Longterm followup of 67 treated subjects showed significant positive changes on the Fibromyalgia Impact Questionnaire primarily in the physical training group. Among all subjects, 87% were exercising at least 3 times/week for 20 min or more; 46% said they had increased their exercise level since participating in the program; 70% were practicing relaxation strategies as needed; 46% were working at least half time as opposed to 37% at pretest.
     </abstracttext>
     <abstracttext label="CONCLUSION" nlmcategory="CONCLUSIONS">
      Self-efficacy of the treated groups was enhanced significantly by the program. Other changes were smaller and more delayed than had been expected. Recommendations for future trials include a longer education program, more vigorous physical training, and longterm followup.
     </abstracttext>
    </abstract>
    <affiliation>
     Department of Rheumatology, Sahlgren University Hospital, Gothenburg, Sweden.
    </affiliation>
    <authorlist completeyn="Y">
     <author validyn="Y">
      <lastname>
       Burckhardt
      </lastname>
      <forename>
       C S
      </forename>
      <initials>
       CS
      </initials>
     </author>
     <author validyn="Y">
      <lastname>
       Mannerkorpi
      </lastname>
      <forename>
       K
      </forename>
      <initials>
       K
      </initials>
     </author>
     <author validyn="Y">
      <lastname>
       Hedenberg
      </lastname>
      <forename>
       L
      </forename>
      <initials>
       L
      </initials>
     </author>
     <author validyn="Y">
      <lastname>
       Bjelle
      </lastname>
      <forename>
       A
      </forename>
      <initials>
       A
      </initials>
     </author>
    </authorlist>
    <language>
     eng
    </language>
    <publicationtypelist>
     <publicationtype>
      Clinical Trial
     </publicationtype>
     <publicationtype>
      Journal Article
     </publicationtype>
     <publicationtype>
      Randomized Controlled Trial
     </publicationtype>
     <publicationtype>
      Research Support, Non-U.S. Gov't
     </publicationtype>
    </publicationtypelist>
   </article>
   <medlinejournalinfo>
    <country>
     CANADA
    </country>
    <medlineta>
     J Rheumatol
    </medlineta>
    <nlmuniqueid>
     7501984
    </nlmuniqueid>
    <issnlinking>
     0315-162X
    </issnlinking>
   </medlinejournalinfo>
   <citationsubset>
    IM
   </citationsubset>
   <meshheadinglist>
    <meshheading>
     <descriptorname majortopicyn="N">
      Adult
     </descriptorname>
    </meshheading>
    <meshheading>
     <descriptorname majortopicyn="N">
      Aged
     </descriptorname>
    </meshheading>
    <meshheading>
     <descriptorname majortopicyn="N">
      Employment
     </descriptorname>
    </meshheading>
    <meshheading>
     <descriptorname majortopicyn="N">
      Exercise
     </descriptorname>
    </meshheading>
    <meshheading>
     <descriptorname majortopicyn="N">
      Female
     </descriptorname>
    </meshheading>
    <meshheading>
     <descriptorname majortopicyn="N">
      Fibromyalgia
     </descriptorname>
     <qualifiername majortopicyn="N">
      psychology
     </qualifiername>
     <qualifiername majortopicyn="Y">
      therapy
     </qualifiername>
    </meshheading>
    <meshheading>
     <descriptorname majortopicyn="N">
      Humans
     </descriptorname>
    </meshheading>
    <meshheading>
     <descriptorname majortopicyn="N">
      Middle Aged
     </descriptorname>
    </meshheading>
    <meshheading>
     <descriptorname majortopicyn="Y">
      Patient Education as Topic
     </descriptorname>
    </meshheading>
    <meshheading>
     <descriptorname majortopicyn="Y">
      Physical Education and Training
     </descriptorname>
    </meshheading>
    <meshheading>
     <descriptorname majortopicyn="N">
      Quality of Life
     </descriptorname>
    </meshheading>
    <meshheading>
     <descriptorname majortopicyn="N">
      Relaxation Therapy
     </descriptorname>
    </meshheading>
    <meshheading>
     <descriptorname majortopicyn="N">
      Self Care
     </descriptorname>
    </meshheading>
   </meshheadinglist>
  </medlinecitation>
  <pubmeddata>
   <history>
    <pubmedpubdate pubstatus="pubmed">
     <year>
      1994
     </year>
     <month>
      4
     </month>
     <day>
      1
     </day>
    </pubmedpubdate>
    <pubmedpubdate pubstatus="medline">
     <year>
      1994
     </year>
     <month>
      4
     </month>
     <day>
      1
     </day>
     <hour>
      0
     </hour>
     <minute>
      1
     </minute>
    </pubmedpubdate>
    <pubmedpubdate pubstatus="entrez">
     <year>
      1994
     </year>
     <month>
      4
     </month>
     <day>
      1
     </day>
     <hour>
      0
     </hour>
     <minute>
      0
     </minute>
    </pubmedpubdate>
   </history>
   <publicationstatus>
    ppublish
   </publicationstatus>
   <articleidlist>
    <articleid idtype="pubmed">
     8035399
    </articleid>
   </articleidlist>
  </pubmeddata>
 </pubmedarticle>
</pubmedarticleset>

