<?xml version='1.0' encoding='utf-8'?>
<!DOCTYPE PubmedArticleSet PUBLIC "-//NLM//DTD PubMedArticle, 1st January 2011//EN" "http://www.ncbi.nlm.nih.gov/entrez/query/DTD/pubmed_110101.dtd">
<pubmedarticleset>
 <pubmedarticle>
  <medlinecitation owner="NLM" status="MEDLINE">
   <pmid version="1">
    8036464
   </pmid>
   <datecreated>
    <year>
     1994
    </year>
    <month>
     08
    </month>
    <day>
     17
    </day>
   </datecreated>
   <datecompleted>
    <year>
     1994
    </year>
    <month>
     08
    </month>
    <day>
     17
    </day>
   </datecompleted>
   <daterevised>
    <year>
     2006
    </year>
    <month>
     11
    </month>
    <day>
     15
    </day>
   </daterevised>
   <article pubmodel="Print">
    <journal>
     <issn issntype="Print">
      0036-5521
     </issn>
     <journalissue citedmedium="Print">
      <volume>
       29
      </volume>
      <issue>
       5
      </issue>
      <pubdate>
       <year>
        1994
       </year>
       <month>
        May
       </month>
      </pubdate>
     </journalissue>
     <title>
      Scandinavian journal of gastroenterology
     </title>
     <isoabbreviation>
      Scand. J. Gastroenterol.
     </isoabbreviation>
    </journal>
    <articletitle>
     Results of screening, rescreening, and follow-up in a prospective randomized study for detection of colorectal cancer by fecal occult blood testing. Results for 68,308 subjects.
    </articletitle>
    <pagination>
     <medlinepgn>
      468-73
     </medlinepgn>
    </pagination>
    <abstract>
     <abstracttext>
      All 68,308 inhabitants of Göteborg born between 1918 and 1931 were randomly divided into a test and a control group. The subjects in the test group were invited to perform Hemoccult II fecal occult blood testing on 3 days and to repeat the test after 16 to 24 months. In the prevalence screening 21,347 (63%) performed the test, and in the rescreening 19,991 (60%). Investigation of the 942 (4.4%) with positive tests in the prevalence screening showed 47 cancers and 129 subjects with adenomas &gt; or = 1.0 cm. In the rescreening 5.1% had a positive test, and 34 cancers and 122 subjects with adenomas (&gt; or = 1.0 cm) were found among those. Cancer had also been diagnosed in 19 subjects in the interval between the two screening occasions and in 15 subjects among the non-responders. Forty-four cancers had been diagnosed in the control group during the same period. Cancers detected by screening were at a less advanced stage than in the control group. It is too early to show any effect of screening on mortality from colorectal cancer.
     </abstracttext>
    </abstract>
    <affiliation>
     Dept. of Surgery, Sahlgrenska Hospital, Göteborg, Sweden.
    </affiliation>
    <authorlist completeyn="Y">
     <author validyn="Y">
      <lastname>
       Kewenter
      </lastname>
      <forename>
       J
      </forename>
      <initials>
       J
      </initials>
     </author>
     <author validyn="Y">
      <lastname>
       Brevinge
      </lastname>
      <forename>
       H
      </forename>
      <initials>
       H
      </initials>
     </author>
     <author validyn="Y">
      <lastname>
       Engarås
      </lastname>
      <forename>
       B
      </forename>
      <initials>
       B
      </initials>
     </author>
     <author validyn="Y">
      <lastname>
       Haglind
      </lastname>
      <forename>
       E
      </forename>
      <initials>
       E
      </initials>
     </author>
     <author validyn="Y">
      <lastname>
       Ahrén
      </lastname>
      <forename>
       C
      </forename>
      <initials>
       C
      </initials>
     </author>
    </authorlist>
    <language>
     eng
    </language>
    <publicationtypelist>
     <publicationtype>
      Clinical Trial
     </publicationtype>
     <publicationtype>
      Journal Article
     </publicationtype>
     <publicationtype>
      Randomized Controlled Trial
     </publicationtype>
     <publicationtype>
      Research Support, Non-U.S. Gov't
     </publicationtype>
    </publicationtypelist>
   </article>
   <medlinejournalinfo>
    <country>
     NORWAY
    </country>
    <medlineta>
     Scand J Gastroenterol
    </medlineta>
    <nlmuniqueid>
     0060105
    </nlmuniqueid>
    <issnlinking>
     0036-5521
    </issnlinking>
   </medlinejournalinfo>
   <citationsubset>
    IM
   </citationsubset>
   <meshheadinglist>
    <meshheading>
     <descriptorname majortopicyn="N">
      Adenoma
     </descriptorname>
     <qualifiername majortopicyn="N">
      diagnosis
     </qualifiername>
    </meshheading>
    <meshheading>
     <descriptorname majortopicyn="N">
      Carcinoma
     </descriptorname>
     <qualifiername majortopicyn="N">
      diagnosis
     </qualifiername>
    </meshheading>
    <meshheading>
     <descriptorname majortopicyn="N">
      Colorectal Neoplasms
     </descriptorname>
     <qualifiername majortopicyn="Y">
      diagnosis
     </qualifiername>
    </meshheading>
    <meshheading>
     <descriptorname majortopicyn="N">
      False Negative Reactions
     </descriptorname>
    </meshheading>
    <meshheading>
     <descriptorname majortopicyn="N">
      Feces
     </descriptorname>
    </meshheading>
    <meshheading>
     <descriptorname majortopicyn="N">
      Follow-Up Studies
     </descriptorname>
    </meshheading>
    <meshheading>
     <descriptorname majortopicyn="N">
      Humans
     </descriptorname>
    </meshheading>
    <meshheading>
     <descriptorname majortopicyn="N">
      Middle Aged
     </descriptorname>
    </meshheading>
    <meshheading>
     <descriptorname majortopicyn="Y">
      Occult Blood
     </descriptorname>
    </meshheading>
    <meshheading>
     <descriptorname majortopicyn="N">
      Prospective Studies
     </descriptorname>
    </meshheading>
   </meshheadinglist>
  </medlinecitation>
  <pubmeddata>
   <history>
    <pubmedpubdate pubstatus="pubmed">
     <year>
      1994
     </year>
     <month>
      5
     </month>
     <day>
      1
     </day>
    </pubmedpubdate>
    <pubmedpubdate pubstatus="medline">
     <year>
      1994
     </year>
     <month>
      5
     </month>
     <day>
      1
     </day>
     <hour>
      0
     </hour>
     <minute>
      1
     </minute>
    </pubmedpubdate>
    <pubmedpubdate pubstatus="entrez">
     <year>
      1994
     </year>
     <month>
      5
     </month>
     <day>
      1
     </day>
     <hour>
      0
     </hour>
     <minute>
      0
     </minute>
    </pubmedpubdate>
   </history>
   <publicationstatus>
    ppublish
   </publicationstatus>
   <articleidlist>
    <articleid idtype="pubmed">
     8036464
    </articleid>
   </articleidlist>
  </pubmeddata>
 </pubmedarticle>
</pubmedarticleset>

