<?xml version='1.0' encoding='utf-8'?>
<!DOCTYPE PubmedArticleSet PUBLIC "-//NLM//DTD PubMedArticle, 1st January 2011//EN" "http://www.ncbi.nlm.nih.gov/entrez/query/DTD/pubmed_110101.dtd">
<pubmedarticleset>
 <pubmedarticle>
  <medlinecitation owner="NLM" status="MEDLINE">
   <pmid version="1">
    8067245
   </pmid>
   <datecreated>
    <year>
     1994
    </year>
    <month>
     09
    </month>
    <day>
     22
    </day>
   </datecreated>
   <datecompleted>
    <year>
     1994
    </year>
    <month>
     09
    </month>
    <day>
     22
    </day>
   </datecompleted>
   <daterevised>
    <year>
     2008
    </year>
    <month>
     02
    </month>
    <day>
     13
    </day>
   </daterevised>
   <article pubmodel="Print">
    <journal>
     <issn issntype="Print">
      0365-5237
     </issn>
     <journalissue citedmedium="Print">
      <volume>
       515
      </volume>
      <pubdate>
       <year>
        1994
       </year>
      </pubdate>
     </journalissue>
     <title>
      Acta oto-laryngologica. Supplementum
     </title>
     <isoabbreviation>
      Acta Otolaryngol Suppl
     </isoabbreviation>
    </journal>
    <articletitle>
     The efficacy of oxymetazoline administered with a nasal bellows container and combined with oral phenoxymethyl-penicillin in the treatment of acute maxillary sinusitis.
    </articletitle>
    <pagination>
     <medlinepgn>
      57-64
     </medlinepgn>
    </pagination>
    <abstract>
     <abstracttext>
      The efficacy of a new administration form of oxymetazoline, a nasal bellows container, was investigated in two separate studies by means of a combined treatment with phenoxymethyl-penicillin for acute maxillary sinusitis. In the first study (study 1), oxymetazoline administered with a bellows (OXBE) was compared both with a placebo belows (PLBE) as well as with oxymetazoline and placebo administered with a conventional nasal spray (OXSP respective PLSP) in 73 patients. In the second study (study 2), OXBE was compared only with PLBE in 48 patients. Objective evaluation was made by comparing the radiographical improvement in conventional plain sinus X-ray images. A scoring system corresponding to the outcome of antral irrigation was used for evaluating the X-ray pictures. Subjective symptoms; nasal stuffiness and pain, were assessed by registrations on visual analogue scales. Neither with regard to radiographical improvement nor to decrease in subjective symptoms could any significant differences be found between the different treatment modes. Oxymetazoline administered with a nasal bellows thus did not accelerate the rate of healing of acute maxillary sinusitis in these two studies. It is inferred from these results that decongestion of the sinus ostia is not of primary importance for the course of healing of a manifest acute sinusitis.
     </abstracttext>
    </abstract>
    <affiliation>
     Department of Otorhinolaryngology, Falun Hospital, Lund, Sweden.
    </affiliation>
    <authorlist completeyn="Y">
     <author validyn="Y">
      <lastname>
       Wiklund
      </lastname>
      <forename>
       L
      </forename>
      <initials>
       L
      </initials>
     </author>
     <author validyn="Y">
      <lastname>
       Stierna
      </lastname>
      <forename>
       P
      </forename>
      <initials>
       P
      </initials>
     </author>
     <author validyn="Y">
      <lastname>
       Berglund
      </lastname>
      <forename>
       R
      </forename>
      <initials>
       R
      </initials>
     </author>
     <author validyn="Y">
      <lastname>
       Westrin
      </lastname>
      <forename>
       K M
      </forename>
      <initials>
       KM
      </initials>
     </author>
     <author validyn="Y">
      <lastname>
       Tönnesson
      </lastname>
      <forename>
       M
      </forename>
      <initials>
       M
      </initials>
     </author>
    </authorlist>
    <language>
     eng
    </language>
    <publicationtypelist>
     <publicationtype>
      Clinical Trial
     </publicationtype>
     <publicationtype>
      Comparative Study
     </publicationtype>
     <publicationtype>
      Journal Article
     </publicationtype>
     <publicationtype>
      Randomized Controlled Trial
     </publicationtype>
    </publicationtypelist>
   </article>
   <medlinejournalinfo>
    <country>
     NORWAY
    </country>
    <medlineta>
     Acta Otolaryngol Suppl
    </medlineta>
    <nlmuniqueid>
     0370355
    </nlmuniqueid>
    <issnlinking>
     0365-5237
    </issnlinking>
   </medlinejournalinfo>
   <chemicallist>
    <chemical>
     <registrynumber>
      1491-59-4
     </registrynumber>
     <nameofsubstance>
      Oxymetazoline
     </nameofsubstance>
    </chemical>
    <chemical>
     <registrynumber>
      87-08-1
     </registrynumber>
     <nameofsubstance>
      Penicillin V
     </nameofsubstance>
    </chemical>
   </chemicallist>
   <citationsubset>
    IM
   </citationsubset>
   <meshheadinglist>
    <meshheading>
     <descriptorname majortopicyn="N">
      Acute Disease
     </descriptorname>
    </meshheading>
    <meshheading>
     <descriptorname majortopicyn="N">
      Administration, Intranasal
     </descriptorname>
    </meshheading>
    <meshheading>
     <descriptorname majortopicyn="N">
      Administration, Oral
     </descriptorname>
    </meshheading>
    <meshheading>
     <descriptorname majortopicyn="N">
      Adult
     </descriptorname>
    </meshheading>
    <meshheading>
     <descriptorname majortopicyn="N">
      Double-Blind Method
     </descriptorname>
    </meshheading>
    <meshheading>
     <descriptorname majortopicyn="N">
      Drug Therapy, Combination
     </descriptorname>
    </meshheading>
    <meshheading>
     <descriptorname majortopicyn="N">
      Female
     </descriptorname>
    </meshheading>
    <meshheading>
     <descriptorname majortopicyn="N">
      Humans
     </descriptorname>
    </meshheading>
    <meshheading>
     <descriptorname majortopicyn="N">
      Male
     </descriptorname>
    </meshheading>
    <meshheading>
     <descriptorname majortopicyn="N">
      Maxillary Sinusitis
     </descriptorname>
     <qualifiername majortopicyn="Y">
      drug therapy
     </qualifiername>
    </meshheading>
    <meshheading>
     <descriptorname majortopicyn="Y">
      Nebulizers and Vaporizers
     </descriptorname>
    </meshheading>
    <meshheading>
     <descriptorname majortopicyn="N">
      Oxymetazoline
     </descriptorname>
     <qualifiername majortopicyn="Y">
      administration &amp; dosage
     </qualifiername>
     <qualifiername majortopicyn="N">
      therapeutic use
     </qualifiername>
    </meshheading>
    <meshheading>
     <descriptorname majortopicyn="N">
      Penicillin V
     </descriptorname>
     <qualifiername majortopicyn="Y">
      administration &amp; dosage
     </qualifiername>
     <qualifiername majortopicyn="N">
      therapeutic use
     </qualifiername>
    </meshheading>
   </meshheadinglist>
  </medlinecitation>
  <pubmeddata>
   <history>
    <pubmedpubdate pubstatus="pubmed">
     <year>
      1994
     </year>
     <month>
      1
     </month>
     <day>
      1
     </day>
    </pubmedpubdate>
    <pubmedpubdate pubstatus="medline">
     <year>
      1994
     </year>
     <month>
      1
     </month>
     <day>
      1
     </day>
     <hour>
      0
     </hour>
     <minute>
      1
     </minute>
    </pubmedpubdate>
    <pubmedpubdate pubstatus="entrez">
     <year>
      1994
     </year>
     <month>
      1
     </month>
     <day>
      1
     </day>
     <hour>
      0
     </hour>
     <minute>
      0
     </minute>
    </pubmedpubdate>
   </history>
   <publicationstatus>
    ppublish
   </publicationstatus>
   <articleidlist>
    <articleid idtype="pubmed">
     8067245
    </articleid>
   </articleidlist>
  </pubmeddata>
 </pubmedarticle>
</pubmedarticleset>

