<?xml version='1.0' encoding='utf-8'?>
<!DOCTYPE PubmedArticleSet PUBLIC "-//NLM//DTD PubMedArticle, 1st January 2011//EN" "http://www.ncbi.nlm.nih.gov/entrez/query/DTD/pubmed_110101.dtd">
<pubmedarticleset>
 <pubmedarticle>
  <medlinecitation owner="NLM" status="MEDLINE">
   <pmid version="1">
    8067497
   </pmid>
   <datecreated>
    <year>
     1994
    </year>
    <month>
     09
    </month>
    <day>
     16
    </day>
   </datecreated>
   <datecompleted>
    <year>
     1994
    </year>
    <month>
     09
    </month>
    <day>
     16
    </day>
   </datecompleted>
   <daterevised>
    <year>
     2004
    </year>
    <month>
     11
    </month>
    <day>
     17
    </day>
   </daterevised>
   <article pubmodel="Print">
    <journal>
     <issn issntype="Print">
      0002-953X
     </issn>
     <journalissue citedmedium="Print">
      <volume>
       151
      </volume>
      <issue>
       9
      </issue>
      <pubdate>
       <year>
        1994
       </year>
       <month>
        Sep
       </month>
      </pubdate>
     </journalissue>
     <title>
      The American journal of psychiatry
     </title>
     <isoabbreviation>
      Am J Psychiatry
     </isoabbreviation>
    </journal>
    <articletitle>
     Paroxetine treatment of premature ejaculation: a double-blind, randomized, placebo-controlled study.
    </articletitle>
    <pagination>
     <medlinepgn>
      1377-9
     </medlinepgn>
    </pagination>
    <abstract>
     <abstracttext>
      Seventeen male outpatients with premature ejaculation were randomly assigned to treatment with paroxetine (N = 8) or placebo (N = 9). After a first week dose of 20 mg/day, the paroxetine regimen was increased to 40 mg/day for 5 weeks. Patients and their female partners were interviewed separately. Patients treated with paroxetine had significantly greater clinical improvement than the patients given placebo.
     </abstracttext>
    </abstract>
    <affiliation>
     Outpatient Department of Psychiatry, Leyenburg Hospital, The Hague, The Netherlands.
    </affiliation>
    <authorlist completeyn="Y">
     <author validyn="Y">
      <lastname>
       Waldinger
      </lastname>
      <forename>
       M D
      </forename>
      <initials>
       MD
      </initials>
     </author>
     <author validyn="Y">
      <lastname>
       Hengeveld
      </lastname>
      <forename>
       M W
      </forename>
      <initials>
       MW
      </initials>
     </author>
     <author validyn="Y">
      <lastname>
       Zwinderman
      </lastname>
      <forename>
       A H
      </forename>
      <initials>
       AH
      </initials>
     </author>
    </authorlist>
    <language>
     eng
    </language>
    <publicationtypelist>
     <publicationtype>
      Clinical Trial
     </publicationtype>
     <publicationtype>
      Journal Article
     </publicationtype>
     <publicationtype>
      Randomized Controlled Trial
     </publicationtype>
    </publicationtypelist>
   </article>
   <medlinejournalinfo>
    <country>
     UNITED STATES
    </country>
    <medlineta>
     Am J Psychiatry
    </medlineta>
    <nlmuniqueid>
     0370512
    </nlmuniqueid>
    <issnlinking>
     0002-953X
    </issnlinking>
   </medlinejournalinfo>
   <chemicallist>
    <chemical>
     <registrynumber>
      0
     </registrynumber>
     <nameofsubstance>
      Placebos
     </nameofsubstance>
    </chemical>
    <chemical>
     <registrynumber>
      61869-08-7
     </registrynumber>
     <nameofsubstance>
      Paroxetine
     </nameofsubstance>
    </chemical>
   </chemicallist>
   <citationsubset>
    AIM
   </citationsubset>
   <citationsubset>
    IM
   </citationsubset>
   <meshheadinglist>
    <meshheading>
     <descriptorname majortopicyn="N">
      Adult
     </descriptorname>
    </meshheading>
    <meshheading>
     <descriptorname majortopicyn="N">
      Double-Blind Method
     </descriptorname>
    </meshheading>
    <meshheading>
     <descriptorname majortopicyn="N">
      Drug Administration Schedule
     </descriptorname>
    </meshheading>
    <meshheading>
     <descriptorname majortopicyn="N">
      Ejaculation
     </descriptorname>
     <qualifiername majortopicyn="Y">
      drug effects
     </qualifiername>
    </meshheading>
    <meshheading>
     <descriptorname majortopicyn="N">
      Female
     </descriptorname>
    </meshheading>
    <meshheading>
     <descriptorname majortopicyn="N">
      Humans
     </descriptorname>
    </meshheading>
    <meshheading>
     <descriptorname majortopicyn="N">
      Male
     </descriptorname>
    </meshheading>
    <meshheading>
     <descriptorname majortopicyn="N">
      Middle Aged
     </descriptorname>
    </meshheading>
    <meshheading>
     <descriptorname majortopicyn="N">
      Paroxetine
     </descriptorname>
     <qualifiername majortopicyn="N">
      administration &amp; dosage
     </qualifiername>
     <qualifiername majortopicyn="Y">
      therapeutic use
     </qualifiername>
    </meshheading>
    <meshheading>
     <descriptorname majortopicyn="N">
      Placebos
     </descriptorname>
    </meshheading>
    <meshheading>
     <descriptorname majortopicyn="N">
      Sexual Dysfunctions, Psychological
     </descriptorname>
     <qualifiername majortopicyn="Y">
      drug therapy
     </qualifiername>
     <qualifiername majortopicyn="N">
      psychology
     </qualifiername>
    </meshheading>
    <meshheading>
     <descriptorname majortopicyn="N">
      Treatment Outcome
     </descriptorname>
    </meshheading>
   </meshheadinglist>
  </medlinecitation>
  <pubmeddata>
   <history>
    <pubmedpubdate pubstatus="pubmed">
     <year>
      1994
     </year>
     <month>
      9
     </month>
     <day>
      1
     </day>
    </pubmedpubdate>
    <pubmedpubdate pubstatus="medline">
     <year>
      1994
     </year>
     <month>
      9
     </month>
     <day>
      1
     </day>
     <hour>
      0
     </hour>
     <minute>
      1
     </minute>
    </pubmedpubdate>
    <pubmedpubdate pubstatus="entrez">
     <year>
      1994
     </year>
     <month>
      9
     </month>
     <day>
      1
     </day>
     <hour>
      0
     </hour>
     <minute>
      0
     </minute>
    </pubmedpubdate>
   </history>
   <publicationstatus>
    ppublish
   </publicationstatus>
   <articleidlist>
    <articleid idtype="pubmed">
     8067497
    </articleid>
   </articleidlist>
  </pubmeddata>
 </pubmedarticle>
</pubmedarticleset>

