<?xml version='1.0' encoding='utf-8'?>
<!DOCTYPE PubmedArticleSet PUBLIC "-//NLM//DTD PubMedArticle, 1st January 2011//EN" "http://www.ncbi.nlm.nih.gov/entrez/query/DTD/pubmed_110101.dtd">
<pubmedarticleset>
 <pubmedarticle>
  <medlinecitation owner="NLM" status="MEDLINE">
   <pmid version="1">
    8159123
   </pmid>
   <datecreated>
    <year>
     1994
    </year>
    <month>
     05
    </month>
    <day>
     19
    </day>
   </datecreated>
   <datecompleted>
    <year>
     1994
    </year>
    <month>
     05
    </month>
    <day>
     19
    </day>
   </datecompleted>
   <daterevised>
    <year>
     2006
    </year>
    <month>
     11
    </month>
    <day>
     15
    </day>
   </daterevised>
   <article pubmodel="Print">
    <journal>
     <issn issntype="Print">
      0266-6138
     </issn>
     <journalissue citedmedium="Print">
      <volume>
       10
      </volume>
      <issue>
       1
      </issue>
      <pubdate>
       <year>
        1994
       </year>
       <month>
        Mar
       </month>
      </pubdate>
     </journalissue>
     <title>
      Midwifery
     </title>
     <isoabbreviation>
      Midwifery
     </isoabbreviation>
    </journal>
    <articletitle>
     No effect of birth centre care on either duration or experience of breast feeding, but more complications: findings from a randomised controlled trial.
    </articletitle>
    <pagination>
     <medlinepgn>
      8-17
     </medlinepgn>
    </pagination>
    <abstract>
     <abstracttext label="OBJECTIVE" nlmcategory="OBJECTIVE">
      to study the effect of birth centre care on the duration of breast feeding, breast feeding complications, and women's experiences of breast feeding.
     </abstracttext>
     <abstracttext label="DESIGN" nlmcategory="METHODS">
      randomised controlled trial.
     </abstracttext>
     <abstracttext label="SETTING" nlmcategory="METHODS">
      in-hospital birth centre at South Hospital, Stockholm, and standard obstetric care in the Greater Stockholm area.
     </abstracttext>
     <abstracttext label="SUBJECTS" nlmcategory="METHODS">
      1230 women with expected date of birth between October 1989 and February 1992, interested in participating in a birth centre trial, and meeting medical low-risk criteria. 617 women were allocated to the experimental group offered birth centre care (EG), and 613 to the control group offered standard obstetric care (CG).
     </abstracttext>
     <abstracttext label="MAIN OUTCOME MEASURES" nlmcategory="METHODS">
      duration of breast feeding, breast feeding complications such as sore nipples, engorgement, milk stasis, and mastitis, and women's experiences of breast feeding.
     </abstracttext>
     <abstracttext label="FINDINGS" nlmcategory="RESULTS">
      no difference was found between EG and CG in the duration of breast feeding. Ninety-three per cent in both groups were breast feeding exclusively two months post partum. The average number of months of breast feeding, exclusively or partly, when investigated one year after the birth was 8.6 in EG and 8.5 in CG. No difference was observed in women's experiences of breast feeding, but rather more women in EG than in CG reported sore nipples, 36% and 30% respectively (p = 0.03), and milk stasis, 26% and 19% respectively (p = 0.002).
     </abstracttext>
     <abstracttext label="CONCLUSIONS" nlmcategory="CONCLUSIONS">
      birth centre care had no effect on the duration of breast feeding, or on women's experiences of breast feeding. Prenatal attitudes were probably more significant predictors of these outcomes than differences in the two modes of maternity care in this population of highly breast feeding-motivated women. The larger proportion of sore nipples and milk stasis in the EG might have been due to earlier discharge, or to midwives less skilled in assisting with breast feeding at the birth centre than in the postpartum wards.
     </abstracttext>
    </abstract>
    <authorlist completeyn="Y">
     <author validyn="Y">
      <lastname>
       Waldenström
      </lastname>
      <forename>
       U
      </forename>
      <initials>
       U
      </initials>
     </author>
     <author validyn="Y">
      <lastname>
       Nilsson
      </lastname>
      <forename>
       C A
      </forename>
      <initials>
       CA
      </initials>
     </author>
    </authorlist>
    <language>
     eng
    </language>
    <publicationtypelist>
     <publicationtype>
      Clinical Trial
     </publicationtype>
     <publicationtype>
      Journal Article
     </publicationtype>
     <publicationtype>
      Randomized Controlled Trial
     </publicationtype>
     <publicationtype>
      Research Support, Non-U.S. Gov't
     </publicationtype>
    </publicationtypelist>
   </article>
   <medlinejournalinfo>
    <country>
     SCOTLAND
    </country>
    <medlineta>
     Midwifery
    </medlineta>
    <nlmuniqueid>
     8510930
    </nlmuniqueid>
    <issnlinking>
     0266-6138
    </issnlinking>
   </medlinejournalinfo>
   <citationsubset>
    N
   </citationsubset>
   <meshheadinglist>
    <meshheading>
     <descriptorname majortopicyn="N">
      Adult
     </descriptorname>
    </meshheading>
    <meshheading>
     <descriptorname majortopicyn="Y">
      Attitude to Health
     </descriptorname>
    </meshheading>
    <meshheading>
     <descriptorname majortopicyn="Y">
      Birthing Centers
     </descriptorname>
    </meshheading>
    <meshheading>
     <descriptorname majortopicyn="Y">
      Breast Feeding
     </descriptorname>
    </meshheading>
    <meshheading>
     <descriptorname majortopicyn="N">
      Female
     </descriptorname>
    </meshheading>
    <meshheading>
     <descriptorname majortopicyn="N">
      Humans
     </descriptorname>
    </meshheading>
    <meshheading>
     <descriptorname majortopicyn="N">
      Mothers
     </descriptorname>
     <qualifiername majortopicyn="Y">
      psychology
     </qualifiername>
    </meshheading>
    <meshheading>
     <descriptorname majortopicyn="N">
      Time Factors
     </descriptorname>
    </meshheading>
   </meshheadinglist>
  </medlinecitation>
  <pubmeddata>
   <history>
    <pubmedpubdate pubstatus="pubmed">
     <year>
      1994
     </year>
     <month>
      3
     </month>
     <day>
      1
     </day>
    </pubmedpubdate>
    <pubmedpubdate pubstatus="medline">
     <year>
      1994
     </year>
     <month>
      3
     </month>
     <day>
      1
     </day>
     <hour>
      0
     </hour>
     <minute>
      1
     </minute>
    </pubmedpubdate>
    <pubmedpubdate pubstatus="entrez">
     <year>
      1994
     </year>
     <month>
      3
     </month>
     <day>
      1
     </day>
     <hour>
      0
     </hour>
     <minute>
      0
     </minute>
    </pubmedpubdate>
   </history>
   <publicationstatus>
    ppublish
   </publicationstatus>
   <articleidlist>
    <articleid idtype="pubmed">
     8159123
    </articleid>
   </articleidlist>
  </pubmeddata>
 </pubmedarticle>
</pubmedarticleset>

