<?xml version='1.0' encoding='utf-8'?>
<!DOCTYPE PubmedArticleSet PUBLIC "-//NLM//DTD PubMedArticle, 1st January 2011//EN" "http://www.ncbi.nlm.nih.gov/entrez/query/DTD/pubmed_110101.dtd">
<pubmedarticleset>
 <pubmedarticle>
  <medlinecitation owner="NLM" status="MEDLINE">
   <pmid version="1">
    8225657
   </pmid>
   <datecreated>
    <year>
     1993
    </year>
    <month>
     12
    </month>
    <day>
     03
    </day>
   </datecreated>
   <datecompleted>
    <year>
     1993
    </year>
    <month>
     12
    </month>
    <day>
     03
    </day>
   </datecompleted>
   <daterevised>
    <year>
     2007
    </year>
    <month>
     11
    </month>
    <day>
     15
    </day>
   </daterevised>
   <article pubmodel="Print">
    <journal>
     <issn issntype="Print">
      0167-5273
     </issn>
     <journalissue citedmedium="Print">
      <volume>
       40
      </volume>
      <issue>
       3
      </issue>
      <pubdate>
       <year>
        1993
       </year>
       <month>
        Jul
       </month>
       <day>
        15
       </day>
      </pubdate>
     </journalissue>
     <title>
      International journal of cardiology
     </title>
     <isoabbreviation>
      Int. J. Cardiol.
     </isoabbreviation>
    </journal>
    <articletitle>
     The effects of oral ibopamine in patients with mild heart failure--a double blind placebo controlled comparison to furosemide. The Ibopamine Study Group.
    </articletitle>
    <pagination>
     <medlinepgn>
      221-7
     </medlinepgn>
    </pagination>
    <abstract>
     <abstracttext>
      The effect of ibopamine and furosemide in 130 patients with NYHA Class I and II heart failure were studied in a parallel, double-blind, randomized placebo-controlled multi-centre trial. Ibopamine 200 mg b.i.d. was compared to furosemide 40 mg q.d. and placebo. A 1- to 2-week single-blind run-in period was followed by an 8-week double-blind treatment period. Reproducible treadmill exercise test times with the modified Naughton-Balke protocol were required for randomization. Exercise times increased significantly in comparison to the placebo group after 8 weeks of therapy for both the furosemide group (1.2 min, P &lt; 0.035) and the ibopamine group (1.3 min, P &lt; 0.025). Neither furosemide nor ibopamine affected quality of life assessments. Adverse clinical experiences were generally mild and similar in frequency amongst the three treatment groups. The results of this study show the usefulness of both ibopamine and furosemide as monotherapy in patients with mild congestive heart failure.
     </abstracttext>
    </abstract>
    <affiliation>
     Cardiovascular Laboratory, Kingston General Hospital, Ontario, Canada.
    </affiliation>
    <authorlist completeyn="Y">
     <author validyn="Y">
      <lastname>
       Parker
      </lastname>
      <forename>
       J O
      </forename>
      <initials>
       JO
      </initials>
     </author>
    </authorlist>
    <language>
     eng
    </language>
    <publicationtypelist>
     <publicationtype>
      Clinical Trial
     </publicationtype>
     <publicationtype>
      Comparative Study
     </publicationtype>
     <publicationtype>
      Journal Article
     </publicationtype>
     <publicationtype>
      Multicenter Study
     </publicationtype>
     <publicationtype>
      Randomized Controlled Trial
     </publicationtype>
     <publicationtype>
      Research Support, Non-U.S. Gov't
     </publicationtype>
    </publicationtypelist>
   </article>
   <medlinejournalinfo>
    <country>
     IRELAND
    </country>
    <medlineta>
     Int J Cardiol
    </medlineta>
    <nlmuniqueid>
     8200291
    </nlmuniqueid>
    <issnlinking>
     0167-5273
    </issnlinking>
   </medlinejournalinfo>
   <chemicallist>
    <chemical>
     <registrynumber>
      0
     </registrynumber>
     <nameofsubstance>
      Cardiotonic Agents
     </nameofsubstance>
    </chemical>
    <chemical>
     <registrynumber>
      0
     </registrynumber>
     <nameofsubstance>
      Diuretics
     </nameofsubstance>
    </chemical>
    <chemical>
     <registrynumber>
      501-15-5
     </registrynumber>
     <nameofsubstance>
      Deoxyepinephrine
     </nameofsubstance>
    </chemical>
    <chemical>
     <registrynumber>
      54-31-9
     </registrynumber>
     <nameofsubstance>
      Furosemide
     </nameofsubstance>
    </chemical>
    <chemical>
     <registrynumber>
      66195-31-1
     </registrynumber>
     <nameofsubstance>
      ibopamine
     </nameofsubstance>
    </chemical>
   </chemicallist>
   <citationsubset>
    IM
   </citationsubset>
   <meshheadinglist>
    <meshheading>
     <descriptorname majortopicyn="N">
      Administration, Oral
     </descriptorname>
    </meshheading>
    <meshheading>
     <descriptorname majortopicyn="N">
      Adolescent
     </descriptorname>
    </meshheading>
    <meshheading>
     <descriptorname majortopicyn="N">
      Adult
     </descriptorname>
    </meshheading>
    <meshheading>
     <descriptorname majortopicyn="N">
      Aged
     </descriptorname>
    </meshheading>
    <meshheading>
     <descriptorname majortopicyn="N">
      Cardiac Output
     </descriptorname>
     <qualifiername majortopicyn="N">
      drug effects
     </qualifiername>
    </meshheading>
    <meshheading>
     <descriptorname majortopicyn="N">
      Cardiotonic Agents
     </descriptorname>
     <qualifiername majortopicyn="Y">
      administration &amp; dosage
     </qualifiername>
     <qualifiername majortopicyn="N">
      adverse effects
     </qualifiername>
    </meshheading>
    <meshheading>
     <descriptorname majortopicyn="N">
      Child
     </descriptorname>
    </meshheading>
    <meshheading>
     <descriptorname majortopicyn="N">
      Deoxyepinephrine
     </descriptorname>
     <qualifiername majortopicyn="N">
      administration &amp; dosage
     </qualifiername>
     <qualifiername majortopicyn="N">
      adverse effects
     </qualifiername>
     <qualifiername majortopicyn="Y">
      analogs &amp; derivatives
     </qualifiername>
    </meshheading>
    <meshheading>
     <descriptorname majortopicyn="N">
      Diuretics
     </descriptorname>
     <qualifiername majortopicyn="Y">
      administration &amp; dosage
     </qualifiername>
     <qualifiername majortopicyn="N">
      adverse effects
     </qualifiername>
    </meshheading>
    <meshheading>
     <descriptorname majortopicyn="N">
      Dose-Response Relationship, Drug
     </descriptorname>
    </meshheading>
    <meshheading>
     <descriptorname majortopicyn="N">
      Double-Blind Method
     </descriptorname>
    </meshheading>
    <meshheading>
     <descriptorname majortopicyn="N">
      Drug Administration Schedule
     </descriptorname>
    </meshheading>
    <meshheading>
     <descriptorname majortopicyn="N">
      Exercise Test
     </descriptorname>
     <qualifiername majortopicyn="N">
      drug effects
     </qualifiername>
    </meshheading>
    <meshheading>
     <descriptorname majortopicyn="N">
      Female
     </descriptorname>
    </meshheading>
    <meshheading>
     <descriptorname majortopicyn="N">
      Furosemide
     </descriptorname>
     <qualifiername majortopicyn="Y">
      administration &amp; dosage
     </qualifiername>
     <qualifiername majortopicyn="N">
      adverse effects
     </qualifiername>
    </meshheading>
    <meshheading>
     <descriptorname majortopicyn="N">
      Heart Failure
     </descriptorname>
     <qualifiername majortopicyn="Y">
      drug therapy
     </qualifiername>
     <qualifiername majortopicyn="N">
      physiopathology
     </qualifiername>
    </meshheading>
    <meshheading>
     <descriptorname majortopicyn="N">
      Humans
     </descriptorname>
    </meshheading>
    <meshheading>
     <descriptorname majortopicyn="N">
      Male
     </descriptorname>
    </meshheading>
    <meshheading>
     <descriptorname majortopicyn="N">
      Middle Aged
     </descriptorname>
    </meshheading>
    <meshheading>
     <descriptorname majortopicyn="N">
      Quality of Life
     </descriptorname>
    </meshheading>
   </meshheadinglist>
  </medlinecitation>
  <pubmeddata>
   <history>
    <pubmedpubdate pubstatus="pubmed">
     <year>
      1993
     </year>
     <month>
      7
     </month>
     <day>
      15
     </day>
    </pubmedpubdate>
    <pubmedpubdate pubstatus="medline">
     <year>
      1993
     </year>
     <month>
      7
     </month>
     <day>
      15
     </day>
     <hour>
      0
     </hour>
     <minute>
      1
     </minute>
    </pubmedpubdate>
    <pubmedpubdate pubstatus="entrez">
     <year>
      1993
     </year>
     <month>
      7
     </month>
     <day>
      15
     </day>
     <hour>
      0
     </hour>
     <minute>
      0
     </minute>
    </pubmedpubdate>
   </history>
   <publicationstatus>
    ppublish
   </publicationstatus>
   <articleidlist>
    <articleid idtype="pubmed">
     8225657
    </articleid>
   </articleidlist>
  </pubmeddata>
 </pubmedarticle>
</pubmedarticleset>

