<?xml version='1.0' encoding='utf-8'?>
<!DOCTYPE PubmedArticleSet PUBLIC "-//NLM//DTD PubMedArticle, 1st January 2011//EN" "http://www.ncbi.nlm.nih.gov/entrez/query/DTD/pubmed_110101.dtd">
<pubmedarticleset>
 <pubmedarticle>
  <medlinecitation owner="NLM" status="MEDLINE">
   <pmid version="1">
    8246082
   </pmid>
   <datecreated>
    <year>
     1994
    </year>
    <month>
     01
    </month>
    <day>
     04
    </day>
   </datecreated>
   <datecompleted>
    <year>
     1994
    </year>
    <month>
     01
    </month>
    <day>
     04
    </day>
   </datecompleted>
   <daterevised>
    <year>
     2006
    </year>
    <month>
     11
    </month>
    <day>
     15
    </day>
   </daterevised>
   <article pubmodel="Print">
    <journal>
     <issn issntype="Print">
      0091-2182
     </issn>
     <journalissue citedmedium="Print">
      <volume>
       38
      </volume>
      <issue>
       5
      </issue>
      <pubdate>
       <medlinedate>
        1993 Sep-Oct
       </medlinedate>
      </pubdate>
     </journalissue>
     <title>
      Journal of nurse-midwifery
     </title>
     <isoabbreviation>
      J Nurse Midwifery
     </isoabbreviation>
    </journal>
    <articletitle>
     Use of a cervical brush for Papanicolaou smear collection. A meta-analysis.
    </articletitle>
    <pagination>
     <medlinepgn>
      267-75
     </medlinepgn>
    </pagination>
    <abstract>
     <abstracttext>
      Inadequacy of Papanicolaou smear specimens, specifically lack of endocervical cells, has been cited as a major reason why between 0.5% and 44% of cases of dysplasia are not detected by conventional screening tools. Of several sampling instruments devised and tested in an attempt to increase endocervical cell retrieval, one of the most promising in the last decade has been a cervical brush. Studies comparing the cervical brush to more conventional devices such as the spatula and cotton swab were examined in this review. A meta-analysis of these studies indicated a significant mean risk difference or increase in endocervical cell retrieval of 0.22 when the cervical brush was used either alone or in combination with a spatula compared to a spatula alone or with a cotton swab. Subpopulations such as pregnant or postmenopausal women, women with cervical stenosis, or women with a history of cervical surgery also showed significant mean increases in endocervical cell retrieval with the cervical brush. The evidence for whether use of a cervical brush actually increases detection of cervical dysplasia is less clear, although there appears to be a trend in that direction.
     </abstracttext>
    </abstract>
    <affiliation>
     Hutzel Hospital Nurse-Midwifery Service, Detroit, MI 48201.
    </affiliation>
    <authorlist completeyn="Y">
     <author validyn="Y">
      <lastname>
       Bauman
      </lastname>
      <forename>
       B J
      </forename>
      <initials>
       BJ
      </initials>
     </author>
    </authorlist>
    <language>
     eng
    </language>
    <publicationtypelist>
     <publicationtype>
      Comparative Study
     </publicationtype>
     <publicationtype>
      Journal Article
     </publicationtype>
     <publicationtype>
      Meta-Analysis
     </publicationtype>
    </publicationtypelist>
   </article>
   <medlinejournalinfo>
    <country>
     UNITED STATES
    </country>
    <medlineta>
     J Nurse Midwifery
    </medlineta>
    <nlmuniqueid>
     0365647
    </nlmuniqueid>
    <issnlinking>
     0091-2182
    </issnlinking>
   </medlinejournalinfo>
   <citationsubset>
    IM
   </citationsubset>
   <citationsubset>
    N
   </citationsubset>
   <meshheadinglist>
    <meshheading>
     <descriptorname majortopicyn="N">
      Female
     </descriptorname>
    </meshheading>
    <meshheading>
     <descriptorname majortopicyn="N">
      Humans
     </descriptorname>
    </meshheading>
    <meshheading>
     <descriptorname majortopicyn="N">
      Pregnancy
     </descriptorname>
    </meshheading>
    <meshheading>
     <descriptorname majortopicyn="N">
      Specimen Handling
     </descriptorname>
     <qualifiername majortopicyn="N">
      instrumentation
     </qualifiername>
    </meshheading>
    <meshheading>
     <descriptorname majortopicyn="N">
      Uterine Cervical Dysplasia
     </descriptorname>
     <qualifiername majortopicyn="N">
      pathology
     </qualifiername>
    </meshheading>
    <meshheading>
     <descriptorname majortopicyn="N">
      Vaginal Smears
     </descriptorname>
     <qualifiername majortopicyn="Y">
      instrumentation
     </qualifiername>
     <qualifiername majortopicyn="N">
      standards
     </qualifiername>
    </meshheading>
   </meshheadinglist>
  </medlinecitation>
  <pubmeddata>
   <history>
    <pubmedpubdate pubstatus="pubmed">
     <year>
      1993
     </year>
     <month>
      9
     </month>
     <day>
      1
     </day>
    </pubmedpubdate>
    <pubmedpubdate pubstatus="medline">
     <year>
      1993
     </year>
     <month>
      9
     </month>
     <day>
      1
     </day>
     <hour>
      0
     </hour>
     <minute>
      1
     </minute>
    </pubmedpubdate>
    <pubmedpubdate pubstatus="entrez">
     <year>
      1993
     </year>
     <month>
      9
     </month>
     <day>
      1
     </day>
     <hour>
      0
     </hour>
     <minute>
      0
     </minute>
    </pubmedpubdate>
   </history>
   <publicationstatus>
    ppublish
   </publicationstatus>
   <articleidlist>
    <articleid idtype="pubmed">
     8246082
    </articleid>
   </articleidlist>
  </pubmeddata>
 </pubmedarticle>
</pubmedarticleset>

