<?xml version='1.0' encoding='utf-8'?>
<!DOCTYPE PubmedArticleSet PUBLIC "-//NLM//DTD PubMedArticle, 1st January 2011//EN" "http://www.ncbi.nlm.nih.gov/entrez/query/DTD/pubmed_110101.dtd">
<pubmedarticleset>
 <pubmedarticle>
  <medlinecitation owner="NLM" status="MEDLINE">
   <pmid version="1">
    8276736
   </pmid>
   <datecreated>
    <year>
     1994
    </year>
    <month>
     02
    </month>
    <day>
     10
    </day>
   </datecreated>
   <datecompleted>
    <year>
     1994
    </year>
    <month>
     02
    </month>
    <day>
     10
    </day>
   </datecompleted>
   <daterevised>
    <year>
     2006
    </year>
    <month>
     11
    </month>
    <day>
     15
    </day>
   </daterevised>
   <article pubmodel="Print">
    <journal>
     <issn issntype="Print">
      0160-6689
     </issn>
     <journalissue citedmedium="Print">
      <volume>
       54
      </volume>
      <issue>
       12
      </issue>
      <pubdate>
       <year>
        1993
       </year>
       <month>
        Dec
       </month>
      </pubdate>
     </journalissue>
     <title>
      The Journal of clinical psychiatry
     </title>
     <isoabbreviation>
      J Clin Psychiatry
     </isoabbreviation>
    </journal>
    <articletitle>
     Improvement in fluoxetine-associated sexual dysfunction in patients switched to bupropion.
    </articletitle>
    <pagination>
     <medlinepgn>
      459-65
     </medlinepgn>
    </pagination>
    <abstract>
     <abstracttext label="BACKGROUND" nlmcategory="BACKGROUND">
      This study was conducted to determine the effect of bupropion on the sexual functioning of male and female outpatients who developed anorgasmia or delayed orgasm while receiving fluoxetine treatment for depression.
     </abstracttext>
     <abstracttext label="METHOD" nlmcategory="METHODS">
      Thirty-nine patients who satisfied criteria for participation in the study discontinued fluoxetine treatment and entered a 2-week washout phase followed by an open 8-week bupropion treatment phase. Three parameters of sexual functioning were followed throughout the study: orgasm function, libido, and satisfaction with overall sexual functioning. Depression was also evaluated at each visit.
     </abstracttext>
     <abstracttext label="RESULTS" nlmcategory="RESULTS">
      All patients reported orgasm delay and/or failure at the time of fluoxetine discontinuation. Orgasm function, libido, and satisfaction with sexual functioning improved during the 2-week fluoxetine washout period and during the bupropion treatment phase. Ninety-four percent of patients (29/31) had complete or partial resolution of their orgasm dysfunction at the end of bupropion treatment, and 81% of patients (25/31) were "much" or "very much" more satisfied with their overall sexual functioning. Most patients entered the study with decreased libido on fluoxetine. Libido was "much" or "very much" increased for 81% of patients (25/31) at the end of the study. In addition, depression scores on the Hamilton Rating Scale for Depression and Clinical Global Impressions-Severity scale significantly improved during the bupropion treatment phase. Finally, bupropion was well tolerated by most patients.
     </abstracttext>
     <abstracttext label="CONCLUSION" nlmcategory="CONCLUSIONS">
      Bupropion may be an appropriate antidepressant for patients who develop sexual dysfunction during fluoxetine treatment or for whom sexual dysfunction is a concern.
     </abstracttext>
    </abstract>
    <affiliation>
     Department of Psychiatry, University of Tennessee, Memphis.
    </affiliation>
    <authorlist completeyn="Y">
     <author validyn="Y">
      <lastname>
       Walker
      </lastname>
      <forename>
       P W
      </forename>
      <initials>
       PW
      </initials>
     </author>
     <author validyn="Y">
      <lastname>
       Cole
      </lastname>
      <forename>
       J O
      </forename>
      <initials>
       JO
      </initials>
     </author>
     <author validyn="Y">
      <lastname>
       Gardner
      </lastname>
      <forename>
       E A
      </forename>
      <initials>
       EA
      </initials>
     </author>
     <author validyn="Y">
      <lastname>
       Hughes
      </lastname>
      <forename>
       A R
      </forename>
      <initials>
       AR
      </initials>
     </author>
     <author validyn="Y">
      <lastname>
       Johnston
      </lastname>
      <forename>
       J A
      </forename>
      <initials>
       JA
      </initials>
     </author>
     <author validyn="Y">
      <lastname>
       Batey
      </lastname>
      <forename>
       S R
      </forename>
      <initials>
       SR
      </initials>
     </author>
     <author validyn="Y">
      <lastname>
       Lineberry
      </lastname>
      <forename>
       C G
      </forename>
      <initials>
       CG
      </initials>
     </author>
    </authorlist>
    <language>
     eng
    </language>
    <publicationtypelist>
     <publicationtype>
      Journal Article
     </publicationtype>
     <publicationtype>
      Research Support, Non-U.S. Gov't
     </publicationtype>
    </publicationtypelist>
   </article>
   <medlinejournalinfo>
    <country>
     UNITED STATES
    </country>
    <medlineta>
     J Clin Psychiatry
    </medlineta>
    <nlmuniqueid>
     7801243
    </nlmuniqueid>
    <issnlinking>
     0160-6689
    </issnlinking>
   </medlinejournalinfo>
   <chemicallist>
    <chemical>
     <registrynumber>
      34841-39-9
     </registrynumber>
     <nameofsubstance>
      Bupropion
     </nameofsubstance>
    </chemical>
    <chemical>
     <registrynumber>
      54910-89-3
     </registrynumber>
     <nameofsubstance>
      Fluoxetine
     </nameofsubstance>
    </chemical>
   </chemicallist>
   <citationsubset>
    IM
   </citationsubset>
   <meshheadinglist>
    <meshheading>
     <descriptorname majortopicyn="N">
      Ambulatory Care
     </descriptorname>
    </meshheading>
    <meshheading>
     <descriptorname majortopicyn="N">
      Bupropion
     </descriptorname>
     <qualifiername majortopicyn="N">
      pharmacology
     </qualifiername>
     <qualifiername majortopicyn="Y">
      therapeutic use
     </qualifiername>
    </meshheading>
    <meshheading>
     <descriptorname majortopicyn="N">
      Depressive Disorder
     </descriptorname>
     <qualifiername majortopicyn="Y">
      drug therapy
     </qualifiername>
    </meshheading>
    <meshheading>
     <descriptorname majortopicyn="N">
      Female
     </descriptorname>
    </meshheading>
    <meshheading>
     <descriptorname majortopicyn="N">
      Fluoxetine
     </descriptorname>
     <qualifiername majortopicyn="Y">
      adverse effects
     </qualifiername>
     <qualifiername majortopicyn="N">
      therapeutic use
     </qualifiername>
    </meshheading>
    <meshheading>
     <descriptorname majortopicyn="N">
      Humans
     </descriptorname>
    </meshheading>
    <meshheading>
     <descriptorname majortopicyn="N">
      Libido
     </descriptorname>
     <qualifiername majortopicyn="N">
      drug effects
     </qualifiername>
    </meshheading>
    <meshheading>
     <descriptorname majortopicyn="N">
      Male
     </descriptorname>
    </meshheading>
    <meshheading>
     <descriptorname majortopicyn="N">
      Middle Aged
     </descriptorname>
    </meshheading>
    <meshheading>
     <descriptorname majortopicyn="N">
      Orgasm
     </descriptorname>
     <qualifiername majortopicyn="Y">
      drug effects
     </qualifiername>
    </meshheading>
    <meshheading>
     <descriptorname majortopicyn="N">
      Personal Satisfaction
     </descriptorname>
    </meshheading>
    <meshheading>
     <descriptorname majortopicyn="N">
      Psychiatric Status Rating Scales
     </descriptorname>
    </meshheading>
    <meshheading>
     <descriptorname majortopicyn="N">
      Severity of Illness Index
     </descriptorname>
    </meshheading>
    <meshheading>
     <descriptorname majortopicyn="N">
      Sexual Dysfunctions, Psychological
     </descriptorname>
     <qualifiername majortopicyn="Y">
      chemically induced
     </qualifiername>
     <qualifiername majortopicyn="N">
      drug therapy
     </qualifiername>
     <qualifiername majortopicyn="N">
      psychology
     </qualifiername>
    </meshheading>
    <meshheading>
     <descriptorname majortopicyn="N">
      Treatment Outcome
     </descriptorname>
    </meshheading>
   </meshheadinglist>
  </medlinecitation>
  <pubmeddata>
   <history>
    <pubmedpubdate pubstatus="pubmed">
     <year>
      1993
     </year>
     <month>
      12
     </month>
     <day>
      1
     </day>
    </pubmedpubdate>
    <pubmedpubdate pubstatus="medline">
     <year>
      1993
     </year>
     <month>
      12
     </month>
     <day>
      1
     </day>
     <hour>
      0
     </hour>
     <minute>
      1
     </minute>
    </pubmedpubdate>
    <pubmedpubdate pubstatus="entrez">
     <year>
      1993
     </year>
     <month>
      12
     </month>
     <day>
      1
     </day>
     <hour>
      0
     </hour>
     <minute>
      0
     </minute>
    </pubmedpubdate>
   </history>
   <publicationstatus>
    ppublish
   </publicationstatus>
   <articleidlist>
    <articleid idtype="pubmed">
     8276736
    </articleid>
   </articleidlist>
  </pubmeddata>
 </pubmedarticle>
</pubmedarticleset>

