<?xml version='1.0' encoding='utf-8'?>
<!DOCTYPE PubmedArticleSet PUBLIC "-//NLM//DTD PubMedArticle, 1st January 2011//EN" "http://www.ncbi.nlm.nih.gov/entrez/query/DTD/pubmed_110101.dtd">
<pubmedarticleset>
 <pubmedarticle>
  <medlinecitation owner="NLM" status="MEDLINE">
   <pmid version="1">
    8279152
   </pmid>
   <datecreated>
    <year>
     1994
    </year>
    <month>
     02
    </month>
    <day>
     10
    </day>
   </datecreated>
   <datecompleted>
    <year>
     1994
    </year>
    <month>
     02
    </month>
    <day>
     10
    </day>
   </datecompleted>
   <daterevised>
    <year>
     2009
    </year>
    <month>
     11
    </month>
    <day>
     19
    </day>
   </daterevised>
   <article pubmodel="Print">
    <journal>
     <issn issntype="Print">
      0093-0415
     </issn>
     <journalissue citedmedium="Print">
      <volume>
       159
      </volume>
      <issue>
       5
      </issue>
      <pubdate>
       <year>
        1993
       </year>
       <month>
        Nov
       </month>
      </pubdate>
     </journalissue>
     <title>
      The Western journal of medicine
     </title>
     <isoabbreviation>
      West. J. Med.
     </isoabbreviation>
    </journal>
    <articletitle>
     Fatal isoniazid-induced hepatitis. Its risk during chemoprophylaxis.
    </articletitle>
    <pagination>
     <medlinepgn>
      560-4
     </medlinepgn>
    </pagination>
    <abstract>
     <abstracttext>
      Isoniazid chemoprophylaxis has long been known to be a highly effective means of preventing silent tuberculous infections from spreading to active disease. There has been much controversy, however, about the risk it carries for fatal hepatotoxicity. In this article I review the rate of fatal isoniazid-induced hepatitis during chemoprophylaxis that is done according to current monitoring guidelines. Information was obtained from a MEDLINE literature search and a survey of tuberculosis control officers in large metropolitan areas throughout the country. Data were included of patients who were monitored according to the American Thoracic Society's guidelines or who were treated after 1983 when the guidelines were published. The pooled results of the published studies showed no hepatotoxic deaths in 20,212 patients in whom prophylaxis was started. The unpublished data showed 2 deaths in 182,285 patients, for a combined rate of 0.001% (2 of 202,497). The death rate for those older than 35 years was estimated to be 0.002% (1 of 43,334). This rate is significantly lower than was previously estimated and should be used to reevaluate the benefit of preventive therapy for tuberculin-reactive patients older than 35. The risk of fatal isoniazid-induced hepatitis is negligible for all ages when patients are routinely monitored for liver toxicity.
     </abstracttext>
    </abstract>
    <affiliation>
     Primary Care Division, Santa Clara Valley Medical Center, San Jose, CA 95128.
    </affiliation>
    <authorlist completeyn="Y">
     <author validyn="Y">
      <lastname>
       Salpeter
      </lastname>
      <forename>
       S R
      </forename>
      <initials>
       SR
      </initials>
     </author>
    </authorlist>
    <language>
     eng
    </language>
    <publicationtypelist>
     <publicationtype>
      Journal Article
     </publicationtype>
     <publicationtype>
      Meta-Analysis
     </publicationtype>
    </publicationtypelist>
   </article>
   <medlinejournalinfo>
    <country>
     UNITED STATES
    </country>
    <medlineta>
     West J Med
    </medlineta>
    <nlmuniqueid>
     0410504
    </nlmuniqueid>
    <issnlinking>
     0093-0415
    </issnlinking>
   </medlinejournalinfo>
   <chemicallist>
    <chemical>
     <registrynumber>
      0
     </registrynumber>
     <nameofsubstance>
      Drug Combinations
     </nameofsubstance>
    </chemical>
    <chemical>
     <registrynumber>
      54-85-3
     </registrynumber>
     <nameofsubstance>
      Isoniazid
     </nameofsubstance>
    </chemical>
   </chemicallist>
   <citationsubset>
    AIM
   </citationsubset>
   <citationsubset>
    IM
   </citationsubset>
   <citationsubset>
    X
   </citationsubset>
   <commentscorrectionslist>
    <commentscorrections reftype="Cites">
     <refsource>
      West J Med. 1992 Oct;157(4):421-4
     </refsource>
     <pmid version="1">
      1462535
     </pmid>
    </commentscorrections>
    <commentscorrections reftype="Cites">
     <refsource>
      Pediatr Infect Dis J. 1989 Sep;8(9):649-50
     </refsource>
     <pmid version="1">
      2640548
     </pmid>
    </commentscorrections>
    <commentscorrections reftype="Cites">
     <refsource>
      Am Rev Respir Dis. 1992 Feb;145(2 Pt 1):494-7
     </refsource>
     <pmid version="1">
      1736764
     </pmid>
    </commentscorrections>
    <commentscorrections reftype="Cites">
     <refsource>
      Am Rev Respir Dis. 1991 Dec;144(6):1357-60
     </refsource>
     <pmid version="1">
      1741549
     </pmid>
    </commentscorrections>
    <commentscorrections reftype="Cites">
     <refsource>
      Md Med J. 1991 Sep;40(9):793-7
     </refsource>
     <pmid version="1">
      1921656
     </pmid>
    </commentscorrections>
    <commentscorrections reftype="Cites">
     <refsource>
      Am Rev Respir Dis. 1990 Oct;142(4):848-53
     </refsource>
     <pmid version="1">
      2121080
     </pmid>
    </commentscorrections>
    <commentscorrections reftype="Cites">
     <refsource>
      Arch Intern Med. 1990 Dec;150(12):2517-22
     </refsource>
     <pmid version="1">
      2244768
     </pmid>
    </commentscorrections>
    <commentscorrections reftype="Cites">
     <refsource>
      Am Rev Respir Dis. 1989 Apr;139(4):867-70
     </refsource>
     <pmid version="1">
      2930066
     </pmid>
    </commentscorrections>
    <commentscorrections reftype="Cites">
     <refsource>
      Am Rev Respir Dis. 1988 Jan;137(1):215-20
     </refsource>
     <pmid version="1">
      3276255
     </pmid>
    </commentscorrections>
    <commentscorrections reftype="Cites">
     <refsource>
      Chest. 1988 Jul;94(1):138-41
     </refsource>
     <pmid version="1">
      3383624
     </pmid>
    </commentscorrections>
    <commentscorrections reftype="Cites">
     <refsource>
      Ann Intern Med. 1987 Dec;107(6):843-5
     </refsource>
     <pmid version="1">
      3688677
     </pmid>
    </commentscorrections>
    <commentscorrections reftype="Cites">
     <refsource>
      J Am Geriatr Soc. 1986 Nov;34(11):814-7
     </refsource>
     <pmid version="1">
      3771983
     </pmid>
    </commentscorrections>
    <commentscorrections reftype="Cites">
     <refsource>
      JAMA. 1986 Nov 21;256(19):2709-13
     </refsource>
     <pmid version="1">
      3773178
     </pmid>
    </commentscorrections>
    <commentscorrections reftype="Cites">
     <refsource>
      Am Rev Respir Dis. 1986 Mar;133(3):431-6
     </refsource>
     <pmid version="1">
      3954251
     </pmid>
    </commentscorrections>
    <commentscorrections reftype="Cites">
     <refsource>
      Am Rev Respir Dis. 1990 May;141(5 Pt 1):1232-5
     </refsource>
     <pmid version="1">
      2111106
     </pmid>
    </commentscorrections>
    <commentscorrections reftype="Cites">
     <refsource>
      Am Rev Respir Dis. 1990 May;141(5 Pt 1):1236-40
     </refsource>
     <pmid version="1">
      2339844
     </pmid>
    </commentscorrections>
    <commentscorrections reftype="Cites">
     <refsource>
      J Am Coll Health. 1990 Jan;38(4):165-70
     </refsource>
     <pmid version="1">
      2299050
     </pmid>
    </commentscorrections>
    <commentscorrections reftype="Cites">
     <refsource>
      Am Rev Respir Dis. 1984 Jan;129(1):58-61
     </refsource>
     <pmid version="1">
      6367570
     </pmid>
    </commentscorrections>
    <commentscorrections reftype="Cites">
     <refsource>
      J Clin Gastroenterol. 1981 Sep;3(3):271-9
     </refsource>
     <pmid version="1">
      7288121
     </pmid>
    </commentscorrections>
    <commentscorrections reftype="Cites">
     <refsource>
      Ann Intern Med. 1981 Jun;94(6):808-13
     </refsource>
     <pmid version="1">
      7235424
     </pmid>
    </commentscorrections>
    <commentscorrections reftype="Cites">
     <refsource>
      Am Rev Respir Dis. 1980 Jun;121(6):1039-44
     </refsource>
     <pmid version="1">
      7416591
     </pmid>
    </commentscorrections>
    <commentscorrections reftype="Cites">
     <refsource>
      JAMA. 1979 Mar 23;241(12):1239-41
     </refsource>
     <pmid version="1">
      762788
     </pmid>
    </commentscorrections>
    <commentscorrections reftype="Cites">
     <refsource>
      Arch Dis Child. 1979 Jan;54(1):65-7
     </refsource>
     <pmid version="1">
      420524
     </pmid>
    </commentscorrections>
    <commentscorrections reftype="Cites">
     <refsource>
      Am Rev Respir Dis. 1978 Oct;118(4):794-6
     </refsource>
     <pmid version="1">
      309296
     </pmid>
    </commentscorrections>
    <commentscorrections reftype="Cites">
     <refsource>
      Am J Prev Med. 1988 Mar-Apr;4(2):102-9
     </refsource>
     <pmid version="1">
      3134928
     </pmid>
    </commentscorrections>
    <commentscorrections reftype="Cites">
     <refsource>
      Public Health Rep. 1989 Mar-Apr;104(2):151-5
     </refsource>
     <pmid version="1">
      2495549
     </pmid>
    </commentscorrections>
    <commentscorrections reftype="Cites">
     <refsource>
      Am Rev Respir Dis. 1989 Nov;140(5):1194-7
     </refsource>
     <pmid version="1">
      2817580
     </pmid>
    </commentscorrections>
    <commentscorrections reftype="Cites">
     <refsource>
      Am Rev Respir Dis. 1989 Oct;140(4):1001-6
     </refsource>
     <pmid version="1">
      2802363
     </pmid>
    </commentscorrections>
    <commentscorrections reftype="Cites">
     <refsource>
      Am Rev Respir Dis. 1989 Sep;140(3):700-5
     </refsource>
     <pmid version="1">
      2782741
     </pmid>
    </commentscorrections>
    <commentscorrections reftype="Cites">
     <refsource>
      Am Rev Respir Dis. 1978 Jun;117(6):991-1001
     </refsource>
     <pmid version="1">
      666111
     </pmid>
    </commentscorrections>
    <commentscorrections reftype="Cites">
     <refsource>
      Arch Surg. 1979 May;114(5):597-9
     </refsource>
     <pmid version="1">
      375876
     </pmid>
    </commentscorrections>
    <commentscorrections reftype="Cites">
     <refsource>
      Med J Aust. 1978 Feb 11;1(3):165-9
     </refsource>
     <pmid version="1">
      651734
     </pmid>
    </commentscorrections>
    <commentscorrections reftype="Cites">
     <refsource>
      Am Rev Respir Dis. 1973 Apr;107(4):523-9
     </refsource>
     <pmid version="1">
      4697661
     </pmid>
    </commentscorrections>
    <commentscorrections reftype="Cites">
     <refsource>
      Am Rev Respir Dis. 1974 Nov;110(5):581-4
     </refsource>
     <pmid version="1">
      4429254
     </pmid>
    </commentscorrections>
    <commentscorrections reftype="Cites">
     <refsource>
      Ann Intern Med. 1974 Aug;81(2):200-2
     </refsource>
     <pmid version="1">
      4843577
     </pmid>
    </commentscorrections>
    <commentscorrections reftype="Cites">
     <refsource>
      JAMA. 1972 Jun 12;220(11):1471-3
     </refsource>
     <pmid version="1">
      5067581
     </pmid>
    </commentscorrections>
    <commentscorrections reftype="Cites">
     <refsource>
      Am Rev Respir Dis. 1972 Sep;106(3):357-65
     </refsource>
     <pmid version="1">
      5080707
     </pmid>
    </commentscorrections>
    <commentscorrections reftype="Cites">
     <refsource>
      Ann Intern Med. 1969 Dec;71(6):1113-20
     </refsource>
     <pmid version="1">
      5361410
     </pmid>
    </commentscorrections>
    <commentscorrections reftype="Cites">
     <refsource>
      J Pediatr. 1976 Jul;89(1):133-5
     </refsource>
     <pmid version="1">
      819639
     </pmid>
    </commentscorrections>
    <commentscorrections reftype="Cites">
     <refsource>
      Chest. 1975 Aug;68(2):181-90
     </refsource>
     <pmid version="1">
      1080096
     </pmid>
    </commentscorrections>
    <commentscorrections reftype="Cites">
     <refsource>
      JAMA. 1974 Jul 29;229(5):528-33
     </refsource>
     <pmid version="1">
      4545925
     </pmid>
    </commentscorrections>
    <commentscorrections reftype="Cites">
     <refsource>
      Md State Med J. 1974 Nov;23(11):64-7
     </refsource>
     <pmid version="1">
      4420979
     </pmid>
    </commentscorrections>
    <commentscorrections reftype="Cites">
     <refsource>
      Bibl Tuberc. 1970;26:28-106
     </refsource>
     <pmid version="1">
      4903501
     </pmid>
    </commentscorrections>
    <commentscorrections reftype="Cites">
     <refsource>
      Can Med Assoc J. 1976 Apr 3;114(7):607-11
     </refsource>
     <pmid version="1">
      816447
     </pmid>
    </commentscorrections>
    <commentscorrections reftype="Cites">
     <refsource>
      Arch Intern Med. 1992 Mar;152(3):547-50
     </refsource>
     <pmid version="1">
      1546917
     </pmid>
    </commentscorrections>
   </commentscorrectionslist>
   <meshheadinglist>
    <meshheading>
     <descriptorname majortopicyn="N">
      Adult
     </descriptorname>
    </meshheading>
    <meshheading>
     <descriptorname majortopicyn="N">
      Age Factors
     </descriptorname>
    </meshheading>
    <meshheading>
     <descriptorname majortopicyn="N">
      Aged
     </descriptorname>
    </meshheading>
    <meshheading>
     <descriptorname majortopicyn="N">
      Cause of Death
     </descriptorname>
    </meshheading>
    <meshheading>
     <descriptorname majortopicyn="N">
      Drug Combinations
     </descriptorname>
    </meshheading>
    <meshheading>
     <descriptorname majortopicyn="N">
      Drug Monitoring
     </descriptorname>
    </meshheading>
    <meshheading>
     <descriptorname majortopicyn="N">
      Drug-Induced Liver Injury
     </descriptorname>
     <qualifiername majortopicyn="Y">
      etiology
     </qualifiername>
    </meshheading>
    <meshheading>
     <descriptorname majortopicyn="N">
      Female
     </descriptorname>
    </meshheading>
    <meshheading>
     <descriptorname majortopicyn="N">
      HIV Infections
     </descriptorname>
     <qualifiername majortopicyn="N">
      complications
     </qualifiername>
    </meshheading>
    <meshheading>
     <descriptorname majortopicyn="N">
      Humans
     </descriptorname>
    </meshheading>
    <meshheading>
     <descriptorname majortopicyn="N">
      Isoniazid
     </descriptorname>
     <qualifiername majortopicyn="N">
      administration &amp; dosage
     </qualifiername>
     <qualifiername majortopicyn="Y">
      adverse effects
     </qualifiername>
     <qualifiername majortopicyn="N">
      therapeutic use
     </qualifiername>
    </meshheading>
    <meshheading>
     <descriptorname majortopicyn="N">
      Male
     </descriptorname>
    </meshheading>
    <meshheading>
     <descriptorname majortopicyn="N">
      Patient Dropouts
     </descriptorname>
    </meshheading>
    <meshheading>
     <descriptorname majortopicyn="N">
      Prognosis
     </descriptorname>
    </meshheading>
    <meshheading>
     <descriptorname majortopicyn="N">
      Risk Factors
     </descriptorname>
    </meshheading>
    <meshheading>
     <descriptorname majortopicyn="N">
      Tuberculosis
     </descriptorname>
     <qualifiername majortopicyn="N">
      complications
     </qualifiername>
     <qualifiername majortopicyn="Y">
      prevention &amp; control
     </qualifiername>
    </meshheading>
   </meshheadinglist>
   <otherid source="NLM">
    PMC1022345
   </otherid>
  </medlinecitation>
  <pubmeddata>
   <history>
    <pubmedpubdate pubstatus="pubmed">
     <year>
      1993
     </year>
     <month>
      11
     </month>
     <day>
      1
     </day>
    </pubmedpubdate>
    <pubmedpubdate pubstatus="medline">
     <year>
      1993
     </year>
     <month>
      11
     </month>
     <day>
      1
     </day>
     <hour>
      0
     </hour>
     <minute>
      1
     </minute>
    </pubmedpubdate>
    <pubmedpubdate pubstatus="entrez">
     <year>
      1993
     </year>
     <month>
      11
     </month>
     <day>
      1
     </day>
     <hour>
      0
     </hour>
     <minute>
      0
     </minute>
    </pubmedpubdate>
   </history>
   <publicationstatus>
    ppublish
   </publicationstatus>
   <articleidlist>
    <articleid idtype="pubmed">
     8279152
    </articleid>
    <articleid idtype="pmc">
     PMC1022345
    </articleid>
   </articleidlist>
  </pubmeddata>
 </pubmedarticle>
</pubmedarticleset>

