<?xml version='1.0' encoding='utf-8'?>
<!DOCTYPE PubmedArticleSet PUBLIC "-//NLM//DTD PubMedArticle, 1st January 2011//EN" "http://www.ncbi.nlm.nih.gov/entrez/query/DTD/pubmed_110101.dtd">
<pubmedarticleset>
 <pubmedarticle>
  <medlinecitation owner="NLM" status="MEDLINE">
   <pmid version="1">
    8280820
   </pmid>
   <datecreated>
    <year>
     1994
    </year>
    <month>
     02
    </month>
    <day>
     15
    </day>
   </datecreated>
   <datecompleted>
    <year>
     1994
    </year>
    <month>
     02
    </month>
    <day>
     15
    </day>
   </datecompleted>
   <daterevised>
    <year>
     2004
    </year>
    <month>
     11
    </month>
    <day>
     17
    </day>
   </daterevised>
   <article pubmodel="Print">
    <journal>
     <issn issntype="Print">
      0269-2813
     </issn>
     <journalissue citedmedium="Print">
      <volume>
       7
      </volume>
      <issue>
       5
      </issue>
      <pubdate>
       <year>
        1993
       </year>
       <month>
        Oct
       </month>
      </pubdate>
     </journalissue>
     <title>
      Alimentary pharmacology &amp; therapeutics
     </title>
     <isoabbreviation>
      Aliment. Pharmacol. Ther.
     </isoabbreviation>
    </journal>
    <articletitle>
     A prospective randomized study with mineral oil and oral lavage solution for treatment of faecal impaction in children.
    </articletitle>
    <pagination>
     <medlinepgn>
      523-9
     </medlinepgn>
    </pagination>
    <abstract>
     <abstracttext>
      Faecal impaction with or without encopresis is a very common problem. We performed a randomized, open-label, prospective study to compare the efficacy and acceptability of the treatment of faecal impaction using either mineral oil or pineapple-flavoured isotonic intestinal lavage solution containing polyethylene glycol-3350 (Colyte). Thirty-six patients over 2 years of age were randomized to receive either mineral oil or flavoured lavage solution. The dose of mineral oil was 2 to 8 tablespoons twice a day for two days (17 patients--Group I) and of lavage solution was 20 ml/kg/h for 4 hours on two consecutive days (19 patients--Group II). The patients were assessed for the presence of abdominal faecal masses, presence and consistency of rectal mass, perineal soiling before and two days after either of the randomly assigned treatment. The patients and parents were asked regarding the compliance with treatment, side-effects, number of bowel movements after treatment and willingness to try similar treatment if faecal impaction recurred. Patients in the lavage group had more frequent bowel movements, and showed more effective clearance of abdominal and rectal lumps (P &lt; 0.01) at the time of repeat examination at two days. However, they had some vomiting and were less compliant (P &lt; 0.01) when compared to mineral oil patients. We conclude that balanced lavage solution effectively relieves faecal impaction, however, compliance with its use is poorer than that with mineral oil.
     </abstracttext>
    </abstract>
    <affiliation>
     Division of Pediatric Gastroenterology and Nutrition, Children's Hospital of Michigan, Wayne State University, Detroit.
    </affiliation>
    <authorlist completeyn="Y">
     <author validyn="Y">
      <lastname>
       Tolia
      </lastname>
      <forename>
       V
      </forename>
      <initials>
       V
      </initials>
     </author>
     <author validyn="Y">
      <lastname>
       Lin
      </lastname>
      <forename>
       C H
      </forename>
      <initials>
       CH
      </initials>
     </author>
     <author validyn="Y">
      <lastname>
       Elitsur
      </lastname>
      <forename>
       Y
      </forename>
      <initials>
       Y
      </initials>
     </author>
    </authorlist>
    <language>
     eng
    </language>
    <publicationtypelist>
     <publicationtype>
      Clinical Trial
     </publicationtype>
     <publicationtype>
      Journal Article
     </publicationtype>
     <publicationtype>
      Randomized Controlled Trial
     </publicationtype>
    </publicationtypelist>
   </article>
   <medlinejournalinfo>
    <country>
     ENGLAND
    </country>
    <medlineta>
     Aliment Pharmacol Ther
    </medlineta>
    <nlmuniqueid>
     8707234
    </nlmuniqueid>
    <issnlinking>
     0269-2813
    </issnlinking>
   </medlinejournalinfo>
   <chemicallist>
    <chemical>
     <registrynumber>
      0
     </registrynumber>
     <nameofsubstance>
      Electrolytes
     </nameofsubstance>
    </chemical>
    <chemical>
     <registrynumber>
      0
     </registrynumber>
     <nameofsubstance>
      Golytely
     </nameofsubstance>
    </chemical>
    <chemical>
     <registrynumber>
      0
     </registrynumber>
     <nameofsubstance>
      Isotonic Solutions
     </nameofsubstance>
    </chemical>
    <chemical>
     <registrynumber>
      0
     </registrynumber>
     <nameofsubstance>
      Polyethylene Glycols
     </nameofsubstance>
    </chemical>
    <chemical>
     <registrynumber>
      8020-83-5
     </registrynumber>
     <nameofsubstance>
      Mineral Oil
     </nameofsubstance>
    </chemical>
   </chemicallist>
   <citationsubset>
    IM
   </citationsubset>
   <meshheadinglist>
    <meshheading>
     <descriptorname majortopicyn="N">
      Administration, Oral
     </descriptorname>
    </meshheading>
    <meshheading>
     <descriptorname majortopicyn="N">
      Child
     </descriptorname>
    </meshheading>
    <meshheading>
     <descriptorname majortopicyn="N">
      Child, Preschool
     </descriptorname>
    </meshheading>
    <meshheading>
     <descriptorname majortopicyn="N">
      Constipation
     </descriptorname>
     <qualifiername majortopicyn="N">
      complications
     </qualifiername>
     <qualifiername majortopicyn="N">
      drug therapy
     </qualifiername>
    </meshheading>
    <meshheading>
     <descriptorname majortopicyn="N">
      Electrolytes
     </descriptorname>
     <qualifiername majortopicyn="N">
      administration &amp; dosage
     </qualifiername>
     <qualifiername majortopicyn="Y">
      therapeutic use
     </qualifiername>
    </meshheading>
    <meshheading>
     <descriptorname majortopicyn="N">
      Fecal Impaction
     </descriptorname>
     <qualifiername majortopicyn="Y">
      drug therapy
     </qualifiername>
    </meshheading>
    <meshheading>
     <descriptorname majortopicyn="N">
      Female
     </descriptorname>
    </meshheading>
    <meshheading>
     <descriptorname majortopicyn="N">
      Humans
     </descriptorname>
    </meshheading>
    <meshheading>
     <descriptorname majortopicyn="N">
      Isotonic Solutions
     </descriptorname>
     <qualifiername majortopicyn="N">
      administration &amp; dosage
     </qualifiername>
     <qualifiername majortopicyn="N">
      therapeutic use
     </qualifiername>
    </meshheading>
    <meshheading>
     <descriptorname majortopicyn="N">
      Male
     </descriptorname>
    </meshheading>
    <meshheading>
     <descriptorname majortopicyn="N">
      Mineral Oil
     </descriptorname>
     <qualifiername majortopicyn="N">
      administration &amp; dosage
     </qualifiername>
     <qualifiername majortopicyn="Y">
      therapeutic use
     </qualifiername>
    </meshheading>
    <meshheading>
     <descriptorname majortopicyn="N">
      Polyethylene Glycols
     </descriptorname>
     <qualifiername majortopicyn="N">
      administration &amp; dosage
     </qualifiername>
     <qualifiername majortopicyn="Y">
      therapeutic use
     </qualifiername>
    </meshheading>
    <meshheading>
     <descriptorname majortopicyn="N">
      Prospective Studies
     </descriptorname>
    </meshheading>
   </meshheadinglist>
  </medlinecitation>
  <pubmeddata>
   <history>
    <pubmedpubdate pubstatus="pubmed">
     <year>
      1993
     </year>
     <month>
      10
     </month>
     <day>
      1
     </day>
    </pubmedpubdate>
    <pubmedpubdate pubstatus="medline">
     <year>
      1993
     </year>
     <month>
      10
     </month>
     <day>
      1
     </day>
     <hour>
      0
     </hour>
     <minute>
      1
     </minute>
    </pubmedpubdate>
    <pubmedpubdate pubstatus="entrez">
     <year>
      1993
     </year>
     <month>
      10
     </month>
     <day>
      1
     </day>
     <hour>
      0
     </hour>
     <minute>
      0
     </minute>
    </pubmedpubdate>
   </history>
   <publicationstatus>
    ppublish
   </publicationstatus>
   <articleidlist>
    <articleid idtype="pubmed">
     8280820
    </articleid>
   </articleidlist>
  </pubmeddata>
 </pubmedarticle>
</pubmedarticleset>

