<?xml version='1.0' encoding='utf-8'?>
<!DOCTYPE PubmedArticleSet PUBLIC "-//NLM//DTD PubMedArticle, 1st January 2011//EN" "http://www.ncbi.nlm.nih.gov/entrez/query/DTD/pubmed_110101.dtd">
<pubmedarticleset>
 <pubmedarticle>
  <medlinecitation owner="NLM" status="MEDLINE">
   <pmid version="1">
    8284003
   </pmid>
   <datecreated>
    <year>
     1994
    </year>
    <month>
     02
    </month>
    <day>
     17
    </day>
   </datecreated>
   <datecompleted>
    <year>
     1994
    </year>
    <month>
     02
    </month>
    <day>
     17
    </day>
   </datecompleted>
   <daterevised>
    <year>
     2010
    </year>
    <month>
     03
    </month>
    <day>
     24
    </day>
   </daterevised>
   <article pubmodel="Print">
    <journal>
     <issn issntype="Print">
      0028-4793
     </issn>
     <journalissue citedmedium="Print">
      <volume>
       330
      </volume>
      <issue>
       6
      </issue>
      <pubdate>
       <year>
        1994
       </year>
       <month>
        Feb
       </month>
       <day>
        10
       </day>
      </pubdate>
     </journalissue>
     <title>
      The New England journal of medicine
     </title>
     <isoabbreviation>
      N. Engl. J. Med.
     </isoabbreviation>
    </journal>
    <articletitle>
     The bone density of female twins discordant for tobacco use.
    </articletitle>
    <pagination>
     <medlinepgn>
      387-92
     </medlinepgn>
    </pagination>
    <abstract>
     <abstracttext label="BACKGROUND" nlmcategory="BACKGROUND">
      Smoking is recognized as a risk factor for vertebral, forearm, and hip fractures. Since bone density is an important determinant of bone strength, we conducted a study to ascertain whether a deficit in bone density is associated with tobacco use and, if so, to identify the responsible mechanisms.
     </abstracttext>
     <abstracttext label="METHODS" nlmcategory="METHODS">
      We conducted a cross-sectional study of bone density at the lumbar spine and the femoral neck and shaft in 41 pairs of female twins (21 monozygotic pairs), 27 to 73 years of age (mean, 49), who were discordant for at least 5 pack-years of smoking (mean, 23; maximum, 64). Bone density was measured by dual-photon absorptiometry. The difference in bone density between the members of a pair was expressed as a percentage of the mean value for the pair.
     </abstracttext>
     <abstracttext label="RESULTS" nlmcategory="RESULTS">
      For every 10 pack-years of smoking, the bone density of the twin who smoked more heavily was 2.0 percent lower at the lumbar spine (P = 0.01), 0.9 percent lower at the femoral neck (P = 0.25), and 1.4 percent lower at the femoral shaft (P = 0.04). These results were not confounded by measured lifestyle factors. In the 20 pairs who were discordant by 20 or more pack-years (mean, 35), the (mean +/- SE) within-pair differences in bone density at the three sites were 9.3 +/- 3.1 percent (P = 0.008), 5.8 +/- 2.9 percent (P = 0.06), and 6.5 +/- 3.2 percent (P = 0.05), respectively. Smoking was associated with higher serum concentrations of follicle-stimulating hormone (P = 0.02) and luteinizing hormone (P = 0.03) and lower serum concentrations of parathyroid hormone (P = 0.05). Differences in spinal bone density between members of a pair were associated with differences in the serum concentrations of parathyroid hormone (P = 0.01) and calcium (P = 0.05) and urinary pyridinoline excretion (P = 0.06), a marker of bone resorption.
     </abstracttext>
     <abstracttext label="CONCLUSIONS" nlmcategory="CONCLUSIONS">
      Women who smoke one pack of cigarettes each day throughout adulthood will, by the time of menopause, have an average deficit of 5 to 10 percent in bone density, which is sufficient to increase the risk of fracture.
     </abstracttext>
    </abstract>
    <affiliation>
     Faculty of Medicine Epidemiology Unit, University of Melbourne, Carlton, Australia.
    </affiliation>
    <authorlist completeyn="Y">
     <author validyn="Y">
      <lastname>
       Hopper
      </lastname>
      <forename>
       J L
      </forename>
      <initials>
       JL
      </initials>
     </author>
     <author validyn="Y">
      <lastname>
       Seeman
      </lastname>
      <forename>
       E
      </forename>
      <initials>
       E
      </initials>
     </author>
    </authorlist>
    <language>
     eng
    </language>
    <publicationtypelist>
     <publicationtype>
      Journal Article
     </publicationtype>
     <publicationtype>
      Research Support, Non-U.S. Gov't
     </publicationtype>
    </publicationtypelist>
   </article>
   <medlinejournalinfo>
    <country>
     UNITED STATES
    </country>
    <medlineta>
     N Engl J Med
    </medlineta>
    <nlmuniqueid>
     0255562
    </nlmuniqueid>
    <issnlinking>
     0028-4793
    </issnlinking>
   </medlinejournalinfo>
   <citationsubset>
    AIM
   </citationsubset>
   <citationsubset>
    IM
   </citationsubset>
   <commentscorrectionslist>
    <commentscorrections reftype="CommentIn">
     <refsource>
      N Engl J Med. 1994 Feb 10;330(6):430-1
     </refsource>
     <pmid version="1">
      8284011
     </pmid>
    </commentscorrections>
   </commentscorrectionslist>
   <meshheadinglist>
    <meshheading>
     <descriptorname majortopicyn="N">
      Adult
     </descriptorname>
    </meshheading>
    <meshheading>
     <descriptorname majortopicyn="N">
      Aged
     </descriptorname>
    </meshheading>
    <meshheading>
     <descriptorname majortopicyn="Y">
      Bone Density
     </descriptorname>
    </meshheading>
    <meshheading>
     <descriptorname majortopicyn="N">
      Cross-Sectional Studies
     </descriptorname>
    </meshheading>
    <meshheading>
     <descriptorname majortopicyn="N">
      Female
     </descriptorname>
    </meshheading>
    <meshheading>
     <descriptorname majortopicyn="N">
      Femur
     </descriptorname>
     <qualifiername majortopicyn="Y">
      metabolism
     </qualifiername>
    </meshheading>
    <meshheading>
     <descriptorname majortopicyn="N">
      Fractures, Bone
     </descriptorname>
     <qualifiername majortopicyn="N">
      etiology
     </qualifiername>
    </meshheading>
    <meshheading>
     <descriptorname majortopicyn="N">
      Humans
     </descriptorname>
    </meshheading>
    <meshheading>
     <descriptorname majortopicyn="N">
      Middle Aged
     </descriptorname>
    </meshheading>
    <meshheading>
     <descriptorname majortopicyn="N">
      Osteoporosis, Postmenopausal
     </descriptorname>
     <qualifiername majortopicyn="N">
      etiology
     </qualifiername>
     <qualifiername majortopicyn="N">
      metabolism
     </qualifiername>
    </meshheading>
    <meshheading>
     <descriptorname majortopicyn="N">
      Risk Factors
     </descriptorname>
    </meshheading>
    <meshheading>
     <descriptorname majortopicyn="N">
      Smoking
     </descriptorname>
     <qualifiername majortopicyn="Y">
      adverse effects
     </qualifiername>
    </meshheading>
    <meshheading>
     <descriptorname majortopicyn="N">
      Spine
     </descriptorname>
     <qualifiername majortopicyn="Y">
      metabolism
     </qualifiername>
    </meshheading>
    <meshheading>
     <descriptorname majortopicyn="Y">
      Twins
     </descriptorname>
    </meshheading>
   </meshheadinglist>
  </medlinecitation>
  <pubmeddata>
   <history>
    <pubmedpubdate pubstatus="pubmed">
     <year>
      1994
     </year>
     <month>
      2
     </month>
     <day>
      10
     </day>
    </pubmedpubdate>
    <pubmedpubdate pubstatus="medline">
     <year>
      1994
     </year>
     <month>
      2
     </month>
     <day>
      10
     </day>
     <hour>
      0
     </hour>
     <minute>
      1
     </minute>
    </pubmedpubdate>
    <pubmedpubdate pubstatus="entrez">
     <year>
      1994
     </year>
     <month>
      2
     </month>
     <day>
      10
     </day>
     <hour>
      0
     </hour>
     <minute>
      0
     </minute>
    </pubmedpubdate>
   </history>
   <publicationstatus>
    ppublish
   </publicationstatus>
   <articleidlist>
    <articleid idtype="pubmed">
     8284003
    </articleid>
    <articleid idtype="doi">
     10.1056/NEJM199402103300603
    </articleid>
   </articleidlist>
  </pubmeddata>
 </pubmedarticle>
</pubmedarticleset>

