<?xml version='1.0' encoding='utf-8'?>
<!DOCTYPE PubmedArticleSet PUBLIC "-//NLM//DTD PubMedArticle, 1st January 2011//EN" "http://www.ncbi.nlm.nih.gov/entrez/query/DTD/pubmed_110101.dtd">
<pubmedarticleset>
 <pubmedarticle>
  <medlinecitation owner="NLM" status="MEDLINE">
   <pmid version="1">
    8441133
   </pmid>
   <datecreated>
    <year>
     1993
    </year>
    <month>
     03
    </month>
    <day>
     30
    </day>
   </datecreated>
   <datecompleted>
    <year>
     1993
    </year>
    <month>
     03
    </month>
    <day>
     30
    </day>
   </datecompleted>
   <daterevised>
    <year>
     2007
    </year>
    <month>
     11
    </month>
    <day>
     15
    </day>
   </daterevised>
   <article pubmodel="Print">
    <journal>
     <issn issntype="Print">
      0024-7758
     </issn>
     <journalissue citedmedium="Print">
      <volume>
       38
      </volume>
      <issue>
       1
      </issue>
      <pubdate>
       <year>
        1993
       </year>
       <month>
        Jan
       </month>
      </pubdate>
     </journalissue>
     <title>
      The Journal of reproductive medicine
     </title>
     <isoabbreviation>
      J Reprod Med
     </isoabbreviation>
    </journal>
    <articletitle>
     Laparoscopic versus clinical diagnosis of acute pelvic inflammatory disease.
    </articletitle>
    <pagination>
     <medlinepgn>
      53-6
     </medlinepgn>
    </pagination>
    <abstract>
     <abstracttext>
      The purpose of this study was to evaluate the accuracy of clinical diagnosis of acute pelvic inflammatory disease (PID). Data were obtained on 176 consecutive women admitted to St. Elizabeth Hospital Medical Center with a clinical diagnosis of PID. All underwent diagnostic laparoscopy. PID was established laparoscopically in 134 (76.1%) of the patients. Statistical tests for significant associations between PID and each of 21 clinical indicators of the disease were conducted using the chi 2 and Mann-Whitney tests. Stepwise logistic regression was performed on those variables whose univariate tests of significant association with PID resulted in P values &lt; 0.20. An optimal set of PID indicators consisted of adnexal tenderness, lower abdominal pain of &lt; one week's duration and an elevated white blood cell count. Use of these indicators resulted in a test with an estimated sensitivity and specificity of 86.6% and 45.7%, respectively. Estimated predictive values for positive and negative test results were 0.84 and 0.52, respectively. These results confirm the fact that laparoscopy is the definitive diagnostic modality in PID.
     </abstracttext>
    </abstract>
    <affiliation>
     Department of Obstetrics and Gynecology, St. Elizabeth Hospital Medical Center, Youngstown, Ohio.
    </affiliation>
    <authorlist completeyn="Y">
     <author validyn="Y">
      <lastname>
       Morcos
      </lastname>
      <forename>
       R
      </forename>
      <initials>
       R
      </initials>
     </author>
     <author validyn="Y">
      <lastname>
       Frost
      </lastname>
      <forename>
       N
      </forename>
      <initials>
       N
      </initials>
     </author>
     <author validyn="Y">
      <lastname>
       Hnat
      </lastname>
      <forename>
       M
      </forename>
      <initials>
       M
      </initials>
     </author>
     <author validyn="Y">
      <lastname>
       Petrunak
      </lastname>
      <forename>
       A
      </forename>
      <initials>
       A
      </initials>
     </author>
     <author validyn="Y">
      <lastname>
       Caldito
      </lastname>
      <forename>
       G
      </forename>
      <initials>
       G
      </initials>
     </author>
    </authorlist>
    <language>
     eng
    </language>
    <publicationtypelist>
     <publicationtype>
      Comparative Study
     </publicationtype>
     <publicationtype>
      Journal Article
     </publicationtype>
    </publicationtypelist>
   </article>
   <medlinejournalinfo>
    <country>
     UNITED STATES
    </country>
    <medlineta>
     J Reprod Med
    </medlineta>
    <nlmuniqueid>
     0173343
    </nlmuniqueid>
    <issnlinking>
     0024-7758
    </issnlinking>
   </medlinejournalinfo>
   <citationsubset>
    IM
   </citationsubset>
   <meshheadinglist>
    <meshheading>
     <descriptorname majortopicyn="N">
      Acute Disease
     </descriptorname>
    </meshheading>
    <meshheading>
     <descriptorname majortopicyn="N">
      Evaluation Studies as Topic
     </descriptorname>
    </meshheading>
    <meshheading>
     <descriptorname majortopicyn="N">
      Female
     </descriptorname>
    </meshheading>
    <meshheading>
     <descriptorname majortopicyn="N">
      Humans
     </descriptorname>
    </meshheading>
    <meshheading>
     <descriptorname majortopicyn="Y">
      Laparoscopy
     </descriptorname>
    </meshheading>
    <meshheading>
     <descriptorname majortopicyn="N">
      Multivariate Analysis
     </descriptorname>
    </meshheading>
    <meshheading>
     <descriptorname majortopicyn="N">
      Pelvic Inflammatory Disease
     </descriptorname>
     <qualifiername majortopicyn="Y">
      diagnosis
     </qualifiername>
    </meshheading>
    <meshheading>
     <descriptorname majortopicyn="N">
      Regression Analysis
     </descriptorname>
    </meshheading>
    <meshheading>
     <descriptorname majortopicyn="N">
      Retrospective Studies
     </descriptorname>
    </meshheading>
   </meshheadinglist>
  </medlinecitation>
  <pubmeddata>
   <history>
    <pubmedpubdate pubstatus="pubmed">
     <year>
      1993
     </year>
     <month>
      1
     </month>
     <day>
      1
     </day>
    </pubmedpubdate>
    <pubmedpubdate pubstatus="medline">
     <year>
      1993
     </year>
     <month>
      1
     </month>
     <day>
      1
     </day>
     <hour>
      0
     </hour>
     <minute>
      1
     </minute>
    </pubmedpubdate>
    <pubmedpubdate pubstatus="entrez">
     <year>
      1993
     </year>
     <month>
      1
     </month>
     <day>
      1
     </day>
     <hour>
      0
     </hour>
     <minute>
      0
     </minute>
    </pubmedpubdate>
   </history>
   <publicationstatus>
    ppublish
   </publicationstatus>
   <articleidlist>
    <articleid idtype="pubmed">
     8441133
    </articleid>
   </articleidlist>
  </pubmeddata>
 </pubmedarticle>
</pubmedarticleset>

