<?xml version='1.0' encoding='utf-8'?>
<!DOCTYPE PubmedArticleSet PUBLIC "-//NLM//DTD PubMedArticle, 1st January 2011//EN" "http://www.ncbi.nlm.nih.gov/entrez/query/DTD/pubmed_110101.dtd">
<pubmedarticleset>
 <pubmedarticle>
  <medlinecitation owner="NLM" status="MEDLINE">
   <pmid version="1">
    8517575
   </pmid>
   <datecreated>
    <year>
     1993
    </year>
    <month>
     07
    </month>
    <day>
     21
    </day>
   </datecreated>
   <datecompleted>
    <year>
     1993
    </year>
    <month>
     07
    </month>
    <day>
     21
    </day>
   </datecompleted>
   <daterevised>
    <year>
     2007
    </year>
    <month>
     11
    </month>
    <day>
     14
    </day>
   </daterevised>
   <article pubmodel="Print">
    <journal>
     <issn issntype="Print">
      0196-0644
     </issn>
     <journalissue citedmedium="Print">
      <volume>
       22
      </volume>
      <issue>
       7
      </issue>
      <pubdate>
       <year>
        1993
       </year>
       <month>
        Jul
       </month>
      </pubdate>
     </journalissue>
     <title>
      Annals of emergency medicine
     </title>
     <isoabbreviation>
      Ann Emerg Med
     </isoabbreviation>
    </journal>
    <articletitle>
     Practice guideline for the management of infants and children 0 to 36 months of age with fever without source. Agency for Health Care Policy and Research.
    </articletitle>
    <pagination>
     <medlinepgn>
      1198-210
     </medlinepgn>
    </pagination>
    <abstract>
     <abstracttext label="STUDY OBJECTIVE" nlmcategory="OBJECTIVE">
      To develop guidelines for the care of infants and children from birth to 36 months of age with fever without source.
     </abstracttext>
     <abstracttext label="PARTICIPANTS AND SETTING" nlmcategory="METHODS">
      An expert panel of senior academic faculty with expertise in pediatrics and infectious diseases or emergency medicine.
     </abstracttext>
     <abstracttext label="DESIGN AND INTERVENTION" nlmcategory="METHODS">
      A comprehensive literature search was used to identify all publications pertinent to the management of the febrile child. When appropriate, meta-analysis was used to combine the results of multiple studies. One or more specific management strategies were proposed for each of the decision nodes in draft management algorithms. The draft algorithms, selected publications, and the meta-analyses were provided to the panel, which determined the final guidelines using the modified Delphi technique.
     </abstracttext>
     <abstracttext label="RESULTS" nlmcategory="RESULTS">
      All toxic-appearing infants and children and all febrile infants less than 28 days of age should be hospitalized for parenteral antibiotic therapy. Febrile infants 28 to 90 days of age defined at low risk by specific clinical and laboratory criteria may be managed as outpatients if close follow-up is assured. Older children with fever less than 39.0 C without source need no laboratory tests or antibiotics. Children 3 to 36 months of age with fever of 39.0 C or more and whose WBC count is 15,000/mm3 or more should have a blood culture and be treated with antibiotics pending culture results. Urine cultures should be obtained from all boys 6 months of age or less and all girls 2 years of age or less who are treated with antibiotics.
     </abstracttext>
     <abstracttext label="CONCLUSION" nlmcategory="CONCLUSIONS">
      These guidelines do not eliminate all risk or strictly confine antibiotic treatment to children likely to have occult bacteremia. Physicians may individualize therapy based on clinical circumstances or adopt a variation of these guidelines based on a different interpretation of the evidence.
     </abstracttext>
    </abstract>
    <affiliation>
     UCLA Emergency Medicine Center.
    </affiliation>
    <authorlist completeyn="Y">
     <author validyn="Y">
      <lastname>
       Baraff
      </lastname>
      <forename>
       L J
      </forename>
      <initials>
       LJ
      </initials>
     </author>
     <author validyn="Y">
      <lastname>
       Bass
      </lastname>
      <forename>
       J W
      </forename>
      <initials>
       JW
      </initials>
     </author>
     <author validyn="Y">
      <lastname>
       Fleisher
      </lastname>
      <forename>
       G R
      </forename>
      <initials>
       GR
      </initials>
     </author>
     <author validyn="Y">
      <lastname>
       Klein
      </lastname>
      <forename>
       J O
      </forename>
      <initials>
       JO
      </initials>
     </author>
     <author validyn="Y">
      <lastname>
       McCracken
      </lastname>
      <forename>
       G H
      </forename>
      <initials>
       GH
      </initials>
      <suffix>
       Jr
      </suffix>
     </author>
     <author validyn="Y">
      <lastname>
       Powell
      </lastname>
      <forename>
       K R
      </forename>
      <initials>
       KR
      </initials>
     </author>
     <author validyn="Y">
      <lastname>
       Schriger
      </lastname>
      <forename>
       D L
      </forename>
      <initials>
       DL
      </initials>
     </author>
    </authorlist>
    <language>
     eng
    </language>
    <grantlist completeyn="Y">
     <grant>
      <grantid>
       R18 HS 06284
      </grantid>
      <acronym>
       HS
      </acronym>
      <agency>
       AHRQ HHS
      </agency>
      <country>
       United States
      </country>
     </grant>
    </grantlist>
    <publicationtypelist>
     <publicationtype>
      Guideline
     </publicationtype>
     <publicationtype>
      Journal Article
     </publicationtype>
     <publicationtype>
      Meta-Analysis
     </publicationtype>
     <publicationtype>
      Practice Guideline
     </publicationtype>
     <publicationtype>
      Research Support, Non-U.S. Gov't
     </publicationtype>
     <publicationtype>
      Research Support, U.S. Gov't, P.H.S.
     </publicationtype>
    </publicationtypelist>
   </article>
   <medlinejournalinfo>
    <country>
     UNITED STATES
    </country>
    <medlineta>
     Ann Emerg Med
    </medlineta>
    <nlmuniqueid>
     8002646
    </nlmuniqueid>
    <issnlinking>
     0196-0644
    </issnlinking>
   </medlinejournalinfo>
   <citationsubset>
    AIM
   </citationsubset>
   <citationsubset>
    IM
   </citationsubset>
   <commentscorrectionslist>
    <commentscorrections reftype="CommentIn">
     <refsource>
      Ann Emerg Med. 1994 Mar;23(3):598-600
     </refsource>
     <pmid version="1">
      8135443
     </pmid>
    </commentscorrections>
    <commentscorrections reftype="CommentIn">
     <refsource>
      Ann Emerg Med. 1993 Jul;22(7):1196-7
     </refsource>
     <pmid version="1">
      8517574
     </pmid>
    </commentscorrections>
    <commentscorrections reftype="ErratumIn">
     <refsource>
      Ann Emerg Med 1993 Sep;22(9):1490
     </refsource>
    </commentscorrections>
   </commentscorrectionslist>
   <meshheadinglist>
    <meshheading>
     <descriptorname majortopicyn="N">
      Algorithms
     </descriptorname>
    </meshheading>
    <meshheading>
     <descriptorname majortopicyn="N">
      Child, Preschool
     </descriptorname>
    </meshheading>
    <meshheading>
     <descriptorname majortopicyn="N">
      Female
     </descriptorname>
    </meshheading>
    <meshheading>
     <descriptorname majortopicyn="N">
      Fever of Unknown Origin
     </descriptorname>
     <qualifiername majortopicyn="N">
      etiology
     </qualifiername>
     <qualifiername majortopicyn="Y">
      therapy
     </qualifiername>
    </meshheading>
    <meshheading>
     <descriptorname majortopicyn="N">
      Humans
     </descriptorname>
    </meshheading>
    <meshheading>
     <descriptorname majortopicyn="N">
      Infant
     </descriptorname>
    </meshheading>
    <meshheading>
     <descriptorname majortopicyn="N">
      Infant, Newborn
     </descriptorname>
    </meshheading>
    <meshheading>
     <descriptorname majortopicyn="N">
      Male
     </descriptorname>
    </meshheading>
   </meshheadinglist>
  </medlinecitation>
  <pubmeddata>
   <history>
    <pubmedpubdate pubstatus="pubmed">
     <year>
      1993
     </year>
     <month>
      7
     </month>
     <day>
      1
     </day>
    </pubmedpubdate>
    <pubmedpubdate pubstatus="medline">
     <year>
      2001
     </year>
     <month>
      3
     </month>
     <day>
      28
     </day>
     <hour>
      10
     </hour>
     <minute>
      1
     </minute>
    </pubmedpubdate>
    <pubmedpubdate pubstatus="entrez">
     <year>
      1993
     </year>
     <month>
      7
     </month>
     <day>
      1
     </day>
     <hour>
      0
     </hour>
     <minute>
      0
     </minute>
    </pubmedpubdate>
   </history>
   <publicationstatus>
    ppublish
   </publicationstatus>
   <articleidlist>
    <articleid idtype="pubmed">
     8517575
    </articleid>
   </articleidlist>
  </pubmeddata>
 </pubmedarticle>
</pubmedarticleset>

