<?xml version='1.0' encoding='utf-8'?>
<!DOCTYPE PubmedArticleSet PUBLIC "-//NLM//DTD PubMedArticle, 1st January 2011//EN" "http://www.ncbi.nlm.nih.gov/entrez/query/DTD/pubmed_110101.dtd">
<pubmedarticleset>
 <pubmedarticle>
  <medlinecitation owner="NLM" status="MEDLINE">
   <pmid version="1">
    8629648
   </pmid>
   <datecreated>
    <year>
     1996
    </year>
    <month>
     06
    </month>
    <day>
     24
    </day>
   </datecreated>
   <datecompleted>
    <year>
     1996
    </year>
    <month>
     06
    </month>
    <day>
     24
    </day>
   </datecompleted>
   <daterevised>
    <year>
     2004
    </year>
    <month>
     11
    </month>
    <day>
     17
    </day>
   </daterevised>
   <article pubmodel="Print">
    <journal>
     <issn issntype="Print">
      0002-9343
     </issn>
     <journalissue citedmedium="Print">
      <volume>
       100
      </volume>
      <issue>
       2
      </issue>
      <pubdate>
       <year>
        1996
       </year>
       <month>
        Feb
       </month>
      </pubdate>
     </journalissue>
     <title>
      The American journal of medicine
     </title>
     <isoabbreviation>
      Am. J. Med.
     </isoabbreviation>
    </journal>
    <articletitle>
     Intensity of murmurs correlates with severity of valvular regurgitation.
    </articletitle>
    <pagination>
     <medlinepgn>
      149-56
     </medlinepgn>
    </pagination>
    <abstract>
     <abstracttext label="PURPOSE" nlmcategory="OBJECTIVE">
      To evaluate the relationship between the intensity of murmurs and severity of mitral and aortic regurgitation.
     </abstracttext>
     <abstracttext label="PATIENTS AND METHODS" nlmcategory="METHODS">
      Consecutive patients with chronic isolated aortic (n = 40) or mitral (n = 170) regurgitation undergoing echocardiographic quantitation of regurgitation between 1990 and 1991 were studied. Regurgitant volume and fraction were measured using two simultaneous methods (quantitative Doppler echocardiography and quantitative two-dimensional echocardiography); the intensity of the regurgitant murmur (grade 0 to 6) was noted by physicians unaware of the study.
     </abstracttext>
     <abstracttext label="RESULTS" nlmcategory="RESULTS">
      Correlations between murmur intensity and regurgitant volume and fraction were good in aortic regurgitation (r = .60 and r = .67, respectively; P &lt; 0.001) and mitral regurgitation (r = .64 and r = .67, respectively; P &lt; 0.001) but weaker (r = .47 and r = .45, respectively) in the subset of mitral regurgitation of ischemic or functional cause. Murmur intensity grades &gt; or = 3 for aortic regurgitation and &gt; or = 4 for mitral regurgitation predicted severe regurgitation (regurgitant fraction &gt; or = 40%) in 71% and 91% of patients, respectively. Murmur grades &lt; or = 1 for aortic regurgitation and &lt; or = 2 for mitral regurgitation predicted "not severe" regurgitation in 100% and 88% of patients, respectively. Murmur grades 2 for aortic regurgitation and 3 for mitral regurgitation were not correlated to degree of regurgitation. The severity of regurgitation was the most powerful determinant of intensity of murmur.
     </abstracttext>
     <abstracttext label="CONCLUSIONS" nlmcategory="CONCLUSIONS">
      Murmur intensity correlates well with the degree of chronic organic aortic and mitral regurgitation, and can be used as a predictor of regurgitation severity and as a simple guideline for diagnostic testing in these patients.
     </abstracttext>
    </abstract>
    <affiliation>
     Division of Cardiovascular Diseases and Internal Medicine, Mayo Clinic, Rochester, Minnesota 55905, USA.
    </affiliation>
    <authorlist completeyn="Y">
     <author validyn="Y">
      <lastname>
       Desjardins
      </lastname>
      <forename>
       V A
      </forename>
      <initials>
       VA
      </initials>
     </author>
     <author validyn="Y">
      <lastname>
       Enriquez-Sarano
      </lastname>
      <forename>
       M
      </forename>
      <initials>
       M
      </initials>
     </author>
     <author validyn="Y">
      <lastname>
       Tajik
      </lastname>
      <forename>
       A J
      </forename>
      <initials>
       AJ
      </initials>
     </author>
     <author validyn="Y">
      <lastname>
       Bailey
      </lastname>
      <forename>
       K R
      </forename>
      <initials>
       KR
      </initials>
     </author>
     <author validyn="Y">
      <lastname>
       Seward
      </lastname>
      <forename>
       J B
      </forename>
      <initials>
       JB
      </initials>
     </author>
    </authorlist>
    <language>
     eng
    </language>
    <publicationtypelist>
     <publicationtype>
      Journal Article
     </publicationtype>
    </publicationtypelist>
   </article>
   <medlinejournalinfo>
    <country>
     UNITED STATES
    </country>
    <medlineta>
     Am J Med
    </medlineta>
    <nlmuniqueid>
     0267200
    </nlmuniqueid>
    <issnlinking>
     0002-9343
    </issnlinking>
   </medlinejournalinfo>
   <citationsubset>
    AIM
   </citationsubset>
   <citationsubset>
    IM
   </citationsubset>
   <commentscorrectionslist>
    <commentscorrections reftype="CommentIn">
     <refsource>
      Am J Med. 1996 Dec;101(6):664
     </refsource>
     <pmid version="1">
      9003118
     </pmid>
    </commentscorrections>
   </commentscorrectionslist>
   <meshheadinglist>
    <meshheading>
     <descriptorname majortopicyn="N">
      Aged
     </descriptorname>
    </meshheading>
    <meshheading>
     <descriptorname majortopicyn="N">
      Aortic Valve Insufficiency
     </descriptorname>
     <qualifiername majortopicyn="Y">
      complications
     </qualifiername>
     <qualifiername majortopicyn="N">
      ultrasonography
     </qualifiername>
    </meshheading>
    <meshheading>
     <descriptorname majortopicyn="N">
      Echocardiography
     </descriptorname>
    </meshheading>
    <meshheading>
     <descriptorname majortopicyn="N">
      Female
     </descriptorname>
    </meshheading>
    <meshheading>
     <descriptorname majortopicyn="N">
      Heart Murmurs
     </descriptorname>
     <qualifiername majortopicyn="Y">
      complications
     </qualifiername>
    </meshheading>
    <meshheading>
     <descriptorname majortopicyn="N">
      Humans
     </descriptorname>
    </meshheading>
    <meshheading>
     <descriptorname majortopicyn="N">
      Male
     </descriptorname>
    </meshheading>
    <meshheading>
     <descriptorname majortopicyn="N">
      Middle Aged
     </descriptorname>
    </meshheading>
    <meshheading>
     <descriptorname majortopicyn="N">
      Mitral Valve Insufficiency
     </descriptorname>
     <qualifiername majortopicyn="Y">
      complications
     </qualifiername>
     <qualifiername majortopicyn="N">
      ultrasonography
     </qualifiername>
    </meshheading>
    <meshheading>
     <descriptorname majortopicyn="N">
      Prospective Studies
     </descriptorname>
    </meshheading>
    <meshheading>
     <descriptorname majortopicyn="N">
      Severity of Illness Index
     </descriptorname>
    </meshheading>
   </meshheadinglist>
  </medlinecitation>
  <pubmeddata>
   <history>
    <pubmedpubdate pubstatus="pubmed">
     <year>
      1996
     </year>
     <month>
      2
     </month>
     <day>
      1
     </day>
    </pubmedpubdate>
    <pubmedpubdate pubstatus="medline">
     <year>
      1996
     </year>
     <month>
      2
     </month>
     <day>
      1
     </day>
     <hour>
      0
     </hour>
     <minute>
      1
     </minute>
    </pubmedpubdate>
    <pubmedpubdate pubstatus="entrez">
     <year>
      1996
     </year>
     <month>
      2
     </month>
     <day>
      1
     </day>
     <hour>
      0
     </hour>
     <minute>
      0
     </minute>
    </pubmedpubdate>
   </history>
   <publicationstatus>
    ppublish
   </publicationstatus>
   <articleidlist>
    <articleid idtype="pubmed">
     8629648
    </articleid>
    <articleid idtype="pii">
     S0002934397894521
    </articleid>
   </articleidlist>
  </pubmeddata>
 </pubmedarticle>
</pubmedarticleset>

