<?xml version='1.0' encoding='utf-8'?>
<!DOCTYPE PubmedArticleSet PUBLIC "-//NLM//DTD PubMedArticle, 1st January 2011//EN" "http://www.ncbi.nlm.nih.gov/entrez/query/DTD/pubmed_110101.dtd">
<pubmedarticleset>
 <pubmedarticle>
  <medlinecitation owner="NLM" status="MEDLINE">
   <pmid version="1">
    8681614
   </pmid>
   <datecreated>
    <year>
     1996
    </year>
    <month>
     08
    </month>
    <day>
     21
    </day>
   </datecreated>
   <datecompleted>
    <year>
     1996
    </year>
    <month>
     08
    </month>
    <day>
     21
    </day>
   </datecompleted>
   <daterevised>
    <year>
     2006
    </year>
    <month>
     11
    </month>
    <day>
     15
    </day>
   </daterevised>
   <article pubmodel="Print">
    <journal>
     <issn issntype="Print">
      0012-3692
     </issn>
     <journalissue citedmedium="Print">
      <volume>
       110
      </volume>
      <issue>
       1
      </issue>
      <pubdate>
       <year>
        1996
       </year>
       <month>
        Jul
       </month>
      </pubdate>
     </journalissue>
     <title>
      Chest
     </title>
     <isoabbreviation>
      Chest
     </isoabbreviation>
    </journal>
    <articletitle>
     Nasal-CPAP, surgery, and conservative management for treatment of obstructive sleep apnea syndrome. A randomized study.
    </articletitle>
    <pagination>
     <medlinepgn>
      114-9
     </medlinepgn>
    </pagination>
    <abstract>
     <abstracttext label="STUDY OBJECTIVE" nlmcategory="OBJECTIVE">
      To assess separately the effectiveness and safety of nasal-continuous positive airway pressure (N-CPAP) and that of surgery in comparison to conservative management in patients with obstructive sleep apnea syndrome (OSAS). DESIGN. A randomized study with 1-year follow-up.
     </abstracttext>
     <abstracttext label="SETTING" nlmcategory="METHODS">
      A university hospital acting as a referral center for OSAS.
     </abstracttext>
     <abstracttext label="PATIENTS" nlmcategory="METHODS">
      Symptomatic patients with OSAS (72 male and 4 female patients aged 18 to 65 years), who had oxygen desaturations in the overnight recording.
     </abstracttext>
     <abstracttext label="INTERVENTIONS" nlmcategory="METHODS">
      After the initial diagnostic workup, patients were considered to be candidates for either N-CPAP (44 patients) or surgical treatment (uvulopalatopharyngoplasty [UPPP] with or without mandibular osteotomy) (32 patients). Within the groups, the patients were then randomized to either the assigned treatment or conservative management.
     </abstracttext>
     <abstracttext label="MAIN OUTCOME MEASURES" nlmcategory="METHODS">
      The number of nocturnal oxygen desaturation events of 4% or more per hour in bed (ODI4); daytime somnolence; side effects.
     </abstracttext>
     <abstracttext label="RESULTS" nlmcategory="RESULTS">
      N-CPAP Group: Compliance with N-CPAP therapy at 1 year was 13 of 21. The most common reason for noncompliance was general intolerance of CPAP. All compliant patients had a normal ODI4 ( &lt; 10), whereas 1 of 20 of their control subjects had a normal finding. Patients receiving active treatment were significantly less somnolent than their control subjects at 1 year (p &lt; 0.05). SURGERY GROUP: At 1 year, 7 of 18 of the surgically treated and 1 of 14 of the conservatively treated patients had a normal ODI4 (p &lt; 0.001). Daytime somnolence was significantly less severe in the surgically treated patients compared with their control subjects (p &lt; 0.001) both at 3 and 12 months. The overall postoperative complication rate was 22%.
     </abstracttext>
     <abstracttext label="CONCLUSIONS" nlmcategory="CONCLUSIONS">
      N-CPAP is an effective therapy for OSAS, but compliance is a problem. Surgical therapy (UPPP with or without mandibular osteotomy) needs further evaluation.
     </abstracttext>
    </abstract>
    <affiliation>
     Department of Pulmonary Medicine, University of Helsinki, Finland.
    </affiliation>
    <authorlist completeyn="Y">
     <author validyn="Y">
      <lastname>
       Lojander
      </lastname>
      <forename>
       J
      </forename>
      <initials>
       J
      </initials>
     </author>
     <author validyn="Y">
      <lastname>
       Maasilta
      </lastname>
      <forename>
       P
      </forename>
      <initials>
       P
      </initials>
     </author>
     <author validyn="Y">
      <lastname>
       Partinen
      </lastname>
      <forename>
       M
      </forename>
      <initials>
       M
      </initials>
     </author>
     <author validyn="Y">
      <lastname>
       Brander
      </lastname>
      <forename>
       P E
      </forename>
      <initials>
       PE
      </initials>
     </author>
     <author validyn="Y">
      <lastname>
       Salmi
      </lastname>
      <forename>
       T
      </forename>
      <initials>
       T
      </initials>
     </author>
     <author validyn="Y">
      <lastname>
       Lehtonen
      </lastname>
      <forename>
       H
      </forename>
      <initials>
       H
      </initials>
     </author>
    </authorlist>
    <language>
     eng
    </language>
    <publicationtypelist>
     <publicationtype>
      Clinical Trial
     </publicationtype>
     <publicationtype>
      Comparative Study
     </publicationtype>
     <publicationtype>
      Journal Article
     </publicationtype>
     <publicationtype>
      Randomized Controlled Trial
     </publicationtype>
     <publicationtype>
      Research Support, Non-U.S. Gov't
     </publicationtype>
    </publicationtypelist>
   </article>
   <medlinejournalinfo>
    <country>
     UNITED STATES
    </country>
    <medlineta>
     Chest
    </medlineta>
    <nlmuniqueid>
     0231335
    </nlmuniqueid>
    <issnlinking>
     0012-3692
    </issnlinking>
   </medlinejournalinfo>
   <citationsubset>
    AIM
   </citationsubset>
   <citationsubset>
    IM
   </citationsubset>
   <meshheadinglist>
    <meshheading>
     <descriptorname majortopicyn="N">
      Adolescent
     </descriptorname>
    </meshheading>
    <meshheading>
     <descriptorname majortopicyn="N">
      Adult
     </descriptorname>
    </meshheading>
    <meshheading>
     <descriptorname majortopicyn="N">
      Aged
     </descriptorname>
    </meshheading>
    <meshheading>
     <descriptorname majortopicyn="N">
      Esophagus
     </descriptorname>
     <qualifiername majortopicyn="N">
      physiopathology
     </qualifiername>
    </meshheading>
    <meshheading>
     <descriptorname majortopicyn="N">
      Female
     </descriptorname>
    </meshheading>
    <meshheading>
     <descriptorname majortopicyn="N">
      Follow-Up Studies
     </descriptorname>
    </meshheading>
    <meshheading>
     <descriptorname majortopicyn="N">
      Forced Expiratory Volume
     </descriptorname>
    </meshheading>
    <meshheading>
     <descriptorname majortopicyn="N">
      Humans
     </descriptorname>
    </meshheading>
    <meshheading>
     <descriptorname majortopicyn="N">
      Male
     </descriptorname>
    </meshheading>
    <meshheading>
     <descriptorname majortopicyn="N">
      Mandible
     </descriptorname>
     <qualifiername majortopicyn="N">
      surgery
     </qualifiername>
    </meshheading>
    <meshheading>
     <descriptorname majortopicyn="N">
      Middle Aged
     </descriptorname>
    </meshheading>
    <meshheading>
     <descriptorname majortopicyn="N">
      Osteotomy
     </descriptorname>
    </meshheading>
    <meshheading>
     <descriptorname majortopicyn="N">
      Palate
     </descriptorname>
     <qualifiername majortopicyn="N">
      surgery
     </qualifiername>
    </meshheading>
    <meshheading>
     <descriptorname majortopicyn="N">
      Patient Compliance
     </descriptorname>
    </meshheading>
    <meshheading>
     <descriptorname majortopicyn="N">
      Pharynx
     </descriptorname>
     <qualifiername majortopicyn="N">
      surgery
     </qualifiername>
    </meshheading>
    <meshheading>
     <descriptorname majortopicyn="N">
      Polysomnography
     </descriptorname>
    </meshheading>
    <meshheading>
     <descriptorname majortopicyn="N">
      Positive-Pressure Respiration
     </descriptorname>
     <qualifiername majortopicyn="N">
      adverse effects
     </qualifiername>
    </meshheading>
    <meshheading>
     <descriptorname majortopicyn="N">
      Pressure
     </descriptorname>
    </meshheading>
    <meshheading>
     <descriptorname majortopicyn="N">
      Sleep Apnea Syndromes
     </descriptorname>
     <qualifiername majortopicyn="N">
      physiopathology
     </qualifiername>
     <qualifiername majortopicyn="N">
      surgery
     </qualifiername>
     <qualifiername majortopicyn="Y">
      therapy
     </qualifiername>
    </meshheading>
    <meshheading>
     <descriptorname majortopicyn="N">
      Uvula
     </descriptorname>
     <qualifiername majortopicyn="N">
      surgery
     </qualifiername>
    </meshheading>
    <meshheading>
     <descriptorname majortopicyn="N">
      Vital Capacity
     </descriptorname>
    </meshheading>
   </meshheadinglist>
  </medlinecitation>
  <pubmeddata>
   <history>
    <pubmedpubdate pubstatus="pubmed">
     <year>
      1996
     </year>
     <month>
      7
     </month>
     <day>
      1
     </day>
    </pubmedpubdate>
    <pubmedpubdate pubstatus="medline">
     <year>
      1996
     </year>
     <month>
      7
     </month>
     <day>
      1
     </day>
     <hour>
      0
     </hour>
     <minute>
      1
     </minute>
    </pubmedpubdate>
    <pubmedpubdate pubstatus="entrez">
     <year>
      1996
     </year>
     <month>
      7
     </month>
     <day>
      1
     </day>
     <hour>
      0
     </hour>
     <minute>
      0
     </minute>
    </pubmedpubdate>
   </history>
   <publicationstatus>
    ppublish
   </publicationstatus>
   <articleidlist>
    <articleid idtype="pubmed">
     8681614
    </articleid>
   </articleidlist>
  </pubmeddata>
 </pubmedarticle>
</pubmedarticleset>

