<?xml version='1.0' encoding='utf-8'?>
<!DOCTYPE PubmedArticleSet PUBLIC "-//NLM//DTD PubMedArticle, 1st January 2011//EN" "http://www.ncbi.nlm.nih.gov/entrez/query/DTD/pubmed_110101.dtd">
<pubmedarticleset>
 <pubmedarticle>
  <medlinecitation owner="NLM" status="MEDLINE">
   <pmid version="1">
    8682668
   </pmid>
   <datecreated>
    <year>
     1996
    </year>
    <month>
     08
    </month>
    <day>
     16
    </day>
   </datecreated>
   <datecompleted>
    <year>
     1996
    </year>
    <month>
     08
    </month>
    <day>
     16
    </day>
   </datecompleted>
   <daterevised>
    <year>
     2009
    </year>
    <month>
     11
    </month>
    <day>
     19
    </day>
   </daterevised>
   <article pubmodel="Print">
    <journal>
     <issn issntype="Print">
      0017-8748
     </issn>
     <journalissue citedmedium="Print">
      <volume>
       36
      </volume>
      <issue>
       5
      </issue>
      <pubdate>
       <year>
        1996
       </year>
       <month>
        May
       </month>
      </pubdate>
     </journalissue>
     <title>
      Headache
     </title>
     <isoabbreviation>
      Headache
     </isoabbreviation>
    </journal>
    <articletitle>
     Maintenance of effects in the nonmedical treatment of headaches during pregnancy.
    </articletitle>
    <pagination>
     <medlinepgn>
      285-90
     </medlinepgn>
    </pagination>
    <abstract>
     <abstracttext>
      In a previous study, 30 pregnant women suffering from headaches were treated with physical therapy, relaxation training, and biofeedback. Eighty percent of these women experienced significant relief of headaches following treatment. Although this study demonstrated the effectiveness of nonmedical treatment during pregnancy, little is known about the influence of changing hormones during pregnancy on fluctuations in headache. One purpose of this study was to present a follow-up of the women who were included in the previous study to determine whether the results from the nonmedical treatment were maintained up to a year after giving birth. In addition, this study examined the influence of headache diagnosis and breastfeeding on changes in headache activity and maintenance of treatment effects. The results indicate that the reductions in headache activity were maintained at follow-up in the majority of the women treated, with 67.5% of the sample maintaining a significant decrease in headache up to 1 year after giving birth. Neither IHS diagnosis nor breastfeeding was related to maintenance of headache improvement. We conclude that the beneficial effects of nonpharmacological treatment of headaches during pregnancy demonstrated in a previous study are maintained up to 1 year following delivery. Headache diagnosis and breastfeeding were not related to treatment outcome, a finding that contradicts the reports of many retrospective studies.
     </abstracttext>
    </abstract>
    <affiliation>
     University of Pittsburgh Pain Evaluation and Treatment Institute, PA 15213, USA.
    </affiliation>
    <authorlist completeyn="Y">
     <author validyn="Y">
      <lastname>
       Scharff
      </lastname>
      <forename>
       L
      </forename>
      <initials>
       L
      </initials>
     </author>
     <author validyn="Y">
      <lastname>
       Marcus
      </lastname>
      <forename>
       D A
      </forename>
      <initials>
       DA
      </initials>
     </author>
     <author validyn="Y">
      <lastname>
       Turk
      </lastname>
      <forename>
       D C
      </forename>
      <initials>
       DC
      </initials>
     </author>
    </authorlist>
    <language>
     eng
    </language>
    <publicationtypelist>
     <publicationtype>
      Comparative Study
     </publicationtype>
     <publicationtype>
      Journal Article
     </publicationtype>
     <publicationtype>
      Research Support, Non-U.S. Gov't
     </publicationtype>
    </publicationtypelist>
   </article>
   <medlinejournalinfo>
    <country>
     UNITED STATES
    </country>
    <medlineta>
     Headache
    </medlineta>
    <nlmuniqueid>
     2985091R
    </nlmuniqueid>
    <issnlinking>
     0017-8748
    </issnlinking>
   </medlinejournalinfo>
   <citationsubset>
    IM
   </citationsubset>
   <meshheadinglist>
    <meshheading>
     <descriptorname majortopicyn="N">
      Adult
     </descriptorname>
    </meshheading>
    <meshheading>
     <descriptorname majortopicyn="N">
      Biofeedback, Psychology
     </descriptorname>
    </meshheading>
    <meshheading>
     <descriptorname majortopicyn="N">
      Breast Feeding
     </descriptorname>
    </meshheading>
    <meshheading>
     <descriptorname majortopicyn="N">
      Female
     </descriptorname>
    </meshheading>
    <meshheading>
     <descriptorname majortopicyn="N">
      Follow-Up Studies
     </descriptorname>
    </meshheading>
    <meshheading>
     <descriptorname majortopicyn="N">
      Humans
     </descriptorname>
    </meshheading>
    <meshheading>
     <descriptorname majortopicyn="N">
      Migraine Disorders
     </descriptorname>
     <qualifiername majortopicyn="Y">
      therapy
     </qualifiername>
    </meshheading>
    <meshheading>
     <descriptorname majortopicyn="N">
      Physical Therapy Modalities
     </descriptorname>
    </meshheading>
    <meshheading>
     <descriptorname majortopicyn="N">
      Pregnancy
     </descriptorname>
    </meshheading>
    <meshheading>
     <descriptorname majortopicyn="N">
      Pregnancy Complications
     </descriptorname>
     <qualifiername majortopicyn="Y">
      therapy
     </qualifiername>
    </meshheading>
    <meshheading>
     <descriptorname majortopicyn="N">
      Relaxation Therapy
     </descriptorname>
    </meshheading>
    <meshheading>
     <descriptorname majortopicyn="N">
      Tension-Type Headache
     </descriptorname>
     <qualifiername majortopicyn="Y">
      therapy
     </qualifiername>
    </meshheading>
   </meshheadinglist>
  </medlinecitation>
  <pubmeddata>
   <history>
    <pubmedpubdate pubstatus="pubmed">
     <year>
      1996
     </year>
     <month>
      5
     </month>
     <day>
      1
     </day>
    </pubmedpubdate>
    <pubmedpubdate pubstatus="medline">
     <year>
      1996
     </year>
     <month>
      5
     </month>
     <day>
      1
     </day>
     <hour>
      0
     </hour>
     <minute>
      1
     </minute>
    </pubmedpubdate>
    <pubmedpubdate pubstatus="entrez">
     <year>
      1996
     </year>
     <month>
      5
     </month>
     <day>
      1
     </day>
     <hour>
      0
     </hour>
     <minute>
      0
     </minute>
    </pubmedpubdate>
   </history>
   <publicationstatus>
    ppublish
   </publicationstatus>
   <articleidlist>
    <articleid idtype="pubmed">
     8682668
    </articleid>
   </articleidlist>
  </pubmeddata>
 </pubmedarticle>
</pubmedarticleset>

