<?xml version='1.0' encoding='utf-8'?>
<!DOCTYPE PubmedArticleSet PUBLIC "-//NLM//DTD PubMedArticle, 1st January 2011//EN" "http://www.ncbi.nlm.nih.gov/entrez/query/DTD/pubmed_110101.dtd">
<pubmedarticleset>
 <pubmedarticle>
  <medlinecitation owner="NLM" status="MEDLINE">
   <pmid version="1">
    8698944
   </pmid>
   <datecreated>
    <year>
     1996
    </year>
    <month>
     09
    </month>
    <day>
     05
    </day>
   </datecreated>
   <datecompleted>
    <year>
     1996
    </year>
    <month>
     09
    </month>
    <day>
     05
    </day>
   </datecompleted>
   <daterevised>
    <year>
     2009
    </year>
    <month>
     11
    </month>
    <day>
     11
    </day>
   </daterevised>
   <article pubmodel="Print">
    <journal>
     <issn issntype="Print">
      0022-006X
     </issn>
     <journalissue citedmedium="Print">
      <volume>
       64
      </volume>
      <issue>
       3
      </issue>
      <pubdate>
       <year>
        1996
       </year>
       <month>
        Jun
       </month>
      </pubdate>
     </journalissue>
     <title>
      Journal of consulting and clinical psychology
     </title>
     <isoabbreviation>
      J Consult Clin Psychol
     </isoabbreviation>
    </journal>
    <articletitle>
     Hypnosis as an adjunct to cognitive-behavioral psychotherapy for obesity: a meta-analytic reappraisal.
    </articletitle>
    <pagination>
     <medlinepgn>
      513-6
     </medlinepgn>
    </pagination>
    <abstract>
     <abstracttext>
      I. Kirsch, G. Montgomery, and G. Sapirstein (1995) meta-analyzed 6 weight-loss studies comparing the efficacy of cognitive-behavior therapy (CBT) alone to CBT plus hypnotherapy and concluded that "the addition of hypnosis substantially enhanced treatment outcome" (p.214). Kirsch reported a mean effect size (expressed as d) of 1.96. After correcting several transcription and computational inaccuracies in the original meta-analysis, these 6 studies yield a smaller mean effect size (.26). Moreover, if 1 questionable study is removed from the analysis, the effect sizes become more homogeneous and the mean (.21) is no longer statistically significant. It is concluded that the addition of hypnosis to CBT for weight loss results in, at most, a small enhancement of treatment outcome.
     </abstracttext>
    </abstract>
    <affiliation>
     Obesity Research Center St. Luke's-Roosevelt Hospital Center Columbia University College of Physicians and Surgeons, New York, New York 10025, USA.
    </affiliation>
    <authorlist completeyn="Y">
     <author validyn="Y">
      <lastname>
       Allison
      </lastname>
      <forename>
       D B
      </forename>
      <initials>
       DB
      </initials>
     </author>
     <author validyn="Y">
      <lastname>
       Faith
      </lastname>
      <forename>
       M S
      </forename>
      <initials>
       MS
      </initials>
     </author>
    </authorlist>
    <language>
     eng
    </language>
    <grantlist completeyn="Y">
     <grant>
      <grantid>
       P30DK26687
      </grantid>
      <acronym>
       DK
      </acronym>
      <agency>
       NIDDK NIH HHS
      </agency>
      <country>
       United States
      </country>
     </grant>
     <grant>
      <grantid>
       R01DK40414
      </grantid>
      <acronym>
       DK
      </acronym>
      <agency>
       NIDDK NIH HHS
      </agency>
      <country>
       United States
      </country>
     </grant>
     <grant>
      <grantid>
       R29DK47256-01A1
      </grantid>
      <acronym>
       DK
      </acronym>
      <agency>
       NIDDK NIH HHS
      </agency>
      <country>
       United States
      </country>
     </grant>
    </grantlist>
    <publicationtypelist>
     <publicationtype>
      Comment
     </publicationtype>
     <publicationtype>
      Journal Article
     </publicationtype>
     <publicationtype>
      Meta-Analysis
     </publicationtype>
     <publicationtype>
      Research Support, U.S. Gov't, P.H.S.
     </publicationtype>
    </publicationtypelist>
   </article>
   <medlinejournalinfo>
    <country>
     UNITED STATES
    </country>
    <medlineta>
     J Consult Clin Psychol
    </medlineta>
    <nlmuniqueid>
     0136553
    </nlmuniqueid>
    <issnlinking>
     0022-006X
    </issnlinking>
   </medlinejournalinfo>
   <citationsubset>
    IM
   </citationsubset>
   <commentscorrectionslist>
    <commentscorrections reftype="CommentOn">
     <refsource>
      J Consult Clin Psychol. 1995 Apr;63(2):214-20
     </refsource>
     <pmid version="1">
      7751482
     </pmid>
    </commentscorrections>
   </commentscorrectionslist>
   <meshheadinglist>
    <meshheading>
     <descriptorname majortopicyn="Y">
      Cognitive Therapy
     </descriptorname>
    </meshheading>
    <meshheading>
     <descriptorname majortopicyn="N">
      Combined Modality Therapy
     </descriptorname>
    </meshheading>
    <meshheading>
     <descriptorname majortopicyn="N">
      Humans
     </descriptorname>
    </meshheading>
    <meshheading>
     <descriptorname majortopicyn="Y">
      Hypnosis
     </descriptorname>
    </meshheading>
    <meshheading>
     <descriptorname majortopicyn="N">
      Obesity
     </descriptorname>
     <qualifiername majortopicyn="N">
      psychology
     </qualifiername>
     <qualifiername majortopicyn="Y">
      therapy
     </qualifiername>
    </meshheading>
    <meshheading>
     <descriptorname majortopicyn="N">
      Randomized Controlled Trials as Topic
     </descriptorname>
    </meshheading>
    <meshheading>
     <descriptorname majortopicyn="N">
      Treatment Outcome
     </descriptorname>
    </meshheading>
    <meshheading>
     <descriptorname majortopicyn="N">
      Weight Loss
     </descriptorname>
    </meshheading>
   </meshheadinglist>
  </medlinecitation>
  <pubmeddata>
   <history>
    <pubmedpubdate pubstatus="pubmed">
     <year>
      1996
     </year>
     <month>
      6
     </month>
     <day>
      1
     </day>
    </pubmedpubdate>
    <pubmedpubdate pubstatus="medline">
     <year>
      1996
     </year>
     <month>
      6
     </month>
     <day>
      1
     </day>
     <hour>
      0
     </hour>
     <minute>
      1
     </minute>
    </pubmedpubdate>
    <pubmedpubdate pubstatus="entrez">
     <year>
      1996
     </year>
     <month>
      6
     </month>
     <day>
      1
     </day>
     <hour>
      0
     </hour>
     <minute>
      0
     </minute>
    </pubmedpubdate>
   </history>
   <publicationstatus>
    ppublish
   </publicationstatus>
   <articleidlist>
    <articleid idtype="pubmed">
     8698944
    </articleid>
   </articleidlist>
  </pubmeddata>
 </pubmedarticle>
</pubmedarticleset>

