<?xml version='1.0' encoding='utf-8'?>
<!DOCTYPE PubmedArticleSet PUBLIC "-//NLM//DTD PubMedArticle, 1st January 2011//EN" "http://www.ncbi.nlm.nih.gov/entrez/query/DTD/pubmed_110101.dtd">
<pubmedarticleset>
 <pubmedarticle>
  <medlinecitation owner="NLM" status="MEDLINE">
   <pmid version="1">
    8740106
   </pmid>
   <datecreated>
    <year>
     1996
    </year>
    <month>
     11
    </month>
    <day>
     12
    </day>
   </datecreated>
   <datecompleted>
    <year>
     1996
    </year>
    <month>
     11
    </month>
    <day>
     12
    </day>
   </datecompleted>
   <daterevised>
    <year>
     2006
    </year>
    <month>
     11
    </month>
    <day>
     15
    </day>
   </daterevised>
   <article pubmodel="Print">
    <journal>
     <issn issntype="Print">
      0300-8126
     </issn>
     <journalissue citedmedium="Print">
      <volume>
       24
      </volume>
      <issue>
       2
      </issue>
      <pubdate>
       <medlinedate>
        1996 Mar-Apr
       </medlinedate>
      </pubdate>
     </journalissue>
     <title>
      Infection
     </title>
     <isoabbreviation>
      Infection
     </isoabbreviation>
    </journal>
    <articletitle>
     Randomized comparison of two nystatin oral gels with miconazole oral gel for treatment of oral thrush in infants. Antimycotics Study Group.
    </articletitle>
    <pagination>
     <medlinepgn>
      136-9
     </medlinepgn>
    </pagination>
    <abstract>
     <abstracttext>
      Recently, two commercial oral nystatin gels have been marketed in Germany (Candio-Hermal, Hermal; Lederlind, Lederle). In a prospective open randomized multicentre study involving 12 paediatricians in private practice, Candio-Hermal and Lederlind were compared with miconazole oral gel (Daktar, Janssen) in 95 infants with oral thrush (candidosis). Oral and rectal swabs were taken on days 0 and 14. Treatment duration varied according to the amount of drug contained in one tube (Candio-Hermal 10 days; Lederlind 14 days; Daktar 8 days). On day 14, clinical cure was observed in 23 of 27 infants treated with Daktar (85.1%), in 15 of 35 infants treated with Candio-Hermal (42.8%; p &lt; 0.0007); and in 16 of 33 infants treated with Lederlind (48.5%; p &lt; 0.004). Clinical relapses were observed in 15 patients (Candio-Hermal: n = 9; Lederlind: n = 6). The overall oral mycologic cure rate was significantly higher with Daktar (29.6%) and Candio-Hermal (20.0%) than with Lederlind (3.0%; p &lt; 0.005 and &lt; 0.03, respectively). It can be concluded that Daktar oral gel is significantly more effective than Candio-Hermal and Lederlind in curing oral thrush in infants.
     </abstracttext>
    </abstract>
    <affiliation>
     Universitäts-Kinderklinik, Tübingen, Germany.
    </affiliation>
    <authorlist completeyn="Y">
     <author validyn="Y">
      <lastname>
       Hoppe
      </lastname>
      <forename>
       J E
      </forename>
      <initials>
       JE
      </initials>
     </author>
     <author validyn="Y">
      <lastname>
       Hahn
      </lastname>
      <forename>
       H
      </forename>
      <initials>
       H
      </initials>
     </author>
    </authorlist>
    <language>
     eng
    </language>
    <publicationtypelist>
     <publicationtype>
      Clinical Trial
     </publicationtype>
     <publicationtype>
      Journal Article
     </publicationtype>
     <publicationtype>
      Multicenter Study
     </publicationtype>
     <publicationtype>
      Randomized Controlled Trial
     </publicationtype>
     <publicationtype>
      Research Support, Non-U.S. Gov't
     </publicationtype>
    </publicationtypelist>
   </article>
   <medlinejournalinfo>
    <country>
     GERMANY
    </country>
    <medlineta>
     Infection
    </medlineta>
    <nlmuniqueid>
     0365307
    </nlmuniqueid>
    <issnlinking>
     0300-8126
    </issnlinking>
   </medlinejournalinfo>
   <chemicallist>
    <chemical>
     <registrynumber>
      0
     </registrynumber>
     <nameofsubstance>
      Gels
     </nameofsubstance>
    </chemical>
    <chemical>
     <registrynumber>
      1400-61-9
     </registrynumber>
     <nameofsubstance>
      Nystatin
     </nameofsubstance>
    </chemical>
    <chemical>
     <registrynumber>
      22916-47-8
     </registrynumber>
     <nameofsubstance>
      Miconazole
     </nameofsubstance>
    </chemical>
   </chemicallist>
   <citationsubset>
    IM
   </citationsubset>
   <meshheadinglist>
    <meshheading>
     <descriptorname majortopicyn="N">
      Candidiasis, Oral
     </descriptorname>
     <qualifiername majortopicyn="Y">
      drug therapy
     </qualifiername>
    </meshheading>
    <meshheading>
     <descriptorname majortopicyn="N">
      Female
     </descriptorname>
    </meshheading>
    <meshheading>
     <descriptorname majortopicyn="N">
      Gels
     </descriptorname>
     <qualifiername majortopicyn="N">
      administration &amp; dosage
     </qualifiername>
     <qualifiername majortopicyn="N">
      therapeutic use
     </qualifiername>
    </meshheading>
    <meshheading>
     <descriptorname majortopicyn="N">
      Humans
     </descriptorname>
    </meshheading>
    <meshheading>
     <descriptorname majortopicyn="N">
      Infant
     </descriptorname>
    </meshheading>
    <meshheading>
     <descriptorname majortopicyn="N">
      Male
     </descriptorname>
    </meshheading>
    <meshheading>
     <descriptorname majortopicyn="N">
      Miconazole
     </descriptorname>
     <qualifiername majortopicyn="N">
      administration &amp; dosage
     </qualifiername>
     <qualifiername majortopicyn="Y">
      therapeutic use
     </qualifiername>
    </meshheading>
    <meshheading>
     <descriptorname majortopicyn="N">
      Nystatin
     </descriptorname>
     <qualifiername majortopicyn="N">
      administration &amp; dosage
     </qualifiername>
     <qualifiername majortopicyn="Y">
      therapeutic use
     </qualifiername>
    </meshheading>
    <meshheading>
     <descriptorname majortopicyn="N">
      Recurrence
     </descriptorname>
    </meshheading>
   </meshheadinglist>
  </medlinecitation>
  <pubmeddata>
   <history>
    <pubmedpubdate pubstatus="pubmed">
     <year>
      1996
     </year>
     <month>
      3
     </month>
     <day>
      1
     </day>
    </pubmedpubdate>
    <pubmedpubdate pubstatus="medline">
     <year>
      1996
     </year>
     <month>
      3
     </month>
     <day>
      1
     </day>
     <hour>
      0
     </hour>
     <minute>
      1
     </minute>
    </pubmedpubdate>
    <pubmedpubdate pubstatus="entrez">
     <year>
      1996
     </year>
     <month>
      3
     </month>
     <day>
      1
     </day>
     <hour>
      0
     </hour>
     <minute>
      0
     </minute>
    </pubmedpubdate>
   </history>
   <publicationstatus>
    ppublish
   </publicationstatus>
   <articleidlist>
    <articleid idtype="pubmed">
     8740106
    </articleid>
   </articleidlist>
  </pubmeddata>
 </pubmedarticle>
</pubmedarticleset>

