<?xml version='1.0' encoding='utf-8'?>
<!DOCTYPE PubmedArticleSet PUBLIC "-//NLM//DTD PubMedArticle, 1st January 2011//EN" "http://www.ncbi.nlm.nih.gov/entrez/query/DTD/pubmed_110101.dtd">
<pubmedarticleset>
 <pubmedarticle>
  <medlinecitation owner="NLM" status="MEDLINE">
   <pmid version="1">
    8747507
   </pmid>
   <datecreated>
    <year>
     1996
    </year>
    <month>
     09
    </month>
    <day>
     27
    </day>
   </datecreated>
   <datecompleted>
    <year>
     1996
    </year>
    <month>
     09
    </month>
    <day>
     27
    </day>
   </datecompleted>
   <daterevised>
    <year>
     2004
    </year>
    <month>
     11
    </month>
    <day>
     17
    </day>
   </daterevised>
   <article pubmodel="Print">
    <journal>
     <issn issntype="Print">
      0096-882X
     </issn>
     <journalissue citedmedium="Print">
      <volume>
       57
      </volume>
      <issue>
       1
      </issue>
      <pubdate>
       <year>
        1996
       </year>
       <month>
        Jan
       </month>
      </pubdate>
     </journalissue>
     <title>
      Journal of studies on alcohol
     </title>
     <isoabbreviation>
      J. Stud. Alcohol
     </isoabbreviation>
    </journal>
    <articletitle>
     Evaluation of macrocytosis by general practitioners.
    </articletitle>
    <pagination>
     <medlinepgn>
      97-100
     </medlinepgn>
    </pagination>
    <abstract>
     <abstracttext label="OBJECTIVE" nlmcategory="OBJECTIVE">
      Macrocytosis is considered to be an important sign of disease, although it often seems to be ignored. The aim of the present study was to assess the quality of the work done by general practitioners using macrocytosis as an indicator.
     </abstracttext>
     <abstracttext label="METHODS" nlmcategory="METHODS">
      All consecutive outpatients at Tampere City Health Center who had blood counts taken during 8 months in 1990 and were found to have macrocytosis (MCV &gt; or = 100 femtoliters) that had not earlier been examined, were included in this study. The further examinations undertaken were analyzed.
     </abstracttext>
     <abstracttext label="RESULTS" nlmcategory="RESULTS">
      Of the 9,527 blood counts, previously unexamined macrocytosis was found in 3% (n = 287, 154 men and 133 women). Further examination because of macrocytosis was undertaken in 65 (42%) men and in 48 (36%) women. Alcohol abuse was the most common disease present in 52 (80%) men and in 22 (46%) women. No cause for macrocytosis was found in seven men and in 17 women. No difference between the examined and unexamined groups was found concerning medical history, medications, symptoms, or blood count values, including hemoglobin and MCV.
     </abstracttext>
     <abstracttext label="CONCLUSIONS" nlmcategory="CONCLUSIONS">
      Evaluation of macrocytosis, when undertaken, was well done by general practitioners. However, it was performed too seldom and, thus, several diseases, especially alcohol abuse, may have been overlooked.
     </abstracttext>
    </abstract>
    <affiliation>
     University of Tampere, Medical School, Finland.
    </affiliation>
    <authorlist completeyn="Y">
     <author validyn="Y">
      <lastname>
       Seppä
      </lastname>
      <forename>
       K
      </forename>
      <initials>
       K
      </initials>
     </author>
     <author validyn="Y">
      <lastname>
       Heinilä
      </lastname>
      <forename>
       K
      </forename>
      <initials>
       K
      </initials>
     </author>
     <author validyn="Y">
      <lastname>
       Sillanaukee
      </lastname>
      <forename>
       P
      </forename>
      <initials>
       P
      </initials>
     </author>
     <author validyn="Y">
      <lastname>
       Saarni
      </lastname>
      <forename>
       M
      </forename>
      <initials>
       M
      </initials>
     </author>
    </authorlist>
    <language>
     eng
    </language>
    <publicationtypelist>
     <publicationtype>
      Journal Article
     </publicationtype>
    </publicationtypelist>
   </article>
   <medlinejournalinfo>
    <country>
     UNITED STATES
    </country>
    <medlineta>
     J Stud Alcohol
    </medlineta>
    <nlmuniqueid>
     7503813
    </nlmuniqueid>
    <issnlinking>
     0096-882X
    </issnlinking>
   </medlinejournalinfo>
   <citationsubset>
    IM
   </citationsubset>
   <meshheadinglist>
    <meshheading>
     <descriptorname majortopicyn="N">
      Adult
     </descriptorname>
    </meshheading>
    <meshheading>
     <descriptorname majortopicyn="N">
      Aged
     </descriptorname>
    </meshheading>
    <meshheading>
     <descriptorname majortopicyn="N">
      Aged, 80 and over
     </descriptorname>
    </meshheading>
    <meshheading>
     <descriptorname majortopicyn="N">
      Alcoholism
     </descriptorname>
     <qualifiername majortopicyn="Y">
      complications
     </qualifiername>
     <qualifiername majortopicyn="N">
      diagnosis
     </qualifiername>
     <qualifiername majortopicyn="N">
      epidemiology
     </qualifiername>
    </meshheading>
    <meshheading>
     <descriptorname majortopicyn="N">
      Anemia, Macrocytic
     </descriptorname>
     <qualifiername majortopicyn="N">
      epidemiology
     </qualifiername>
     <qualifiername majortopicyn="Y">
      etiology
     </qualifiername>
    </meshheading>
    <meshheading>
     <descriptorname majortopicyn="N">
      Cross-Sectional Studies
     </descriptorname>
    </meshheading>
    <meshheading>
     <descriptorname majortopicyn="N">
      Family Practice
     </descriptorname>
    </meshheading>
    <meshheading>
     <descriptorname majortopicyn="N">
      Female
     </descriptorname>
    </meshheading>
    <meshheading>
     <descriptorname majortopicyn="N" type="Geographic">
      Finland
     </descriptorname>
     <qualifiername majortopicyn="N">
      epidemiology
     </qualifiername>
    </meshheading>
    <meshheading>
     <descriptorname majortopicyn="N">
      Humans
     </descriptorname>
    </meshheading>
    <meshheading>
     <descriptorname majortopicyn="N">
      Incidence
     </descriptorname>
    </meshheading>
    <meshheading>
     <descriptorname majortopicyn="N">
      Male
     </descriptorname>
    </meshheading>
    <meshheading>
     <descriptorname majortopicyn="N">
      Mass Screening
     </descriptorname>
    </meshheading>
    <meshheading>
     <descriptorname majortopicyn="N">
      Middle Aged
     </descriptorname>
    </meshheading>
   </meshheadinglist>
  </medlinecitation>
  <pubmeddata>
   <history>
    <pubmedpubdate pubstatus="pubmed">
     <year>
      1996
     </year>
     <month>
      1
     </month>
     <day>
      1
     </day>
    </pubmedpubdate>
    <pubmedpubdate pubstatus="medline">
     <year>
      1996
     </year>
     <month>
      1
     </month>
     <day>
      1
     </day>
     <hour>
      0
     </hour>
     <minute>
      1
     </minute>
    </pubmedpubdate>
    <pubmedpubdate pubstatus="entrez">
     <year>
      1996
     </year>
     <month>
      1
     </month>
     <day>
      1
     </day>
     <hour>
      0
     </hour>
     <minute>
      0
     </minute>
    </pubmedpubdate>
   </history>
   <publicationstatus>
    ppublish
   </publicationstatus>
   <articleidlist>
    <articleid idtype="pubmed">
     8747507
    </articleid>
   </articleidlist>
  </pubmeddata>
 </pubmedarticle>
</pubmedarticleset>

