<?xml version='1.0' encoding='utf-8'?>
<!DOCTYPE PubmedArticleSet PUBLIC "-//NLM//DTD PubMedArticle, 1st January 2011//EN" "http://www.ncbi.nlm.nih.gov/entrez/query/DTD/pubmed_110101.dtd">
<pubmedarticleset>
 <pubmedarticle>
  <medlinecitation owner="NLM" status="MEDLINE">
   <pmid version="1">
    8759538
   </pmid>
   <datecreated>
    <year>
     1996
    </year>
    <month>
     09
    </month>
    <day>
     27
    </day>
   </datecreated>
   <datecompleted>
    <year>
     1996
    </year>
    <month>
     09
    </month>
    <day>
     27
    </day>
   </datecompleted>
   <daterevised>
    <year>
     2004
    </year>
    <month>
     11
    </month>
    <day>
     17
    </day>
   </daterevised>
   <article pubmodel="Print">
    <journal>
     <issn issntype="Print">
      0022-2151
     </issn>
     <journalissue citedmedium="Print">
      <volume>
       110
      </volume>
      <issue>
       7
      </issue>
      <pubdate>
       <year>
        1996
       </year>
       <month>
        Jul
       </month>
      </pubdate>
     </journalissue>
     <title>
      The Journal of laryngology and otology
     </title>
     <isoabbreviation>
      J Laryngol Otol
     </isoabbreviation>
    </journal>
    <articletitle>
     Incidental paranasal sinus inflammatory changes in a British population.
    </articletitle>
    <pagination>
     <medlinepgn>
      649-51
     </medlinepgn>
    </pagination>
    <abstract>
     <abstracttext>
      A retrospective study was carried out to determine the prevalence of abnormality in the paranasal sinuses in a British population having magnetic resonance imaging (MRI) scans for neurological signs and symptoms. The T2-weighted scans of 130 patients were studied. Abnormalities in the paranasal sinuses show as high signal on the T2-weighted scans and thus are clearly seen. Abnormalities included mucosal thickening, fluid levels, sinus opacification and retention cysts/polyps. Of the patients studied, 49.2 per cent showed one or more abnormality. Mucosal thickening was the most common abnormality noted and the ethmoid sinuses the most commonly affected.
     </abstracttext>
    </abstract>
    <affiliation>
     Department of Radiology, City Hospital NHS Trust, Birmingham, UK.
    </affiliation>
    <authorlist completeyn="Y">
     <author validyn="Y">
      <lastname>
       Patel
      </lastname>
      <forename>
       K
      </forename>
      <initials>
       K
      </initials>
     </author>
     <author validyn="Y">
      <lastname>
       Chavda
      </lastname>
      <forename>
       S V
      </forename>
      <initials>
       SV
      </initials>
     </author>
     <author validyn="Y">
      <lastname>
       Violaris
      </lastname>
      <forename>
       N
      </forename>
      <initials>
       N
      </initials>
     </author>
     <author validyn="Y">
      <lastname>
       Pahor
      </lastname>
      <forename>
       A L
      </forename>
      <initials>
       AL
      </initials>
     </author>
    </authorlist>
    <language>
     eng
    </language>
    <publicationtypelist>
     <publicationtype>
      Journal Article
     </publicationtype>
    </publicationtypelist>
   </article>
   <medlinejournalinfo>
    <country>
     ENGLAND
    </country>
    <medlineta>
     J Laryngol Otol
    </medlineta>
    <nlmuniqueid>
     8706896
    </nlmuniqueid>
    <issnlinking>
     0022-2151
    </issnlinking>
   </medlinejournalinfo>
   <citationsubset>
    AIM
   </citationsubset>
   <citationsubset>
    IM
   </citationsubset>
   <meshheadinglist>
    <meshheading>
     <descriptorname majortopicyn="N">
      Adolescent
     </descriptorname>
    </meshheading>
    <meshheading>
     <descriptorname majortopicyn="N">
      Adult
     </descriptorname>
    </meshheading>
    <meshheading>
     <descriptorname majortopicyn="N">
      Aged
     </descriptorname>
    </meshheading>
    <meshheading>
     <descriptorname majortopicyn="N" type="Geographic">
      England
     </descriptorname>
     <qualifiername majortopicyn="N">
      epidemiology
     </qualifiername>
    </meshheading>
    <meshheading>
     <descriptorname majortopicyn="N">
      Female
     </descriptorname>
    </meshheading>
    <meshheading>
     <descriptorname majortopicyn="N">
      Humans
     </descriptorname>
    </meshheading>
    <meshheading>
     <descriptorname majortopicyn="N">
      Magnetic Resonance Imaging
     </descriptorname>
    </meshheading>
    <meshheading>
     <descriptorname majortopicyn="N">
      Male
     </descriptorname>
    </meshheading>
    <meshheading>
     <descriptorname majortopicyn="N">
      Middle Aged
     </descriptorname>
    </meshheading>
    <meshheading>
     <descriptorname majortopicyn="N">
      Prevalence
     </descriptorname>
    </meshheading>
    <meshheading>
     <descriptorname majortopicyn="N">
      Retrospective Studies
     </descriptorname>
    </meshheading>
    <meshheading>
     <descriptorname majortopicyn="N">
      Sinusitis
     </descriptorname>
     <qualifiername majortopicyn="N">
      diagnosis
     </qualifiername>
     <qualifiername majortopicyn="Y">
      epidemiology
     </qualifiername>
    </meshheading>
   </meshheadinglist>
  </medlinecitation>
  <pubmeddata>
   <history>
    <pubmedpubdate pubstatus="pubmed">
     <year>
      1996
     </year>
     <month>
      7
     </month>
     <day>
      1
     </day>
    </pubmedpubdate>
    <pubmedpubdate pubstatus="medline">
     <year>
      1996
     </year>
     <month>
      7
     </month>
     <day>
      1
     </day>
     <hour>
      0
     </hour>
     <minute>
      1
     </minute>
    </pubmedpubdate>
    <pubmedpubdate pubstatus="entrez">
     <year>
      1996
     </year>
     <month>
      7
     </month>
     <day>
      1
     </day>
     <hour>
      0
     </hour>
     <minute>
      0
     </minute>
    </pubmedpubdate>
   </history>
   <publicationstatus>
    ppublish
   </publicationstatus>
   <articleidlist>
    <articleid idtype="pubmed">
     8759538
    </articleid>
   </articleidlist>
  </pubmeddata>
 </pubmedarticle>
</pubmedarticleset>

