<?xml version='1.0' encoding='utf-8'?>
<!DOCTYPE PubmedArticleSet PUBLIC "-//NLM//DTD PubMedArticle, 1st January 2011//EN" "http://www.ncbi.nlm.nih.gov/entrez/query/DTD/pubmed_110101.dtd">
<pubmedarticleset>
 <pubmedarticle>
  <medlinecitation owner="NLM" status="MEDLINE">
   <pmid version="1">
    8790035
   </pmid>
   <datecreated>
    <year>
     1996
    </year>
    <month>
     10
    </month>
    <day>
     17
    </day>
   </datecreated>
   <datecompleted>
    <year>
     1996
    </year>
    <month>
     10
    </month>
    <day>
     17
    </day>
   </datecompleted>
   <daterevised>
    <year>
     2004
    </year>
    <month>
     11
    </month>
    <day>
     17
    </day>
   </daterevised>
   <article pubmodel="Print">
    <journal>
     <issn issntype="Print">
      0009-7322
     </issn>
     <journalissue citedmedium="Print">
      <volume>
       94
      </volume>
      <issue>
       5
      </issue>
      <pubdate>
       <year>
        1996
       </year>
       <month>
        Sep
       </month>
       <day>
        1
       </day>
      </pubdate>
     </journalissue>
     <title>
      Circulation
     </title>
     <isoabbreviation>
      Circulation
     </isoabbreviation>
    </journal>
    <articletitle>
     Interaction between exercise training and ejection fraction in predicting prognosis after a first myocardial infarction.
    </articletitle>
    <pagination>
     <medlinepgn>
      978-82
     </medlinepgn>
    </pagination>
    <abstract>
     <abstracttext label="BACKGROUND" nlmcategory="BACKGROUND">
      Although recent meta-analysis trials have shown that exercise training may improve survival after myocardial infarction, the mechanism of this beneficial effect is still unknown. The purpose of this study was to detect possible interactions between exercise training and predictors of prognosis after a first myocardial infarction.
     </abstracttext>
     <abstracttext label="METHODS AND RESULTS" nlmcategory="RESULTS">
      Patients with uneventful clinical courses after a first myocardial infarction were randomly assigned to a 4-week training period (125 patients, group 1) or to a control group (131 patients, group 2). Before randomization, all patients underwent a symptom-limited exercise test (28 +/- 2 days after myocardial infarction), 24-hour Holter monitoring, and coronary arteriography (31 +/- 3 days after the acute episode). After a mean follow-up period of 34.5 months, 18 patients had cardiac deaths (5 in group 1 and 13 in group 2). Multivariate analysis by Cox regression model showed that ejection fraction was the only independent prognostic indicator (P = .03). Evidence existed of an interaction between ejection fraction and exercise training, showing an effect of physical training on survival that depended on the patient's ejection fraction. Among patients with ejection fractions &lt; 41%, the relative risk for an untrained patient was 8.63 times higher than for a trained patient (P = .04), whereas for ejection fractions &gt; 40%, the estimated risks for trained and untrained patients were similar.
     </abstracttext>
     <abstracttext label="CONCLUSIONS" nlmcategory="CONCLUSIONS">
      These data show that exercise training may prolong survival in post-myocardial infarction patients with depressed left ventricular function. A randomized trial in such patients seems warranted.
     </abstracttext>
    </abstract>
    <affiliation>
     Divisione di Cardiologia, IRCCS Policlinico S. Matteo, Pavia, Italy.
    </affiliation>
    <authorlist completeyn="Y">
     <author validyn="Y">
      <lastname>
       Specchia
      </lastname>
      <forename>
       G
      </forename>
      <initials>
       G
      </initials>
     </author>
     <author validyn="Y">
      <lastname>
       De Servi
      </lastname>
      <forename>
       S
      </forename>
      <initials>
       S
      </initials>
     </author>
     <author validyn="Y">
      <lastname>
       Scirè
      </lastname>
      <forename>
       A
      </forename>
      <initials>
       A
      </initials>
     </author>
     <author validyn="Y">
      <lastname>
       Assandri
      </lastname>
      <forename>
       J
      </forename>
      <initials>
       J
      </initials>
     </author>
     <author validyn="Y">
      <lastname>
       Berzuini
      </lastname>
      <forename>
       C
      </forename>
      <initials>
       C
      </initials>
     </author>
     <author validyn="Y">
      <lastname>
       Angoli
      </lastname>
      <forename>
       L
      </forename>
      <initials>
       L
      </initials>
     </author>
     <author validyn="Y">
      <lastname>
       La Rovere
      </lastname>
      <forename>
       M T
      </forename>
      <initials>
       MT
      </initials>
     </author>
     <author validyn="Y">
      <lastname>
       Cobelli
      </lastname>
      <forename>
       F
      </forename>
      <initials>
       F
      </initials>
     </author>
    </authorlist>
    <language>
     eng
    </language>
    <publicationtypelist>
     <publicationtype>
      Clinical Trial
     </publicationtype>
     <publicationtype>
      Journal Article
     </publicationtype>
     <publicationtype>
      Randomized Controlled Trial
     </publicationtype>
    </publicationtypelist>
   </article>
   <medlinejournalinfo>
    <country>
     UNITED STATES
    </country>
    <medlineta>
     Circulation
    </medlineta>
    <nlmuniqueid>
     0147763
    </nlmuniqueid>
    <issnlinking>
     0009-7322
    </issnlinking>
   </medlinejournalinfo>
   <citationsubset>
    AIM
   </citationsubset>
   <citationsubset>
    IM
   </citationsubset>
   <meshheadinglist>
    <meshheading>
     <descriptorname majortopicyn="N">
      Adult
     </descriptorname>
    </meshheading>
    <meshheading>
     <descriptorname majortopicyn="N">
      Aged
     </descriptorname>
    </meshheading>
    <meshheading>
     <descriptorname majortopicyn="N">
      Coronary Angiography
     </descriptorname>
    </meshheading>
    <meshheading>
     <descriptorname majortopicyn="N">
      Exercise Test
     </descriptorname>
    </meshheading>
    <meshheading>
     <descriptorname majortopicyn="N">
      Female
     </descriptorname>
    </meshheading>
    <meshheading>
     <descriptorname majortopicyn="N">
      Follow-Up Studies
     </descriptorname>
    </meshheading>
    <meshheading>
     <descriptorname majortopicyn="N">
      Humans
     </descriptorname>
    </meshheading>
    <meshheading>
     <descriptorname majortopicyn="N">
      Male
     </descriptorname>
    </meshheading>
    <meshheading>
     <descriptorname majortopicyn="N">
      Middle Aged
     </descriptorname>
    </meshheading>
    <meshheading>
     <descriptorname majortopicyn="N">
      Myocardial Infarction
     </descriptorname>
     <qualifiername majortopicyn="N">
      mortality
     </qualifiername>
     <qualifiername majortopicyn="Y">
      physiopathology
     </qualifiername>
    </meshheading>
    <meshheading>
     <descriptorname majortopicyn="N">
      Prognosis
     </descriptorname>
    </meshheading>
    <meshheading>
     <descriptorname majortopicyn="Y">
      Stroke Volume
     </descriptorname>
    </meshheading>
   </meshheadinglist>
  </medlinecitation>
  <pubmeddata>
   <history>
    <pubmedpubdate pubstatus="pubmed">
     <year>
      1996
     </year>
     <month>
      9
     </month>
     <day>
      1
     </day>
    </pubmedpubdate>
    <pubmedpubdate pubstatus="medline">
     <year>
      1996
     </year>
     <month>
      9
     </month>
     <day>
      1
     </day>
     <hour>
      0
     </hour>
     <minute>
      1
     </minute>
    </pubmedpubdate>
    <pubmedpubdate pubstatus="entrez">
     <year>
      1996
     </year>
     <month>
      9
     </month>
     <day>
      1
     </day>
     <hour>
      0
     </hour>
     <minute>
      0
     </minute>
    </pubmedpubdate>
   </history>
   <publicationstatus>
    ppublish
   </publicationstatus>
   <articleidlist>
    <articleid idtype="pubmed">
     8790035
    </articleid>
   </articleidlist>
  </pubmeddata>
 </pubmedarticle>
</pubmedarticleset>

