<?xml version='1.0' encoding='utf-8'?>
<!DOCTYPE PubmedArticleSet PUBLIC "-//NLM//DTD PubMedArticle, 1st January 2011//EN" "http://www.ncbi.nlm.nih.gov/entrez/query/DTD/pubmed_110101.dtd">
<pubmedarticleset>
 <pubmedarticle>
  <medlinecitation owner="NLM" status="MEDLINE">
   <pmid version="1">
    8844728
   </pmid>
   <datecreated>
    <year>
     1996
    </year>
    <month>
     12
    </month>
    <day>
     17
    </day>
   </datecreated>
   <datecompleted>
    <year>
     1996
    </year>
    <month>
     12
    </month>
    <day>
     17
    </day>
   </datecompleted>
   <daterevised>
    <year>
     2005
    </year>
    <month>
     11
    </month>
    <day>
     16
    </day>
   </daterevised>
   <article pubmodel="Print">
    <journal>
     <issn issntype="Print">
      0030-6665
     </issn>
     <journalissue citedmedium="Print">
      <volume>
       29
      </volume>
      <issue>
       4
      </issue>
      <pubdate>
       <year>
        1996
       </year>
       <month>
        Aug
       </month>
      </pubdate>
     </journalissue>
     <title>
      Otolaryngologic clinics of North America
     </title>
     <isoabbreviation>
      Otolaryngol. Clin. North Am.
     </isoabbreviation>
    </journal>
    <articletitle>
     Evaluation and management of multinodular goiter.
    </articletitle>
    <pagination>
     <medlinepgn>
      527-40
     </medlinepgn>
    </pagination>
    <abstract>
     <abstracttext>
      Nodular goiters are encountered commonly in clinical practice by primary care physicians, endocrinologists, surgeons, and otolaryngologists. Epidemiologic data suggest that in the United States, the incidence of such goiters is approximately 0.1% to 1.5% per year, translating into 250,000 new nodules annually. Nodular goiters are more common in women than in men, with advancing age, and after exposure to external irradiation. These goiters may be asymptomatic, with normal TSH levels (nontoxic), or may be associated with systemic thyrotoxic symptoms (toxic MNG or Plummer's disease). Diagnostic evaluation of patients with nodular goiters consists of clinical evaluation, biochemical testing, FNA, and imaging studies. The serum TSH level is a sensitive and reliable index of thyroid function. FNA results are pivotal to assess cancer risk in patient management for prominent palpable and suspicious nodules. Chest radiography, high-resolution ultrasonography, and computed tomography help to delineate the size and extent of a goiter in evaluating compression symptoms. Indications for treatment in patients with MNG include hyperthyroidism, local compression symptoms attributed to the goiter, cosmesis, and concern about malignancy based on FNA results. The use of levothyroxine suppression therapy to effectively decrease and control MNG size is controversial. Thyroid hormone should not be used, however, in patients with suppressed serum TSH levels, to avoid the development of toxic symptoms. Management of toxic MNG by surgery is well established. Radioiodine is also effective therapy for many of these patients. When treatment is necessary for nontoxic MNG, surgical excision is preferred. Our recommendations are as follows. For patients who have small, nontoxic multinodular goiters that are clinically asymptomatic, who are biochemically euthyroid according to serum TSH levels, and who have prominent palpable or suspicious nodules benign by FNA, yearly evaluation with serum TSH determinations and thyroid palpation is sufficient. Patients with modest but stable MNG size and normal serum TSH levels may also be managed by yearly clinical observation. In this second group, levothyroxine suppression therapy is often unsuccessful and has the potential for untoward effects from exogenous hyperthyroidism. For large nontoxic multinodular goiters with local compression symptoms, the preferred treatment is surgery. In patients with toxic MNG, treatment with either surgery or radioiodine is recommended, although patients with large goiters and large, autonomously functioning nodules become euthyroid more quickly following surgery.
     </abstracttext>
    </abstract>
    <affiliation>
     Mayo Medical School, Rochester, Minnesota, USA.
    </affiliation>
    <authorlist completeyn="Y">
     <author validyn="Y">
      <lastname>
       Hurley
      </lastname>
      <forename>
       D L
      </forename>
      <initials>
       DL
      </initials>
     </author>
     <author validyn="Y">
      <lastname>
       Gharib
      </lastname>
      <forename>
       H
      </forename>
      <initials>
       H
      </initials>
     </author>
    </authorlist>
    <language>
     eng
    </language>
    <publicationtypelist>
     <publicationtype>
      Journal Article
     </publicationtype>
     <publicationtype>
      Review
     </publicationtype>
    </publicationtypelist>
   </article>
   <medlinejournalinfo>
    <country>
     UNITED STATES
    </country>
    <medlineta>
     Otolaryngol Clin North Am
    </medlineta>
    <nlmuniqueid>
     0144042
    </nlmuniqueid>
    <issnlinking>
     0030-6665
    </issnlinking>
   </medlinejournalinfo>
   <chemicallist>
    <chemical>
     <registrynumber>
      9002-71-5
     </registrynumber>
     <nameofsubstance>
      Thyrotropin
     </nameofsubstance>
    </chemical>
   </chemicallist>
   <citationsubset>
    IM
   </citationsubset>
   <meshheadinglist>
    <meshheading>
     <descriptorname majortopicyn="N">
      Age Factors
     </descriptorname>
    </meshheading>
    <meshheading>
     <descriptorname majortopicyn="N">
      Biopsy, Needle
     </descriptorname>
    </meshheading>
    <meshheading>
     <descriptorname majortopicyn="N">
      Diagnostic Imaging
     </descriptorname>
    </meshheading>
    <meshheading>
     <descriptorname majortopicyn="N">
      Female
     </descriptorname>
    </meshheading>
    <meshheading>
     <descriptorname majortopicyn="N">
      Goiter, Nodular
     </descriptorname>
     <qualifiername majortopicyn="N">
      blood
     </qualifiername>
     <qualifiername majortopicyn="Y">
      diagnosis
     </qualifiername>
     <qualifiername majortopicyn="N">
      pathology
     </qualifiername>
     <qualifiername majortopicyn="N">
      therapy
     </qualifiername>
    </meshheading>
    <meshheading>
     <descriptorname majortopicyn="N">
      Humans
     </descriptorname>
    </meshheading>
    <meshheading>
     <descriptorname majortopicyn="N">
      Incidence
     </descriptorname>
    </meshheading>
    <meshheading>
     <descriptorname majortopicyn="N">
      Male
     </descriptorname>
    </meshheading>
    <meshheading>
     <descriptorname majortopicyn="N">
      Radiation Injuries
     </descriptorname>
     <qualifiername majortopicyn="N">
      diagnosis
     </qualifiername>
    </meshheading>
    <meshheading>
     <descriptorname majortopicyn="N">
      Sex Factors
     </descriptorname>
    </meshheading>
    <meshheading>
     <descriptorname majortopicyn="N">
      Thyroid Gland
     </descriptorname>
     <qualifiername majortopicyn="N">
      radiation effects
     </qualifiername>
    </meshheading>
    <meshheading>
     <descriptorname majortopicyn="N">
      Thyroidectomy
     </descriptorname>
    </meshheading>
    <meshheading>
     <descriptorname majortopicyn="N">
      Thyrotoxicosis
     </descriptorname>
     <qualifiername majortopicyn="N">
      etiology
     </qualifiername>
    </meshheading>
    <meshheading>
     <descriptorname majortopicyn="N">
      Thyrotropin
     </descriptorname>
     <qualifiername majortopicyn="N">
      blood
     </qualifiername>
    </meshheading>
   </meshheadinglist>
   <numberofreferences>
    89
   </numberofreferences>
  </medlinecitation>
  <pubmeddata>
   <history>
    <pubmedpubdate pubstatus="pubmed">
     <year>
      1996
     </year>
     <month>
      8
     </month>
     <day>
      1
     </day>
    </pubmedpubdate>
    <pubmedpubdate pubstatus="medline">
     <year>
      1996
     </year>
     <month>
      8
     </month>
     <day>
      1
     </day>
     <hour>
      0
     </hour>
     <minute>
      1
     </minute>
    </pubmedpubdate>
    <pubmedpubdate pubstatus="entrez">
     <year>
      1996
     </year>
     <month>
      8
     </month>
     <day>
      1
     </day>
     <hour>
      0
     </hour>
     <minute>
      0
     </minute>
    </pubmedpubdate>
   </history>
   <publicationstatus>
    ppublish
   </publicationstatus>
   <articleidlist>
    <articleid idtype="pubmed">
     8844728
    </articleid>
   </articleidlist>
  </pubmeddata>
 </pubmedarticle>
</pubmedarticleset>

