<?xml version='1.0' encoding='utf-8'?>
<!DOCTYPE PubmedArticleSet PUBLIC "-//NLM//DTD PubMedArticle, 1st January 2011//EN" "http://www.ncbi.nlm.nih.gov/entrez/query/DTD/pubmed_110101.dtd">
<pubmedarticleset>
 <pubmedarticle>
  <medlinecitation owner="NLM" status="MEDLINE">
   <pmid version="1">
    8856353
   </pmid>
   <datecreated>
    <year>
     1996
    </year>
    <month>
     12
    </month>
    <day>
     11
    </day>
   </datecreated>
   <datecompleted>
    <year>
     1996
    </year>
    <month>
     12
    </month>
    <day>
     11
    </day>
   </datecompleted>
   <daterevised>
    <year>
     2007
    </year>
    <month>
     11
    </month>
    <day>
     15
    </day>
   </daterevised>
   <article pubmodel="Print">
    <journal>
     <issn issntype="Print">
      0891-5520
     </issn>
     <journalissue citedmedium="Print">
      <volume>
       10
      </volume>
      <issue>
       3
      </issue>
      <pubdate>
       <year>
        1996
       </year>
       <month>
        Sep
       </month>
      </pubdate>
     </journalissue>
     <title>
      Infectious disease clinics of North America
     </title>
     <isoabbreviation>
      Infect. Dis. Clin. North Am.
     </isoabbreviation>
    </journal>
    <articletitle>
     The varicella vaccine. Clinical trials in immunocompromised individuals.
    </articletitle>
    <pagination>
     <medlinepgn>
      583-94
     </medlinepgn>
    </pagination>
    <abstract>
     <abstracttext>
      A review of the use of live attenuated varicella vaccine in immunocompromised children, particularly those with underlying leukemia in remission, is presented. Data concerning safety, immunogenicity, and efficacy of this vaccine in high-risk children are reviewed. The unique contributions toward our understanding of varicella vaccine, including spread of vaccine-type virus, incidence of zoster, and immune correlates provided by studies of immunocompromised patients are discussed. The importance of protecting high-risk children against severe varicella by the use of varicella vaccine is apparent.
     </abstracttext>
    </abstract>
    <affiliation>
     Department of Pediatrics, Columbia University College of Physicians and Surgeons, New York, New York, USA.
    </affiliation>
    <authorlist completeyn="Y">
     <author validyn="Y">
      <lastname>
       Gershon
      </lastname>
      <forename>
       A A
      </forename>
      <initials>
       AA
      </initials>
     </author>
     <author validyn="Y">
      <lastname>
       LaRussa
      </lastname>
      <forename>
       P
      </forename>
      <initials>
       P
      </initials>
     </author>
     <author validyn="Y">
      <lastname>
       Steinberg
      </lastname>
      <forename>
       S
      </forename>
      <initials>
       S
      </initials>
     </author>
    </authorlist>
    <language>
     eng
    </language>
    <publicationtypelist>
     <publicationtype>
      Journal Article
     </publicationtype>
     <publicationtype>
      Review
     </publicationtype>
    </publicationtypelist>
   </article>
   <medlinejournalinfo>
    <country>
     UNITED STATES
    </country>
    <medlineta>
     Infect Dis Clin North Am
    </medlineta>
    <nlmuniqueid>
     8804508
    </nlmuniqueid>
    <issnlinking>
     0891-5520
    </issnlinking>
   </medlinejournalinfo>
   <chemicallist>
    <chemical>
     <registrynumber>
      0
     </registrynumber>
     <nameofsubstance>
      Chickenpox Vaccine
     </nameofsubstance>
    </chemical>
   </chemicallist>
   <citationsubset>
    IM
   </citationsubset>
   <meshheadinglist>
    <meshheading>
     <descriptorname majortopicyn="N" type="Geographic">
      Canada
     </descriptorname>
    </meshheading>
    <meshheading>
     <descriptorname majortopicyn="N">
      Chickenpox
     </descriptorname>
     <qualifiername majortopicyn="Y">
      prevention &amp; control
     </qualifiername>
    </meshheading>
    <meshheading>
     <descriptorname majortopicyn="N">
      Chickenpox Vaccine
     </descriptorname>
     <qualifiername majortopicyn="N">
      adverse effects
     </qualifiername>
     <qualifiername majortopicyn="N">
      immunology
     </qualifiername>
     <qualifiername majortopicyn="Y">
      therapeutic use
     </qualifiername>
    </meshheading>
    <meshheading>
     <descriptorname majortopicyn="N">
      Child
     </descriptorname>
    </meshheading>
    <meshheading>
     <descriptorname majortopicyn="Y">
      Clinical Trials as Topic
     </descriptorname>
    </meshheading>
    <meshheading>
     <descriptorname majortopicyn="N">
      Herpes Zoster
     </descriptorname>
     <qualifiername majortopicyn="N">
      prevention &amp; control
     </qualifiername>
    </meshheading>
    <meshheading>
     <descriptorname majortopicyn="N">
      Humans
     </descriptorname>
    </meshheading>
    <meshheading>
     <descriptorname majortopicyn="Y">
      Immunocompromised Host
     </descriptorname>
    </meshheading>
    <meshheading>
     <descriptorname majortopicyn="N" type="Geographic">
      Japan
     </descriptorname>
    </meshheading>
    <meshheading>
     <descriptorname majortopicyn="N" type="Geographic">
      United States
     </descriptorname>
    </meshheading>
   </meshheadinglist>
   <numberofreferences>
    47
   </numberofreferences>
  </medlinecitation>
  <pubmeddata>
   <history>
    <pubmedpubdate pubstatus="pubmed">
     <year>
      1996
     </year>
     <month>
      9
     </month>
     <day>
      1
     </day>
    </pubmedpubdate>
    <pubmedpubdate pubstatus="medline">
     <year>
      1996
     </year>
     <month>
      9
     </month>
     <day>
      1
     </day>
     <hour>
      0
     </hour>
     <minute>
      1
     </minute>
    </pubmedpubdate>
    <pubmedpubdate pubstatus="entrez">
     <year>
      1996
     </year>
     <month>
      9
     </month>
     <day>
      1
     </day>
     <hour>
      0
     </hour>
     <minute>
      0
     </minute>
    </pubmedpubdate>
   </history>
   <publicationstatus>
    ppublish
   </publicationstatus>
   <articleidlist>
    <articleid idtype="pubmed">
     8856353
    </articleid>
   </articleidlist>
  </pubmeddata>
 </pubmedarticle>
</pubmedarticleset>

