<?xml version='1.0' encoding='utf-8'?>
<!DOCTYPE PubmedArticleSet PUBLIC "-//NLM//DTD PubMedArticle, 1st January 2011//EN" "http://www.ncbi.nlm.nih.gov/entrez/query/DTD/pubmed_110101.dtd">
<pubmedarticleset>
 <pubmedarticle>
  <medlinecitation owner="NLM" status="MEDLINE">
   <pmid version="1">
    8875918
   </pmid>
   <datecreated>
    <year>
     1996
    </year>
    <month>
     11
    </month>
    <day>
     14
    </day>
   </datecreated>
   <datecompleted>
    <year>
     1996
    </year>
    <month>
     11
    </month>
    <day>
     14
    </day>
   </datecompleted>
   <daterevised>
    <year>
     2007
    </year>
    <month>
     11
    </month>
    <day>
     15
    </day>
   </daterevised>
   <article pubmodel="Print">
    <journal>
     <issn issntype="Print">
      0028-4793
     </issn>
     <journalissue citedmedium="Print">
      <volume>
       335
      </volume>
      <issue>
       19
      </issue>
      <pubdate>
       <year>
        1996
       </year>
       <month>
        Nov
       </month>
       <day>
        7
       </day>
      </pubdate>
     </journalissue>
     <title>
      The New England journal of medicine
     </title>
     <isoabbreviation>
      N. Engl. J. Med.
     </isoabbreviation>
    </journal>
    <articletitle>
     Clinical outcome of mitral regurgitation due to flail leaflet.
    </articletitle>
    <pagination>
     <medlinepgn>
      1417-23
     </medlinepgn>
    </pagination>
    <abstract>
     <abstracttext label="BACKGROUND" nlmcategory="BACKGROUND">
      Mitral regurgitation due to flail leaflet is difficult to manage, because it is frequently asymptomatic yet carries a high risk of left ventricular dysfunction and because the natural history of the condition is poorly defined.
     </abstracttext>
     <abstracttext label="METHODS" nlmcategory="METHODS">
      We obtained clinical follow-up data through 1994-1995 in 229 patients with isolated mitral regurgitation due to flail leaflet; this condition was first diagnosed by echocardiography between 1980 and 1989.
     </abstracttext>
     <abstracttext label="RESULTS" nlmcategory="RESULTS">
      The 86 patients who were treated medically had a mortality rate significantly higher than expected (6.3 percent yearly, P=0.016 for the comparison with the expected rate in the U.S. population according to the 1990 census). Independent determinants of mortality were an older age, the presence of symptoms, and a lower ejection fraction. Patients who were even transiently in New York Heart Association functional class III or IV had a high mortality rate (34 percent yearly), but the rate was also notable (4.1 percent yearly) among those in class I or II. At 10 years, the mean (+/- SE) rates of heart failure, atrial fibrillation, and death or surgery were 63 +/- 8, 30 +/- 12, and 90 +/- 3 percent, respectively. In a multivariate analysis, surgical correction of mitral regurgitation (performed in 143 patients) was associated with a reduced mortality rate (hazard ratio, 0.29; 95 percent confidence interval, 0.15 to 0.56; P&lt;0.001).
     </abstracttext>
     <abstracttext label="CONCLUSIONS" nlmcategory="CONCLUSIONS">
      When treated medically, mitral regurgitation due to flail leaflet is associated with excess mortality and high morbidity. Surgery is almost unavoidable within 10 years after the diagnosis and appears to be associated with an improved prognosis; this finding suggests that surgery should be considered early in the course of the disease.
     </abstracttext>
    </abstract>
    <affiliation>
     Division of Cardiovascular Diseases and Internal Medicine, Mayo Clinic and Mayo Foundation, Rochester, MN 55905, USA.
    </affiliation>
    <authorlist completeyn="Y">
     <author validyn="Y">
      <lastname>
       Ling
      </lastname>
      <forename>
       L H
      </forename>
      <initials>
       LH
      </initials>
     </author>
     <author validyn="Y">
      <lastname>
       Enriquez-Sarano
      </lastname>
      <forename>
       M
      </forename>
      <initials>
       M
      </initials>
     </author>
     <author validyn="Y">
      <lastname>
       Seward
      </lastname>
      <forename>
       J B
      </forename>
      <initials>
       JB
      </initials>
     </author>
     <author validyn="Y">
      <lastname>
       Tajik
      </lastname>
      <forename>
       A J
      </forename>
      <initials>
       AJ
      </initials>
     </author>
     <author validyn="Y">
      <lastname>
       Schaff
      </lastname>
      <forename>
       H V
      </forename>
      <initials>
       HV
      </initials>
     </author>
     <author validyn="Y">
      <lastname>
       Bailey
      </lastname>
      <forename>
       K R
      </forename>
      <initials>
       KR
      </initials>
     </author>
     <author validyn="Y">
      <lastname>
       Frye
      </lastname>
      <forename>
       R L
      </forename>
      <initials>
       RL
      </initials>
     </author>
    </authorlist>
    <language>
     eng
    </language>
    <publicationtypelist>
     <publicationtype>
      Journal Article
     </publicationtype>
    </publicationtypelist>
   </article>
   <medlinejournalinfo>
    <country>
     UNITED STATES
    </country>
    <medlineta>
     N Engl J Med
    </medlineta>
    <nlmuniqueid>
     0255562
    </nlmuniqueid>
    <issnlinking>
     0028-4793
    </issnlinking>
   </medlinejournalinfo>
   <citationsubset>
    AIM
   </citationsubset>
   <citationsubset>
    IM
   </citationsubset>
   <commentscorrectionslist>
    <commentscorrections reftype="CommentIn">
     <refsource>
      N Engl J Med. 1996 Nov 7;335(19):1456-8
     </refsource>
     <pmid version="1">
      8875925
     </pmid>
    </commentscorrections>
    <commentscorrections reftype="CommentIn">
     <refsource>
      N Engl J Med. 1997 May 1;336(18):1322-3; author reply 1323-4
     </refsource>
     <pmid version="1">
      9132592
     </pmid>
    </commentscorrections>
    <commentscorrections reftype="CommentIn">
     <refsource>
      N Engl J Med. 1997 May 1;336(18):1322; author reply 1323-4
     </refsource>
     <pmid version="1">
      9132591
     </pmid>
    </commentscorrections>
   </commentscorrectionslist>
   <meshheadinglist>
    <meshheading>
     <descriptorname majortopicyn="N">
      Aged
     </descriptorname>
    </meshheading>
    <meshheading>
     <descriptorname majortopicyn="N">
      Female
     </descriptorname>
    </meshheading>
    <meshheading>
     <descriptorname majortopicyn="N">
      Follow-Up Studies
     </descriptorname>
    </meshheading>
    <meshheading>
     <descriptorname majortopicyn="N">
      Heart Diseases
     </descriptorname>
     <qualifiername majortopicyn="N">
      mortality
     </qualifiername>
    </meshheading>
    <meshheading>
     <descriptorname majortopicyn="N">
      Heart Failure
     </descriptorname>
     <qualifiername majortopicyn="N">
      epidemiology
     </qualifiername>
     <qualifiername majortopicyn="N">
      etiology
     </qualifiername>
    </meshheading>
    <meshheading>
     <descriptorname majortopicyn="N">
      Humans
     </descriptorname>
    </meshheading>
    <meshheading>
     <descriptorname majortopicyn="N">
      Incidence
     </descriptorname>
    </meshheading>
    <meshheading>
     <descriptorname majortopicyn="N">
      Male
     </descriptorname>
    </meshheading>
    <meshheading>
     <descriptorname majortopicyn="N">
      Middle Aged
     </descriptorname>
    </meshheading>
    <meshheading>
     <descriptorname majortopicyn="N">
      Mitral Valve
     </descriptorname>
     <qualifiername majortopicyn="Y">
      surgery
     </qualifiername>
     <qualifiername majortopicyn="N">
      ultrasonography
     </qualifiername>
    </meshheading>
    <meshheading>
     <descriptorname majortopicyn="N">
      Mitral Valve Insufficiency
     </descriptorname>
     <qualifiername majortopicyn="N">
      complications
     </qualifiername>
     <qualifiername majortopicyn="N">
      drug therapy
     </qualifiername>
     <qualifiername majortopicyn="Y">
      mortality
     </qualifiername>
     <qualifiername majortopicyn="Y">
      surgery
     </qualifiername>
    </meshheading>
    <meshheading>
     <descriptorname majortopicyn="N">
      Multivariate Analysis
     </descriptorname>
    </meshheading>
    <meshheading>
     <descriptorname majortopicyn="N">
      Prognosis
     </descriptorname>
    </meshheading>
    <meshheading>
     <descriptorname majortopicyn="N">
      Retrospective Studies
     </descriptorname>
    </meshheading>
    <meshheading>
     <descriptorname majortopicyn="N">
      Stroke Volume
     </descriptorname>
    </meshheading>
    <meshheading>
     <descriptorname majortopicyn="N">
      Survival Analysis
     </descriptorname>
    </meshheading>
    <meshheading>
     <descriptorname majortopicyn="N">
      Thromboembolism
     </descriptorname>
     <qualifiername majortopicyn="N">
      etiology
     </qualifiername>
    </meshheading>
   </meshheadinglist>
  </medlinecitation>
  <pubmeddata>
   <history>
    <pubmedpubdate pubstatus="pubmed">
     <year>
      1996
     </year>
     <month>
      11
     </month>
     <day>
      7
     </day>
    </pubmedpubdate>
    <pubmedpubdate pubstatus="medline">
     <year>
      1996
     </year>
     <month>
      11
     </month>
     <day>
      7
     </day>
     <hour>
      0
     </hour>
     <minute>
      1
     </minute>
    </pubmedpubdate>
    <pubmedpubdate pubstatus="entrez">
     <year>
      1996
     </year>
     <month>
      11
     </month>
     <day>
      7
     </day>
     <hour>
      0
     </hour>
     <minute>
      0
     </minute>
    </pubmedpubdate>
   </history>
   <publicationstatus>
    ppublish
   </publicationstatus>
   <articleidlist>
    <articleid idtype="pubmed">
     8875918
    </articleid>
    <articleid idtype="doi">
     10.1056/NEJM199611073351902
    </articleid>
   </articleidlist>
  </pubmeddata>
 </pubmedarticle>
</pubmedarticleset>

