<?xml version='1.0' encoding='utf-8'?>
<!DOCTYPE PubmedArticleSet PUBLIC "-//NLM//DTD PubMedArticle, 1st January 2011//EN" "http://www.ncbi.nlm.nih.gov/entrez/query/DTD/pubmed_110101.dtd">
<pubmedarticleset>
 <pubmedarticle>
  <medlinecitation owner="NLM" status="MEDLINE">
   <pmid version="1">
    8877239
   </pmid>
   <datecreated>
    <year>
     1997
    </year>
    <month>
     02
    </month>
    <day>
     10
    </day>
   </datecreated>
   <datecompleted>
    <year>
     1997
    </year>
    <month>
     02
    </month>
    <day>
     10
    </day>
   </datecompleted>
   <daterevised>
    <year>
     2006
    </year>
    <month>
     11
    </month>
    <day>
     15
    </day>
   </daterevised>
   <article pubmodel="Print">
    <journal>
     <issn issntype="Print">
      0009-9228
     </issn>
     <journalissue citedmedium="Print">
      <volume>
       35
      </volume>
      <issue>
       9
      </issue>
      <pubdate>
       <year>
        1996
       </year>
       <month>
        Sep
       </month>
      </pubdate>
     </journalissue>
     <title>
      Clinical pediatrics
     </title>
     <isoabbreviation>
      Clin Pediatr (Phila)
     </isoabbreviation>
    </journal>
    <articletitle>
     Treatment of acute gastroenteritis: too much and too little care.
    </articletitle>
    <pagination>
     <medlinepgn>
      429-35
     </medlinepgn>
    </pagination>
    <abstract>
     <abstracttext>
      This paper reviews the health services literature regarding care for gastroenteritis in children. United States health care utilization, use of oral rehydration therapy (ORT), and quality of care considerations are described. The literature suggests that some US children may receive too much care while others may not be getting enough and that physician practices continue to differ from expert recommendations.
     </abstracttext>
    </abstract>
    <affiliation>
     MEDSTAT Group, Santa Barbara, CA 93111, USA.
    </affiliation>
    <authorlist completeyn="Y">
     <author validyn="Y">
      <lastname>
       Merrick
      </lastname>
      <forename>
       N
      </forename>
      <initials>
       N
      </initials>
     </author>
     <author validyn="Y">
      <lastname>
       Davidson
      </lastname>
      <forename>
       B
      </forename>
      <initials>
       B
      </initials>
     </author>
     <author validyn="Y">
      <lastname>
       Fox
      </lastname>
      <forename>
       S
      </forename>
      <initials>
       S
      </initials>
     </author>
    </authorlist>
    <language>
     eng
    </language>
    <publicationtypelist>
     <publicationtype>
      Journal Article
     </publicationtype>
     <publicationtype>
      Research Support, U.S. Gov't, P.H.S.
     </publicationtype>
     <publicationtype>
      Review
     </publicationtype>
    </publicationtypelist>
   </article>
   <medlinejournalinfo>
    <country>
     UNITED STATES
    </country>
    <medlineta>
     Clin Pediatr (Phila)
    </medlineta>
    <nlmuniqueid>
     0372606
    </nlmuniqueid>
    <issnlinking>
     0009-9228
    </issnlinking>
   </medlinejournalinfo>
   <citationsubset>
    AIM
   </citationsubset>
   <citationsubset>
    IM
   </citationsubset>
   <commentscorrectionslist>
    <commentscorrections reftype="CommentIn">
     <refsource>
      Clin Pediatr (Phila). 1998 Sep;37(9):581-2
     </refsource>
     <pmid version="1">
      9773245
     </pmid>
    </commentscorrections>
   </commentscorrectionslist>
   <meshheadinglist>
    <meshheading>
     <descriptorname majortopicyn="N">
      Acute Disease
     </descriptorname>
    </meshheading>
    <meshheading>
     <descriptorname majortopicyn="N">
      Attitude of Health Personnel
     </descriptorname>
    </meshheading>
    <meshheading>
     <descriptorname majortopicyn="N">
      Child, Preschool
     </descriptorname>
    </meshheading>
    <meshheading>
     <descriptorname majortopicyn="Y">
      Fluid Therapy
     </descriptorname>
    </meshheading>
    <meshheading>
     <descriptorname majortopicyn="N">
      Gastroenteritis
     </descriptorname>
     <qualifiername majortopicyn="N">
      mortality
     </qualifiername>
     <qualifiername majortopicyn="Y">
      therapy
     </qualifiername>
    </meshheading>
    <meshheading>
     <descriptorname majortopicyn="N">
      Health Services
     </descriptorname>
     <qualifiername majortopicyn="Y">
      utilization
     </qualifiername>
    </meshheading>
    <meshheading>
     <descriptorname majortopicyn="N">
      Humans
     </descriptorname>
    </meshheading>
    <meshheading>
     <descriptorname majortopicyn="Y">
      Quality of Health Care
     </descriptorname>
    </meshheading>
   </meshheadinglist>
   <numberofreferences>
    38
   </numberofreferences>
  </medlinecitation>
  <pubmeddata>
   <history>
    <pubmedpubdate pubstatus="pubmed">
     <year>
      1996
     </year>
     <month>
      9
     </month>
     <day>
      1
     </day>
    </pubmedpubdate>
    <pubmedpubdate pubstatus="medline">
     <year>
      1996
     </year>
     <month>
      9
     </month>
     <day>
      1
     </day>
     <hour>
      0
     </hour>
     <minute>
      1
     </minute>
    </pubmedpubdate>
    <pubmedpubdate pubstatus="entrez">
     <year>
      1996
     </year>
     <month>
      9
     </month>
     <day>
      1
     </day>
     <hour>
      0
     </hour>
     <minute>
      0
     </minute>
    </pubmedpubdate>
   </history>
   <publicationstatus>
    ppublish
   </publicationstatus>
   <articleidlist>
    <articleid idtype="pubmed">
     8877239
    </articleid>
   </articleidlist>
  </pubmeddata>
 </pubmedarticle>
</pubmedarticleset>

