<?xml version='1.0' encoding='utf-8'?>
<!DOCTYPE PubmedArticleSet PUBLIC "-//NLM//DTD PubMedArticle, 1st January 2011//EN" "http://www.ncbi.nlm.nih.gov/entrez/query/DTD/pubmed_110101.dtd">
<pubmedarticleset>
 <pubmedarticle>
  <medlinecitation owner="NLM" status="MEDLINE">
   <pmid version="1">
    8880507
   </pmid>
   <datecreated>
    <year>
     1997
    </year>
    <month>
     01
    </month>
    <day>
     28
    </day>
   </datecreated>
   <datecompleted>
    <year>
     1997
    </year>
    <month>
     01
    </month>
    <day>
     28
    </day>
   </datecompleted>
   <daterevised>
    <year>
     2009
    </year>
    <month>
     11
    </month>
    <day>
     18
    </day>
   </daterevised>
   <article pubmodel="Print">
    <journal>
     <issn issntype="Print">
      0095-1137
     </issn>
     <journalissue citedmedium="Print">
      <volume>
       34
      </volume>
      <issue>
       10
      </issue>
      <pubdate>
       <year>
        1996
       </year>
       <month>
        Oct
       </month>
      </pubdate>
     </journalissue>
     <title>
      Journal of clinical microbiology
     </title>
     <isoabbreviation>
      J. Clin. Microbiol.
     </isoabbreviation>
    </journal>
    <articletitle>
     Vaginal microbiology of women with acute recurrent vulvovaginal candidiasis.
    </articletitle>
    <pagination>
     <medlinepgn>
      2497-9
     </medlinepgn>
    </pagination>
    <abstract>
     <abstracttext>
      Alterations in the autochthonous vaginal microflora can predispose women to recurring attacks of Candida vaginitis. Quantitative aerobic and anaerobic cultures were obtained from 24 premenopausal women with acute recurrent vulvovaginal candidiasis and from 21 healthy asymptomatic premenopausal women. Lactobacillus species constituted the predominant flora in both groups, with a mean log10 CFU/ml of 8.7, a total isolation rate of 96%, and a mean of 1.6 Lactobacillus species isolated per patient compared with a mean log10 CFU/ml of 8.9, a total isolation rate of 90%, and a mean of 1.2 Lactobacillus species isolated per patient in the vaginitis and control groups, respectively. The results of this small study failed to provide evidence of an altered or abnormal vaginal bacterial flora in women with non-antibiotic-induced recurrent vulvovaginal candidiasis suffering from acute Candida vaginitis.
     </abstracttext>
    </abstract>
    <affiliation>
     Department of Medicine, Wayne State University School of Medicine, Detroit, Michigan, USA.
    </affiliation>
    <authorlist completeyn="Y">
     <author validyn="Y">
      <lastname>
       Sobel
      </lastname>
      <forename>
       J D
      </forename>
      <initials>
       JD
      </initials>
     </author>
     <author validyn="Y">
      <lastname>
       Chaim
      </lastname>
      <forename>
       W
      </forename>
      <initials>
       W
      </initials>
     </author>
    </authorlist>
    <language>
     eng
    </language>
    <publicationtypelist>
     <publicationtype>
      Journal Article
     </publicationtype>
    </publicationtypelist>
   </article>
   <medlinejournalinfo>
    <country>
     UNITED STATES
    </country>
    <medlineta>
     J Clin Microbiol
    </medlineta>
    <nlmuniqueid>
     7505564
    </nlmuniqueid>
    <issnlinking>
     0095-1137
    </issnlinking>
   </medlinejournalinfo>
   <citationsubset>
    IM
   </citationsubset>
   <commentscorrectionslist>
    <commentscorrections reftype="Cites">
     <refsource>
      Am J Obstet Gynecol. 1992 Mar;166(3):938-44
     </refsource>
     <pmid version="1">
      1372474
     </pmid>
    </commentscorrections>
    <commentscorrections reftype="Cites">
     <refsource>
      Obstet Gynecol. 1980 Mar;55(3):397-401
     </refsource>
     <pmid version="1">
      7360441
     </pmid>
    </commentscorrections>
    <commentscorrections reftype="Cites">
     <refsource>
      Ann Intern Med. 1992 Mar 1;116(5):353-7
     </refsource>
     <pmid version="1">
      1736766
     </pmid>
    </commentscorrections>
    <commentscorrections reftype="Cites">
     <refsource>
      Obstet Gynecol. 1992 Mar;79(3):369-73
     </refsource>
     <pmid version="1">
      1738516
     </pmid>
    </commentscorrections>
    <commentscorrections reftype="Cites">
     <refsource>
      J Reprod Med. 1991 Oct;36(10):745-52
     </refsource>
     <pmid version="1">
      1956016
     </pmid>
    </commentscorrections>
    <commentscorrections reftype="Cites">
     <refsource>
      Rev Infect Dis. 1990 Sep-Oct;12(5):856-72
     </refsource>
     <pmid version="1">
      2237129
     </pmid>
    </commentscorrections>
    <commentscorrections reftype="Cites">
     <refsource>
      Obstet Gynecol. 1990 Feb;75(2):244-8
     </refsource>
     <pmid version="1">
      2300352
     </pmid>
    </commentscorrections>
    <commentscorrections reftype="Cites">
     <refsource>
      J Clin Microbiol. 1989 Feb;27(2):251-6
     </refsource>
     <pmid version="1">
      2915019
     </pmid>
    </commentscorrections>
    <commentscorrections reftype="Cites">
     <refsource>
      Am J Obstet Gynecol. 1988 Apr;158(4):819-28
     </refsource>
     <pmid version="1">
      3259075
     </pmid>
    </commentscorrections>
    <commentscorrections reftype="Cites">
     <refsource>
      Am J Obstet Gynecol. 1988 Apr;158(4):993-5
     </refsource>
     <pmid version="1">
      3284368
     </pmid>
    </commentscorrections>
    <commentscorrections reftype="Cites">
     <refsource>
      Mycopathologia. 1977 Dec 31;62(3):187-9
     </refsource>
     <pmid version="1">
      414139
     </pmid>
    </commentscorrections>
    <commentscorrections reftype="Cites">
     <refsource>
      Am J Obstet Gynecol. 1979 Jan 15;133(2):139-44
     </refsource>
     <pmid version="1">
      420269
     </pmid>
    </commentscorrections>
    <commentscorrections reftype="Cites">
     <refsource>
      J Antibiot (Tokyo). 1974 Aug;27(8):631-6
     </refsource>
     <pmid version="1">
      4373425
     </pmid>
    </commentscorrections>
    <commentscorrections reftype="Cites">
     <refsource>
      J Bacteriol. 1969 Aug;99(2):361-5
     </refsource>
     <pmid version="1">
      5817553
     </pmid>
    </commentscorrections>
    <commentscorrections reftype="Cites">
     <refsource>
      Infect Immun. 1983 Apr;40(1):97-102
     </refsource>
     <pmid version="1">
      6299966
     </pmid>
    </commentscorrections>
    <commentscorrections reftype="Cites">
     <refsource>
      Appl Environ Microbiol. 1983 Jun;45(6):1808-15
     </refsource>
     <pmid version="1">
      6410990
     </pmid>
    </commentscorrections>
    <commentscorrections reftype="Cites">
     <refsource>
      J Med Microbiol. 1984 Oct;18(2):217-31
     </refsource>
     <pmid version="1">
      6492119
     </pmid>
    </commentscorrections>
    <commentscorrections reftype="Cites">
     <refsource>
      J Dairy Sci. 1980 May;63(5):830-2
     </refsource>
     <pmid version="1">
      6771309
     </pmid>
    </commentscorrections>
    <commentscorrections reftype="Cites">
     <refsource>
      Obstet Gynecol. 1980 May;55(5 Suppl):100S-113S
     </refsource>
     <pmid version="1">
      6990326
     </pmid>
    </commentscorrections>
    <commentscorrections reftype="Cites">
     <refsource>
      Minerva Ginecol. 1981 Sep;33(9):863-6
     </refsource>
     <pmid version="1">
      7322431
     </pmid>
    </commentscorrections>
    <commentscorrections reftype="Cites">
     <refsource>
      J Infect Dis. 1991 Jul;164(1):94-100
     </refsource>
     <pmid version="1">
      1647428
     </pmid>
    </commentscorrections>
   </commentscorrectionslist>
   <meshheadinglist>
    <meshheading>
     <descriptorname majortopicyn="N">
      Adult
     </descriptorname>
    </meshheading>
    <meshheading>
     <descriptorname majortopicyn="N">
      Candidiasis, Vulvovaginal
     </descriptorname>
     <qualifiername majortopicyn="Y">
      microbiology
     </qualifiername>
    </meshheading>
    <meshheading>
     <descriptorname majortopicyn="N">
      Female
     </descriptorname>
    </meshheading>
    <meshheading>
     <descriptorname majortopicyn="N">
      Humans
     </descriptorname>
    </meshheading>
    <meshheading>
     <descriptorname majortopicyn="N">
      Lactobacillus
     </descriptorname>
     <qualifiername majortopicyn="Y">
      isolation &amp; purification
     </qualifiername>
    </meshheading>
    <meshheading>
     <descriptorname majortopicyn="N">
      Vagina
     </descriptorname>
     <qualifiername majortopicyn="Y">
      microbiology
     </qualifiername>
    </meshheading>
   </meshheadinglist>
   <otherid source="NLM">
    PMC229302
   </otherid>
  </medlinecitation>
  <pubmeddata>
   <history>
    <pubmedpubdate pubstatus="pubmed">
     <year>
      1996
     </year>
     <month>
      10
     </month>
     <day>
      1
     </day>
    </pubmedpubdate>
    <pubmedpubdate pubstatus="medline">
     <year>
      1996
     </year>
     <month>
      10
     </month>
     <day>
      1
     </day>
     <hour>
      0
     </hour>
     <minute>
      1
     </minute>
    </pubmedpubdate>
    <pubmedpubdate pubstatus="entrez">
     <year>
      1996
     </year>
     <month>
      10
     </month>
     <day>
      1
     </day>
     <hour>
      0
     </hour>
     <minute>
      0
     </minute>
    </pubmedpubdate>
   </history>
   <publicationstatus>
    ppublish
   </publicationstatus>
   <articleidlist>
    <articleid idtype="pubmed">
     8880507
    </articleid>
    <articleid idtype="pmc">
     PMC229302
    </articleid>
   </articleidlist>
  </pubmeddata>
 </pubmedarticle>
</pubmedarticleset>

