<?xml version='1.0' encoding='utf-8'?>
<!DOCTYPE PubmedArticleSet PUBLIC "-//NLM//DTD PubMedArticle, 1st January 2011//EN" "http://www.ncbi.nlm.nih.gov/entrez/query/DTD/pubmed_110101.dtd">
<pubmedarticleset>
 <pubmedarticle>
  <medlinecitation owner="NLM" status="MEDLINE">
   <pmid version="1">
    8942774
   </pmid>
   <datecreated>
    <year>
     1996
    </year>
    <month>
     12
    </month>
    <day>
     20
    </day>
   </datecreated>
   <datecompleted>
    <year>
     1996
    </year>
    <month>
     12
    </month>
    <day>
     20
    </day>
   </datecompleted>
   <daterevised>
    <year>
     2006
    </year>
    <month>
     11
    </month>
    <day>
     15
    </day>
   </daterevised>
   <article pubmodel="Print">
    <journal>
     <issn issntype="Print">
      0140-6736
     </issn>
     <journalissue citedmedium="Print">
      <volume>
       348
      </volume>
      <issue>
       9040
      </issue>
      <pubdate>
       <year>
        1996
       </year>
       <month>
        Nov
       </month>
       <day>
        30
       </day>
      </pubdate>
     </journalissue>
     <title>
      Lancet
     </title>
     <isoabbreviation>
      Lancet
     </isoabbreviation>
    </journal>
    <articletitle>
     Randomised study of screening for colorectal cancer with faecal-occult-blood test.
    </articletitle>
    <pagination>
     <medlinepgn>
      1467-71
     </medlinepgn>
    </pagination>
    <abstract>
     <abstracttext label="BACKGROUND" nlmcategory="BACKGROUND">
      Case-control studies and a voluntary-based follow-up study have suggested that repeated screening with faecal-occult-blood (FOB) tests can lead to a reduction in mortality from colorectal cancer (CRC). The aim of this randomised study was to compare mortality rates after FOB tests every 2 years during a 10-year period with those of unscreened similar controls.
     </abstracttext>
     <abstracttext label="METHODS" nlmcategory="METHODS">
      140,000 people aged 45-75 years lived in Funen, Denmark, in August, 1985, and were considered for inclusion in our study. Before randomisation we excluded individuals who had CRC or precursor adenomas and those who had taken part in a previous pilot study. Randomisation of 137,485 people in blocks of 14 allocated three per 14 to the screening group (30,967), three per 14 to the control group (30,966), and eight not to be enrolled in the study (75,552). Controls were not told about the study and continued to use health-care facilities as normal. Hemoccult-II blood tests (with dietary restrictions but without rehydration) were sent to screening-group participants. Only those participants who completed the first screening round were invited for further screening--five rounds of screening during a 10-year period. Participants with positive tests were asked to attend to full examination and were offered colonoscopy whenever possible. The primary endpoint was death from CRC.
     </abstracttext>
     <abstracttext label="FINDINGS" nlmcategory="RESULTS">
      Of the 30,967 screening-group participants, 20,672 (67%) completed the first screening round and were invited for further screening; more than 90% accepted repeated screenings. During the 10-year study, 481 people in the screening group had a diagnosis of CRC, compared with 483 unscreened controls. There were 205 deaths attributable to CRC in the screening group, compared with 249 deaths in controls. CRC mortality, including deaths attributable to complications from CRC treatment, was significantly lower in the screening group than in controls (mortality ratio 0.82 [95% CI 0.68-0.99]) p = 0.03).
     </abstracttext>
     <abstracttext label="INTERPRETATION" nlmcategory="CONCLUSIONS">
      Our findings indicate that biennial screening by FOB tests can reduce CRC mortality. This study is being continued to improve its statistical power and to assess the effect of the removal of more precursor adenomas in the screening-group participants than in controls on CRC incidence.
     </abstracttext>
    </abstract>
    <affiliation>
     Department of Surgery A, Odense University Hospital, Denmark.
    </affiliation>
    <authorlist completeyn="Y">
     <author validyn="Y">
      <lastname>
       Kronborg
      </lastname>
      <forename>
       O
      </forename>
      <initials>
       O
      </initials>
     </author>
     <author validyn="Y">
      <lastname>
       Fenger
      </lastname>
      <forename>
       C
      </forename>
      <initials>
       C
      </initials>
     </author>
     <author validyn="Y">
      <lastname>
       Olsen
      </lastname>
      <forename>
       J
      </forename>
      <initials>
       J
      </initials>
     </author>
     <author validyn="Y">
      <lastname>
       Jørgensen
      </lastname>
      <forename>
       O D
      </forename>
      <initials>
       OD
      </initials>
     </author>
     <author validyn="Y">
      <lastname>
       Søndergaard
      </lastname>
      <forename>
       O
      </forename>
      <initials>
       O
      </initials>
     </author>
    </authorlist>
    <language>
     eng
    </language>
    <publicationtypelist>
     <publicationtype>
      Clinical Trial
     </publicationtype>
     <publicationtype>
      Journal Article
     </publicationtype>
     <publicationtype>
      Randomized Controlled Trial
     </publicationtype>
     <publicationtype>
      Research Support, Non-U.S. Gov't
     </publicationtype>
    </publicationtypelist>
   </article>
   <medlinejournalinfo>
    <country>
     ENGLAND
    </country>
    <medlineta>
     Lancet
    </medlineta>
    <nlmuniqueid>
     2985213R
    </nlmuniqueid>
    <issnlinking>
     0140-6736
    </issnlinking>
   </medlinejournalinfo>
   <citationsubset>
    AIM
   </citationsubset>
   <citationsubset>
    IM
   </citationsubset>
   <commentscorrectionslist>
    <commentscorrections reftype="CommentIn">
     <refsource>
      Lancet. 1997 Feb 1;349(9048):357; author reply 358
     </refsource>
     <pmid version="1">
      9024400
     </pmid>
    </commentscorrections>
    <commentscorrections reftype="CommentIn">
     <refsource>
      Lancet. 1997 Feb 1;349(9048):356; author reply 358
     </refsource>
     <pmid version="1">
      9024398
     </pmid>
    </commentscorrections>
    <commentscorrections reftype="CommentIn">
     <refsource>
      ACP J Club. 1997 May-Jun;126(3):62-3
     </refsource>
    </commentscorrections>
    <commentscorrections reftype="CommentIn">
     <refsource>
      Lancet. 1997 Feb 1;349(9048):357-8
     </refsource>
     <pmid version="1">
      9024401
     </pmid>
    </commentscorrections>
    <commentscorrections reftype="CommentIn">
     <refsource>
      Lancet. 1997 Feb 1;349(9048):356-7; author reply 358
     </refsource>
     <pmid version="1">
      9024399
     </pmid>
    </commentscorrections>
   </commentscorrectionslist>
   <meshheadinglist>
    <meshheading>
     <descriptorname majortopicyn="N">
      Adenoma
     </descriptorname>
     <qualifiername majortopicyn="N">
      diagnosis
     </qualifiername>
     <qualifiername majortopicyn="Y">
      mortality
     </qualifiername>
     <qualifiername majortopicyn="N">
      prevention &amp; control
     </qualifiername>
    </meshheading>
    <meshheading>
     <descriptorname majortopicyn="N">
      Aged
     </descriptorname>
    </meshheading>
    <meshheading>
     <descriptorname majortopicyn="N">
      Carcinoma
     </descriptorname>
     <qualifiername majortopicyn="N">
      diagnosis
     </qualifiername>
     <qualifiername majortopicyn="Y">
      mortality
     </qualifiername>
     <qualifiername majortopicyn="N">
      prevention &amp; control
     </qualifiername>
    </meshheading>
    <meshheading>
     <descriptorname majortopicyn="N">
      Cause of Death
     </descriptorname>
    </meshheading>
    <meshheading>
     <descriptorname majortopicyn="N">
      Colonoscopy
     </descriptorname>
    </meshheading>
    <meshheading>
     <descriptorname majortopicyn="N">
      Colorectal Neoplasms
     </descriptorname>
     <qualifiername majortopicyn="N">
      diagnosis
     </qualifiername>
     <qualifiername majortopicyn="Y">
      mortality
     </qualifiername>
     <qualifiername majortopicyn="N">
      prevention &amp; control
     </qualifiername>
    </meshheading>
    <meshheading>
     <descriptorname majortopicyn="N" type="Geographic">
      Denmark
     </descriptorname>
     <qualifiername majortopicyn="N">
      epidemiology
     </qualifiername>
    </meshheading>
    <meshheading>
     <descriptorname majortopicyn="N">
      Female
     </descriptorname>
    </meshheading>
    <meshheading>
     <descriptorname majortopicyn="N">
      Follow-Up Studies
     </descriptorname>
    </meshheading>
    <meshheading>
     <descriptorname majortopicyn="N">
      Humans
     </descriptorname>
    </meshheading>
    <meshheading>
     <descriptorname majortopicyn="N">
      Male
     </descriptorname>
    </meshheading>
    <meshheading>
     <descriptorname majortopicyn="Y">
      Mass Screening
     </descriptorname>
    </meshheading>
    <meshheading>
     <descriptorname majortopicyn="N">
      Middle Aged
     </descriptorname>
    </meshheading>
    <meshheading>
     <descriptorname majortopicyn="Y">
      Occult Blood
     </descriptorname>
    </meshheading>
   </meshheadinglist>
  </medlinecitation>
  <pubmeddata>
   <history>
    <pubmedpubdate pubstatus="pubmed">
     <year>
      1996
     </year>
     <month>
      11
     </month>
     <day>
      30
     </day>
    </pubmedpubdate>
    <pubmedpubdate pubstatus="medline">
     <year>
      1996
     </year>
     <month>
      11
     </month>
     <day>
      30
     </day>
     <hour>
      0
     </hour>
     <minute>
      1
     </minute>
    </pubmedpubdate>
    <pubmedpubdate pubstatus="entrez">
     <year>
      1996
     </year>
     <month>
      11
     </month>
     <day>
      30
     </day>
     <hour>
      0
     </hour>
     <minute>
      0
     </minute>
    </pubmedpubdate>
   </history>
   <publicationstatus>
    ppublish
   </publicationstatus>
   <articleidlist>
    <articleid idtype="pubmed">
     8942774
    </articleid>
    <articleid idtype="pii">
     S0140-6736(96)03430-7
    </articleid>
    <articleid idtype="doi">
     10.1016/S0140-6736(96)03430-7
    </articleid>
   </articleidlist>
  </pubmeddata>
 </pubmedarticle>
</pubmedarticleset>

