<?xml version='1.0' encoding='utf-8'?>
<!DOCTYPE PubmedArticleSet PUBLIC "-//NLM//DTD PubMedArticle, 1st January 2011//EN" "http://www.ncbi.nlm.nih.gov/entrez/query/DTD/pubmed_110101.dtd">
<pubmedarticleset>
 <pubmedarticle>
  <medlinecitation owner="NLM" status="MEDLINE">
   <pmid version="1">
    8989331
   </pmid>
   <datecreated>
    <year>
     1997
    </year>
    <month>
     01
    </month>
    <day>
     29
    </day>
   </datecreated>
   <datecompleted>
    <year>
     1997
    </year>
    <month>
     01
    </month>
    <day>
     29
    </day>
   </datecompleted>
   <daterevised>
    <year>
     2006
    </year>
    <month>
     11
    </month>
    <day>
     15
    </day>
   </daterevised>
   <article pubmodel="Print">
    <journal>
     <issn issntype="Electronic">
      1098-4275
     </issn>
     <journalissue citedmedium="Internet">
      <volume>
       99
      </volume>
      <issue>
       1
      </issue>
      <pubdate>
       <year>
        1997
       </year>
       <month>
        Jan
       </month>
      </pubdate>
     </journalissue>
     <title>
      Pediatrics
     </title>
     <isoabbreviation>
      Pediatrics
     </isoabbreviation>
    </journal>
    <articletitle>
     Excess fruit juice consumption by preschool-aged children is associated with short stature and obesity.
    </articletitle>
    <pagination>
     <medlinepgn>
      15-22
     </medlinepgn>
    </pagination>
    <abstract>
     <abstracttext label="BACKGROUND" nlmcategory="BACKGROUND">
      In a referral population of young children, excessive fruit juice consumption has been reported to be a contributing factor in nonorganic failure to thrive.
     </abstracttext>
     <abstracttext label="OBJECTIVE" nlmcategory="OBJECTIVE">
      To evaluate, in a population-based sample of healthy children, fruit juice consumption and its effects on growth parameters during early childhood.
     </abstracttext>
     <abstracttext label="DESIGN" nlmcategory="METHODS">
      Cross-sectional study.
     </abstracttext>
     <abstracttext label="SETTING" nlmcategory="METHODS">
      General primary care health center in upstate New York.
     </abstracttext>
     <abstracttext label="PARTICIPANTS" nlmcategory="METHODS">
      One hundred sixteen 2-year-old children and one hundred seven 5-year-old children, who were scheduled for a nonacute visit, and their primary care taker/parent were recruited over a 2-year period.
     </abstracttext>
     <abstracttext label="MEASUREMENTS" nlmcategory="METHODS">
      For 168 children (ninety-four 2-year-old children and seventy-four 5-year-old children), mean dietary intake was calculated from 7 days of written dietary records, entered, and analyzed using the Minnesota Nutrition Data System. Height was measured using a Harpenden Stadiometer. Weight was measured using a standard balance beam scale.
     </abstracttext>
     <abstracttext label="RESULTS" nlmcategory="RESULTS">
      The 2-year-old and 5-year-old children consumed, on average, 5.9 and 5.0 fl oz/day of fruit juice and 9.8 and 11.0 fl oz/day of milk, respectively. Nineteen children (11%) consumed &gt; or = 12 fl oz/day of juice. Forty-two percent of children consuming &gt; or = 12 fl oz/day of juice had short stature (height less than 20th sex-specific percentile for age) vs 14% of children drinking less than 12 fl oz/day of juice. Obesity was more common among children drinking &gt; or = 12 fl oz/day of juice compared with those drinking less juice: 53% vs 32% had a body mass index &gt; or = 75th age- and sex-specific percentile; 32% vs 9% had a body mass index &gt; or = 90th age- and sex-specific percentile; and 32% vs 5% had a ponderal index &gt; or = 90th age-specific percentile. After adjustment for maternal height, child age, child sex, and child age-sex interaction, children consuming &gt; or = 12 fl oz/day of juice, compared with those drinking less than 12 fl oz/day of juice, were shorter (86.5 vs 89.3 cm and 106.5 vs 111.2 cm for the 2-year-old and 5-year-old children, respectively) and more overweight (body mass index = 17.2 vs 16.3 kg/m2 and ponderal index = 18.4 vs 16.8 kg/m3).
     </abstracttext>
     <abstracttext label="CONCLUSIONS" nlmcategory="CONCLUSIONS">
      Consumption of &gt; or = 12 fl oz/day of fruit juice by young children was associated with short stature and with obesity. Parents and care takers should limit young children's consumption of fruit juice to less than 12 fl oz/day.
     </abstracttext>
    </abstract>
    <affiliation>
     Mary Imogene Bassett Research Institute, Cooperstown, NY 13326, USA.
    </affiliation>
    <authorlist completeyn="Y">
     <author validyn="Y">
      <lastname>
       Dennison
      </lastname>
      <forename>
       B A
      </forename>
      <initials>
       BA
      </initials>
     </author>
     <author validyn="Y">
      <lastname>
       Rockwell
      </lastname>
      <forename>
       H L
      </forename>
      <initials>
       HL
      </initials>
     </author>
     <author validyn="Y">
      <lastname>
       Baker
      </lastname>
      <forename>
       S L
      </forename>
      <initials>
       SL
      </initials>
     </author>
    </authorlist>
    <language>
     eng
    </language>
    <publicationtypelist>
     <publicationtype>
      Comparative Study
     </publicationtype>
     <publicationtype>
      Journal Article
     </publicationtype>
     <publicationtype>
      Research Support, Non-U.S. Gov't
     </publicationtype>
    </publicationtypelist>
   </article>
   <medlinejournalinfo>
    <country>
     UNITED STATES
    </country>
    <medlineta>
     Pediatrics
    </medlineta>
    <nlmuniqueid>
     0376422
    </nlmuniqueid>
    <issnlinking>
     0031-4005
    </issnlinking>
   </medlinejournalinfo>
   <citationsubset>
    AIM
   </citationsubset>
   <citationsubset>
    IM
   </citationsubset>
   <commentscorrectionslist>
    <commentscorrections reftype="CommentIn">
     <refsource>
      Pediatrics. 1997 Oct;100(4):728-30
     </refsource>
     <pmid version="1">
      9333758
     </pmid>
    </commentscorrections>
    <commentscorrections reftype="CommentIn">
     <refsource>
      Pediatrics. 1997 Oct;100(4):728; author reply 729-30
     </refsource>
     <pmid version="1">
      9333757
     </pmid>
    </commentscorrections>
    <commentscorrections reftype="CommentIn">
     <refsource>
      Pediatrics. 1997 Oct;100(4):728; author reply 729-30
     </refsource>
     <pmid version="1">
      9333756
     </pmid>
    </commentscorrections>
    <commentscorrections reftype="ErratumIn">
     <refsource>
      Pediatrics 1997 Oct;100(4):733
     </refsource>
    </commentscorrections>
   </commentscorrectionslist>
   <meshheadinglist>
    <meshheading>
     <descriptorname majortopicyn="N">
      Anthropometry
     </descriptorname>
    </meshheading>
    <meshheading>
     <descriptorname majortopicyn="Y">
      Beverages
     </descriptorname>
    </meshheading>
    <meshheading>
     <descriptorname majortopicyn="Y">
      Body Height
     </descriptorname>
    </meshheading>
    <meshheading>
     <descriptorname majortopicyn="N">
      Body Mass Index
     </descriptorname>
    </meshheading>
    <meshheading>
     <descriptorname majortopicyn="N">
      Child, Preschool
     </descriptorname>
    </meshheading>
    <meshheading>
     <descriptorname majortopicyn="N">
      Cross-Sectional Studies
     </descriptorname>
    </meshheading>
    <meshheading>
     <descriptorname majortopicyn="N">
      Energy Intake
     </descriptorname>
    </meshheading>
    <meshheading>
     <descriptorname majortopicyn="N">
      Female
     </descriptorname>
    </meshheading>
    <meshheading>
     <descriptorname majortopicyn="N">
      Fruit
     </descriptorname>
     <qualifiername majortopicyn="Y">
      adverse effects
     </qualifiername>
    </meshheading>
    <meshheading>
     <descriptorname majortopicyn="N">
      Humans
     </descriptorname>
    </meshheading>
    <meshheading>
     <descriptorname majortopicyn="N">
      Male
     </descriptorname>
    </meshheading>
    <meshheading>
     <descriptorname majortopicyn="N">
      Obesity
     </descriptorname>
     <qualifiername majortopicyn="Y">
      etiology
     </qualifiername>
    </meshheading>
   </meshheadinglist>
  </medlinecitation>
  <pubmeddata>
   <history>
    <pubmedpubdate pubstatus="pubmed">
     <year>
      1997
     </year>
     <month>
      1
     </month>
     <day>
      1
     </day>
    </pubmedpubdate>
    <pubmedpubdate pubstatus="medline">
     <year>
      1997
     </year>
     <month>
      1
     </month>
     <day>
      1
     </day>
     <hour>
      0
     </hour>
     <minute>
      1
     </minute>
    </pubmedpubdate>
    <pubmedpubdate pubstatus="entrez">
     <year>
      1997
     </year>
     <month>
      1
     </month>
     <day>
      1
     </day>
     <hour>
      0
     </hour>
     <minute>
      0
     </minute>
    </pubmedpubdate>
   </history>
   <publicationstatus>
    ppublish
   </publicationstatus>
   <articleidlist>
    <articleid idtype="pubmed">
     8989331
    </articleid>
   </articleidlist>
  </pubmeddata>
 </pubmedarticle>
</pubmedarticleset>

