<?xml version='1.0' encoding='utf-8'?>
<!DOCTYPE PubmedArticleSet PUBLIC "-//NLM//DTD PubMedArticle, 1st January 2011//EN" "http://www.ncbi.nlm.nih.gov/entrez/query/DTD/pubmed_110101.dtd">
<pubmedarticleset>
 <pubmedarticle>
  <medlinecitation owner="NLM" status="MEDLINE">
   <pmid version="1">
    9041290
   </pmid>
   <datecreated>
    <year>
     1997
    </year>
    <month>
     03
    </month>
    <day>
     11
    </day>
   </datecreated>
   <datecompleted>
    <year>
     1997
    </year>
    <month>
     03
    </month>
    <day>
     11
    </day>
   </datecompleted>
   <daterevised>
    <year>
     2007
    </year>
    <month>
     11
    </month>
    <day>
     15
    </day>
   </daterevised>
   <article pubmodel="Print">
    <journal>
     <issn issntype="Electronic">
      1098-4275
     </issn>
     <journalissue citedmedium="Internet">
      <volume>
       99
      </volume>
      <issue>
       3
      </issue>
      <pubdate>
       <year>
        1997
       </year>
       <month>
        Mar
       </month>
      </pubdate>
     </journalissue>
     <title>
      Pediatrics
     </title>
     <isoabbreviation>
      Pediatrics
     </isoabbreviation>
    </journal>
    <articletitle>
     Treatment of pyogenic granuloma in children with the flashlamp-pumped pulsed dye laser.
    </articletitle>
    <pagination>
     <medlinepgn>
      368-70
     </medlinepgn>
    </pagination>
    <abstract>
     <abstracttext label="OBJECTIVE" nlmcategory="OBJECTIVE">
      Pyogenic granuloma is a common, acquired, vascular tumor of the skin in children, often ulcerates or bleeds, and is commonly localized to the face. The treatment of choice has been surgical removal, either by excision or shave, followed by electrocautery. The site, young age of the patient, and the inherent nature of surgical removal or electrocautery often make this procedure a traumatic experience. Also, surgical treatment usually leads to permanent scarring. Owing to the pulsed dye laser's ability to cause selective destruction of superficial capillary-sized cutaneous blood vessels, its ease of operation, and its lack of scarring, we evaluated its use in the treatment of pyogenic granuloma in children.
     </abstracttext>
     <abstracttext label="METHODS" nlmcategory="METHODS">
      Twenty-two children with solitary pyogenic granulomas were treated with a vascular-specific (585 nm), pulsed (450 microseconds) dye laser using a 5-mm spot size with a laser energy of 6 to 7 J/cm2 without anesthesia. Retreatments were administered every 2 weeks if necessary until the lesion cleared. Posttreatment care consisted of twice-a-day application of bacitracin ointment.
     </abstracttext>
     <abstracttext label="RESULTS" nlmcategory="RESULTS">
      In 20 patients (91%), laser treatment was successful. Five patients (25%) required one treatment for resolution, eight patients (40%) required two treatments, and six patients (30%) required three treatments for clearing. One patient required six treatments before the lesion resolved. There was no correlation with the duration, or site of the lesion, with respect to the number of laser treatments required. Lesions in all 20 children healed without scarring and with excellent cosmetic results. In two patients (9%), laser treatment failed in that there was no response to the initial laser treatment on follow-up 2 weeks later. Both had large pyogenic granulomas (1 cm and .5 cm in diameter, respectively) which were elevated over .5 cm above the surface of the skin. These lesions were surgically removed. None of the patients had a recurrence during the follow-up period of 6 months to 3 years.
     </abstracttext>
     <abstracttext label="CONCLUSION" nlmcategory="CONCLUSIONS">
      Pulsed dye lasers are effective and safe for the treatment of small pyogenic granulomas in children and should be considered a treatment option.
     </abstracttext>
    </abstract>
    <affiliation>
     Department of Dermatology, University of Colorado Health Sciences Center, Denver 80262, USA.
    </affiliation>
    <authorlist completeyn="Y">
     <author validyn="Y">
      <lastname>
       Tay
      </lastname>
      <forename>
       Y K
      </forename>
      <initials>
       YK
      </initials>
     </author>
     <author validyn="Y">
      <lastname>
       Weston
      </lastname>
      <forename>
       W L
      </forename>
      <initials>
       WL
      </initials>
     </author>
     <author validyn="Y">
      <lastname>
       Morelli
      </lastname>
      <forename>
       J G
      </forename>
      <initials>
       JG
      </initials>
     </author>
    </authorlist>
    <language>
     eng
    </language>
    <publicationtypelist>
     <publicationtype>
      Journal Article
     </publicationtype>
    </publicationtypelist>
   </article>
   <medlinejournalinfo>
    <country>
     UNITED STATES
    </country>
    <medlineta>
     Pediatrics
    </medlineta>
    <nlmuniqueid>
     0376422
    </nlmuniqueid>
    <issnlinking>
     0031-4005
    </issnlinking>
   </medlinejournalinfo>
   <citationsubset>
    AIM
   </citationsubset>
   <citationsubset>
    IM
   </citationsubset>
   <meshheadinglist>
    <meshheading>
     <descriptorname majortopicyn="N">
      Adolescent
     </descriptorname>
    </meshheading>
    <meshheading>
     <descriptorname majortopicyn="N">
      Child
     </descriptorname>
    </meshheading>
    <meshheading>
     <descriptorname majortopicyn="N">
      Child, Preschool
     </descriptorname>
    </meshheading>
    <meshheading>
     <descriptorname majortopicyn="N">
      Female
     </descriptorname>
    </meshheading>
    <meshheading>
     <descriptorname majortopicyn="N">
      Granuloma, Pyogenic
     </descriptorname>
     <qualifiername majortopicyn="Y">
      radiotherapy
     </qualifiername>
    </meshheading>
    <meshheading>
     <descriptorname majortopicyn="N">
      Humans
     </descriptorname>
    </meshheading>
    <meshheading>
     <descriptorname majortopicyn="N">
      Infant
     </descriptorname>
    </meshheading>
    <meshheading>
     <descriptorname majortopicyn="Y">
      Laser Therapy
     </descriptorname>
    </meshheading>
    <meshheading>
     <descriptorname majortopicyn="N">
      Male
     </descriptorname>
    </meshheading>
    <meshheading>
     <descriptorname majortopicyn="N">
      Skin Diseases
     </descriptorname>
     <qualifiername majortopicyn="Y">
      radiotherapy
     </qualifiername>
    </meshheading>
    <meshheading>
     <descriptorname majortopicyn="N">
      Treatment Outcome
     </descriptorname>
    </meshheading>
   </meshheadinglist>
  </medlinecitation>
  <pubmeddata>
   <history>
    <pubmedpubdate pubstatus="pubmed">
     <year>
      1997
     </year>
     <month>
      3
     </month>
     <day>
      1
     </day>
    </pubmedpubdate>
    <pubmedpubdate pubstatus="medline">
     <year>
      1997
     </year>
     <month>
      3
     </month>
     <day>
      1
     </day>
     <hour>
      0
     </hour>
     <minute>
      1
     </minute>
    </pubmedpubdate>
    <pubmedpubdate pubstatus="entrez">
     <year>
      1997
     </year>
     <month>
      3
     </month>
     <day>
      1
     </day>
     <hour>
      0
     </hour>
     <minute>
      0
     </minute>
    </pubmedpubdate>
   </history>
   <publicationstatus>
    ppublish
   </publicationstatus>
   <articleidlist>
    <articleid idtype="pubmed">
     9041290
    </articleid>
   </articleidlist>
  </pubmeddata>
 </pubmedarticle>
</pubmedarticleset>

