<?xml version='1.0' encoding='utf-8'?>
<!DOCTYPE PubmedArticleSet PUBLIC "-//NLM//DTD PubMedArticle, 1st January 2011//EN" "http://www.ncbi.nlm.nih.gov/entrez/query/DTD/pubmed_110101.dtd">
<pubmedarticleset>
 <pubmedarticle>
  <medlinecitation owner="NLM" status="MEDLINE">
   <pmid version="1">
    9076817
   </pmid>
   <datecreated>
    <year>
     1997
    </year>
    <month>
     05
    </month>
    <day>
     13
    </day>
   </datecreated>
   <datecompleted>
    <year>
     1997
    </year>
    <month>
     05
    </month>
    <day>
     13
    </day>
   </datecompleted>
   <daterevised>
    <year>
     2006
    </year>
    <month>
     11
    </month>
    <day>
     15
    </day>
   </daterevised>
   <article pubmodel="Print">
    <journal>
     <issn issntype="Print">
      0891-3668
     </issn>
     <journalissue citedmedium="Print">
      <volume>
       16
      </volume>
      <issue>
       3
      </issue>
      <pubdate>
       <year>
        1997
       </year>
       <month>
        Mar
       </month>
      </pubdate>
     </journalissue>
     <title>
      The Pediatric infectious disease journal
     </title>
     <isoabbreviation>
      Pediatr. Infect. Dis. J.
     </isoabbreviation>
    </journal>
    <articletitle>
     Treatment of oropharyngeal candidiasis in immunocompetent infants: a randomized multicenter study of miconazole gel vs. nystatin suspension. The Antifungals Study Group.
    </articletitle>
    <pagination>
     <medlinepgn>
      288-93
     </medlinepgn>
    </pagination>
    <abstract>
     <abstracttext label="BACKGROUND" nlmcategory="BACKGROUND">
      Miconazole gel has previously been shown to be an effective treatment for oropharyngeal candidiasis (thrush) in immunocompetent infants. This study compares miconazole gel with the standard therapeutic agent, nystatin suspension, with regard to efficacy, optimal duration of therapy and safety.
     </abstracttext>
     <abstracttext label="DESIGN" nlmcategory="METHODS">
      Prospective multicenter, randomized, office-based open trial.
     </abstracttext>
     <abstracttext label="PATIENTS" nlmcategory="METHODS">
      Twenty-six pediatricians enrolled 227 immunocompetent infants with signs of oropharyngeal thrush. Subjects were randomly assigned to receive 25 mg of miconazole as oral gel four times daily or 100,000 IU of nystatin as suspension four times daily after meals. All subjects were evaluated for safety. Fifteen patients whose thrush was not confirmed by culture were excluded from further analysis. The remaining 212 subjects were entered into an intention-to-treat analysis. Another 29 patients violated the study protocol; the remaining 183 subjects were evaluated for efficacy (per protocol analysis).
     </abstracttext>
     <abstracttext label="RESULTS" nlmcategory="RESULTS">
      Clinical cure by Day 5 of treatment was demonstrated in 84.7% of the 98 subjects in the miconazole group and 21.2% of the 85 subjects in the nystatin group (P &lt; 0.0001). By Day 8, the cumulative clinical cure rates were 96.9% (miconazole) and 37.6% (nystatin), respectively (P &lt; 0.0001). By Day 12.99.0% of subjects in the miconazole group and 54.1% of subjects in the nystatin group were clinically cured (P &lt; 0.0001). Premature cessation of treatment at parents' request because of lack of clinical efficacy occurred in none of the infants treated with miconazole and in 6 infants treated with nystatin (P = 0.029). The oral yeast eradication rate on Day 5 was 54.1% with miconazole and 8.2% with nystatin (P &lt; 0.0001). Clinical relapses of oropharyngeal thrush and side effects of the study drugs were observed with similar frequency in both study arms.
     </abstracttext>
     <abstracttext label="CONCLUSIONS" nlmcategory="CONCLUSIONS">
      Miconazole gel was significantly superior to nystatin suspension with regard to efficacy, rapidity of achieving cure and oropharyngeal yeast eradication. Relapses and side effects did not occur more frequently with miconazole than with nystatin. The results of this study indicate that miconazole gel is superior to nystatin suspension as the treatment for oropharyngeal candidiasis in immunocompetent infants.
     </abstracttext>
    </abstract>
    <affiliation>
     University Children's Hospital, Tübingen, Germany.
    </affiliation>
    <authorlist completeyn="Y">
     <author validyn="Y">
      <lastname>
       Hoppe
      </lastname>
      <forename>
       J E
      </forename>
      <initials>
       JE
      </initials>
     </author>
    </authorlist>
    <language>
     eng
    </language>
    <publicationtypelist>
     <publicationtype>
      Clinical Trial
     </publicationtype>
     <publicationtype>
      Comparative Study
     </publicationtype>
     <publicationtype>
      Journal Article
     </publicationtype>
     <publicationtype>
      Multicenter Study
     </publicationtype>
     <publicationtype>
      Randomized Controlled Trial
     </publicationtype>
     <publicationtype>
      Research Support, Non-U.S. Gov't
     </publicationtype>
    </publicationtypelist>
   </article>
   <medlinejournalinfo>
    <country>
     UNITED STATES
    </country>
    <medlineta>
     Pediatr Infect Dis J
    </medlineta>
    <nlmuniqueid>
     8701858
    </nlmuniqueid>
    <issnlinking>
     0891-3668
    </issnlinking>
   </medlinejournalinfo>
   <chemicallist>
    <chemical>
     <registrynumber>
      0
     </registrynumber>
     <nameofsubstance>
      Antifungal Agents
     </nameofsubstance>
    </chemical>
    <chemical>
     <registrynumber>
      0
     </registrynumber>
     <nameofsubstance>
      Gels
     </nameofsubstance>
    </chemical>
    <chemical>
     <registrynumber>
      0
     </registrynumber>
     <nameofsubstance>
      Suspensions
     </nameofsubstance>
    </chemical>
    <chemical>
     <registrynumber>
      1400-61-9
     </registrynumber>
     <nameofsubstance>
      Nystatin
     </nameofsubstance>
    </chemical>
    <chemical>
     <registrynumber>
      22916-47-8
     </registrynumber>
     <nameofsubstance>
      Miconazole
     </nameofsubstance>
    </chemical>
   </chemicallist>
   <citationsubset>
    IM
   </citationsubset>
   <meshheadinglist>
    <meshheading>
     <descriptorname majortopicyn="N">
      Antifungal Agents
     </descriptorname>
     <qualifiername majortopicyn="N">
      administration &amp; dosage
     </qualifiername>
     <qualifiername majortopicyn="Y">
      therapeutic use
     </qualifiername>
    </meshheading>
    <meshheading>
     <descriptorname majortopicyn="N">
      Candidiasis, Oral
     </descriptorname>
     <qualifiername majortopicyn="Y">
      drug therapy
     </qualifiername>
    </meshheading>
    <meshheading>
     <descriptorname majortopicyn="N">
      Female
     </descriptorname>
    </meshheading>
    <meshheading>
     <descriptorname majortopicyn="N">
      Gels
     </descriptorname>
    </meshheading>
    <meshheading>
     <descriptorname majortopicyn="N">
      Humans
     </descriptorname>
    </meshheading>
    <meshheading>
     <descriptorname majortopicyn="N">
      Immunocompetence
     </descriptorname>
    </meshheading>
    <meshheading>
     <descriptorname majortopicyn="N">
      Infant
     </descriptorname>
    </meshheading>
    <meshheading>
     <descriptorname majortopicyn="N">
      Male
     </descriptorname>
    </meshheading>
    <meshheading>
     <descriptorname majortopicyn="N">
      Miconazole
     </descriptorname>
     <qualifiername majortopicyn="N">
      administration &amp; dosage
     </qualifiername>
     <qualifiername majortopicyn="Y">
      therapeutic use
     </qualifiername>
    </meshheading>
    <meshheading>
     <descriptorname majortopicyn="N">
      Nystatin
     </descriptorname>
     <qualifiername majortopicyn="N">
      administration &amp; dosage
     </qualifiername>
     <qualifiername majortopicyn="Y">
      therapeutic use
     </qualifiername>
    </meshheading>
    <meshheading>
     <descriptorname majortopicyn="N">
      Prospective Studies
     </descriptorname>
    </meshheading>
    <meshheading>
     <descriptorname majortopicyn="N">
      Suspensions
     </descriptorname>
    </meshheading>
   </meshheadinglist>
  </medlinecitation>
  <pubmeddata>
   <history>
    <pubmedpubdate pubstatus="pubmed">
     <year>
      1997
     </year>
     <month>
      3
     </month>
     <day>
      1
     </day>
    </pubmedpubdate>
    <pubmedpubdate pubstatus="medline">
     <year>
      1997
     </year>
     <month>
      3
     </month>
     <day>
      1
     </day>
     <hour>
      0
     </hour>
     <minute>
      1
     </minute>
    </pubmedpubdate>
    <pubmedpubdate pubstatus="entrez">
     <year>
      1997
     </year>
     <month>
      3
     </month>
     <day>
      1
     </day>
     <hour>
      0
     </hour>
     <minute>
      0
     </minute>
    </pubmedpubdate>
   </history>
   <publicationstatus>
    ppublish
   </publicationstatus>
   <articleidlist>
    <articleid idtype="pubmed">
     9076817
    </articleid>
   </articleidlist>
  </pubmeddata>
 </pubmedarticle>
</pubmedarticleset>

