<?xml version='1.0' encoding='utf-8'?>
<!DOCTYPE PubmedArticleSet PUBLIC "-//NLM//DTD PubMedArticle, 1st January 2011//EN" "http://www.ncbi.nlm.nih.gov/entrez/query/DTD/pubmed_110101.dtd">
<pubmedarticleset>
 <pubmedarticle>
  <medlinecitation owner="NLM" status="MEDLINE">
   <pmid version="1">
    9109139
   </pmid>
   <datecreated>
    <year>
     1997
    </year>
    <month>
     07
    </month>
    <day>
     09
    </day>
   </datecreated>
   <datecompleted>
    <year>
     1997
    </year>
    <month>
     07
    </month>
    <day>
     09
    </day>
   </datecompleted>
   <daterevised>
    <year>
     2007
    </year>
    <month>
     11
    </month>
    <day>
     14
    </day>
   </daterevised>
   <article pubmodel="Print">
    <journal>
     <issn issntype="Print">
      0891-3668
     </issn>
     <journalissue citedmedium="Print">
      <volume>
       16
      </volume>
      <issue>
       4
      </issue>
      <pubdate>
       <year>
        1997
       </year>
       <month>
        Apr
       </month>
      </pubdate>
     </journalissue>
     <title>
      The Pediatric infectious disease journal
     </title>
     <isoabbreviation>
      Pediatr. Infect. Dis. J.
     </isoabbreviation>
    </journal>
    <articletitle>
     Continuous twice daily or once daily amoxicillin prophylaxis compared with placebo for children with recurrent acute otitis media.
    </articletitle>
    <pagination>
     <medlinepgn>
      376-81
     </medlinepgn>
    </pagination>
    <abstract>
     <abstracttext label="OBJECTIVE" nlmcategory="OBJECTIVE">
      To determine the effectiveness of amoxicillin administered continuously twice daily vs. once daily vs. placebo to prevent new episodes of acute otitis media (AOM).
     </abstracttext>
     <abstracttext label="DESIGN" nlmcategory="METHODS">
      Randomized, double blind, placebo-controlled clinical trial at a hospital-based general pediatric clinic and a private pediatric practice, both in Denver, CO.
     </abstracttext>
     <abstracttext label="PARTICIPANTS" nlmcategory="METHODS">
      One hundred ninety-four children (age 3 months through 6 years) were enrolled with 3 documented AOM episodes within the prior 6 months, without ventilating tubes or associated anatomic defects, immunodeficiency disorders or allergy to penicillin. Thirty-six were noncompliant and were excluded from the study, leaving 158 evaluable subjects.
     </abstracttext>
     <abstracttext label="INTERVENTIONS" nlmcategory="METHODS">
      The amoxicillin dosage was 20 mg/kg/day either bid or qd. After randomization to placebo twice daily (bid), amoxicillin once daily (qd)/placebo qd or amoxicillin bid, patients were followed monthly and were also seen for upper respiratory infection symptoms during enrollment in the trial. Development of two new AOM episodes terminated the patients from the study.
     </abstracttext>
     <abstracttext label="MEASUREMENTS/MAIN RESULTS" nlmcategory="RESULTS">
      Incidence density (ID) measurements were calculated for all study subjects and were stratified by age and season. Overall study subjects in all 3 arms of the trial had 7243 days at risk during which time they developed 56 new AOM episodes for a annual ID of 2.82. There were no significant differences in the IDs between amoxicillin qd vs. bid or amoxicillin (bid or qd) vs. placebo. After stratifying by age and season of enrollment, there were no significant differences in ID rates among the 3 groups. The proportion of subjects remaining otitis-free was 63% for the placebo group, 64% for once daily amoxicillin and 61% for twice daily amoxicillin.
     </abstracttext>
     <abstracttext label="CONCLUSION" nlmcategory="CONCLUSIONS">
      While once-a-day dosing was equivalent to twice-a-day dosing for amoxicillin prophylaxis, there was no benefit of amoxicillin prophylaxis compared with a placebo control in preventing new AOM episodes. Because of the potential of excessive antibiotic use to promote the acquisition of resistant pneumococci and the lack of effectiveness in this trial, routine use of amoxicillin prophylaxis should be discouraged.
     </abstracttext>
    </abstract>
    <affiliation>
     Department of Pediatrics, University of Colorado School of Medicine, Denver, USA.
    </affiliation>
    <authorlist completeyn="Y">
     <author validyn="Y">
      <lastname>
       Roark
      </lastname>
      <forename>
       R
      </forename>
      <initials>
       R
      </initials>
     </author>
     <author validyn="Y">
      <lastname>
       Berman
      </lastname>
      <forename>
       S
      </forename>
      <initials>
       S
      </initials>
     </author>
    </authorlist>
    <language>
     eng
    </language>
    <grantlist completeyn="Y">
     <grant>
      <grantid>
       5 M01 RR00069
      </grantid>
      <acronym>
       RR
      </acronym>
      <agency>
       NCRR NIH HHS
      </agency>
      <country>
       United States
      </country>
     </grant>
     <grant>
      <grantid>
       R03HS07283-02
      </grantid>
      <acronym>
       HS
      </acronym>
      <agency>
       AHRQ HHS
      </agency>
      <country>
       United States
      </country>
     </grant>
    </grantlist>
    <publicationtypelist>
     <publicationtype>
      Clinical Trial
     </publicationtype>
     <publicationtype>
      Journal Article
     </publicationtype>
     <publicationtype>
      Randomized Controlled Trial
     </publicationtype>
     <publicationtype>
      Research Support, U.S. Gov't, P.H.S.
     </publicationtype>
    </publicationtypelist>
   </article>
   <medlinejournalinfo>
    <country>
     UNITED STATES
    </country>
    <medlineta>
     Pediatr Infect Dis J
    </medlineta>
    <nlmuniqueid>
     8701858
    </nlmuniqueid>
    <issnlinking>
     0891-3668
    </issnlinking>
   </medlinejournalinfo>
   <chemicallist>
    <chemical>
     <registrynumber>
      0
     </registrynumber>
     <nameofsubstance>
      Penicillins
     </nameofsubstance>
    </chemical>
    <chemical>
     <registrynumber>
      26787-78-0
     </registrynumber>
     <nameofsubstance>
      Amoxicillin
     </nameofsubstance>
    </chemical>
   </chemicallist>
   <citationsubset>
    IM
   </citationsubset>
   <meshheadinglist>
    <meshheading>
     <descriptorname majortopicyn="N">
      Age Factors
     </descriptorname>
    </meshheading>
    <meshheading>
     <descriptorname majortopicyn="N">
      Amoxicillin
     </descriptorname>
     <qualifiername majortopicyn="Y">
      administration &amp; dosage
     </qualifiername>
    </meshheading>
    <meshheading>
     <descriptorname majortopicyn="N">
      Child
     </descriptorname>
    </meshheading>
    <meshheading>
     <descriptorname majortopicyn="N">
      Child, Preschool
     </descriptorname>
    </meshheading>
    <meshheading>
     <descriptorname majortopicyn="N">
      Double-Blind Method
     </descriptorname>
    </meshheading>
    <meshheading>
     <descriptorname majortopicyn="N">
      Female
     </descriptorname>
    </meshheading>
    <meshheading>
     <descriptorname majortopicyn="N">
      Humans
     </descriptorname>
    </meshheading>
    <meshheading>
     <descriptorname majortopicyn="N">
      Incidence
     </descriptorname>
    </meshheading>
    <meshheading>
     <descriptorname majortopicyn="N">
      Infant
     </descriptorname>
    </meshheading>
    <meshheading>
     <descriptorname majortopicyn="N">
      Male
     </descriptorname>
    </meshheading>
    <meshheading>
     <descriptorname majortopicyn="N">
      Otitis Media
     </descriptorname>
     <qualifiername majortopicyn="N">
      epidemiology
     </qualifiername>
     <qualifiername majortopicyn="Y">
      prevention &amp; control
     </qualifiername>
    </meshheading>
    <meshheading>
     <descriptorname majortopicyn="N">
      Penicillins
     </descriptorname>
     <qualifiername majortopicyn="Y">
      administration &amp; dosage
     </qualifiername>
    </meshheading>
    <meshheading>
     <descriptorname majortopicyn="N">
      Respiratory Tract Infections
     </descriptorname>
     <qualifiername majortopicyn="N">
      diagnosis
     </qualifiername>
    </meshheading>
    <meshheading>
     <descriptorname majortopicyn="N">
      Seasons
     </descriptorname>
    </meshheading>
   </meshheadinglist>
  </medlinecitation>
  <pubmeddata>
   <history>
    <pubmedpubdate pubstatus="pubmed">
     <year>
      1997
     </year>
     <month>
      4
     </month>
     <day>
      1
     </day>
    </pubmedpubdate>
    <pubmedpubdate pubstatus="medline">
     <year>
      1997
     </year>
     <month>
      4
     </month>
     <day>
      1
     </day>
     <hour>
      0
     </hour>
     <minute>
      1
     </minute>
    </pubmedpubdate>
    <pubmedpubdate pubstatus="entrez">
     <year>
      1997
     </year>
     <month>
      4
     </month>
     <day>
      1
     </day>
     <hour>
      0
     </hour>
     <minute>
      0
     </minute>
    </pubmedpubdate>
   </history>
   <publicationstatus>
    ppublish
   </publicationstatus>
   <articleidlist>
    <articleid idtype="pubmed">
     9109139
    </articleid>
   </articleidlist>
  </pubmeddata>
 </pubmedarticle>
</pubmedarticleset>

