<?xml version='1.0' encoding='utf-8'?>
<!DOCTYPE PubmedArticleSet PUBLIC "-//NLM//DTD PubMedArticle, 1st January 2011//EN" "http://www.ncbi.nlm.nih.gov/entrez/query/DTD/pubmed_110101.dtd">
<pubmedarticleset>
 <pubmedarticle>
  <medlinecitation owner="NLM" status="MEDLINE">
   <pmid version="1">
    9129544
   </pmid>
   <datecreated>
    <year>
     1997
    </year>
    <month>
     05
    </month>
    <day>
     13
    </day>
   </datecreated>
   <datecompleted>
    <year>
     1997
    </year>
    <month>
     05
    </month>
    <day>
     13
    </day>
   </datecompleted>
   <daterevised>
    <year>
     2004
    </year>
    <month>
     11
    </month>
    <day>
     17
    </day>
   </daterevised>
   <article pubmodel="Print">
    <journal>
     <issn issntype="Print">
      0003-9926
     </issn>
     <journalissue citedmedium="Print">
      <volume>
       157
      </volume>
      <issue>
       8
      </issue>
      <pubdate>
       <year>
        1997
       </year>
       <month>
        Apr
       </month>
       <day>
        28
       </day>
      </pubdate>
     </journalissue>
     <title>
      Archives of internal medicine
     </title>
     <isoabbreviation>
      Arch. Intern. Med.
     </isoabbreviation>
    </journal>
    <articletitle>
     The probability of malignancy in solitary pulmonary nodules. Application to small radiologically indeterminate nodules.
    </articletitle>
    <pagination>
     <medlinepgn>
      849-55
     </medlinepgn>
    </pagination>
    <abstract>
     <abstracttext label="BACKGROUND" nlmcategory="BACKGROUND">
      A clinical prediction model to identify malignant nodules based on clinical data and radiological characteristics of lung nodules was derived using logistic regression from a random sample of patients (n = 419) and tested on data from a separate group of patients (n = 210).
     </abstracttext>
     <abstracttext label="OBJECTIVE" nlmcategory="OBJECTIVE">
      To use multivariate logistic regression to estimate the probability of malignancy in radiologically indeterminate solitary pulmonary nodules (SPNs) in a clinically relevant subset of patients with SPNs that measured between 4 and 30 mm in diameter.
     </abstracttext>
     <abstracttext label="PATIENTS AND METHODS" nlmcategory="METHODS">
      A retrospective cohort study at a multispecialty group practice included 629 patients (320 men, 309 women) with newly discovered (between January 1, 1984, and May 1, 1986) 4- to 30-mm radiologically indeterminate SPNs on chest radiography. Patients with a diagnosis of cancer within 5 years prior to the discovery of the nodule were excluded. Clinical data included age, sex, cigarette-smoking status, and history of extrathoracic malignant neoplasm, asbestos exposure, and chronic interstitial or obstructive lung disease; chest radiological data included the diameter, location, edge characteristics (eg, lobulation, spiculation, and shagginess), and other characteristics (eg, cavitation) of the SPNs. Predictors were identified in a random sample of two thirds of the patients and tested in the remaining one third.
     </abstracttext>
     <abstracttext label="RESULTS" nlmcategory="RESULTS">
      Sixty-five percent of the nodules were benign, 23% were malignant, and 12% were indeterminate. Three clinical characteristics (age, cigarette-smoking status, and history of cancer [diagnosis, &gt; or = 5 years ago]) and 3 radiological characteristics (diameter, spiculation, and upper lobe location of the SPNs) were independent predictors of malignancy. The area (+/-SE) under the evaluated receiver operating characteristic curve was 0.8328 +/- 0.0226.
     </abstracttext>
     <abstracttext label="CONCLUSION" nlmcategory="CONCLUSIONS">
      Three clinical and 3 radiographic characteristics predicted the malignancy in radiologically indeterminate SPNs.
     </abstracttext>
    </abstract>
    <affiliation>
     Department of Diagnostic Radiology, Mayo Clinic, Rochester, Minn, USA.
    </affiliation>
    <authorlist completeyn="Y">
     <author validyn="Y">
      <lastname>
       Swensen
      </lastname>
      <forename>
       S J
      </forename>
      <initials>
       SJ
      </initials>
     </author>
     <author validyn="Y">
      <lastname>
       Silverstein
      </lastname>
      <forename>
       M D
      </forename>
      <initials>
       MD
      </initials>
     </author>
     <author validyn="Y">
      <lastname>
       Ilstrup
      </lastname>
      <forename>
       D M
      </forename>
      <initials>
       DM
      </initials>
     </author>
     <author validyn="Y">
      <lastname>
       Schleck
      </lastname>
      <forename>
       C D
      </forename>
      <initials>
       CD
      </initials>
     </author>
     <author validyn="Y">
      <lastname>
       Edell
      </lastname>
      <forename>
       E S
      </forename>
      <initials>
       ES
      </initials>
     </author>
    </authorlist>
    <language>
     eng
    </language>
    <publicationtypelist>
     <publicationtype>
      Journal Article
     </publicationtype>
    </publicationtypelist>
   </article>
   <medlinejournalinfo>
    <country>
     UNITED STATES
    </country>
    <medlineta>
     Arch Intern Med
    </medlineta>
    <nlmuniqueid>
     0372440
    </nlmuniqueid>
    <issnlinking>
     0003-9926
    </issnlinking>
   </medlinejournalinfo>
   <citationsubset>
    AIM
   </citationsubset>
   <citationsubset>
    IM
   </citationsubset>
   <meshheadinglist>
    <meshheading>
     <descriptorname majortopicyn="N">
      Adolescent
     </descriptorname>
    </meshheading>
    <meshheading>
     <descriptorname majortopicyn="N">
      Adult
     </descriptorname>
    </meshheading>
    <meshheading>
     <descriptorname majortopicyn="N">
      Age Factors
     </descriptorname>
    </meshheading>
    <meshheading>
     <descriptorname majortopicyn="N">
      Aged
     </descriptorname>
    </meshheading>
    <meshheading>
     <descriptorname majortopicyn="N">
      Aged, 80 and over
     </descriptorname>
    </meshheading>
    <meshheading>
     <descriptorname majortopicyn="N">
      Analysis of Variance
     </descriptorname>
    </meshheading>
    <meshheading>
     <descriptorname majortopicyn="N">
      Diagnosis, Differential
     </descriptorname>
    </meshheading>
    <meshheading>
     <descriptorname majortopicyn="N">
      Female
     </descriptorname>
    </meshheading>
    <meshheading>
     <descriptorname majortopicyn="N">
      Humans
     </descriptorname>
    </meshheading>
    <meshheading>
     <descriptorname majortopicyn="N">
      Logistic Models
     </descriptorname>
    </meshheading>
    <meshheading>
     <descriptorname majortopicyn="N">
      Lung Diseases
     </descriptorname>
     <qualifiername majortopicyn="N">
      diagnosis
     </qualifiername>
    </meshheading>
    <meshheading>
     <descriptorname majortopicyn="N">
      Lung Neoplasms
     </descriptorname>
     <qualifiername majortopicyn="Y">
      diagnosis
     </qualifiername>
     <qualifiername majortopicyn="N">
      pathology
     </qualifiername>
     <qualifiername majortopicyn="N">
      radiography
     </qualifiername>
    </meshheading>
    <meshheading>
     <descriptorname majortopicyn="N">
      Male
     </descriptorname>
    </meshheading>
    <meshheading>
     <descriptorname majortopicyn="N">
      Middle Aged
     </descriptorname>
    </meshheading>
    <meshheading>
     <descriptorname majortopicyn="N">
      Predictive Value of Tests
     </descriptorname>
    </meshheading>
    <meshheading>
     <descriptorname majortopicyn="N">
      Probability
     </descriptorname>
    </meshheading>
    <meshheading>
     <descriptorname majortopicyn="N">
      ROC Curve
     </descriptorname>
    </meshheading>
    <meshheading>
     <descriptorname majortopicyn="N">
      Retrospective Studies
     </descriptorname>
    </meshheading>
    <meshheading>
     <descriptorname majortopicyn="N">
      Risk Factors
     </descriptorname>
    </meshheading>
   </meshheadinglist>
  </medlinecitation>
  <pubmeddata>
   <history>
    <pubmedpubdate pubstatus="pubmed">
     <year>
      1997
     </year>
     <month>
      4
     </month>
     <day>
      28
     </day>
    </pubmedpubdate>
    <pubmedpubdate pubstatus="medline">
     <year>
      1997
     </year>
     <month>
      4
     </month>
     <day>
      28
     </day>
     <hour>
      0
     </hour>
     <minute>
      1
     </minute>
    </pubmedpubdate>
    <pubmedpubdate pubstatus="entrez">
     <year>
      1997
     </year>
     <month>
      4
     </month>
     <day>
      28
     </day>
     <hour>
      0
     </hour>
     <minute>
      0
     </minute>
    </pubmedpubdate>
   </history>
   <publicationstatus>
    ppublish
   </publicationstatus>
   <articleidlist>
    <articleid idtype="pubmed">
     9129544
    </articleid>
   </articleidlist>
  </pubmeddata>
 </pubmedarticle>
</pubmedarticleset>

