<?xml version='1.0' encoding='utf-8'?>
<!DOCTYPE PubmedArticleSet PUBLIC "-//NLM//DTD PubMedArticle, 1st January 2011//EN" "http://www.ncbi.nlm.nih.gov/entrez/query/DTD/pubmed_110101.dtd">
<pubmedarticleset>
 <pubmedarticle>
  <medlinecitation owner="NLM" status="MEDLINE">
   <pmid version="1">
    9164801
   </pmid>
   <datecreated>
    <year>
     1998
    </year>
    <month>
     09
    </month>
    <day>
     14
    </day>
   </datecreated>
   <datecompleted>
    <year>
     1998
    </year>
    <month>
     09
    </month>
    <day>
     14
    </day>
   </datecompleted>
   <daterevised>
    <year>
     2004
    </year>
    <month>
     11
    </month>
    <day>
     17
    </day>
   </daterevised>
   <article pubmodel="Print">
    <journal>
     <issn issntype="Electronic">
      1098-4275
     </issn>
     <journalissue citedmedium="Internet">
      <volume>
       99
      </volume>
      <issue>
       6
      </issue>
      <pubdate>
       <year>
        1997
       </year>
       <month>
        Jun
       </month>
      </pubdate>
     </journalissue>
     <title>
      Pediatrics
     </title>
     <isoabbreviation>
      Pediatrics
     </isoabbreviation>
    </journal>
    <articletitle>
     A longitudinal analysis of infant morbidity and the extent of breastfeeding in the United States.
    </articletitle>
    <pagination>
     <medlinepgn>
      E5
     </medlinepgn>
    </pagination>
    <abstract>
     <abstracttext label="BACKGROUND" nlmcategory="BACKGROUND">
      Studies on the health benefits of breastfeeding in developed countries have shown conflicting results. These studies often fail to account for confounding, reverse causality, and dose-response effects. We addressed these issues in analyzing longitudinal data to determine if breastfeeding protects US infants from developing diarrhea and ear infections.
     </abstracttext>
     <abstracttext label="METHODS" nlmcategory="METHODS">
      Mothers participating in a mail panel provided information on their infants at ages 2, 3, 4, 5, 6, and 7 months. Infants were classified as exclusively breastfed; high, middle, or low mixed breast- and formula-fed; or exclusively formula-fed. Diarrhea and ear infection diagnoses were based on mothers' reports. Infant age and gender; other liquid and solid intake; maternal education, occupation, and smoking; household size; family income; and day care use were adjusted for in the full models.
     </abstracttext>
     <abstracttext label="RESULTS" nlmcategory="RESULTS">
      The risk of developing either diarrhea or ear infection increased as the amount of breast milk an infant received decreased. In the full models, the risk for diarrhea remained significant only in infants who received no breast milk compared with those who received only breast milk (odds ratio = 1.8); the risk for ear infection remained significant in the low mixed feeding group (odds ratio = 1.6) and among infants receiving no breast milk compared with those who received only breast milk (odds ratio = 1.7).
     </abstracttext>
     <abstracttext label="CONCLUSIONS" nlmcategory="CONCLUSIONS">
      Breastfeeding protects US infants against the development of diarrhea and ear infection. Breastfeeding does not have to be exclusive to confer this benefit. In fact, protection is afforded in a dose-response manner. The more breast milk an infant receives in the first 6 months of life, the less likely that he or she
     </abstracttext>
    </abstract>
    <affiliation>
     Epidemic Intelligence Service, Epidemiology Program Office and Division of Nutrition and Physical Activity, National Center for Chronic Disease Prevention and Health Promotion, Centers for Disease Control and Prevention, Atlanta, GA 30341-3724, USA.
    </affiliation>
    <authorlist completeyn="Y">
     <author validyn="Y">
      <lastname>
       Scariati
      </lastname>
      <forename>
       P D
      </forename>
      <initials>
       PD
      </initials>
     </author>
     <author validyn="Y">
      <lastname>
       Grummer-Strawn
      </lastname>
      <forename>
       L M
      </forename>
      <initials>
       LM
      </initials>
     </author>
     <author validyn="Y">
      <lastname>
       Fein
      </lastname>
      <forename>
       S B
      </forename>
      <initials>
       SB
      </initials>
     </author>
    </authorlist>
    <language>
     eng
    </language>
    <publicationtypelist>
     <publicationtype>
      Journal Article
     </publicationtype>
    </publicationtypelist>
   </article>
   <medlinejournalinfo>
    <country>
     UNITED STATES
    </country>
    <medlineta>
     Pediatrics
    </medlineta>
    <nlmuniqueid>
     0376422
    </nlmuniqueid>
    <issnlinking>
     0031-4005
    </issnlinking>
   </medlinejournalinfo>
   <citationsubset>
    IM
   </citationsubset>
   <meshheadinglist>
    <meshheading>
     <descriptorname majortopicyn="N">
      Breast Feeding
     </descriptorname>
     <qualifiername majortopicyn="Y">
      statistics &amp; numerical data
     </qualifiername>
    </meshheading>
    <meshheading>
     <descriptorname majortopicyn="N">
      Confounding Factors (Epidemiology)
     </descriptorname>
    </meshheading>
    <meshheading>
     <descriptorname majortopicyn="N">
      Diarrhea
     </descriptorname>
     <qualifiername majortopicyn="Y">
      epidemiology
     </qualifiername>
     <qualifiername majortopicyn="N">
      prevention &amp; control
     </qualifiername>
    </meshheading>
    <meshheading>
     <descriptorname majortopicyn="N">
      Humans
     </descriptorname>
    </meshheading>
    <meshheading>
     <descriptorname majortopicyn="N">
      Incidence
     </descriptorname>
    </meshheading>
    <meshheading>
     <descriptorname majortopicyn="N">
      Infant
     </descriptorname>
    </meshheading>
    <meshheading>
     <descriptorname majortopicyn="N">
      Logistic Models
     </descriptorname>
    </meshheading>
    <meshheading>
     <descriptorname majortopicyn="N">
      Longitudinal Studies
     </descriptorname>
    </meshheading>
    <meshheading>
     <descriptorname majortopicyn="N">
      Multivariate Analysis
     </descriptorname>
    </meshheading>
    <meshheading>
     <descriptorname majortopicyn="N">
      Odds Ratio
     </descriptorname>
    </meshheading>
    <meshheading>
     <descriptorname majortopicyn="N">
      Otitis
     </descriptorname>
     <qualifiername majortopicyn="Y">
      epidemiology
     </qualifiername>
     <qualifiername majortopicyn="N">
      prevention &amp; control
     </qualifiername>
    </meshheading>
    <meshheading>
     <descriptorname majortopicyn="N">
      Questionnaires
     </descriptorname>
    </meshheading>
    <meshheading>
     <descriptorname majortopicyn="N">
      Risk Assessment
     </descriptorname>
    </meshheading>
    <meshheading>
     <descriptorname majortopicyn="N" type="Geographic">
      United States
     </descriptorname>
     <qualifiername majortopicyn="N">
      epidemiology
     </qualifiername>
    </meshheading>
   </meshheadinglist>
  </medlinecitation>
  <pubmeddata>
   <history>
    <pubmedpubdate pubstatus="pubmed">
     <year>
      1997
     </year>
     <month>
      6
     </month>
     <day>
      1
     </day>
     <hour>
      0
     </hour>
     <minute>
      0
     </minute>
    </pubmedpubdate>
    <pubmedpubdate pubstatus="medline">
     <year>
      1998
     </year>
     <month>
      4
     </month>
     <day>
      3
     </day>
     <hour>
      0
     </hour>
     <minute>
      1
     </minute>
    </pubmedpubdate>
    <pubmedpubdate pubstatus="entrez">
     <year>
      1997
     </year>
     <month>
      6
     </month>
     <day>
      1
     </day>
     <hour>
      0
     </hour>
     <minute>
      0
     </minute>
    </pubmedpubdate>
   </history>
   <publicationstatus>
    ppublish
   </publicationstatus>
   <articleidlist>
    <articleid idtype="pubmed">
     9164801
    </articleid>
   </articleidlist>
  </pubmeddata>
 </pubmedarticle>
</pubmedarticleset>

