<?xml version='1.0' encoding='utf-8'?>
<!DOCTYPE PubmedArticleSet PUBLIC "-//NLM//DTD PubMedArticle, 1st January 2011//EN" "http://www.ncbi.nlm.nih.gov/entrez/query/DTD/pubmed_110101.dtd">
<pubmedarticleset>
 <pubmedarticle>
  <medlinecitation owner="NLM" status="MEDLINE">
   <pmid version="1">
    9170464
   </pmid>
   <datecreated>
    <year>
     1997
    </year>
    <month>
     07
    </month>
    <day>
     01
    </day>
   </datecreated>
   <datecompleted>
    <year>
     1997
    </year>
    <month>
     07
    </month>
    <day>
     01
    </day>
   </datecompleted>
   <daterevised>
    <year>
     2009
    </year>
    <month>
     10
    </month>
    <day>
     26
    </day>
   </daterevised>
   <article pubmodel="Print">
    <journal>
     <issn issntype="Print">
      0029-7844
     </issn>
     <journalissue citedmedium="Print">
      <volume>
       89
      </volume>
      <issue>
       6
      </issue>
      <pubdate>
       <year>
        1997
       </year>
       <month>
        Jun
       </month>
      </pubdate>
     </journalissue>
     <title>
      Obstetrics and gynecology
     </title>
     <isoabbreviation>
      Obstet Gynecol
     </isoabbreviation>
    </journal>
    <articletitle>
     Induction of labor versus expectant management in macrosomia: a randomized study.
    </articletitle>
    <pagination>
     <medlinepgn>
      913-7
     </medlinepgn>
    </pagination>
    <abstract>
     <abstracttext label="OBJECTIVE" nlmcategory="OBJECTIVE">
      Macrosomia at term is associated with increased maternal and neonatal morbidity, including a higher rate of cesarean delivery and shoulder dystocia. Induction of labor has been suggested as a means to prevent further weight gain and improve outcome. The aim of this study was to determine whether or not induction of labor in these cases improves maternal and neonatal outcome.
     </abstracttext>
     <abstracttext label="METHODS" nlmcategory="METHODS">
      Patients at term with an ultrasonic fetal weight estimation of 4000-4500 g were prospectively randomized into two groups: induction of labor (group D and expectant management (group II). Patients with diabetes, a previous cesarean delivery, or nonvertex presentation were excluded. Outcome variables included mode of delivery, arterial cord pH, presence of shoulder dystocia, brachial plexus injury, clavicular fracture, cephalohematoma, and intraventricular hemorrhage.
     </abstracttext>
     <abstracttext label="RESULTS" nlmcategory="RESULTS">
      Of 273 patients who were eligible for the study, 134 were randomized to group I and 139 to group II. Parity, gestational age, and fetal weight estimation were similar in the two groups. The neonates of group II patients were significantly heavier (4132.8 +/- 347.4 versus 4062.8 +/- 306.9 g; P = .024). The rate of cesarean delivery was 19.4% in group I and 21.6% in group II patients (not significant [NS]). Cord pH was similar in both groups. Shoulder dystocia was diagnosed in five group I and six group II patients (NS). None developed brachial plexus injury. There were two cases of mild, transient brachial plexus injury in group II patients without documented shoulder dystocia. Mild intraventricular hemorrhage was diagnosed in three of 44 group I and two of 31 group II neonates evaluated (NS).
     </abstracttext>
     <abstracttext label="CONCLUSION" nlmcategory="CONCLUSIONS">
      In this prospective, randomized study, induction of labor for suspected macrosomia at term did not decrease the rate of cesarean delivery or reduce neonatal morbidity. Ultrasonic estimation of fetal weight between 4000 and 4500 g should not be considered an indication for induction of labor.
     </abstracttext>
    </abstract>
    <affiliation>
     Department of Obstetrics and Gynecology, Meir General Hospital, Kfar-Saba, Israel.
    </affiliation>
    <authorlist completeyn="Y">
     <author validyn="Y">
      <lastname>
       Gonen
      </lastname>
      <forename>
       O
      </forename>
      <initials>
       O
      </initials>
     </author>
     <author validyn="Y">
      <lastname>
       Rosen
      </lastname>
      <forename>
       D J
      </forename>
      <initials>
       DJ
      </initials>
     </author>
     <author validyn="Y">
      <lastname>
       Dolfin
      </lastname>
      <forename>
       Z
      </forename>
      <initials>
       Z
      </initials>
     </author>
     <author validyn="Y">
      <lastname>
       Tepper
      </lastname>
      <forename>
       R
      </forename>
      <initials>
       R
      </initials>
     </author>
     <author validyn="Y">
      <lastname>
       Markov
      </lastname>
      <forename>
       S
      </forename>
      <initials>
       S
      </initials>
     </author>
     <author validyn="Y">
      <lastname>
       Fejgin
      </lastname>
      <forename>
       M D
      </forename>
      <initials>
       MD
      </initials>
     </author>
    </authorlist>
    <language>
     eng
    </language>
    <publicationtypelist>
     <publicationtype>
      Clinical Trial
     </publicationtype>
     <publicationtype>
      Journal Article
     </publicationtype>
     <publicationtype>
      Randomized Controlled Trial
     </publicationtype>
    </publicationtypelist>
   </article>
   <medlinejournalinfo>
    <country>
     UNITED STATES
    </country>
    <medlineta>
     Obstet Gynecol
    </medlineta>
    <nlmuniqueid>
     0401101
    </nlmuniqueid>
    <issnlinking>
     0029-7844
    </issnlinking>
   </medlinejournalinfo>
   <citationsubset>
    AIM
   </citationsubset>
   <citationsubset>
    IM
   </citationsubset>
   <meshheadinglist>
    <meshheading>
     <descriptorname majortopicyn="N">
      Adult
     </descriptorname>
    </meshheading>
    <meshheading>
     <descriptorname majortopicyn="N">
      Birth Weight
     </descriptorname>
    </meshheading>
    <meshheading>
     <descriptorname majortopicyn="N">
      Dystocia
     </descriptorname>
     <qualifiername majortopicyn="N">
      epidemiology
     </qualifiername>
     <qualifiername majortopicyn="N">
      prevention &amp; control
     </qualifiername>
    </meshheading>
    <meshheading>
     <descriptorname majortopicyn="N">
      Female
     </descriptorname>
    </meshheading>
    <meshheading>
     <descriptorname majortopicyn="Y">
      Fetal Macrosomia
     </descriptorname>
    </meshheading>
    <meshheading>
     <descriptorname majortopicyn="N">
      Humans
     </descriptorname>
    </meshheading>
    <meshheading>
     <descriptorname majortopicyn="N">
      Infant, Newborn
     </descriptorname>
    </meshheading>
    <meshheading>
     <descriptorname majortopicyn="Y">
      Labor, Induced
     </descriptorname>
    </meshheading>
    <meshheading>
     <descriptorname majortopicyn="N">
      Pregnancy
     </descriptorname>
    </meshheading>
    <meshheading>
     <descriptorname majortopicyn="Y">
      Pregnancy Outcome
     </descriptorname>
    </meshheading>
    <meshheading>
     <descriptorname majortopicyn="N">
      Prospective Studies
     </descriptorname>
    </meshheading>
   </meshheadinglist>
  </medlinecitation>
  <pubmeddata>
   <history>
    <pubmedpubdate pubstatus="pubmed">
     <year>
      1997
     </year>
     <month>
      6
     </month>
     <day>
      1
     </day>
    </pubmedpubdate>
    <pubmedpubdate pubstatus="medline">
     <year>
      1997
     </year>
     <month>
      6
     </month>
     <day>
      1
     </day>
     <hour>
      0
     </hour>
     <minute>
      1
     </minute>
    </pubmedpubdate>
    <pubmedpubdate pubstatus="entrez">
     <year>
      1997
     </year>
     <month>
      6
     </month>
     <day>
      1
     </day>
     <hour>
      0
     </hour>
     <minute>
      0
     </minute>
    </pubmedpubdate>
   </history>
   <publicationstatus>
    ppublish
   </publicationstatus>
   <articleidlist>
    <articleid idtype="pubmed">
     9170464
    </articleid>
    <articleid idtype="pii">
     S002978449700149X
    </articleid>
   </articleidlist>
  </pubmeddata>
 </pubmedarticle>
</pubmedarticleset>

