<?xml version='1.0' encoding='utf-8'?>
<!DOCTYPE PubmedArticleSet PUBLIC "-//NLM//DTD PubMedArticle, 1st January 2011//EN" "http://www.ncbi.nlm.nih.gov/entrez/query/DTD/pubmed_110101.dtd">
<pubmedarticleset>
 <pubmedarticle>
  <medlinecitation owner="NLM" status="MEDLINE">
   <pmid version="1">
    9193240
   </pmid>
   <datecreated>
    <year>
     1997
    </year>
    <month>
     07
    </month>
    <day>
     10
    </day>
   </datecreated>
   <datecompleted>
    <year>
     1997
    </year>
    <month>
     07
    </month>
    <day>
     10
    </day>
   </datecompleted>
   <daterevised>
    <year>
     2004
    </year>
    <month>
     11
    </month>
    <day>
     17
    </day>
   </daterevised>
   <article pubmodel="Print">
    <journal>
     <issn issntype="Print">
      1072-4710
     </issn>
     <journalissue citedmedium="Print">
      <volume>
       151
      </volume>
      <issue>
       6
      </issue>
      <pubdate>
       <year>
        1997
       </year>
       <month>
        Jun
       </month>
      </pubdate>
     </journalissue>
     <title>
      Archives of pediatrics &amp; adolescent medicine
     </title>
     <isoabbreviation>
      Arch Pediatr Adolesc Med
     </isoabbreviation>
    </journal>
    <articletitle>
     Prevalence of symptoms of gastroesophageal reflux during infancy. A pediatric practice-based survey. Pediatric Practice Research Group.
    </articletitle>
    <pagination>
     <medlinepgn>
      569-72
     </medlinepgn>
    </pagination>
    <abstract>
     <abstracttext label="OBJECTIVES" nlmcategory="OBJECTIVE">
      To determine the prevalence of symptoms associated with overt gastroesophageal reflux (GER) during the first year of life, to describe when most infants outgrow these symptoms, and to assess the prevalence of parental reports of various symptoms associated with GER and the percentages of infants who have been treated for GER.
     </abstracttext>
     <abstracttext label="DESIGN" nlmcategory="METHODS">
      Cross-sectional survey.
     </abstracttext>
     <abstracttext label="SETTING" nlmcategory="METHODS">
      Nineteen Pediatric Practice Research Group practices in the Chicago, Ill, area (urban, suburban, and semirural).
     </abstracttext>
     <abstracttext label="PARTICIPANTS" nlmcategory="METHODS">
      A total of 948 parents of healthy children 13 months old and younger.
     </abstracttext>
     <abstracttext label="INTERVENTION" nlmcategory="METHODS">
      None.
     </abstracttext>
     <abstracttext label="MAIN OUTCOME MEASURE" nlmcategory="METHODS">
      Reported frequency of regurgitation.
     </abstracttext>
     <abstracttext label="RESULTS" nlmcategory="RESULTS">
      Regurgitation of at least 1 episode a day was reported in half of 0- to 3-month-olds. This symptom decreased to 5% at 10 to 12 months of age (P &lt; .001). Peak reported regurgitation was 67% at 4 months; the prevalence of symptoms decreased dramatically from 61% to 21% between 6 and 7 months of age. Infants with at least 4 episodes daily of regurgitation showed a similar pattern (P &lt; .001). Peak regurgitation reported as a "problem" was most often seen at 6 months (23%); this prevalence decreased to 14% at 7 months of age. Parental perception that regurgitation was a problem was associated with the frequency and volume of regurgitation, increased crying or fussiness, reported discomfort with spitting up, and frequent back arching. Reported treatment for regurgitation included a change in formula in 8.1%, thickened feedings in 2.2%, termination of breast-feeding in 1.1%, and medication in 0.2%.
     </abstracttext>
     <abstracttext label="CONCLUSIONS" nlmcategory="CONCLUSIONS">
      Complaints of regurgitation are common during the first year of life, peaking at 4 months of age. Many infants "outgrow" overt GER by 7 months and most by 1 year. Parents view this symptom as a problem more often than medical intervention is given.
     </abstracttext>
    </abstract>
    <affiliation>
     Department of Pediatrics, Northwestern University, Chicago, Ill, USA.
    </affiliation>
    <authorlist completeyn="Y">
     <author validyn="Y">
      <lastname>
       Nelson
      </lastname>
      <forename>
       S P
      </forename>
      <initials>
       SP
      </initials>
     </author>
     <author validyn="Y">
      <lastname>
       Chen
      </lastname>
      <forename>
       E H
      </forename>
      <initials>
       EH
      </initials>
     </author>
     <author validyn="Y">
      <lastname>
       Syniar
      </lastname>
      <forename>
       G M
      </forename>
      <initials>
       GM
      </initials>
     </author>
     <author validyn="Y">
      <lastname>
       Christoffel
      </lastname>
      <forename>
       K K
      </forename>
      <initials>
       KK
      </initials>
     </author>
    </authorlist>
    <language>
     eng
    </language>
    <publicationtypelist>
     <publicationtype>
      Journal Article
     </publicationtype>
    </publicationtypelist>
   </article>
   <medlinejournalinfo>
    <country>
     UNITED STATES
    </country>
    <medlineta>
     Arch Pediatr Adolesc Med
    </medlineta>
    <nlmuniqueid>
     9422751
    </nlmuniqueid>
    <issnlinking>
     1072-4710
    </issnlinking>
   </medlinejournalinfo>
   <citationsubset>
    AIM
   </citationsubset>
   <citationsubset>
    IM
   </citationsubset>
   <meshheadinglist>
    <meshheading>
     <descriptorname majortopicyn="N">
      Cross-Sectional Studies
     </descriptorname>
    </meshheading>
    <meshheading>
     <descriptorname majortopicyn="N">
      Gastroesophageal Reflux
     </descriptorname>
     <qualifiername majortopicyn="N">
      diagnosis
     </qualifiername>
     <qualifiername majortopicyn="Y">
      epidemiology
     </qualifiername>
    </meshheading>
    <meshheading>
     <descriptorname majortopicyn="N">
      Humans
     </descriptorname>
    </meshheading>
    <meshheading>
     <descriptorname majortopicyn="N">
      Incidence
     </descriptorname>
    </meshheading>
    <meshheading>
     <descriptorname majortopicyn="N">
      Infant
     </descriptorname>
    </meshheading>
    <meshheading>
     <descriptorname majortopicyn="N">
      Infant Welfare
     </descriptorname>
    </meshheading>
    <meshheading>
     <descriptorname majortopicyn="N">
      Infant, Newborn
     </descriptorname>
    </meshheading>
    <meshheading>
     <descriptorname majortopicyn="N">
      Prevalence
     </descriptorname>
    </meshheading>
   </meshheadinglist>
  </medlinecitation>
  <pubmeddata>
   <history>
    <pubmedpubdate pubstatus="pubmed">
     <year>
      1997
     </year>
     <month>
      6
     </month>
     <day>
      1
     </day>
    </pubmedpubdate>
    <pubmedpubdate pubstatus="medline">
     <year>
      1997
     </year>
     <month>
      6
     </month>
     <day>
      1
     </day>
     <hour>
      0
     </hour>
     <minute>
      1
     </minute>
    </pubmedpubdate>
    <pubmedpubdate pubstatus="entrez">
     <year>
      1997
     </year>
     <month>
      6
     </month>
     <day>
      1
     </day>
     <hour>
      0
     </hour>
     <minute>
      0
     </minute>
    </pubmedpubdate>
   </history>
   <publicationstatus>
    ppublish
   </publicationstatus>
   <articleidlist>
    <articleid idtype="pubmed">
     9193240
    </articleid>
   </articleidlist>
  </pubmeddata>
 </pubmedarticle>
</pubmedarticleset>

