<?xml version='1.0' encoding='utf-8'?>
<!DOCTYPE PubmedArticleSet PUBLIC "-//NLM//DTD PubMedArticle, 1st January 2011//EN" "http://www.ncbi.nlm.nih.gov/entrez/query/DTD/pubmed_110101.dtd">
<pubmedarticleset>
 <pubmedarticle>
  <medlinecitation owner="NLM" status="MEDLINE">
   <pmid version="1">
    9220514
   </pmid>
   <datecreated>
    <year>
     1997
    </year>
    <month>
     08
    </month>
    <day>
     21
    </day>
   </datecreated>
   <datecompleted>
    <year>
     1997
    </year>
    <month>
     08
    </month>
    <day>
     21
    </day>
   </datecompleted>
   <daterevised>
    <year>
     2007
    </year>
    <month>
     11
    </month>
    <day>
     15
    </day>
   </daterevised>
   <article pubmodel="Print">
    <journal>
     <issn issntype="Print">
      0749-5161
     </issn>
     <journalissue citedmedium="Print">
      <volume>
       13
      </volume>
      <issue>
       3
      </issue>
      <pubdate>
       <year>
        1997
       </year>
       <month>
        Jun
       </month>
      </pubdate>
     </journalissue>
     <title>
      Pediatric emergency care
     </title>
     <isoabbreviation>
      Pediatr Emerg Care
     </isoabbreviation>
    </journal>
    <articletitle>
     Complications of Fleet enema administration and suggested guidelines for use in the pediatric emergency department.
    </articletitle>
    <pagination>
     <medlinepgn>
      225-6
     </medlinepgn>
    </pagination>
    <abstract>
     <abstracttext label="INTRODUCTION" nlmcategory="BACKGROUND">
      Hypertonic sodium phosphate enema solutions are commonly used for the treatment of acute constipation in the pediatric emergency department. The potential for severe metabolic derangement and death in children with gastrointestinal and/or renal abnormalities and these reported as normal has been documented in the literature.
     </abstracttext>
     <abstracttext label="OBJECTIVE" nlmcategory="OBJECTIVE">
      To develop guidelines for the safe and effective use of hypertonic sodium phosphate enema solutions such as Fleet enema, in the pediatric emergency department setting.
     </abstracttext>
     <abstracttext label="RESOURCES" nlmcategory="METHODS">
      A comprehensive review of the literature was conducted using the MEDLINE database for the time period 1966 to September 1995. Resources used within our institution, the Hospital for Sick Children, Toronto, Ontario, included Staff of the Emergency and General Surgery Departments.
     </abstracttext>
     <abstracttext label="SUMMARY" nlmcategory="CONCLUSIONS">
      The guidelines provided will promote safe use of hypertonic sodium phosphate enema solutions for the treatment of acute constipation in children presenting to the emergency department.
     </abstracttext>
    </abstract>
    <affiliation>
     Department of Pediatrics, Hospital for Sick Children, University of Toronto, Ontario, Canada.
    </affiliation>
    <authorlist completeyn="Y">
     <author validyn="Y">
      <lastname>
       Harrington
      </lastname>
      <forename>
       L
      </forename>
      <initials>
       L
      </initials>
     </author>
     <author validyn="Y">
      <lastname>
       Schuh
      </lastname>
      <forename>
       S
      </forename>
      <initials>
       S
      </initials>
     </author>
    </authorlist>
    <language>
     eng
    </language>
    <publicationtypelist>
     <publicationtype>
      Journal Article
     </publicationtype>
     <publicationtype>
      Review
     </publicationtype>
    </publicationtypelist>
   </article>
   <medlinejournalinfo>
    <country>
     UNITED STATES
    </country>
    <medlineta>
     Pediatr Emerg Care
    </medlineta>
    <nlmuniqueid>
     8507560
    </nlmuniqueid>
    <issnlinking>
     0749-5161
    </issnlinking>
   </medlinejournalinfo>
   <chemicallist>
    <chemical>
     <registrynumber>
      0
     </registrynumber>
     <nameofsubstance>
      Cathartics
     </nameofsubstance>
    </chemical>
    <chemical>
     <registrynumber>
      0
     </registrynumber>
     <nameofsubstance>
      Phosphates
     </nameofsubstance>
    </chemical>
    <chemical>
     <registrynumber>
      7632-05-5
     </registrynumber>
     <nameofsubstance>
      sodium phosphate
     </nameofsubstance>
    </chemical>
   </chemicallist>
   <citationsubset>
    IM
   </citationsubset>
   <meshheadinglist>
    <meshheading>
     <descriptorname majortopicyn="N">
      Acute Disease
     </descriptorname>
    </meshheading>
    <meshheading>
     <descriptorname majortopicyn="N">
      Cathartics
     </descriptorname>
     <qualifiername majortopicyn="Y">
      administration &amp; dosage
     </qualifiername>
     <qualifiername majortopicyn="Y">
      adverse effects
     </qualifiername>
    </meshheading>
    <meshheading>
     <descriptorname majortopicyn="N">
      Child, Preschool
     </descriptorname>
    </meshheading>
    <meshheading>
     <descriptorname majortopicyn="N">
      Constipation
     </descriptorname>
     <qualifiername majortopicyn="Y">
      therapy
     </qualifiername>
    </meshheading>
    <meshheading>
     <descriptorname majortopicyn="Y">
      Emergencies
     </descriptorname>
    </meshheading>
    <meshheading>
     <descriptorname majortopicyn="N">
      Emergency Service, Hospital
     </descriptorname>
    </meshheading>
    <meshheading>
     <descriptorname majortopicyn="N">
      Humans
     </descriptorname>
    </meshheading>
    <meshheading>
     <descriptorname majortopicyn="N">
      Infant
     </descriptorname>
    </meshheading>
    <meshheading>
     <descriptorname majortopicyn="N">
      Male
     </descriptorname>
    </meshheading>
    <meshheading>
     <descriptorname majortopicyn="N">
      Pediatrics
     </descriptorname>
    </meshheading>
    <meshheading>
     <descriptorname majortopicyn="N">
      Phosphates
     </descriptorname>
     <qualifiername majortopicyn="Y">
      administration &amp; dosage
     </qualifiername>
     <qualifiername majortopicyn="Y">
      adverse effects
     </qualifiername>
    </meshheading>
    <meshheading>
     <descriptorname majortopicyn="N">
      Practice Guidelines as Topic
     </descriptorname>
    </meshheading>
    <meshheading>
     <descriptorname majortopicyn="N">
      Water-Electrolyte Imbalance
     </descriptorname>
     <qualifiername majortopicyn="N">
      chemically induced
     </qualifiername>
    </meshheading>
   </meshheadinglist>
   <numberofreferences>
    18
   </numberofreferences>
  </medlinecitation>
  <pubmeddata>
   <history>
    <pubmedpubdate pubstatus="pubmed">
     <year>
      1997
     </year>
     <month>
      6
     </month>
     <day>
      1
     </day>
    </pubmedpubdate>
    <pubmedpubdate pubstatus="medline">
     <year>
      1997
     </year>
     <month>
      6
     </month>
     <day>
      1
     </day>
     <hour>
      0
     </hour>
     <minute>
      1
     </minute>
    </pubmedpubdate>
    <pubmedpubdate pubstatus="entrez">
     <year>
      1997
     </year>
     <month>
      6
     </month>
     <day>
      1
     </day>
     <hour>
      0
     </hour>
     <minute>
      0
     </minute>
    </pubmedpubdate>
   </history>
   <publicationstatus>
    ppublish
   </publicationstatus>
   <articleidlist>
    <articleid idtype="pubmed">
     9220514
    </articleid>
   </articleidlist>
  </pubmeddata>
 </pubmedarticle>
</pubmedarticleset>

