<?xml version='1.0' encoding='utf-8'?>
<!DOCTYPE PubmedArticleSet PUBLIC "-//NLM//DTD PubMedArticle, 1st January 2011//EN" "http://www.ncbi.nlm.nih.gov/entrez/query/DTD/pubmed_110101.dtd">
<pubmedarticleset>
 <pubmedarticle>
  <medlinecitation owner="NLM" status="MEDLINE">
   <pmid version="1">
    9236642
   </pmid>
   <datecreated>
    <year>
     1997
    </year>
    <month>
     09
    </month>
    <day>
     04
    </day>
   </datecreated>
   <datecompleted>
    <year>
     1997
    </year>
    <month>
     09
    </month>
    <day>
     04
    </day>
   </datecompleted>
   <daterevised>
    <year>
     2006
    </year>
    <month>
     11
    </month>
    <day>
     15
    </day>
   </daterevised>
   <article pubmodel="Print">
    <journal>
     <issn issntype="Print">
      0306-5456
     </issn>
     <journalissue citedmedium="Print">
      <volume>
       104
      </volume>
      <issue>
       7
      </issue>
      <pubdate>
       <year>
        1997
       </year>
       <month>
        Jul
       </month>
      </pubdate>
     </journalissue>
     <title>
      British journal of obstetrics and gynaecology
     </title>
     <isoabbreviation>
      Br J Obstet Gynaecol
     </isoabbreviation>
    </journal>
    <articletitle>
     Antenatal perineal massage and subsequent perineal outcomes: a randomised controlled trial.
    </articletitle>
    <pagination>
     <medlinepgn>
      787-91
     </medlinepgn>
    </pagination>
    <abstract>
     <abstracttext label="OBJECTIVE" nlmcategory="OBJECTIVE">
      To study the effects of antenatal perineal massage on subsequent perineal outcomes at delivery.
     </abstracttext>
     <abstracttext label="DESIGN" nlmcategory="METHODS">
      A randomised, single-blind prospective study.
     </abstracttext>
     <abstracttext label="SETTING" nlmcategory="METHODS">
      Department of Obstetrics and Gynaecology, Watford General Hospital.
     </abstracttext>
     <abstracttext label="PARTICIPANTS" nlmcategory="METHODS">
      Eight hundred and sixty-one nulliparous women with singleton pregnancy and fulfilling criteria for entry to the trial between June 1994 and October 1995.
     </abstracttext>
     <abstracttext label="RESULTS" nlmcategory="RESULTS">
      Comparison of the group assigned to massage with the group assigned to no massage showed a reduction of 6.1% in second or third degree tears or episiotomies. This corresponded to tear rates of 75.1% in the no-massage group and 69.0% in the massage group (P = 0.073). There was a corresponding reduction in instrumental deliveries from 40.9% to 34.6% (P = 0.094). After adjustment for mother's age and infant's birthweight these reductions achieved statistical significance (P = 0.024 and P = 0.034, respectively). Analysis by mother's age showed a much larger benefit due to massage in those aged 30 and over and a smaller benefit in those under 30.
     </abstracttext>
     <abstracttext label="CONCLUSION" nlmcategory="CONCLUSIONS">
      Antenatal perineal massage appears to have some benefit in reducing second or third degree tears or episiotomies and instrumental deliveries. This effect was stronger in the age group 30 years and above.
     </abstracttext>
    </abstract>
    <affiliation>
     Department of Obstetrics and Gynaecology, Watford General Hospital, Hertfordshire, UK.
    </affiliation>
    <authorlist completeyn="Y">
     <author validyn="Y">
      <lastname>
       Shipman
      </lastname>
      <forename>
       M K
      </forename>
      <initials>
       MK
      </initials>
     </author>
     <author validyn="Y">
      <lastname>
       Boniface
      </lastname>
      <forename>
       D R
      </forename>
      <initials>
       DR
      </initials>
     </author>
     <author validyn="Y">
      <lastname>
       Tefft
      </lastname>
      <forename>
       M E
      </forename>
      <initials>
       ME
      </initials>
     </author>
     <author validyn="Y">
      <lastname>
       McCloghry
      </lastname>
      <forename>
       F
      </forename>
      <initials>
       F
      </initials>
     </author>
    </authorlist>
    <language>
     eng
    </language>
    <publicationtypelist>
     <publicationtype>
      Clinical Trial
     </publicationtype>
     <publicationtype>
      Journal Article
     </publicationtype>
     <publicationtype>
      Randomized Controlled Trial
     </publicationtype>
     <publicationtype>
      Research Support, Non-U.S. Gov't
     </publicationtype>
    </publicationtypelist>
   </article>
   <medlinejournalinfo>
    <country>
     ENGLAND
    </country>
    <medlineta>
     Br J Obstet Gynaecol
    </medlineta>
    <nlmuniqueid>
     7503752
    </nlmuniqueid>
    <issnlinking>
     0306-5456
    </issnlinking>
   </medlinejournalinfo>
   <citationsubset>
    AIM
   </citationsubset>
   <citationsubset>
    IM
   </citationsubset>
   <meshheadinglist>
    <meshheading>
     <descriptorname majortopicyn="N">
      Adult
     </descriptorname>
    </meshheading>
    <meshheading>
     <descriptorname majortopicyn="N">
      Age Factors
     </descriptorname>
    </meshheading>
    <meshheading>
     <descriptorname majortopicyn="N">
      Birth Weight
     </descriptorname>
    </meshheading>
    <meshheading>
     <descriptorname majortopicyn="N">
      Episiotomy
     </descriptorname>
     <qualifiername majortopicyn="N">
      statistics &amp; numerical data
     </qualifiername>
    </meshheading>
    <meshheading>
     <descriptorname majortopicyn="N">
      Extraction, Obstetrical
     </descriptorname>
     <qualifiername majortopicyn="N">
      statistics &amp; numerical data
     </qualifiername>
    </meshheading>
    <meshheading>
     <descriptorname majortopicyn="N">
      Female
     </descriptorname>
    </meshheading>
    <meshheading>
     <descriptorname majortopicyn="N">
      Humans
     </descriptorname>
    </meshheading>
    <meshheading>
     <descriptorname majortopicyn="Y">
      Massage
     </descriptorname>
    </meshheading>
    <meshheading>
     <descriptorname majortopicyn="N">
      Obstetric Labor Complications
     </descriptorname>
     <qualifiername majortopicyn="Y">
      prevention &amp; control
     </qualifiername>
    </meshheading>
    <meshheading>
     <descriptorname majortopicyn="N">
      Perineum
     </descriptorname>
     <qualifiername majortopicyn="Y">
      injuries
     </qualifiername>
    </meshheading>
    <meshheading>
     <descriptorname majortopicyn="N">
      Pregnancy
     </descriptorname>
    </meshheading>
    <meshheading>
     <descriptorname majortopicyn="N">
      Pregnancy Outcome
     </descriptorname>
    </meshheading>
    <meshheading>
     <descriptorname majortopicyn="N">
      Prenatal Care
     </descriptorname>
     <qualifiername majortopicyn="Y">
      methods
     </qualifiername>
    </meshheading>
    <meshheading>
     <descriptorname majortopicyn="N">
      Prospective Studies
     </descriptorname>
    </meshheading>
    <meshheading>
     <descriptorname majortopicyn="N">
      Single-Blind Method
     </descriptorname>
    </meshheading>
   </meshheadinglist>
  </medlinecitation>
  <pubmeddata>
   <history>
    <pubmedpubdate pubstatus="pubmed">
     <year>
      1997
     </year>
     <month>
      7
     </month>
     <day>
      1
     </day>
    </pubmedpubdate>
    <pubmedpubdate pubstatus="medline">
     <year>
      1997
     </year>
     <month>
      7
     </month>
     <day>
      1
     </day>
     <hour>
      0
     </hour>
     <minute>
      1
     </minute>
    </pubmedpubdate>
    <pubmedpubdate pubstatus="entrez">
     <year>
      1997
     </year>
     <month>
      7
     </month>
     <day>
      1
     </day>
     <hour>
      0
     </hour>
     <minute>
      0
     </minute>
    </pubmedpubdate>
   </history>
   <publicationstatus>
    ppublish
   </publicationstatus>
   <articleidlist>
    <articleid idtype="pubmed">
     9236642
    </articleid>
   </articleidlist>
  </pubmeddata>
 </pubmedarticle>
</pubmedarticleset>

