<?xml version='1.0' encoding='utf-8'?>
<!DOCTYPE PubmedArticleSet PUBLIC "-//NLM//DTD PubMedArticle, 1st January 2011//EN" "http://www.ncbi.nlm.nih.gov/entrez/query/DTD/pubmed_110101.dtd">
<pubmedarticleset>
 <pubmedarticle>
  <medlinecitation owner="NLM" status="MEDLINE">
   <pmid version="1">
    9284865
   </pmid>
   <datecreated>
    <year>
     1997
    </year>
    <month>
     09
    </month>
    <day>
     22
    </day>
   </datecreated>
   <datecompleted>
    <year>
     1997
    </year>
    <month>
     09
    </month>
    <day>
     22
    </day>
   </datecompleted>
   <daterevised>
    <year>
     2008
    </year>
    <month>
     11
    </month>
    <day>
     21
    </day>
   </daterevised>
   <article pubmodel="Print">
    <journal>
     <issn issntype="Print">
      0022-3018
     </issn>
     <journalissue citedmedium="Print">
      <volume>
       185
      </volume>
      <issue>
       8
      </issue>
      <pubdate>
       <year>
        1997
       </year>
       <month>
        Aug
       </month>
      </pubdate>
     </journalissue>
     <title>
      The Journal of nervous and mental disease
     </title>
     <isoabbreviation>
      J. Nerv. Ment. Dis.
     </isoabbreviation>
    </journal>
    <articletitle>
     A meta-analysis of the treatment of panic disorder with or without agoraphobia: a comparison of psychopharmacological, cognitive-behavioral, and combination treatments.
    </articletitle>
    <pagination>
     <medlinepgn>
      510-6
     </medlinepgn>
    </pagination>
    <abstract>
     <abstracttext>
      To compare short-term efficacy of benzodiazepines, antidepressants, psychological panic management, exposure in vivo, and combination treatments in panic disorder with or without agoraphobia (PA), a meta-analysis was conducted. Included were 106 studies, pertaining to 222 treatment conditions, 5,011 patients at pretest and 4,016 at posttest. Pre/post effect sizes Cohen's d were calculated within the treatment conditions for four clinical variables: panic, agoraphobia, depression, and general anxiety. Seven large treatment conditions were used in the main analyses: high-potency benzodiazepines, antidepressants, psychological panic management, exposure in vivo, pill-placebo combined with exposure, antidepressants combined with exposure, and psychological panic management combined with exposure in vivo. First, these treatments were compared with a control condition, consisting of pill-placebo, attention placebo, and waiting list. Next, a comparison was made between the treatments. Antidepressants, psychological panic management, high-potency benzodiazepines, and antidepressants combined with exposure in vivo were superior to the control condition for panic attacks. Exposure in vivo alone was not effective for panic attacks. With regard to agoraphobic avoidance, all seven treatments were superior to the control condition. When comparing the various treatment conditions, no differences concerning panic attacks were found. For agoraphobic avoidance, the combination of antidepressants with exposure in vivo was superior to the other conditions. The combination of antidepressants with exposure in vivo is the most potent short-term treatment of PA.
     </abstracttext>
    </abstract>
    <affiliation>
     Department of Psychiatry, Vrije Universiteit, Amsterdam, The Netherlands.
    </affiliation>
    <authorlist completeyn="Y">
     <author validyn="Y">
      <lastname>
       van Balkom
      </lastname>
      <forename>
       A J
      </forename>
      <initials>
       AJ
      </initials>
     </author>
     <author validyn="Y">
      <lastname>
       Bakker
      </lastname>
      <forename>
       A
      </forename>
      <initials>
       A
      </initials>
     </author>
     <author validyn="Y">
      <lastname>
       Spinhoven
      </lastname>
      <forename>
       P
      </forename>
      <initials>
       P
      </initials>
     </author>
     <author validyn="Y">
      <lastname>
       Blaauw
      </lastname>
      <forename>
       B M
      </forename>
      <initials>
       BM
      </initials>
     </author>
     <author validyn="Y">
      <lastname>
       Smeenk
      </lastname>
      <forename>
       S
      </forename>
      <initials>
       S
      </initials>
     </author>
     <author validyn="Y">
      <lastname>
       Ruesink
      </lastname>
      <forename>
       B
      </forename>
      <initials>
       B
      </initials>
     </author>
    </authorlist>
    <language>
     eng
    </language>
    <publicationtypelist>
     <publicationtype>
      Journal Article
     </publicationtype>
     <publicationtype>
      Meta-Analysis
     </publicationtype>
    </publicationtypelist>
   </article>
   <medlinejournalinfo>
    <country>
     UNITED STATES
    </country>
    <medlineta>
     J Nerv Ment Dis
    </medlineta>
    <nlmuniqueid>
     0375402
    </nlmuniqueid>
    <issnlinking>
     0022-3018
    </issnlinking>
   </medlinejournalinfo>
   <chemicallist>
    <chemical>
     <registrynumber>
      0
     </registrynumber>
     <nameofsubstance>
      Antidepressive Agents
     </nameofsubstance>
    </chemical>
    <chemical>
     <registrynumber>
      12794-10-4
     </registrynumber>
     <nameofsubstance>
      Benzodiazepines
     </nameofsubstance>
    </chemical>
   </chemicallist>
   <citationsubset>
    AIM
   </citationsubset>
   <citationsubset>
    IM
   </citationsubset>
   <meshheadinglist>
    <meshheading>
     <descriptorname majortopicyn="N">
      Adult
     </descriptorname>
    </meshheading>
    <meshheading>
     <descriptorname majortopicyn="N">
      Agoraphobia
     </descriptorname>
     <qualifiername majortopicyn="N">
      epidemiology
     </qualifiername>
     <qualifiername majortopicyn="N">
      psychology
     </qualifiername>
     <qualifiername majortopicyn="Y">
      therapy
     </qualifiername>
    </meshheading>
    <meshheading>
     <descriptorname majortopicyn="N">
      Antidepressive Agents
     </descriptorname>
     <qualifiername majortopicyn="Y">
      therapeutic use
     </qualifiername>
    </meshheading>
    <meshheading>
     <descriptorname majortopicyn="N">
      Benzodiazepines
     </descriptorname>
     <qualifiername majortopicyn="N">
      therapeutic use
     </qualifiername>
    </meshheading>
    <meshheading>
     <descriptorname majortopicyn="Y">
      Cognitive Therapy
     </descriptorname>
    </meshheading>
    <meshheading>
     <descriptorname majortopicyn="N">
      Combined Modality Therapy
     </descriptorname>
    </meshheading>
    <meshheading>
     <descriptorname majortopicyn="N">
      Female
     </descriptorname>
    </meshheading>
    <meshheading>
     <descriptorname majortopicyn="N">
      Humans
     </descriptorname>
    </meshheading>
    <meshheading>
     <descriptorname majortopicyn="N">
      Male
     </descriptorname>
    </meshheading>
    <meshheading>
     <descriptorname majortopicyn="N">
      Panic Disorder
     </descriptorname>
     <qualifiername majortopicyn="N">
      epidemiology
     </qualifiername>
     <qualifiername majortopicyn="N">
      psychology
     </qualifiername>
     <qualifiername majortopicyn="N">
      therapy
     </qualifiername>
    </meshheading>
    <meshheading>
     <descriptorname majortopicyn="N">
      Treatment Outcome
     </descriptorname>
    </meshheading>
   </meshheadinglist>
  </medlinecitation>
  <pubmeddata>
   <history>
    <pubmedpubdate pubstatus="pubmed">
     <year>
      1997
     </year>
     <month>
      8
     </month>
     <day>
      1
     </day>
    </pubmedpubdate>
    <pubmedpubdate pubstatus="medline">
     <year>
      1997
     </year>
     <month>
      8
     </month>
     <day>
      1
     </day>
     <hour>
      0
     </hour>
     <minute>
      1
     </minute>
    </pubmedpubdate>
    <pubmedpubdate pubstatus="entrez">
     <year>
      1997
     </year>
     <month>
      8
     </month>
     <day>
      1
     </day>
     <hour>
      0
     </hour>
     <minute>
      0
     </minute>
    </pubmedpubdate>
   </history>
   <publicationstatus>
    ppublish
   </publicationstatus>
   <articleidlist>
    <articleid idtype="pubmed">
     9284865
    </articleid>
   </articleidlist>
  </pubmeddata>
 </pubmedarticle>
</pubmedarticleset>

