<?xml version='1.0' encoding='utf-8'?>
<!DOCTYPE PubmedArticleSet PUBLIC "-//NLM//DTD PubMedArticle, 1st January 2011//EN" "http://www.ncbi.nlm.nih.gov/entrez/query/DTD/pubmed_110101.dtd">
<pubmedarticleset>
 <pubmedarticle>
  <medlinecitation owner="NLM" status="MEDLINE">
   <pmid version="1">
    9346984
   </pmid>
   <datecreated>
    <year>
     1997
    </year>
    <month>
     11
    </month>
    <day>
     13
    </day>
   </datecreated>
   <datecompleted>
    <year>
     1997
    </year>
    <month>
     11
    </month>
    <day>
     13
    </day>
   </datecompleted>
   <daterevised>
    <year>
     2006
    </year>
    <month>
     11
    </month>
    <day>
     15
    </day>
   </daterevised>
   <article pubmodel="Print">
    <journal>
     <issn issntype="Electronic">
      1098-4275
     </issn>
     <journalissue citedmedium="Internet">
      <volume>
       100
      </volume>
      <issue>
       5
      </issue>
      <pubdate>
       <year>
        1997
       </year>
       <month>
        Nov
       </month>
      </pubdate>
     </journalissue>
     <title>
      Pediatrics
     </title>
     <isoabbreviation>
      Pediatrics
     </isoabbreviation>
    </journal>
    <articletitle>
     Risk factors for sudden infant death syndrome following the prevention campaign in New Zealand: a prospective study.
    </articletitle>
    <pagination>
     <medlinepgn>
      835-40
     </medlinepgn>
    </pagination>
    <abstract>
     <abstracttext label="OBJECTIVES" nlmcategory="OBJECTIVE">
      To identify the risk factors for sudden infant death syndrome (SIDS) following a national campaign to prevent SIDS.
     </abstracttext>
     <abstracttext label="METHODS" nlmcategory="METHODS">
      For 2 years (October 1, 1991 through September 30, 1993) data were collected by community child health nurses on all infants born in New Zealand at initial contact and at 2 months.
     </abstracttext>
     <abstracttext label="RESULTS" nlmcategory="RESULTS">
      There were 232 SIDS cases in the postneonatal age group (2.0/1000 live births) and these were compared with 1200 randomly selected control subjects. Information was available for 127 cases (54.7%) and 922 (76.8%) of controls. The previously identified modifiable risk factors were examined. The prevalence of prone sleeping position of the infant was very low (0.7% at initial contact and 3. 0% at 2 months), but was still associated with an increased risk of SIDS. In addition, the side sleeping position was also found to have an increased risk of SIDS compared with the supine sleeping position (at 2 months: adjusted odds ratio (OR) = 6.57; 95% confidence interval (CI) = 1.71, 25.23). Maternal smoking was found to be the major risk factor for SIDS. Bed sharing was also associated with an increased risk of SIDS. There was an interaction between maternal smoking and bed sharing on the risk of SIDS. Compared with infants not exposed to either bed sharing or maternal smoking, the adjusted OR for infants of mothers who smoked was 5.01 (95% CI = 2.01, 12.46) for bed sharing at the initial contact and 5.02 (95% CI = 1.05, 24. 05) for bed sharing at 2 months. In this study breastfeeding was not associated with a statistically significant reduction in the risk of SIDS. The other risk factors for SIDS identified were: unmarried mother, leaving school at a younger age, young mother, greater number of previous pregnancies, late attendance for antenatal care, smoking in pregnancy, male infant, Maori ethnicity, low birth weight, and shorter gestation.
     </abstracttext>
     <abstracttext label="CONCLUSIONS" nlmcategory="CONCLUSIONS">
      After adjustment for potential confounders, prone and side sleeping positions, maternal smoking, and the joint exposure to bed sharing and maternal smoking were associated with statistically significant increased risk of SIDS. A change from the side to the supine sleeping position could result in a substantial reduction in SIDS. Maternal smoking is common in New Zealand and with the reduction in the prevalence of prone sleeping position is now the major risk factor in this country. However, smoking behavior has been difficult to change. Bed sharing is also a major factor but appears only to be a risk to infants of mothers who smoke. Addressing bed sharing among mothers who smoke could reduce SIDS by at least one third. Breastfeeding did not appear to offer a statistically significant reduction in SIDS risk after adjustment of potential confounders, but as breastfeeding rates are comparatively good in New Zealand, this result should be interpreted with caution as the power of this study to detect a benefit is small.
     </abstracttext>
    </abstract>
    <affiliation>
     Department of Paediatrics, University of Auckland, Auckland, New Zealand.
    </affiliation>
    <authorlist completeyn="Y">
     <author validyn="Y">
      <lastname>
       Mitchell
      </lastname>
      <forename>
       E A
      </forename>
      <initials>
       EA
      </initials>
     </author>
     <author validyn="Y">
      <lastname>
       Tuohy
      </lastname>
      <forename>
       P G
      </forename>
      <initials>
       PG
      </initials>
     </author>
     <author validyn="Y">
      <lastname>
       Brunt
      </lastname>
      <forename>
       J M
      </forename>
      <initials>
       JM
      </initials>
     </author>
     <author validyn="Y">
      <lastname>
       Thompson
      </lastname>
      <forename>
       J M
      </forename>
      <initials>
       JM
      </initials>
     </author>
     <author validyn="Y">
      <lastname>
       Clements
      </lastname>
      <forename>
       M S
      </forename>
      <initials>
       MS
      </initials>
     </author>
     <author validyn="Y">
      <lastname>
       Stewart
      </lastname>
      <forename>
       A W
      </forename>
      <initials>
       AW
      </initials>
     </author>
     <author validyn="Y">
      <lastname>
       Ford
      </lastname>
      <forename>
       R P
      </forename>
      <initials>
       RP
      </initials>
     </author>
     <author validyn="Y">
      <lastname>
       Taylor
      </lastname>
      <forename>
       B J
      </forename>
      <initials>
       BJ
      </initials>
     </author>
    </authorlist>
    <language>
     eng
    </language>
    <publicationtypelist>
     <publicationtype>
      Journal Article
     </publicationtype>
     <publicationtype>
      Research Support, Non-U.S. Gov't
     </publicationtype>
    </publicationtypelist>
   </article>
   <medlinejournalinfo>
    <country>
     UNITED STATES
    </country>
    <medlineta>
     Pediatrics
    </medlineta>
    <nlmuniqueid>
     0376422
    </nlmuniqueid>
    <issnlinking>
     0031-4005
    </issnlinking>
   </medlinejournalinfo>
   <chemicallist>
    <chemical>
     <registrynumber>
      0
     </registrynumber>
     <nameofsubstance>
      Tobacco Smoke Pollution
     </nameofsubstance>
    </chemical>
   </chemicallist>
   <citationsubset>
    AIM
   </citationsubset>
   <citationsubset>
    IM
   </citationsubset>
   <meshheadinglist>
    <meshheading>
     <descriptorname majortopicyn="N">
      Beds
     </descriptorname>
    </meshheading>
    <meshheading>
     <descriptorname majortopicyn="N">
      Bottle Feeding
     </descriptorname>
     <qualifiername majortopicyn="N">
      adverse effects
     </qualifiername>
    </meshheading>
    <meshheading>
     <descriptorname majortopicyn="N">
      Case-Control Studies
     </descriptorname>
    </meshheading>
    <meshheading>
     <descriptorname majortopicyn="N">
      Female
     </descriptorname>
    </meshheading>
    <meshheading>
     <descriptorname majortopicyn="Y">
      Health Promotion
     </descriptorname>
    </meshheading>
    <meshheading>
     <descriptorname majortopicyn="N">
      Humans
     </descriptorname>
    </meshheading>
    <meshheading>
     <descriptorname majortopicyn="N">
      Infant
     </descriptorname>
    </meshheading>
    <meshheading>
     <descriptorname majortopicyn="N">
      Male
     </descriptorname>
    </meshheading>
    <meshheading>
     <descriptorname majortopicyn="N">
      Mothers
     </descriptorname>
    </meshheading>
    <meshheading>
     <descriptorname majortopicyn="N" type="Geographic">
      New Zealand
     </descriptorname>
    </meshheading>
    <meshheading>
     <descriptorname majortopicyn="N">
      Primary Prevention
     </descriptorname>
    </meshheading>
    <meshheading>
     <descriptorname majortopicyn="N">
      Prone Position
     </descriptorname>
    </meshheading>
    <meshheading>
     <descriptorname majortopicyn="N">
      Prospective Studies
     </descriptorname>
    </meshheading>
    <meshheading>
     <descriptorname majortopicyn="N">
      Risk Factors
     </descriptorname>
    </meshheading>
    <meshheading>
     <descriptorname majortopicyn="N">
      Sleep
     </descriptorname>
    </meshheading>
    <meshheading>
     <descriptorname majortopicyn="N">
      Sudden Infant Death
     </descriptorname>
     <qualifiername majortopicyn="N">
      epidemiology
     </qualifiername>
     <qualifiername majortopicyn="Y">
      etiology
     </qualifiername>
    </meshheading>
    <meshheading>
     <descriptorname majortopicyn="N">
      Tobacco Smoke Pollution
     </descriptorname>
     <qualifiername majortopicyn="N">
      adverse effects
     </qualifiername>
    </meshheading>
   </meshheadinglist>
  </medlinecitation>
  <pubmeddata>
   <history>
    <pubmedpubdate pubstatus="pubmed">
     <year>
      1997
     </year>
     <month>
      11
     </month>
     <day>
      14
     </day>
    </pubmedpubdate>
    <pubmedpubdate pubstatus="medline">
     <year>
      1997
     </year>
     <month>
      11
     </month>
     <day>
      14
     </day>
     <hour>
      0
     </hour>
     <minute>
      1
     </minute>
    </pubmedpubdate>
    <pubmedpubdate pubstatus="entrez">
     <year>
      1997
     </year>
     <month>
      11
     </month>
     <day>
      14
     </day>
     <hour>
      0
     </hour>
     <minute>
      0
     </minute>
    </pubmedpubdate>
   </history>
   <publicationstatus>
    ppublish
   </publicationstatus>
   <articleidlist>
    <articleid idtype="pubmed">
     9346984
    </articleid>
   </articleidlist>
  </pubmeddata>
 </pubmedarticle>
</pubmedarticleset>

