<?xml version='1.0' encoding='utf-8'?>
<!DOCTYPE PubmedArticleSet PUBLIC "-//NLM//DTD PubMedArticle, 1st January 2011//EN" "http://www.ncbi.nlm.nih.gov/entrez/query/DTD/pubmed_110101.dtd">
<pubmedarticleset>
 <pubmedarticle>
  <medlinecitation owner="NLM" status="MEDLINE">
   <pmid version="1">
    9358138
   </pmid>
   <datecreated>
    <year>
     1997
    </year>
    <month>
     11
    </month>
    <day>
     13
    </day>
   </datecreated>
   <datecompleted>
    <year>
     1997
    </year>
    <month>
     11
    </month>
    <day>
     13
    </day>
   </datecompleted>
   <daterevised>
    <year>
     2006
    </year>
    <month>
     11
    </month>
    <day>
     15
    </day>
   </daterevised>
   <article pubmodel="Print">
    <journal>
     <issn issntype="Print">
      0028-4793
     </issn>
     <journalissue citedmedium="Print">
      <volume>
       337
      </volume>
      <issue>
       20
      </issue>
      <pubdate>
       <year>
        1997
       </year>
       <month>
        Nov
       </month>
       <day>
        13
       </day>
      </pubdate>
     </journalissue>
     <title>
      The New England journal of medicine
     </title>
     <isoabbreviation>
      N. Engl. J. Med.
     </isoabbreviation>
    </journal>
    <articletitle>
     A comparison of low-dose inhaled budesonide plus theophylline and high-dose inhaled budesonide for moderate asthma.
    </articletitle>
    <pagination>
     <medlinepgn>
      1412-8
     </medlinepgn>
    </pagination>
    <abstract>
     <abstracttext label="BACKGROUND" nlmcategory="BACKGROUND">
      Inhaled glucosteroids and oral theophylline are widely used to treat asthma. We compared the benefits of adding theophylline to inhaled glucosteroid with those of doubling the dose of inhaled glucosteroid in patients with persistent symptoms despite the use of inhaled glucosteroid.
     </abstracttext>
     <abstracttext label="METHODS" nlmcategory="METHODS">
      In a double-blind, placebo-controlled trial, we randomly assigned 62 patients to receive either 400 microg of inhaled budesonide (low-dose budesonide) with 250 or 375 mg of theophylline (depending on body weight) or 800 microg of inhaled budesonide (high-dose budesonide). All doses were given twice daily for three months. Lung function was measured serially, and patients kept records of peak expiratory flow, symptoms, and albuterol use. The effects of treatment on endogenous cortisol levels were also assessed.
     </abstracttext>
     <abstracttext label="RESULTS" nlmcategory="RESULTS">
      Both treatments resulted in improvements in lung function that were sustained throughout the study. As compared with treatment with high-dose budesonide, treatment with low-dose budesonide plus theophylline resulted in greater improvements in forced vital capacity (P=0.03) and forced expiratory volume in one second (P= 0.03). There were significant and similar reductions in beta2-agonist use and the variability of peak expiratory flow, a correlate of bronchial hyperresponsiveness and the severity of asthma. Serum cortisol concentrations were significantly reduced in the group given high-dose budesonide (from a mean [+/-SE] of 18.4+/-2.4 microg per deciliter to 15.9+/-2.1 microg per deciliter, P=0.02) but were unchanged in the other group. The median serum theophylline concentration was 8.7 microg per milliliter (therapeutic range, 10 to 20) among those who received theophylline. Both treatments were well tolerated.
     </abstracttext>
     <abstracttext label="CONCLUSIONS" nlmcategory="CONCLUSIONS">
      For patients with moderate asthma and persistent symptoms, low-dose inhaled budesonide with theophylline and high-dose inhaled budesonide produced similar benefits. Effects were achieved at theophylline concentrations below the recommended therapeutic range. The addition of low-dose theophylline to inhaled glucosteroid may be preferable to and cheaper than increasing the dose of inhaled glucosteroid.
     </abstracttext>
    </abstract>
    <affiliation>
     Department of Thoracic Medicine, National Heart and Lung Institute, Imperial College School of Medicine, London, United Kingdom.
    </affiliation>
    <authorlist completeyn="Y">
     <author validyn="Y">
      <lastname>
       Evans
      </lastname>
      <forename>
       D J
      </forename>
      <initials>
       DJ
      </initials>
     </author>
     <author validyn="Y">
      <lastname>
       Taylor
      </lastname>
      <forename>
       D A
      </forename>
      <initials>
       DA
      </initials>
     </author>
     <author validyn="Y">
      <lastname>
       Zetterstrom
      </lastname>
      <forename>
       O
      </forename>
      <initials>
       O
      </initials>
     </author>
     <author validyn="Y">
      <lastname>
       Chung
      </lastname>
      <forename>
       K F
      </forename>
      <initials>
       KF
      </initials>
     </author>
     <author validyn="Y">
      <lastname>
       O'Connor
      </lastname>
      <forename>
       B J
      </forename>
      <initials>
       BJ
      </initials>
     </author>
     <author validyn="Y">
      <lastname>
       Barnes
      </lastname>
      <forename>
       P J
      </forename>
      <initials>
       PJ
      </initials>
     </author>
    </authorlist>
    <language>
     eng
    </language>
    <publicationtypelist>
     <publicationtype>
      Clinical Trial
     </publicationtype>
     <publicationtype>
      Comparative Study
     </publicationtype>
     <publicationtype>
      Journal Article
     </publicationtype>
     <publicationtype>
      Randomized Controlled Trial
     </publicationtype>
     <publicationtype>
      Research Support, Non-U.S. Gov't
     </publicationtype>
    </publicationtypelist>
   </article>
   <medlinejournalinfo>
    <country>
     UNITED STATES
    </country>
    <medlineta>
     N Engl J Med
    </medlineta>
    <nlmuniqueid>
     0255562
    </nlmuniqueid>
    <issnlinking>
     0028-4793
    </issnlinking>
   </medlinejournalinfo>
   <chemicallist>
    <chemical>
     <registrynumber>
      0
     </registrynumber>
     <nameofsubstance>
      Bronchodilator Agents
     </nameofsubstance>
    </chemical>
    <chemical>
     <registrynumber>
      0
     </registrynumber>
     <nameofsubstance>
      Glucocorticoids
     </nameofsubstance>
    </chemical>
    <chemical>
     <registrynumber>
      51333-22-3
     </registrynumber>
     <nameofsubstance>
      Budesonide
     </nameofsubstance>
    </chemical>
    <chemical>
     <registrynumber>
      58-55-9
     </registrynumber>
     <nameofsubstance>
      Theophylline
     </nameofsubstance>
    </chemical>
   </chemicallist>
   <citationsubset>
    AIM
   </citationsubset>
   <citationsubset>
    IM
   </citationsubset>
   <commentscorrectionslist>
    <commentscorrections reftype="CommentIn">
     <refsource>
      ACP J Club. 1998 May-Jun;128(3):66-7
     </refsource>
    </commentscorrections>
    <commentscorrections reftype="CommentIn">
     <refsource>
      N Engl J Med. 1997 Nov 13;337(20):1461-3
     </refsource>
     <pmid version="1">
      9358146
     </pmid>
    </commentscorrections>
   </commentscorrectionslist>
   <meshheadinglist>
    <meshheading>
     <descriptorname majortopicyn="N">
      Administration, Inhalation
     </descriptorname>
    </meshheading>
    <meshheading>
     <descriptorname majortopicyn="N">
      Adolescent
     </descriptorname>
    </meshheading>
    <meshheading>
     <descriptorname majortopicyn="N">
      Adult
     </descriptorname>
    </meshheading>
    <meshheading>
     <descriptorname majortopicyn="N">
      Aged
     </descriptorname>
    </meshheading>
    <meshheading>
     <descriptorname majortopicyn="N">
      Asthma
     </descriptorname>
     <qualifiername majortopicyn="Y">
      drug therapy
     </qualifiername>
    </meshheading>
    <meshheading>
     <descriptorname majortopicyn="N">
      Bronchodilator Agents
     </descriptorname>
     <qualifiername majortopicyn="Y">
      administration &amp; dosage
     </qualifiername>
    </meshheading>
    <meshheading>
     <descriptorname majortopicyn="N">
      Budesonide
     </descriptorname>
     <qualifiername majortopicyn="Y">
      administration &amp; dosage
     </qualifiername>
    </meshheading>
    <meshheading>
     <descriptorname majortopicyn="N">
      Double-Blind Method
     </descriptorname>
    </meshheading>
    <meshheading>
     <descriptorname majortopicyn="N">
      Drug Therapy, Combination
     </descriptorname>
    </meshheading>
    <meshheading>
     <descriptorname majortopicyn="N">
      Female
     </descriptorname>
    </meshheading>
    <meshheading>
     <descriptorname majortopicyn="N">
      Forced Expiratory Volume
     </descriptorname>
     <qualifiername majortopicyn="N">
      drug effects
     </qualifiername>
    </meshheading>
    <meshheading>
     <descriptorname majortopicyn="N">
      Glucocorticoids
     </descriptorname>
     <qualifiername majortopicyn="Y">
      administration &amp; dosage
     </qualifiername>
    </meshheading>
    <meshheading>
     <descriptorname majortopicyn="N">
      Humans
     </descriptorname>
    </meshheading>
    <meshheading>
     <descriptorname majortopicyn="N">
      Male
     </descriptorname>
    </meshheading>
    <meshheading>
     <descriptorname majortopicyn="N">
      Middle Aged
     </descriptorname>
    </meshheading>
    <meshheading>
     <descriptorname majortopicyn="N">
      Peak Expiratory Flow Rate
     </descriptorname>
     <qualifiername majortopicyn="N">
      drug effects
     </qualifiername>
    </meshheading>
    <meshheading>
     <descriptorname majortopicyn="N">
      Theophylline
     </descriptorname>
     <qualifiername majortopicyn="Y">
      therapeutic use
     </qualifiername>
    </meshheading>
    <meshheading>
     <descriptorname majortopicyn="N">
      Vital Capacity
     </descriptorname>
     <qualifiername majortopicyn="N">
      drug effects
     </qualifiername>
    </meshheading>
   </meshheadinglist>
  </medlinecitation>
  <pubmeddata>
   <history>
    <pubmedpubdate pubstatus="pubmed">
     <year>
      1997
     </year>
     <month>
      11
     </month>
     <day>
      14
     </day>
    </pubmedpubdate>
    <pubmedpubdate pubstatus="medline">
     <year>
      1997
     </year>
     <month>
      11
     </month>
     <day>
      14
     </day>
     <hour>
      0
     </hour>
     <minute>
      1
     </minute>
    </pubmedpubdate>
    <pubmedpubdate pubstatus="entrez">
     <year>
      1997
     </year>
     <month>
      11
     </month>
     <day>
      14
     </day>
     <hour>
      0
     </hour>
     <minute>
      0
     </minute>
    </pubmedpubdate>
   </history>
   <publicationstatus>
    ppublish
   </publicationstatus>
   <articleidlist>
    <articleid idtype="pubmed">
     9358138
    </articleid>
    <articleid idtype="doi">
     10.1056/NEJM199711133372002
    </articleid>
   </articleidlist>
  </pubmeddata>
 </pubmedarticle>
</pubmedarticleset>

