<?xml version='1.0' encoding='utf-8'?>
<!DOCTYPE PubmedArticleSet PUBLIC "-//NLM//DTD PubMedArticle, 1st January 2011//EN" "http://www.ncbi.nlm.nih.gov/entrez/query/DTD/pubmed_110101.dtd">
<pubmedarticleset>
 <pubmedarticle>
  <medlinecitation owner="NLM" status="MEDLINE">
   <pmid version="1">
    9361646
   </pmid>
   <datecreated>
    <year>
     1997
    </year>
    <month>
     12
    </month>
    <day>
     03
    </day>
   </datecreated>
   <datecompleted>
    <year>
     1997
    </year>
    <month>
     12
    </month>
    <day>
     03
    </day>
   </datecompleted>
   <daterevised>
    <year>
     2009
    </year>
    <month>
     11
    </month>
    <day>
     18
    </day>
   </daterevised>
   <article pubmodel="Print">
    <journal>
     <issn issntype="Print">
      0820-3946
     </issn>
     <journalissue citedmedium="Print">
      <volume>
       157
      </volume>
      <issue>
       9
      </issue>
      <pubdate>
       <year>
        1997
       </year>
       <month>
        Nov
       </month>
       <day>
        1
       </day>
      </pubdate>
     </journalissue>
     <title>
      CMAJ : Canadian Medical Association journal = journal de l'Association medicale canadienne
     </title>
     <isoabbreviation>
      CMAJ
     </isoabbreviation>
    </journal>
    <articletitle>
     Report of the Canadian Hypertension Society Consensus Conference: 3. Pharmacologic treatment of hypertensive disorders in pregnancy.
    </articletitle>
    <pagination>
     <medlinepgn>
      1245-54
     </medlinepgn>
    </pagination>
    <abstract>
     <abstracttext label="OBJECTIVE" nlmcategory="OBJECTIVE">
      To provide Canadian physicians with evidence-based guidelines for the pharmacologic treatment of hypertensive disorders in pregnancy.
     </abstracttext>
     <abstracttext label="OPTIONS" nlmcategory="METHODS">
      No medication, or treatment with antihypertensive or anticonvulsant drugs.
     </abstracttext>
     <abstracttext label="OUTCOMES" nlmcategory="RESULTS">
      Prevention of maternal complications, and prevention of perinatal complications and death.
     </abstracttext>
     <abstracttext label="EVIDENCE" nlmcategory="METHODS">
      Pertinent articles published from 1962 to September 1996 retrieved from the Pregnancy and Childbirth Module of the Cochrane Database of Systematic Reviews and from MEDLINE; additional articles retrieved through a manual search of bibliographies; and expert opinion. Recommendations were graded according to levels of evidence.
     </abstracttext>
     <abstracttext label="VALUES" nlmcategory="METHODS">
      Maternal and fetal well-being were equally valued, with the belief that treatment side effects should be minimized.
     </abstracttext>
     <abstracttext label="BENEFITS, HARMS AND COSTS" nlmcategory="RESULTS">
      Reduction in the rate of adverse perinatal outcomes, including death. Potential side effects of antihypertensive drugs include placental hypoperfusion, intrauterine growth retardation and long-term effects on the infant.
     </abstracttext>
     <abstracttext label="RECOMMENDATIONS" nlmcategory="CONCLUSIONS">
      A systolic blood pressure greater than 169 mm Hg or a diastolic pressure greater than 109 mm Hg in a pregnant woman should be considered an emergency and pharmacologic treatment with hydralazine, labetalol or nifedipine started. Otherwise, the thresholds at which to start antihypertensive treatment are a systolic pressure of 140 mm Hg or a diastolic pressure of 90 mm Hg in women with gestational hypertension without proteinuria or pre-existing hypertension before 28 weeks' gestation, those with gestational hypertension and proteinuria or symptoms at any time during the pregnancy, those with pre-existing hypertension and underlying conditions or target-organ damage, and those with pre-existing hypertension and superimposed gestational hypertension. The thresholds in other circumstances are a systolic pressure of 150 mm Hg or a diastolic pressure of 95 mm Hg. For nonsevere hypertension, methyldopa is the first-line drug; labetalol, pindolol, oxprenolol and nifedipine are second-line drugs. Fetal distress attributed to placental hypoperfusion is rare, and long-term effects on the infant are unknown. Magnesium sulfate is recommended for the prevention and treatment of seizures.
     </abstracttext>
     <abstracttext label="VALIDATION" nlmcategory="RESULTS">
      The guidelines are more precise but compatible with those from the US and Australia.
     </abstracttext>
    </abstract>
    <affiliation>
     Department of Medicine, University of Montreal, Que.
    </affiliation>
    <authorlist completeyn="Y">
     <author validyn="Y">
      <lastname>
       Rey
      </lastname>
      <forename>
       E
      </forename>
      <initials>
       E
      </initials>
     </author>
     <author validyn="Y">
      <lastname>
       LeLorier
      </lastname>
      <forename>
       J
      </forename>
      <initials>
       J
      </initials>
     </author>
     <author validyn="Y">
      <lastname>
       Burgess
      </lastname>
      <forename>
       E
      </forename>
      <initials>
       E
      </initials>
     </author>
     <author validyn="Y">
      <lastname>
       Lange
      </lastname>
      <forename>
       I R
      </forename>
      <initials>
       IR
      </initials>
     </author>
     <author validyn="Y">
      <lastname>
       Leduc
      </lastname>
      <forename>
       L
      </forename>
      <initials>
       L
      </initials>
     </author>
    </authorlist>
    <language>
     eng
    </language>
    <publicationtypelist>
     <publicationtype>
      Consensus Development Conference
     </publicationtype>
     <publicationtype>
      Guideline
     </publicationtype>
     <publicationtype>
      Journal Article
     </publicationtype>
     <publicationtype>
      Practice Guideline
     </publicationtype>
     <publicationtype>
      Research Support, Non-U.S. Gov't
     </publicationtype>
     <publicationtype>
      Review
     </publicationtype>
    </publicationtypelist>
   </article>
   <medlinejournalinfo>
    <country>
     CANADA
    </country>
    <medlineta>
     CMAJ
    </medlineta>
    <nlmuniqueid>
     9711805
    </nlmuniqueid>
    <issnlinking>
     0820-3946
    </issnlinking>
   </medlinejournalinfo>
   <chemicallist>
    <chemical>
     <registrynumber>
      0
     </registrynumber>
     <nameofsubstance>
      Antihypertensive Agents
     </nameofsubstance>
    </chemical>
   </chemicallist>
   <citationsubset>
    AIM
   </citationsubset>
   <citationsubset>
    IM
   </citationsubset>
   <commentscorrectionslist>
    <commentscorrections reftype="Cites">
     <refsource>
      Am J Obstet Gynecol. 1990 May;162(5):1141-5
     </refsource>
     <pmid version="1">
      2288560
     </pmid>
    </commentscorrections>
    <commentscorrections reftype="Cites">
     <refsource>
      Am J Obstet Gynecol. 1990 Mar;162(3):788-92
     </refsource>
     <pmid version="1">
      2316590
     </pmid>
    </commentscorrections>
    <commentscorrections reftype="Cites">
     <refsource>
      Br J Obstet Gynaecol. 1990 Feb;97(2):104-9
     </refsource>
     <pmid version="1">
      2317464
     </pmid>
    </commentscorrections>
    <commentscorrections reftype="Cites">
     <refsource>
      Am J Perinatol. 1990 Jul;7(3):285-6
     </refsource>
     <pmid version="1">
      2372339
     </pmid>
    </commentscorrections>
    <commentscorrections reftype="Cites">
     <refsource>
      Br J Obstet Gynaecol. 1989 Jan;96(1):38-43
     </refsource>
     <pmid version="1">
      2647130
     </pmid>
    </commentscorrections>
    <commentscorrections reftype="Cites">
     <refsource>
      Am J Obstet Gynecol. 1989 Jul;161(1):35-6
     </refsource>
     <pmid version="1">
      2750819
     </pmid>
    </commentscorrections>
    <commentscorrections reftype="Cites">
     <refsource>
      S Afr Med J. 1989 Sep 16;76(6):248-50
     </refsource>
     <pmid version="1">
      2781421
     </pmid>
    </commentscorrections>
    <commentscorrections reftype="Cites">
     <refsource>
      Am J Perinatol. 1989 Oct;6(4):437-41
     </refsource>
     <pmid version="1">
      2789542
     </pmid>
    </commentscorrections>
    <commentscorrections reftype="Cites">
     <refsource>
      Teratology. 1989 Oct;40(4):351-8
     </refsource>
     <pmid version="1">
      2814896
     </pmid>
    </commentscorrections>
    <commentscorrections reftype="Cites">
     <refsource>
      Int J Gynaecol Obstet. 1986 Feb;24(1):3-7
     </refsource>
     <pmid version="1">
      2874067
     </pmid>
    </commentscorrections>
    <commentscorrections reftype="Cites">
     <refsource>
      Chest. 1989 Feb;95(2 Suppl):2S-4S
     </refsource>
     <pmid version="1">
      2914516
     </pmid>
    </commentscorrections>
    <commentscorrections reftype="Cites">
     <refsource>
      Br J Obstet Gynaecol. 1988 Sep;95(9):868-76
     </refsource>
     <pmid version="1">
      3056503
     </pmid>
    </commentscorrections>
    <commentscorrections reftype="Cites">
     <refsource>
      Br Med J (Clin Res Ed). 1988 Apr 30;296(6631):1209-10
     </refsource>
     <pmid version="1">
      3133014
     </pmid>
    </commentscorrections>
    <commentscorrections reftype="Cites">
     <refsource>
      Arch Mal Coeur Vaiss. 1988 Jun;81 Spec No:137-40
     </refsource>
     <pmid version="1">
      3142396
     </pmid>
    </commentscorrections>
    <commentscorrections reftype="Cites">
     <refsource>
      Obstet Gynecol. 1987 Sep;70(3 Pt 1):328-33
     </refsource>
     <pmid version="1">
      3306494
     </pmid>
    </commentscorrections>
    <commentscorrections reftype="Cites">
     <refsource>
      Am J Obstet Gynecol. 1988 Aug;159(2):308-9
     </refsource>
     <pmid version="1">
      3407684
     </pmid>
    </commentscorrections>
    <commentscorrections reftype="Cites">
     <refsource>
      Obstet Gynecol. 1992 Nov;80(5):783-7
     </refsource>
     <pmid version="1">
      1407916
     </pmid>
    </commentscorrections>
    <commentscorrections reftype="Cites">
     <refsource>
      Am J Obstet Gynecol. 1992 Oct;167(4 Pt 1):879-84
     </refsource>
     <pmid version="1">
      1415419
     </pmid>
    </commentscorrections>
    <commentscorrections reftype="Cites">
     <refsource>
      Am J Obstet Gynecol. 1964 Aug 1;89:891-7
     </refsource>
     <pmid version="1">
      14207556
     </pmid>
    </commentscorrections>
    <commentscorrections reftype="Cites">
     <refsource>
      Obstet Gynecol. 1992 Sep;80(3 Pt 1):429-32
     </refsource>
     <pmid version="1">
      1495700
     </pmid>
    </commentscorrections>
    <commentscorrections reftype="Cites">
     <refsource>
      Eur J Obstet Gynecol Reprod Biol. 1992 Jun 16;45(1):47-51
     </refsource>
     <pmid version="1">
      1618361
     </pmid>
    </commentscorrections>
    <commentscorrections reftype="Cites">
     <refsource>
      Teratology. 1991 Jun;43(6):543-6
     </refsource>
     <pmid version="1">
      1882342
     </pmid>
    </commentscorrections>
    <commentscorrections reftype="Cites">
     <refsource>
      Am J Obstet Gynecol. 1991 Oct;165(4 Pt 1):907-13
     </refsource>
     <pmid version="1">
      1951552
     </pmid>
    </commentscorrections>
    <commentscorrections reftype="Cites">
     <refsource>
      Obstet Gynecol. 1991 Mar;77(3):331-7
     </refsource>
     <pmid version="1">
      1992393
     </pmid>
    </commentscorrections>
    <commentscorrections reftype="Cites">
     <refsource>
      Am J Obstet Gynecol. 1988 Sep;159(3):650-4
     </refsource>
     <pmid version="1">
      3421264
     </pmid>
    </commentscorrections>
    <commentscorrections reftype="Cites">
     <refsource>
      Aust N Z J Obstet Gynaecol. 1986 Feb;26(1):26-9
     </refsource>
     <pmid version="1">
      3524548
     </pmid>
    </commentscorrections>
    <commentscorrections reftype="Cites">
     <refsource>
      Br J Obstet Gynaecol. 1986 Jun;93(6):543-7
     </refsource>
     <pmid version="1">
      3524664
     </pmid>
    </commentscorrections>
    <commentscorrections reftype="Cites">
     <refsource>
      Obstet Gynecol. 1987 Sep;70(3 Pt 1):323-7
     </refsource>
     <pmid version="1">
      3627579
     </pmid>
    </commentscorrections>
    <commentscorrections reftype="Cites">
     <refsource>
      Obstet Gynecol. 1985 Nov;66(5):634-8
     </refsource>
     <pmid version="1">
      3903581
     </pmid>
    </commentscorrections>
    <commentscorrections reftype="Cites">
     <refsource>
      Acta Obstet Gynecol Scand. 1985;64(6):505-10
     </refsource>
     <pmid version="1">
      3904322
     </pmid>
    </commentscorrections>
    <commentscorrections reftype="Cites">
     <refsource>
      Br Med J (Clin Res Ed). 1985 Jan 5;290(6461):17-23
     </refsource>
     <pmid version="1">
      3917318
     </pmid>
    </commentscorrections>
    <commentscorrections reftype="Cites">
     <refsource>
      Br Med J (Clin Res Ed). 1985 Aug 31;291(6495):563-6
     </refsource>
     <pmid version="1">
      3929874
     </pmid>
    </commentscorrections>
    <commentscorrections reftype="Cites">
     <refsource>
      Obstet Gynecol. 1986 Feb;67(2):197-205
     </refsource>
     <pmid version="1">
      3945429
     </pmid>
    </commentscorrections>
    <commentscorrections reftype="Cites">
     <refsource>
      Lancet. 1968 Aug 31;2(7566):488-90
     </refsource>
     <pmid version="1">
      4174507
     </pmid>
    </commentscorrections>
    <commentscorrections reftype="Cites">
     <refsource>
      Obstet Gynecol. 1979 Mar;53(3 Suppl):50S-55S
     </refsource>
     <pmid version="1">
      424128
     </pmid>
    </commentscorrections>
    <commentscorrections reftype="Cites">
     <refsource>
      Lancet. 1982 Mar 20;1(8273):647-9
     </refsource>
     <pmid version="1">
      6121965
     </pmid>
    </commentscorrections>
    <commentscorrections reftype="Cites">
     <refsource>
      Br J Clin Pharmacol. 1982;13(Suppl 2):375S-378S
     </refsource>
     <pmid version="1">
      6125190
     </pmid>
    </commentscorrections>
    <commentscorrections reftype="Cites">
     <refsource>
      Lancet. 1983 Feb 26;1(8322):431-4
     </refsource>
     <pmid version="1">
      6131164
     </pmid>
    </commentscorrections>
    <commentscorrections reftype="Cites">
     <refsource>
      Lancet. 1976 Oct 9;2(7989):753-6
     </refsource>
     <pmid version="1">
      61439
     </pmid>
    </commentscorrections>
    <commentscorrections reftype="Cites">
     <refsource>
      Arch Dis Child. 1984 Nov;59(11):1061-3
     </refsource>
     <pmid version="1">
      6391390
     </pmid>
    </commentscorrections>
    <commentscorrections reftype="Cites">
     <refsource>
      Br Med J (Clin Res Ed). 1983 Jun 18;286(6382):1927-30
     </refsource>
     <pmid version="1">
      6407638
     </pmid>
    </commentscorrections>
    <commentscorrections reftype="Cites">
     <refsource>
      Am J Obstet Gynecol. 1984 Dec 1;150(7):831-5
     </refsource>
     <pmid version="1">
      6507509
     </pmid>
    </commentscorrections>
    <commentscorrections reftype="Cites">
     <refsource>
      Am J Obstet Gynecol. 1984 May 15;149(2):171-3
     </refsource>
     <pmid version="1">
      6720794
     </pmid>
    </commentscorrections>
    <commentscorrections reftype="Cites">
     <refsource>
      Br Med J (Clin Res Ed). 1981 Oct 24;283(6299):1077-9
     </refsource>
     <pmid version="1">
      6794766
     </pmid>
    </commentscorrections>
    <commentscorrections reftype="Cites">
     <refsource>
      Clin Exp Hypertens B. 1983;2(2):341-50
     </refsource>
     <pmid version="1">
      6872291
     </pmid>
    </commentscorrections>
    <commentscorrections reftype="Cites">
     <refsource>
      Obstet Gynecol. 1982 Oct;60(4):533-8
     </refsource>
     <pmid version="1">
      7121943
     </pmid>
    </commentscorrections>
    <commentscorrections reftype="Cites">
     <refsource>
      Clin Exp Hypertens B. 1982;1(2-3):371-83
     </refsource>
     <pmid version="1">
      7139977
     </pmid>
    </commentscorrections>
    <commentscorrections reftype="Cites">
     <refsource>
      Br J Obstet Gynaecol. 1982 Dec;89(12):1031-4
     </refsource>
     <pmid version="1">
      7171513
     </pmid>
    </commentscorrections>
    <commentscorrections reftype="Cites">
     <refsource>
      Am J Obstet Gynecol. 1995 Sep;173(3 Pt 1):929-35
     </refsource>
     <pmid version="1">
      7573271
     </pmid>
    </commentscorrections>
    <commentscorrections reftype="Cites">
     <refsource>
      N Engl J Med. 1995 Jul 27;333(4):201-5
     </refsource>
     <pmid version="1">
      7791836
     </pmid>
    </commentscorrections>
    <commentscorrections reftype="Cites">
     <refsource>
      N Engl J Med. 1995 Jul 27;333(4):250-1
     </refsource>
     <pmid version="1">
      7791843
     </pmid>
    </commentscorrections>
    <commentscorrections reftype="Cites">
     <refsource>
      J Hosp Infect. 1994 Jul;27(3):161-6
     </refsource>
     <pmid version="1">
      7963456
     </pmid>
    </commentscorrections>
    <commentscorrections reftype="Cites">
     <refsource>
      Br J Obstet Gynaecol. 1994 May;101(5):409-13
     </refsource>
     <pmid version="1">
      8018612
     </pmid>
    </commentscorrections>
    <commentscorrections reftype="Cites">
     <refsource>
      Obstet Gynecol. 1994 Sep;84(3):354-9
     </refsource>
     <pmid version="1">
      8058230
     </pmid>
    </commentscorrections>
    <commentscorrections reftype="Cites">
     <refsource>
      Am J Obstet Gynecol. 1994 Sep;171(3):818-22
     </refsource>
     <pmid version="1">
      8092235
     </pmid>
    </commentscorrections>
    <commentscorrections reftype="Cites">
     <refsource>
      Int J Gynaecol Obstet. 1993 Jan;40(1):39-43
     </refsource>
     <pmid version="1">
      8094349
     </pmid>
    </commentscorrections>
    <commentscorrections reftype="Cites">
     <refsource>
      Br J Obstet Gynaecol. 1994 Mar;101(3):262-3
     </refsource>
     <pmid version="1">
      8193107
     </pmid>
    </commentscorrections>
    <commentscorrections reftype="Cites">
     <refsource>
      Med J Aust. 1991 Mar 18;154(6):378-82
     </refsource>
     <pmid version="1">
      2000050
     </pmid>
    </commentscorrections>
    <commentscorrections reftype="Cites">
     <refsource>
      Obstet Gynecol. 1991 Jul;78(1):128-35
     </refsource>
     <pmid version="1">
      2047053
     </pmid>
    </commentscorrections>
    <commentscorrections reftype="Cites">
     <refsource>
      Br J Obstet Gynaecol. 1991 May;98(5):453-9
     </refsource>
     <pmid version="1">
      2059591
     </pmid>
    </commentscorrections>
    <commentscorrections reftype="Cites">
     <refsource>
      Br J Obstet Gynaecol. 1993 Oct;100(10):959-61
     </refsource>
     <pmid version="1">
      8217985
     </pmid>
    </commentscorrections>
    <commentscorrections reftype="Cites">
     <refsource>
      Obstet Gynecol. 1993 Sep;82(3):375-9
     </refsource>
     <pmid version="1">
      8355937
     </pmid>
    </commentscorrections>
    <commentscorrections reftype="Cites">
     <refsource>
      Br J Obstet Gynaecol. 1993 Jul;100(7):623-8
     </refsource>
     <pmid version="1">
      8369243
     </pmid>
    </commentscorrections>
    <commentscorrections reftype="Cites">
     <refsource>
      Br J Obstet Gynaecol. 1993 Jul;100(7):692-3
     </refsource>
     <pmid version="1">
      8369257
     </pmid>
    </commentscorrections>
    <commentscorrections reftype="Cites">
     <refsource>
      Can J Anaesth. 1993 Apr;40(4):329-33
     </refsource>
     <pmid version="1">
      8485793
     </pmid>
    </commentscorrections>
    <commentscorrections reftype="Cites">
     <refsource>
      Am J Perinatol. 1993 May;10(3):233-8
     </refsource>
     <pmid version="1">
      8517903
     </pmid>
    </commentscorrections>
    <commentscorrections reftype="Cites">
     <refsource>
      Am J Obstet Gynecol. 1996 Mar;174(3):823-8
     </refsource>
     <pmid version="1">
      8633650
     </pmid>
    </commentscorrections>
    <commentscorrections reftype="Cites">
     <refsource>
      Obstet Gynecol. 1977 Jun;49(6):675-80
     </refsource>
     <pmid version="1">
      865730
     </pmid>
    </commentscorrections>
    <commentscorrections reftype="Cites">
     <refsource>
      CMAJ. 1997 Sep 15;157(6):715-25
     </refsource>
     <pmid version="1">
      9307560
     </pmid>
    </commentscorrections>
    <commentscorrections reftype="Cites">
     <refsource>
      CMAJ. 1997 Oct 1;157(7):907-19
     </refsource>
     <pmid version="1">
      9327800
     </pmid>
    </commentscorrections>
    <commentscorrections reftype="Cites">
     <refsource>
      Am J Obstet Gynecol. 1976 JUl 15;125(6):740-6
     </refsource>
     <pmid version="1">
      937399
     </pmid>
    </commentscorrections>
    <commentscorrections reftype="Cites">
     <refsource>
      Br J Obstet Gynaecol. 1975 Jul;82(7):572-7
     </refsource>
     <pmid version="1">
      1096930
     </pmid>
    </commentscorrections>
    <commentscorrections reftype="Cites">
     <refsource>
      J Clin Ultrasound. 1992 Feb;20(2):115-9
     </refsource>
     <pmid version="1">
      1314260
     </pmid>
    </commentscorrections>
    <commentscorrections reftype="Cites">
     <refsource>
      Am J Obstet Gynecol. 1962 Oct 1;84:919-29
     </refsource>
     <pmid version="1">
      13893680
     </pmid>
    </commentscorrections>
    <commentscorrections reftype="Cites">
     <refsource>
      Obstet Gynecol. 1962 Mar;19:355-8
     </refsource>
     <pmid version="1">
      14006267
     </pmid>
    </commentscorrections>
    <commentscorrections reftype="Cites">
     <refsource>
      Br J Obstet Gynaecol. 1990 Feb;97(2):110-7
     </refsource>
     <pmid version="1">
      2180472
     </pmid>
    </commentscorrections>
    <commentscorrections reftype="Cites">
     <refsource>
      Am J Obstet Gynecol. 1990 Apr;162(4):960-6; discussion 966-7
     </refsource>
     <pmid version="1">
      2183619
     </pmid>
    </commentscorrections>
    <commentscorrections reftype="Cites">
     <refsource>
      BMJ. 1990 Sep 22;301(6752):587-9
     </refsource>
     <pmid version="1">
      2242456
     </pmid>
    </commentscorrections>
    <commentscorrections reftype="Cites">
     <refsource>
      Am J Obstet Gynecol. 1990 Dec;163(6 Pt 1):1844-8
     </refsource>
     <pmid version="1">
      2256493
     </pmid>
    </commentscorrections>
    <commentscorrections reftype="CommentIn">
     <refsource>
      ACP J Club. 1998 May-Jun;128(3):63
     </refsource>
    </commentscorrections>
   </commentscorrectionslist>
   <meshheadinglist>
    <meshheading>
     <descriptorname majortopicyn="N">
      Antihypertensive Agents
     </descriptorname>
     <qualifiername majortopicyn="N">
      classification
     </qualifiername>
     <qualifiername majortopicyn="Y">
      therapeutic use
     </qualifiername>
    </meshheading>
    <meshheading>
     <descriptorname majortopicyn="N">
      Blood Pressure
     </descriptorname>
     <qualifiername majortopicyn="N">
      drug effects
     </qualifiername>
    </meshheading>
    <meshheading>
     <descriptorname majortopicyn="N" type="Geographic">
      Canada
     </descriptorname>
    </meshheading>
    <meshheading>
     <descriptorname majortopicyn="N">
      Diastole
     </descriptorname>
    </meshheading>
    <meshheading>
     <descriptorname majortopicyn="N">
      Evidence-Based Medicine
     </descriptorname>
    </meshheading>
    <meshheading>
     <descriptorname majortopicyn="N">
      Female
     </descriptorname>
    </meshheading>
    <meshheading>
     <descriptorname majortopicyn="N">
      Humans
     </descriptorname>
    </meshheading>
    <meshheading>
     <descriptorname majortopicyn="N">
      Hypertension
     </descriptorname>
     <qualifiername majortopicyn="N">
      diagnosis
     </qualifiername>
     <qualifiername majortopicyn="Y">
      drug therapy
     </qualifiername>
    </meshheading>
    <meshheading>
     <descriptorname majortopicyn="N">
      Pregnancy
     </descriptorname>
    </meshheading>
    <meshheading>
     <descriptorname majortopicyn="N">
      Pregnancy Complications, Cardiovascular
     </descriptorname>
     <qualifiername majortopicyn="N">
      diagnosis
     </qualifiername>
     <qualifiername majortopicyn="Y">
      drug therapy
     </qualifiername>
    </meshheading>
    <meshheading>
     <descriptorname majortopicyn="N">
      Pregnancy Outcome
     </descriptorname>
    </meshheading>
    <meshheading>
     <descriptorname majortopicyn="N">
      Severity of Illness Index
     </descriptorname>
    </meshheading>
    <meshheading>
     <descriptorname majortopicyn="N">
      Systole
     </descriptorname>
    </meshheading>
    <meshheading>
     <descriptorname majortopicyn="N">
      Treatment Outcome
     </descriptorname>
    </meshheading>
   </meshheadinglist>
   <numberofreferences>
    100
   </numberofreferences>
   <otherid source="NLM">
    PMC1228354
   </otherid>
  </medlinecitation>
  <pubmeddata>
   <history>
    <pubmedpubdate pubstatus="pubmed">
     <year>
      1997
     </year>
     <month>
      11
     </month>
     <day>
      15
     </day>
    </pubmedpubdate>
    <pubmedpubdate pubstatus="medline">
     <year>
      1997
     </year>
     <month>
      11
     </month>
     <day>
      15
     </day>
     <hour>
      0
     </hour>
     <minute>
      1
     </minute>
    </pubmedpubdate>
    <pubmedpubdate pubstatus="entrez">
     <year>
      1997
     </year>
     <month>
      11
     </month>
     <day>
      15
     </day>
     <hour>
      0
     </hour>
     <minute>
      0
     </minute>
    </pubmedpubdate>
   </history>
   <publicationstatus>
    ppublish
   </publicationstatus>
   <articleidlist>
    <articleid idtype="pubmed">
     9361646
    </articleid>
    <articleid idtype="pmc">
     PMC1228354
    </articleid>
   </articleidlist>
  </pubmeddata>
 </pubmedarticle>
</pubmedarticleset>

