<?xml version='1.0' encoding='utf-8'?>
<!DOCTYPE PubmedArticleSet PUBLIC "-//NLM//DTD PubMedArticle, 1st January 2011//EN" "http://www.ncbi.nlm.nih.gov/entrez/query/DTD/pubmed_110101.dtd">
<pubmedarticleset>
 <pubmedarticle>
  <medlinecitation owner="NLM" status="MEDLINE">
   <pmid version="1">
    9428830
   </pmid>
   <datecreated>
    <year>
     1998
    </year>
    <month>
     01
    </month>
    <day>
     29
    </day>
   </datecreated>
   <datecompleted>
    <year>
     1998
    </year>
    <month>
     01
    </month>
    <day>
     29
    </day>
   </datecompleted>
   <daterevised>
    <year>
     2007
    </year>
    <month>
     11
    </month>
    <day>
     15
    </day>
   </daterevised>
   <article pubmodel="Print">
    <journal>
     <issn issntype="Print">
      0002-9343
     </issn>
     <journalissue citedmedium="Print">
      <volume>
       103
      </volume>
      <issue>
       6
      </issue>
      <pubdate>
       <year>
        1997
       </year>
       <month>
        Dec
       </month>
      </pubdate>
     </journalissue>
     <title>
      The American journal of medicine
     </title>
     <isoabbreviation>
      Am. J. Med.
     </isoabbreviation>
    </journal>
    <articletitle>
     A preliminary investigation of the management of alcohol dependence with naltrexone by primary care providers.
    </articletitle>
    <pagination>
     <medlinepgn>
      477-82
     </medlinepgn>
    </pagination>
    <abstract>
     <abstracttext label="PURPOSE" nlmcategory="OBJECTIVE">
      To describe a preliminary investigation of a model of naltrexone therapy and counselling for use by primary care providers and evaluate its impact on drinking behaviors in a cohort of alcohol-dependent subjects.
     </abstracttext>
     <abstracttext label="PATIENTS AND METHODS" nlmcategory="METHODS">
      The subjects enrolled in this study were 29 alcohol-dependent individuals. They were managed within a primary care treatment model located at a university-affiliated substance research program in New Haven, Connecticut. Subjects were assigned to a primary care provider for treatment of their alcohol dependence and were placed on naltrexone at a dose of 50 mg per day. They were seen for an initial "new patient" visit and 7 "brief" follow-up visits during the 10-week study. The primary outcomes for this study were completion of treatment, change in drinking behaviors from baseline, change in liver enzymes from baseline, provider ratings of improvement, and patient ratings of improvement and satisfaction with treatment.
     </abstracttext>
     <abstracttext label="RESULTS" nlmcategory="RESULTS">
      Of the 29 subjects: 21 (72%) completed treatment, and 10 (35%) relapsed to heavy drinking. All drinking behaviors improved significantly from baseline: percent of days abstinent increased from 36.6% to 88.8% (P &lt; 0.0001), percent days abstinent from heavy drinking increased from 48.7% to 97.3% (P &lt; 0.0001), and mean number of drinks per occasion decreased from 9.5 to 2.5 (P &lt; 0.0001). The mean serum gamma glutamyl transferase (GGT) for the group decreased from 67.1 U/L to 45.3 U/L (P &lt; 0.0001).
     </abstracttext>
     <abstracttext label="CONCLUSIONS" nlmcategory="CONCLUSIONS">
      In this preliminary investigation, treatment of alcohol dependence with our model of naltrexone and counselling by primary care providers appeared to be both feasible and effective.
     </abstracttext>
    </abstract>
    <affiliation>
     Department of Medicine, Yale University School of Medicine, New Haven, Connecticut 06520-8025, USA.
    </affiliation>
    <authorlist completeyn="Y">
     <author validyn="Y">
      <lastname>
       O'Connor
      </lastname>
      <forename>
       P G
      </forename>
      <initials>
       PG
      </initials>
     </author>
     <author validyn="Y">
      <lastname>
       Farren
      </lastname>
      <forename>
       C K
      </forename>
      <initials>
       CK
      </initials>
     </author>
     <author validyn="Y">
      <lastname>
       Rounsaville
      </lastname>
      <forename>
       B J
      </forename>
      <initials>
       BJ
      </initials>
     </author>
     <author validyn="Y">
      <lastname>
       O'Malley
      </lastname>
      <forename>
       S S
      </forename>
      <initials>
       SS
      </initials>
     </author>
    </authorlist>
    <language>
     eng
    </language>
    <grantlist completeyn="Y">
     <grant>
      <grantid>
       5R01AA09538
      </grantid>
      <acronym>
       AA
      </acronym>
      <agency>
       NIAAA NIH HHS
      </agency>
      <country>
       United States
      </country>
     </grant>
     <grant>
      <grantid>
       K02AA00171
      </grantid>
      <acronym>
       AA
      </acronym>
      <agency>
       NIAAA NIH HHS
      </agency>
      <country>
       United States
      </country>
     </grant>
    </grantlist>
    <publicationtypelist>
     <publicationtype>
      Journal Article
     </publicationtype>
     <publicationtype>
      Research Support, U.S. Gov't, P.H.S.
     </publicationtype>
    </publicationtypelist>
   </article>
   <medlinejournalinfo>
    <country>
     UNITED STATES
    </country>
    <medlineta>
     Am J Med
    </medlineta>
    <nlmuniqueid>
     0267200
    </nlmuniqueid>
    <issnlinking>
     0002-9343
    </issnlinking>
   </medlinejournalinfo>
   <chemicallist>
    <chemical>
     <registrynumber>
      0
     </registrynumber>
     <nameofsubstance>
      Narcotic Antagonists
     </nameofsubstance>
    </chemical>
    <chemical>
     <registrynumber>
      16590-41-3
     </registrynumber>
     <nameofsubstance>
      Naltrexone
     </nameofsubstance>
    </chemical>
   </chemicallist>
   <citationsubset>
    AIM
   </citationsubset>
   <citationsubset>
    IM
   </citationsubset>
   <meshheadinglist>
    <meshheading>
     <descriptorname majortopicyn="N">
      Alcohol Drinking
     </descriptorname>
    </meshheading>
    <meshheading>
     <descriptorname majortopicyn="N">
      Alcoholism
     </descriptorname>
     <qualifiername majortopicyn="Y">
      drug therapy
     </qualifiername>
     <qualifiername majortopicyn="N">
      enzymology
     </qualifiername>
     <qualifiername majortopicyn="N">
      therapy
     </qualifiername>
    </meshheading>
    <meshheading>
     <descriptorname majortopicyn="N">
      Counseling
     </descriptorname>
    </meshheading>
    <meshheading>
     <descriptorname majortopicyn="N">
      Female
     </descriptorname>
    </meshheading>
    <meshheading>
     <descriptorname majortopicyn="N">
      Humans
     </descriptorname>
    </meshheading>
    <meshheading>
     <descriptorname majortopicyn="N">
      Liver
     </descriptorname>
     <qualifiername majortopicyn="N">
      enzymology
     </qualifiername>
    </meshheading>
    <meshheading>
     <descriptorname majortopicyn="N">
      Male
     </descriptorname>
    </meshheading>
    <meshheading>
     <descriptorname majortopicyn="N">
      Naltrexone
     </descriptorname>
     <qualifiername majortopicyn="Y">
      therapeutic use
     </qualifiername>
    </meshheading>
    <meshheading>
     <descriptorname majortopicyn="N">
      Narcotic Antagonists
     </descriptorname>
     <qualifiername majortopicyn="Y">
      therapeutic use
     </qualifiername>
    </meshheading>
    <meshheading>
     <descriptorname majortopicyn="N">
      Patient Compliance
     </descriptorname>
    </meshheading>
    <meshheading>
     <descriptorname majortopicyn="N">
      Patient Education as Topic
     </descriptorname>
    </meshheading>
    <meshheading>
     <descriptorname majortopicyn="N">
      Patient Satisfaction
     </descriptorname>
    </meshheading>
    <meshheading>
     <descriptorname majortopicyn="N">
      Primary Health Care
     </descriptorname>
    </meshheading>
    <meshheading>
     <descriptorname majortopicyn="N">
      Treatment Outcome
     </descriptorname>
    </meshheading>
   </meshheadinglist>
  </medlinecitation>
  <pubmeddata>
   <history>
    <pubmedpubdate pubstatus="pubmed">
     <year>
      1998
     </year>
     <month>
      1
     </month>
     <day>
      16
     </day>
    </pubmedpubdate>
    <pubmedpubdate pubstatus="medline">
     <year>
      1998
     </year>
     <month>
      1
     </month>
     <day>
      16
     </day>
     <hour>
      0
     </hour>
     <minute>
      1
     </minute>
    </pubmedpubdate>
    <pubmedpubdate pubstatus="entrez">
     <year>
      1998
     </year>
     <month>
      1
     </month>
     <day>
      16
     </day>
     <hour>
      0
     </hour>
     <minute>
      0
     </minute>
    </pubmedpubdate>
   </history>
   <publicationstatus>
    ppublish
   </publicationstatus>
   <articleidlist>
    <articleid idtype="pubmed">
     9428830
    </articleid>
    <articleid idtype="pii">
     S0002934397002714
    </articleid>
   </articleidlist>
  </pubmeddata>
 </pubmedarticle>
</pubmedarticleset>

