<?xml version='1.0' encoding='utf-8'?>
<!DOCTYPE PubmedArticleSet PUBLIC "-//NLM//DTD PubMedArticle, 1st January 2011//EN" "http://www.ncbi.nlm.nih.gov/entrez/query/DTD/pubmed_110101.dtd">
<pubmedarticleset>
 <pubmedarticle>
  <medlinecitation owner="NLM" status="MEDLINE">
   <pmid version="1">
    9445408
   </pmid>
   <datecreated>
    <year>
     1998
    </year>
    <month>
     01
    </month>
    <day>
     29
    </day>
   </datecreated>
   <datecompleted>
    <year>
     1998
    </year>
    <month>
     01
    </month>
    <day>
     29
    </day>
   </datecompleted>
   <daterevised>
    <year>
     2006
    </year>
    <month>
     11
    </month>
    <day>
     15
    </day>
   </daterevised>
   <article pubmodel="Print">
    <journal>
     <issn issntype="Print">
      0028-4793
     </issn>
     <journalissue citedmedium="Print">
      <volume>
       338
      </volume>
      <issue>
       5
      </issue>
      <pubdate>
       <year>
        1998
       </year>
       <month>
        Jan
       </month>
       <day>
        29
       </day>
      </pubdate>
     </journalissue>
     <title>
      The New England journal of medicine
     </title>
     <isoabbreviation>
      N. Engl. J. Med.
     </isoabbreviation>
    </journal>
    <articletitle>
     Fulminant hepatitis associated with hepatitis A virus superinfection in patients with chronic hepatitis C.
    </articletitle>
    <pagination>
     <medlinepgn>
      286-90
     </medlinepgn>
    </pagination>
    <abstract>
     <abstracttext label="BACKGROUND" nlmcategory="BACKGROUND">
      Hepatitis A virus (HAV) infection rarely causes fulminant hepatic failure in people with no underlying liver disease. There are limited data on the course of this infection in patients with chronic hepatitis B and chronic hepatitis C.
     </abstracttext>
     <abstracttext label="METHODS" nlmcategory="METHODS">
      We prospectively followed, from June 1990 to July 1997, 595 adults with biochemical and histologic evidence of chronic hepatitis B (163 patients) or chronic hepatitis C (432 patients) who were seronegative for HAV antibodies. All were tested every four months for serum IgM and IgG antibodies to HAV.
     </abstracttext>
     <abstracttext label="RESULTS" nlmcategory="RESULTS">
      Twenty-seven patients acquired HAV superinfection, 10 of whom had chronic hepatitis B and 17 of whom had chronic hepatitis C. One of the patients with chronic hepatitis B, who also had cirrhosis, had marked cholestasis (peak serum bilirubin level, 28 mg per deciliter [479 micromol per liter]); the other nine had uncomplicated courses of hepatitis A. Fulminant hepatic failure developed in seven of the patients with chronic hepatitis C, all but one of whom died. The other 10 patients with chronic hepatitis C had uncomplicated courses of hepatitis A.
     </abstracttext>
     <abstracttext label="CONCLUSIONS" nlmcategory="CONCLUSIONS">
      Although most patients with chronic hepatitis B who acquired HAV infection had an uncomplicated course, patients with chronic hepatitis C had a substantial risk of fulminant hepatitis and death associated with HAV superinfection. Our data suggest that patients with chronic hepatitis C should be vaccinated against hepatitis A.
     </abstracttext>
    </abstract>
    <affiliation>
     Department of Infectious Diseases, University of Verona, Italy.
    </affiliation>
    <authorlist completeyn="Y">
     <author validyn="Y">
      <lastname>
       Vento
      </lastname>
      <forename>
       S
      </forename>
      <initials>
       S
      </initials>
     </author>
     <author validyn="Y">
      <lastname>
       Garofano
      </lastname>
      <forename>
       T
      </forename>
      <initials>
       T
      </initials>
     </author>
     <author validyn="Y">
      <lastname>
       Renzini
      </lastname>
      <forename>
       C
      </forename>
      <initials>
       C
      </initials>
     </author>
     <author validyn="Y">
      <lastname>
       Cainelli
      </lastname>
      <forename>
       F
      </forename>
      <initials>
       F
      </initials>
     </author>
     <author validyn="Y">
      <lastname>
       Casali
      </lastname>
      <forename>
       F
      </forename>
      <initials>
       F
      </initials>
     </author>
     <author validyn="Y">
      <lastname>
       Ghironzi
      </lastname>
      <forename>
       G
      </forename>
      <initials>
       G
      </initials>
     </author>
     <author validyn="Y">
      <lastname>
       Ferraro
      </lastname>
      <forename>
       T
      </forename>
      <initials>
       T
      </initials>
     </author>
     <author validyn="Y">
      <lastname>
       Concia
      </lastname>
      <forename>
       E
      </forename>
      <initials>
       E
      </initials>
     </author>
    </authorlist>
    <language>
     eng
    </language>
    <publicationtypelist>
     <publicationtype>
      Comparative Study
     </publicationtype>
     <publicationtype>
      Journal Article
     </publicationtype>
    </publicationtypelist>
   </article>
   <medlinejournalinfo>
    <country>
     UNITED STATES
    </country>
    <medlineta>
     N Engl J Med
    </medlineta>
    <nlmuniqueid>
     0255562
    </nlmuniqueid>
    <issnlinking>
     0028-4793
    </issnlinking>
   </medlinejournalinfo>
   <chemicallist>
    <chemical>
     <registrynumber>
      0
     </registrynumber>
     <nameofsubstance>
      DNA, Viral
     </nameofsubstance>
    </chemical>
    <chemical>
     <registrynumber>
      0
     </registrynumber>
     <nameofsubstance>
      RNA, Viral
     </nameofsubstance>
    </chemical>
   </chemicallist>
   <citationsubset>
    AIM
   </citationsubset>
   <citationsubset>
    IM
   </citationsubset>
   <commentscorrectionslist>
    <commentscorrections reftype="CommentIn">
     <refsource>
      N Engl J Med. 1998 Jun 11;338(24):1771-2; author reply 1772-3
     </refsource>
     <pmid version="1">
      9625636
     </pmid>
    </commentscorrections>
    <commentscorrections reftype="CommentIn">
     <refsource>
      N Engl J Med. 1998 Jun 11;338(24):1771; author reply 1772-3
     </refsource>
     <pmid version="1">
      9625635
     </pmid>
    </commentscorrections>
    <commentscorrections reftype="CommentIn">
     <refsource>
      N Engl J Med. 1998 Jun 11;338(24):1772; author reply 1772-3
     </refsource>
     <pmid version="1">
      9625638
     </pmid>
    </commentscorrections>
    <commentscorrections reftype="CommentIn">
     <refsource>
      N Engl J Med. 1998 Jun 11;338(24):1772; author reply 1772-3
     </refsource>
     <pmid version="1">
      9625637
     </pmid>
    </commentscorrections>
   </commentscorrectionslist>
   <meshheadinglist>
    <meshheading>
     <descriptorname majortopicyn="N">
      Adult
     </descriptorname>
    </meshheading>
    <meshheading>
     <descriptorname majortopicyn="N">
      Case-Control Studies
     </descriptorname>
    </meshheading>
    <meshheading>
     <descriptorname majortopicyn="N">
      DNA, Viral
     </descriptorname>
     <qualifiername majortopicyn="N">
      isolation &amp; purification
     </qualifiername>
    </meshheading>
    <meshheading>
     <descriptorname majortopicyn="N">
      Female
     </descriptorname>
    </meshheading>
    <meshheading>
     <descriptorname majortopicyn="N">
      Hepatic Encephalopathy
     </descriptorname>
     <qualifiername majortopicyn="Y">
      etiology
     </qualifiername>
    </meshheading>
    <meshheading>
     <descriptorname majortopicyn="N">
      Hepatitis A
     </descriptorname>
     <qualifiername majortopicyn="Y">
      complications
     </qualifiername>
    </meshheading>
    <meshheading>
     <descriptorname majortopicyn="N">
      Hepatitis B, Chronic
     </descriptorname>
     <qualifiername majortopicyn="Y">
      complications
     </qualifiername>
    </meshheading>
    <meshheading>
     <descriptorname majortopicyn="N">
      Hepatitis C, Chronic
     </descriptorname>
     <qualifiername majortopicyn="Y">
      complications
     </qualifiername>
    </meshheading>
    <meshheading>
     <descriptorname majortopicyn="N">
      Humans
     </descriptorname>
    </meshheading>
    <meshheading>
     <descriptorname majortopicyn="N">
      Liver Function Tests
     </descriptorname>
    </meshheading>
    <meshheading>
     <descriptorname majortopicyn="N">
      Male
     </descriptorname>
    </meshheading>
    <meshheading>
     <descriptorname majortopicyn="N">
      Prospective Studies
     </descriptorname>
    </meshheading>
    <meshheading>
     <descriptorname majortopicyn="N">
      RNA, Viral
     </descriptorname>
     <qualifiername majortopicyn="N">
      isolation &amp; purification
     </qualifiername>
    </meshheading>
    <meshheading>
     <descriptorname majortopicyn="N">
      Superinfection
     </descriptorname>
     <qualifiername majortopicyn="Y">
      complications
     </qualifiername>
    </meshheading>
   </meshheadinglist>
  </medlinecitation>
  <pubmeddata>
   <history>
    <pubmedpubdate pubstatus="pubmed">
     <year>
      1998
     </year>
     <month>
      1
     </month>
     <day>
      29
     </day>
    </pubmedpubdate>
    <pubmedpubdate pubstatus="medline">
     <year>
      1998
     </year>
     <month>
      1
     </month>
     <day>
      29
     </day>
     <hour>
      0
     </hour>
     <minute>
      1
     </minute>
    </pubmedpubdate>
    <pubmedpubdate pubstatus="entrez">
     <year>
      1998
     </year>
     <month>
      1
     </month>
     <day>
      29
     </day>
     <hour>
      0
     </hour>
     <minute>
      0
     </minute>
    </pubmedpubdate>
   </history>
   <publicationstatus>
    ppublish
   </publicationstatus>
   <articleidlist>
    <articleid idtype="pubmed">
     9445408
    </articleid>
    <articleid idtype="doi">
     10.1056/NEJM199801293380503
    </articleid>
   </articleidlist>
  </pubmeddata>
 </pubmedarticle>
</pubmedarticleset>

