<?xml version='1.0' encoding='utf-8'?>
<!DOCTYPE PubmedArticleSet PUBLIC "-//NLM//DTD PubMedArticle, 1st January 2011//EN" "http://www.ncbi.nlm.nih.gov/entrez/query/DTD/pubmed_110101.dtd">
<pubmedarticleset>
 <pubmedarticle>
  <medlinecitation owner="NLM" status="MEDLINE">
   <pmid version="1">
    9449495
   </pmid>
   <datecreated>
    <year>
     1998
    </year>
    <month>
     02
    </month>
    <day>
     05
    </day>
   </datecreated>
   <datecompleted>
    <year>
     1998
    </year>
    <month>
     02
    </month>
    <day>
     05
    </day>
   </datecompleted>
   <daterevised>
    <year>
     2006
    </year>
    <month>
     11
    </month>
    <day>
     15
    </day>
   </daterevised>
   <article pubmodel="Print">
    <journal>
     <issn issntype="Print">
      0091-6749
     </issn>
     <journalissue citedmedium="Print">
      <volume>
       101
      </volume>
      <issue>
       1 Pt 1
      </issue>
      <pubdate>
       <year>
        1998
       </year>
       <month>
        Jan
       </month>
      </pubdate>
     </journalissue>
     <title>
      The Journal of allergy and clinical immunology
     </title>
     <isoabbreviation>
      J. Allergy Clin. Immunol.
     </isoabbreviation>
    </journal>
    <articletitle>
     Aerosol beclomethasone dipropionate spray compared with theophylline as primary treatment for chronic mild-to-moderate asthma. The American Academy of Allergy, Asthma and Immunology Beclomethasone Dipropionate-Theophylline Study Group.
    </articletitle>
    <pagination>
     <medlinepgn>
      14-23
     </medlinepgn>
    </pagination>
    <abstract>
     <abstracttext label="BACKGROUND" nlmcategory="BACKGROUND">
      Inhaled corticosteroids and oral theophylline are effective treatments for moderate asthma.
     </abstracttext>
     <abstracttext label="OBJECTIVE" nlmcategory="OBJECTIVE">
      We sought to compare the benefits and adverse reactions of theophylline and aerosol beclomethasone spray.
     </abstracttext>
     <abstracttext label="METHODS" nlmcategory="METHODS">
      A multicenter, double-blind, double-placebo, randomized, controlled trial of 1-year duration was performed. Seven hundred forty-seven patients with asthma received either beclomethasone dipropionate aerosol spray (84 microg four times per day) or sustained-release theophylline twice per day in doses adjusted for optimum control of the disease. The main outcome measures were daily diary of symptoms and peak flow rates (recorded on a mark-sense computer-readable form); supplemental bronchodilator use; doctor's office or hospital visits and absence from work or school; spirometry; methacholine testing; adverse experiences; and cortisol blood measurements.
     </abstracttext>
     <abstracttext label="RESULTS" nlmcategory="RESULTS">
      Both treatment strategies reduced symptoms promptly and achieved low absenteeism from work or school and low rates of emergency treatment for asthma. Both maintained nearly normal pulmonary function. Beclomethasone was statistically significantly more effective in reducing symptoms, supplemental bronchodilator and systemic glucocorticoid doses, bronchial hyperresponsiveness, and eosinophilia. However, the magnitude of these differences was small. Theophylline caused more headache, nervousness, insomnia, and gastrointestinal distress, and more patients discontinued treatment because of side effects. Beclomethasone caused more oropharyngeal candidiases and hoarseness and reduced morning plasma cortisol levels before and after cosyntropin. It reduced the rate of growth in children. No new cataracts or glaucoma developed.
     </abstracttext>
     <abstracttext label="CONCLUSION" nlmcategory="CONCLUSIONS">
      Theophylline effectively controlled symptoms at lower than the customarily recommended blood level. The risk/ benefit profiles of these agents suggest that inhaled corticosteroids may be the preferred agent for most adult patients and for some children.
     </abstracttext>
    </abstract>
    <affiliation>
     Department of Allergy Research, Mayo Clinic and Mayo Foundation, Rochester, Minnesota 55905, USA.
    </affiliation>
    <authorlist completeyn="Y">
     <author validyn="Y">
      <lastname>
       Reed
      </lastname>
      <forename>
       C E
      </forename>
      <initials>
       CE
      </initials>
     </author>
     <author validyn="Y">
      <lastname>
       Offord
      </lastname>
      <forename>
       K P
      </forename>
      <initials>
       KP
      </initials>
     </author>
     <author validyn="Y">
      <lastname>
       Nelson
      </lastname>
      <forename>
       H S
      </forename>
      <initials>
       HS
      </initials>
     </author>
     <author validyn="Y">
      <lastname>
       Li
      </lastname>
      <forename>
       J T
      </forename>
      <initials>
       JT
      </initials>
     </author>
     <author validyn="Y">
      <lastname>
       Tinkelman
      </lastname>
      <forename>
       D G
      </forename>
      <initials>
       DG
      </initials>
     </author>
    </authorlist>
    <language>
     eng
    </language>
    <publicationtypelist>
     <publicationtype>
      Clinical Trial
     </publicationtype>
     <publicationtype>
      Comparative Study
     </publicationtype>
     <publicationtype>
      Journal Article
     </publicationtype>
     <publicationtype>
      Multicenter Study
     </publicationtype>
     <publicationtype>
      Randomized Controlled Trial
     </publicationtype>
     <publicationtype>
      Research Support, Non-U.S. Gov't
     </publicationtype>
    </publicationtypelist>
   </article>
   <medlinejournalinfo>
    <country>
     UNITED STATES
    </country>
    <medlineta>
     J Allergy Clin Immunol
    </medlineta>
    <nlmuniqueid>
     1275002
    </nlmuniqueid>
    <issnlinking>
     0091-6749
    </issnlinking>
   </medlinejournalinfo>
   <chemicallist>
    <chemical>
     <registrynumber>
      0
     </registrynumber>
     <nameofsubstance>
      Aerosols
     </nameofsubstance>
    </chemical>
    <chemical>
     <registrynumber>
      0
     </registrynumber>
     <nameofsubstance>
      Anti-Asthmatic Agents
     </nameofsubstance>
    </chemical>
    <chemical>
     <registrynumber>
      0
     </registrynumber>
     <nameofsubstance>
      Bronchodilator Agents
     </nameofsubstance>
    </chemical>
    <chemical>
     <registrynumber>
      0
     </registrynumber>
     <nameofsubstance>
      Delayed-Action Preparations
     </nameofsubstance>
    </chemical>
    <chemical>
     <registrynumber>
      4419-39-0
     </registrynumber>
     <nameofsubstance>
      Beclomethasone
     </nameofsubstance>
    </chemical>
    <chemical>
     <registrynumber>
      50-23-7
     </registrynumber>
     <nameofsubstance>
      Hydrocortisone
     </nameofsubstance>
    </chemical>
    <chemical>
     <registrynumber>
      58-55-9
     </registrynumber>
     <nameofsubstance>
      Theophylline
     </nameofsubstance>
    </chemical>
   </chemicallist>
   <citationsubset>
    AIM
   </citationsubset>
   <citationsubset>
    IM
   </citationsubset>
   <meshheadinglist>
    <meshheading>
     <descriptorname majortopicyn="N">
      Adolescent
     </descriptorname>
    </meshheading>
    <meshheading>
     <descriptorname majortopicyn="N">
      Adult
     </descriptorname>
    </meshheading>
    <meshheading>
     <descriptorname majortopicyn="N">
      Aerosols
     </descriptorname>
    </meshheading>
    <meshheading>
     <descriptorname majortopicyn="N">
      Aged
     </descriptorname>
    </meshheading>
    <meshheading>
     <descriptorname majortopicyn="N">
      Anti-Asthmatic Agents
     </descriptorname>
     <qualifiername majortopicyn="Y">
      administration &amp; dosage
     </qualifiername>
     <qualifiername majortopicyn="N">
      adverse effects
     </qualifiername>
    </meshheading>
    <meshheading>
     <descriptorname majortopicyn="N">
      Asthma
     </descriptorname>
     <qualifiername majortopicyn="Y">
      drug therapy
     </qualifiername>
     <qualifiername majortopicyn="N">
      physiopathology
     </qualifiername>
    </meshheading>
    <meshheading>
     <descriptorname majortopicyn="N">
      Beclomethasone
     </descriptorname>
     <qualifiername majortopicyn="Y">
      administration &amp; dosage
     </qualifiername>
     <qualifiername majortopicyn="N">
      adverse effects
     </qualifiername>
    </meshheading>
    <meshheading>
     <descriptorname majortopicyn="N">
      Bronchodilator Agents
     </descriptorname>
     <qualifiername majortopicyn="N">
      administration &amp; dosage
     </qualifiername>
    </meshheading>
    <meshheading>
     <descriptorname majortopicyn="N">
      Child
     </descriptorname>
    </meshheading>
    <meshheading>
     <descriptorname majortopicyn="N">
      Delayed-Action Preparations
     </descriptorname>
    </meshheading>
    <meshheading>
     <descriptorname majortopicyn="N">
      Double-Blind Method
     </descriptorname>
    </meshheading>
    <meshheading>
     <descriptorname majortopicyn="N">
      Female
     </descriptorname>
    </meshheading>
    <meshheading>
     <descriptorname majortopicyn="N">
      Humans
     </descriptorname>
    </meshheading>
    <meshheading>
     <descriptorname majortopicyn="N">
      Hydrocortisone
     </descriptorname>
     <qualifiername majortopicyn="N">
      blood
     </qualifiername>
    </meshheading>
    <meshheading>
     <descriptorname majortopicyn="N">
      Male
     </descriptorname>
    </meshheading>
    <meshheading>
     <descriptorname majortopicyn="N">
      Middle Aged
     </descriptorname>
    </meshheading>
    <meshheading>
     <descriptorname majortopicyn="N">
      Spirometry
     </descriptorname>
    </meshheading>
    <meshheading>
     <descriptorname majortopicyn="N">
      Theophylline
     </descriptorname>
     <qualifiername majortopicyn="Y">
      administration &amp; dosage
     </qualifiername>
     <qualifiername majortopicyn="N">
      adverse effects
     </qualifiername>
    </meshheading>
   </meshheadinglist>
  </medlinecitation>
  <pubmeddata>
   <history>
    <pubmedpubdate pubstatus="pubmed">
     <year>
      1998
     </year>
     <month>
      2
     </month>
     <day>
      4
     </day>
    </pubmedpubdate>
    <pubmedpubdate pubstatus="medline">
     <year>
      1998
     </year>
     <month>
      2
     </month>
     <day>
      4
     </day>
     <hour>
      0
     </hour>
     <minute>
      1
     </minute>
    </pubmedpubdate>
    <pubmedpubdate pubstatus="entrez">
     <year>
      1998
     </year>
     <month>
      2
     </month>
     <day>
      4
     </day>
     <hour>
      0
     </hour>
     <minute>
      0
     </minute>
    </pubmedpubdate>
   </history>
   <publicationstatus>
    ppublish
   </publicationstatus>
   <articleidlist>
    <articleid idtype="pubmed">
     9449495
    </articleid>
    <articleid idtype="pii">
     S0091-6749(98)70187-3
    </articleid>
   </articleidlist>
  </pubmeddata>
 </pubmedarticle>
</pubmedarticleset>

