<?xml version='1.0' encoding='utf-8'?>
<!DOCTYPE PubmedArticleSet PUBLIC "-//NLM//DTD PubMedArticle, 1st January 2011//EN" "http://www.ncbi.nlm.nih.gov/entrez/query/DTD/pubmed_110101.dtd">
<pubmedarticleset>
 <pubmedarticle>
  <medlinecitation owner="NLM" status="MEDLINE">
   <pmid version="1">
    9479079
   </pmid>
   <datecreated>
    <year>
     1998
    </year>
    <month>
     04
    </month>
    <day>
     23
    </day>
   </datecreated>
   <datecompleted>
    <year>
     1998
    </year>
    <month>
     04
    </month>
    <day>
     23
    </day>
   </datecompleted>
   <daterevised>
    <year>
     2007
    </year>
    <month>
     11
    </month>
    <day>
     15
    </day>
   </daterevised>
   <article pubmodel="Print">
    <journal>
     <issn issntype="Print">
      1203-4754
     </issn>
     <journalissue citedmedium="Print">
      <volume>
       2
      </volume>
      <issue>
       3
      </issue>
      <pubdate>
       <year>
        1998
       </year>
       <month>
        Jan
       </month>
      </pubdate>
     </journalissue>
     <title>
      Journal of cutaneous medicine and surgery
     </title>
     <isoabbreviation>
      J Cutan Med Surg
     </isoabbreviation>
    </journal>
    <articletitle>
     Carbon dioxide laser-treatment of resistant verrucae vulgaris: retrospective analysis.
    </articletitle>
    <pagination>
     <medlinepgn>
      142-5
     </medlinepgn>
    </pagination>
    <abstract>
     <abstracttext label="BACKGROUND" nlmcategory="BACKGROUND">
      Verrucae are a very common dermatological problem that can be both painful and bothersome to the individual as well as costly to the health care system. In some cases verrucae can be notoriously resistant to therapy.
     </abstracttext>
     <abstracttext label="OBJECTIVE" nlmcategory="OBJECTIVE">
      To determine the cure rate, side effect profile, and overall satisfaction with CO2 laser treatment of recalcitrant verrucae vulgaris.
     </abstracttext>
     <abstracttext label="METHODS" nlmcategory="METHODS">
      A retrospective survey was sent to over 200 patients who had resistant verrucae vulgaris treated with the carbon dioxide laser at The Toronto Hospital (Western Division) from 1989 to 1994. Results: Ninety-two complete responses were received. The overall cure rate was 64.1% at 12 months. There was no significant difference in cure rates between single compared to multiple warts (p = .824 Fisher's exact test). The duration of the wart being present showed no difference in cure rate (p = .801 Fisher's exact test). The location of the wart also had no influence on the cure rate (p = .433 Fisher's exact test). Overall, 71.7% of the patients were happy with the laser treatment and 85.7% would have it done again.
     </abstracttext>
     <abstracttext label="CONCLUSION" nlmcategory="CONCLUSIONS">
      The carbon dioxide laser is an effective treatment of resistant verrucae vulgaris.
     </abstracttext>
    </abstract>
    <affiliation>
     Resident Department of Dermatology, Dalhousie University, Halifax, NS, Canada.
    </affiliation>
    <authorlist completeyn="Y">
     <author validyn="Y">
      <lastname>
       Sloan
      </lastname>
      <forename>
       K
      </forename>
      <initials>
       K
      </initials>
     </author>
     <author validyn="Y">
      <lastname>
       Haberman
      </lastname>
      <forename>
       H
      </forename>
      <initials>
       H
      </initials>
     </author>
     <author validyn="Y">
      <lastname>
       Lynde
      </lastname>
      <forename>
       C W
      </forename>
      <initials>
       CW
      </initials>
     </author>
    </authorlist>
    <language>
     eng
    </language>
    <publicationtypelist>
     <publicationtype>
      Journal Article
     </publicationtype>
    </publicationtypelist>
   </article>
   <medlinejournalinfo>
    <country>
     CANADA
    </country>
    <medlineta>
     J Cutan Med Surg
    </medlineta>
    <nlmuniqueid>
     9614685
    </nlmuniqueid>
    <issnlinking>
     1203-4754
    </issnlinking>
   </medlinejournalinfo>
   <chemicallist>
    <chemical>
     <registrynumber>
      124-38-9
     </registrynumber>
     <nameofsubstance>
      Carbon Dioxide
     </nameofsubstance>
    </chemical>
   </chemicallist>
   <citationsubset>
    IM
   </citationsubset>
   <meshheadinglist>
    <meshheading>
     <descriptorname majortopicyn="N">
      Carbon Dioxide
     </descriptorname>
    </meshheading>
    <meshheading>
     <descriptorname majortopicyn="N">
      Foot Dermatoses
     </descriptorname>
     <qualifiername majortopicyn="N">
      radiotherapy
     </qualifiername>
     <qualifiername majortopicyn="Y">
      virology
     </qualifiername>
    </meshheading>
    <meshheading>
     <descriptorname majortopicyn="N">
      Hand Dermatoses
     </descriptorname>
     <qualifiername majortopicyn="N">
      radiotherapy
     </qualifiername>
     <qualifiername majortopicyn="Y">
      virology
     </qualifiername>
    </meshheading>
    <meshheading>
     <descriptorname majortopicyn="N">
      Humans
     </descriptorname>
    </meshheading>
    <meshheading>
     <descriptorname majortopicyn="Y">
      Laser Therapy
     </descriptorname>
    </meshheading>
    <meshheading>
     <descriptorname majortopicyn="N">
      Retrospective Studies
     </descriptorname>
    </meshheading>
    <meshheading>
     <descriptorname majortopicyn="N">
      Treatment Outcome
     </descriptorname>
    </meshheading>
    <meshheading>
     <descriptorname majortopicyn="N">
      Warts
     </descriptorname>
     <qualifiername majortopicyn="Y">
      radiotherapy
     </qualifiername>
    </meshheading>
   </meshheadinglist>
  </medlinecitation>
  <pubmeddata>
   <history>
    <pubmedpubdate pubstatus="pubmed">
     <year>
      1998
     </year>
     <month>
      4
     </month>
     <day>
      29
     </day>
    </pubmedpubdate>
    <pubmedpubdate pubstatus="medline">
     <year>
      1998
     </year>
     <month>
      4
     </month>
     <day>
      29
     </day>
     <hour>
      0
     </hour>
     <minute>
      1
     </minute>
    </pubmedpubdate>
    <pubmedpubdate pubstatus="entrez">
     <year>
      1998
     </year>
     <month>
      4
     </month>
     <day>
      29
     </day>
     <hour>
      0
     </hour>
     <minute>
      0
     </minute>
    </pubmedpubdate>
   </history>
   <publicationstatus>
    ppublish
   </publicationstatus>
   <articleidlist>
    <articleid idtype="pubmed">
     9479079
    </articleid>
   </articleidlist>
  </pubmeddata>
 </pubmedarticle>
</pubmedarticleset>

