<?xml version='1.0' encoding='utf-8'?>
<!DOCTYPE PubmedArticleSet PUBLIC "-//NLM//DTD PubMedArticle, 1st January 2011//EN" "http://www.ncbi.nlm.nih.gov/entrez/query/DTD/pubmed_110101.dtd">
<pubmedarticleset>
 <pubmedarticle>
  <medlinecitation owner="NLM" status="MEDLINE">
   <pmid version="1">
    9500475
   </pmid>
   <datecreated>
    <year>
     1998
    </year>
    <month>
     03
    </month>
    <day>
     19
    </day>
   </datecreated>
   <datecompleted>
    <year>
     1998
    </year>
    <month>
     03
    </month>
    <day>
     19
    </day>
   </datecompleted>
   <daterevised>
    <year>
     2006
    </year>
    <month>
     11
    </month>
    <day>
     15
    </day>
   </daterevised>
   <article pubmodel="Print">
    <journal>
     <issn issntype="Print">
      0002-9378
     </issn>
     <journalissue citedmedium="Print">
      <volume>
       178
      </volume>
      <issue>
       2
      </issue>
      <pubdate>
       <year>
        1998
       </year>
       <month>
        Feb
       </month>
      </pubdate>
     </journalissue>
     <title>
      American journal of obstetrics and gynecology
     </title>
     <isoabbreviation>
      Am. J. Obstet. Gynecol.
     </isoabbreviation>
    </journal>
    <articletitle>
     Vulvovaginal candidiasis: epidemiologic, diagnostic, and therapeutic considerations.
    </articletitle>
    <pagination>
     <medlinepgn>
      203-11
     </medlinepgn>
    </pagination>
    <abstract>
     <abstracttext>
      Although it is the second most common vaginal infection in North America, vulvovaginal candidiasis is a non-notifiable disease and has been excluded from the ranks of sexually transmitted diseases. Not surprisingly, vulvovaginal candidiasis has received scant attention by public health authorities, funding agencies, and researchers. Epidemiologic data on risk factors and pathogenic mechanisms remain inadequately studied. Most important, standards of care, including diagnosis and therapy, remain undefined. A conference was held in April 1996 to define and summarize what is known and supported by scientific data in the areas of epidemiology, diagnosis, and treatment of vulvovaginal candidiasis; but, more important, the conference aimed at defining what is not known, poorly studied, and controversial. Guidelines for the treatment and diagnosis of the different forms of vulvovaginal candidiasis are suggested.
     </abstracttext>
    </abstract>
    <affiliation>
     Division of Infectious Diseases, Wayne State University School of Medicine, Detroit, Michigan, USA.
    </affiliation>
    <authorlist completeyn="Y">
     <author validyn="Y">
      <lastname>
       Sobel
      </lastname>
      <forename>
       J D
      </forename>
      <initials>
       JD
      </initials>
     </author>
     <author validyn="Y">
      <lastname>
       Faro
      </lastname>
      <forename>
       S
      </forename>
      <initials>
       S
      </initials>
     </author>
     <author validyn="Y">
      <lastname>
       Force
      </lastname>
      <forename>
       R W
      </forename>
      <initials>
       RW
      </initials>
     </author>
     <author validyn="Y">
      <lastname>
       Foxman
      </lastname>
      <forename>
       B
      </forename>
      <initials>
       B
      </initials>
     </author>
     <author validyn="Y">
      <lastname>
       Ledger
      </lastname>
      <forename>
       W J
      </forename>
      <initials>
       WJ
      </initials>
     </author>
     <author validyn="Y">
      <lastname>
       Nyirjesy
      </lastname>
      <forename>
       P R
      </forename>
      <initials>
       PR
      </initials>
     </author>
     <author validyn="Y">
      <lastname>
       Reed
      </lastname>
      <forename>
       B D
      </forename>
      <initials>
       BD
      </initials>
     </author>
     <author validyn="Y">
      <lastname>
       Summers
      </lastname>
      <forename>
       P R
      </forename>
      <initials>
       PR
      </initials>
     </author>
    </authorlist>
    <language>
     eng
    </language>
    <publicationtypelist>
     <publicationtype>
      Journal Article
     </publicationtype>
     <publicationtype>
      Research Support, Non-U.S. Gov't
     </publicationtype>
     <publicationtype>
      Review
     </publicationtype>
    </publicationtypelist>
   </article>
   <medlinejournalinfo>
    <country>
     UNITED STATES
    </country>
    <medlineta>
     Am J Obstet Gynecol
    </medlineta>
    <nlmuniqueid>
     0370476
    </nlmuniqueid>
    <issnlinking>
     0002-9378
    </issnlinking>
   </medlinejournalinfo>
   <chemicallist>
    <chemical>
     <registrynumber>
      0
     </registrynumber>
     <nameofsubstance>
      Antifungal Agents
     </nameofsubstance>
    </chemical>
   </chemicallist>
   <citationsubset>
    AIM
   </citationsubset>
   <citationsubset>
    IM
   </citationsubset>
   <commentscorrectionslist>
    <commentscorrections reftype="CommentIn">
     <refsource>
      Am J Obstet Gynecol. 1998 Aug;179(2):557-8
     </refsource>
     <pmid version="1">
      9731868
     </pmid>
    </commentscorrections>
   </commentscorrectionslist>
   <meshheadinglist>
    <meshheading>
     <descriptorname majortopicyn="N">
      Antifungal Agents
     </descriptorname>
     <qualifiername majortopicyn="N">
      therapeutic use
     </qualifiername>
    </meshheading>
    <meshheading>
     <descriptorname majortopicyn="Y">
      Candidiasis, Vulvovaginal
     </descriptorname>
     <qualifiername majortopicyn="N">
      diagnosis
     </qualifiername>
     <qualifiername majortopicyn="N">
      drug therapy
     </qualifiername>
     <qualifiername majortopicyn="N">
      epidemiology
     </qualifiername>
     <qualifiername majortopicyn="N">
      etiology
     </qualifiername>
     <qualifiername majortopicyn="N">
      transmission
     </qualifiername>
    </meshheading>
    <meshheading>
     <descriptorname majortopicyn="N">
      Female
     </descriptorname>
    </meshheading>
    <meshheading>
     <descriptorname majortopicyn="N">
      Humans
     </descriptorname>
    </meshheading>
    <meshheading>
     <descriptorname majortopicyn="N">
      Recurrence
     </descriptorname>
    </meshheading>
   </meshheadinglist>
   <numberofreferences>
    29
   </numberofreferences>
  </medlinecitation>
  <pubmeddata>
   <history>
    <pubmedpubdate pubstatus="pubmed">
     <year>
      1998
     </year>
     <month>
      3
     </month>
     <day>
      21
     </day>
    </pubmedpubdate>
    <pubmedpubdate pubstatus="medline">
     <year>
      1998
     </year>
     <month>
      3
     </month>
     <day>
      21
     </day>
     <hour>
      0
     </hour>
     <minute>
      1
     </minute>
    </pubmedpubdate>
    <pubmedpubdate pubstatus="entrez">
     <year>
      1998
     </year>
     <month>
      3
     </month>
     <day>
      21
     </day>
     <hour>
      0
     </hour>
     <minute>
      0
     </minute>
    </pubmedpubdate>
   </history>
   <publicationstatus>
    ppublish
   </publicationstatus>
   <articleidlist>
    <articleid idtype="pubmed">
     9500475
    </articleid>
    <articleid idtype="pii">
     S000293789880001X
    </articleid>
   </articleidlist>
  </pubmeddata>
 </pubmedarticle>
</pubmedarticleset>

