<?xml version='1.0' encoding='utf-8'?>
<!DOCTYPE PubmedArticleSet PUBLIC "-//NLM//DTD PubMedArticle, 1st January 2011//EN" "http://www.ncbi.nlm.nih.gov/entrez/query/DTD/pubmed_110101.dtd">
<pubmedarticleset>
 <pubmedarticle>
  <medlinecitation owner="NLM" status="MEDLINE">
   <pmid version="1">
    9563847
   </pmid>
   <datecreated>
    <year>
     1998
    </year>
    <month>
     04
    </month>
    <day>
     28
    </day>
   </datecreated>
   <datecompleted>
    <year>
     1998
    </year>
    <month>
     04
    </month>
    <day>
     28
    </day>
   </datecompleted>
   <daterevised>
    <year>
     2006
    </year>
    <month>
     11
    </month>
    <day>
     15
    </day>
   </daterevised>
   <article pubmodel="Print">
    <journal>
     <issn issntype="Print">
      1057-5987
     </issn>
     <journalissue citedmedium="Print">
      <volume>
       47
      </volume>
      <issue>
       RR-3
      </issue>
      <pubdate>
       <year>
        1998
       </year>
       <month>
        Apr
       </month>
       <day>
        3
       </day>
      </pubdate>
     </journalissue>
     <title>
      MMWR. Recommendations and reports : Morbidity and mortality weekly report. Recommendations and reports / Centers for Disease Control
     </title>
     <isoabbreviation>
      MMWR Recomm Rep
     </isoabbreviation>
    </journal>
    <articletitle>
     Recommendations to prevent and control iron deficiency in the United States. Centers for Disease Control and Prevention.
    </articletitle>
    <pagination>
     <medlinepgn>
      1-29
     </medlinepgn>
    </pagination>
    <abstract>
     <abstracttext>
      Iron deficiency is the most common known form of nutritional deficiency. Its prevalence is highest among young children and women of childbearing age (particularly pregnant women). In children, iron deficiency causes developmental delays and behavioral disturbances, and in pregnant women, it increases the risk for a preterm delivery and delivering a low-birthweight baby. In the past three decades, increased iron intake among infants has resulted in a decline in childhood iron-deficiency anemia in the United States. As a consequence, the use of screening tests for anemia has become a less efficient means of detecting iron deficiency in some populations. For women of childbearing age, iron deficiency has remained prevalent. To address the changing epidemiology of iron deficiency in the United States, CDC staff in consultation with experts developed new recommendations for use by primary health-care providers to prevent, detect, and treat iron deficiency. These recommendations update the 1989 "CDC Criteria for Anemia in Children and Childbearing-Aged Women" (MMWR 1989;38(22):400-4) and are the first comprehensive CDC recommendations to prevent and control iron deficiency. CDC emphasizes sound iron nutrition for infants and young children, screening for anemia among women of childbearing age, and the importance of low-dose iron supplementation for pregnant women.
     </abstracttext>
    </abstract>
    <language>
     eng
    </language>
    <publicationtypelist>
     <publicationtype>
      Guideline
     </publicationtype>
     <publicationtype>
      Journal Article
     </publicationtype>
     <publicationtype>
      Practice Guideline
     </publicationtype>
    </publicationtypelist>
   </article>
   <medlinejournalinfo>
    <country>
     UNITED STATES
    </country>
    <medlineta>
     MMWR Recomm Rep
    </medlineta>
    <nlmuniqueid>
     101124922
    </nlmuniqueid>
    <issnlinking>
     1057-5987
    </issnlinking>
   </medlinejournalinfo>
   <chemicallist>
    <chemical>
     <registrynumber>
      0
     </registrynumber>
     <nameofsubstance>
      Hemoglobins
     </nameofsubstance>
    </chemical>
    <chemical>
     <registrynumber>
      0
     </registrynumber>
     <nameofsubstance>
      Protoporphyrins
     </nameofsubstance>
    </chemical>
    <chemical>
     <registrynumber>
      11096-37-0
     </registrynumber>
     <nameofsubstance>
      Transferrin
     </nameofsubstance>
    </chemical>
    <chemical>
     <registrynumber>
      7439-89-6
     </registrynumber>
     <nameofsubstance>
      Iron
     </nameofsubstance>
    </chemical>
    <chemical>
     <registrynumber>
      9007-73-2
     </registrynumber>
     <nameofsubstance>
      Ferritins
     </nameofsubstance>
    </chemical>
   </chemicallist>
   <citationsubset>
    IM
   </citationsubset>
   <meshheadinglist>
    <meshheading>
     <descriptorname majortopicyn="N">
      Adolescent
     </descriptorname>
    </meshheading>
    <meshheading>
     <descriptorname majortopicyn="N">
      Adult
     </descriptorname>
    </meshheading>
    <meshheading>
     <descriptorname majortopicyn="N">
      Aged
     </descriptorname>
    </meshheading>
    <meshheading>
     <descriptorname majortopicyn="N">
      Anemia, Iron-Deficiency
     </descriptorname>
     <qualifiername majortopicyn="N">
      epidemiology
     </qualifiername>
     <qualifiername majortopicyn="N">
      prevention &amp; control
     </qualifiername>
    </meshheading>
    <meshheading>
     <descriptorname majortopicyn="N">
      Child
     </descriptorname>
    </meshheading>
    <meshheading>
     <descriptorname majortopicyn="N">
      Child, Preschool
     </descriptorname>
    </meshheading>
    <meshheading>
     <descriptorname majortopicyn="N">
      Deficiency Diseases
     </descriptorname>
     <qualifiername majortopicyn="N">
      epidemiology
     </qualifiername>
     <qualifiername majortopicyn="N">
      prevention &amp; control
     </qualifiername>
    </meshheading>
    <meshheading>
     <descriptorname majortopicyn="N">
      Dietary Supplements
     </descriptorname>
    </meshheading>
    <meshheading>
     <descriptorname majortopicyn="N">
      Erythrocyte Indices
     </descriptorname>
    </meshheading>
    <meshheading>
     <descriptorname majortopicyn="N">
      Female
     </descriptorname>
    </meshheading>
    <meshheading>
     <descriptorname majortopicyn="N">
      Ferritins
     </descriptorname>
     <qualifiername majortopicyn="N">
      blood
     </qualifiername>
    </meshheading>
    <meshheading>
     <descriptorname majortopicyn="N">
      Hematocrit
     </descriptorname>
    </meshheading>
    <meshheading>
     <descriptorname majortopicyn="N">
      Hemoglobins
     </descriptorname>
     <qualifiername majortopicyn="N">
      analysis
     </qualifiername>
    </meshheading>
    <meshheading>
     <descriptorname majortopicyn="N">
      Humans
     </descriptorname>
    </meshheading>
    <meshheading>
     <descriptorname majortopicyn="N">
      Infant
     </descriptorname>
    </meshheading>
    <meshheading>
     <descriptorname majortopicyn="N">
      Infant, Newborn
     </descriptorname>
    </meshheading>
    <meshheading>
     <descriptorname majortopicyn="N">
      Iron
     </descriptorname>
     <qualifiername majortopicyn="Y">
      administration &amp; dosage
     </qualifiername>
     <qualifiername majortopicyn="Y">
      deficiency
     </qualifiername>
    </meshheading>
    <meshheading>
     <descriptorname majortopicyn="N">
      Male
     </descriptorname>
    </meshheading>
    <meshheading>
     <descriptorname majortopicyn="N">
      Mass Screening
     </descriptorname>
    </meshheading>
    <meshheading>
     <descriptorname majortopicyn="N">
      Middle Aged
     </descriptorname>
    </meshheading>
    <meshheading>
     <descriptorname majortopicyn="N">
      Nutrition Policy
     </descriptorname>
    </meshheading>
    <meshheading>
     <descriptorname majortopicyn="N">
      Pregnancy
     </descriptorname>
    </meshheading>
    <meshheading>
     <descriptorname majortopicyn="N">
      Prevalence
     </descriptorname>
    </meshheading>
    <meshheading>
     <descriptorname majortopicyn="N">
      Protoporphyrins
     </descriptorname>
     <qualifiername majortopicyn="N">
      blood
     </qualifiername>
    </meshheading>
    <meshheading>
     <descriptorname majortopicyn="N">
      Risk Factors
     </descriptorname>
    </meshheading>
    <meshheading>
     <descriptorname majortopicyn="N">
      Transferrin
     </descriptorname>
     <qualifiername majortopicyn="N">
      analysis
     </qualifiername>
    </meshheading>
    <meshheading>
     <descriptorname majortopicyn="N" type="Geographic">
      United States
     </descriptorname>
     <qualifiername majortopicyn="N">
      epidemiology
     </qualifiername>
    </meshheading>
   </meshheadinglist>
  </medlinecitation>
  <pubmeddata>
   <history>
    <pubmedpubdate pubstatus="pubmed">
     <year>
      1998
     </year>
     <month>
      5
     </month>
     <day>
      1
     </day>
    </pubmedpubdate>
    <pubmedpubdate pubstatus="medline">
     <year>
      1998
     </year>
     <month>
      5
     </month>
     <day>
      1
     </day>
     <hour>
      0
     </hour>
     <minute>
      1
     </minute>
    </pubmedpubdate>
    <pubmedpubdate pubstatus="entrez">
     <year>
      1998
     </year>
     <month>
      5
     </month>
     <day>
      1
     </day>
     <hour>
      0
     </hour>
     <minute>
      0
     </minute>
    </pubmedpubdate>
   </history>
   <publicationstatus>
    ppublish
   </publicationstatus>
   <articleidlist>
    <articleid idtype="pubmed">
     9563847
    </articleid>
   </articleidlist>
  </pubmeddata>
 </pubmedarticle>
</pubmedarticleset>

