<?xml version='1.0' encoding='utf-8'?>
<!DOCTYPE PubmedArticleSet PUBLIC "-//NLM//DTD PubMedArticle, 1st January 2011//EN" "http://www.ncbi.nlm.nih.gov/entrez/query/DTD/pubmed_110101.dtd">
<pubmedarticleset>
 <pubmedarticle>
  <medlinecitation owner="NLM" status="MEDLINE">
   <pmid version="1">
    9576405
   </pmid>
   <datecreated>
    <year>
     1998
    </year>
    <month>
     05
    </month>
    <day>
     14
    </day>
   </datecreated>
   <datecompleted>
    <year>
     1998
    </year>
    <month>
     05
    </month>
    <day>
     14
    </day>
   </datecompleted>
   <daterevised>
    <year>
     2006
    </year>
    <month>
     11
    </month>
    <day>
     15
    </day>
   </daterevised>
   <article pubmodel="Print">
    <journal>
     <issn issntype="Print">
      0002-9343
     </issn>
     <journalissue citedmedium="Print">
      <volume>
       104
      </volume>
      <issue>
       4
      </issue>
      <pubdate>
       <year>
        1998
       </year>
       <month>
        Apr
       </month>
      </pubdate>
     </journalissue>
     <title>
      The American journal of medicine
     </title>
     <isoabbreviation>
      Am. J. Med.
     </isoabbreviation>
    </journal>
    <articletitle>
     Anticardiolipin antibodies predict early recurrence of thromboembolism and death among patients with venous thromboembolism following anticoagulant therapy. Duration of Anticoagulation Study Group.
    </articletitle>
    <pagination>
     <medlinepgn>
      332-8
     </medlinepgn>
    </pagination>
    <abstract>
     <abstracttext label="PURPOSE" nlmcategory="OBJECTIVE">
      To compare the risk of recurrent venous thromboembolism in patients with and without antiphospholipid antibodies.
     </abstracttext>
     <abstracttext label="PATIENTS AND METHODS" nlmcategory="METHODS">
      Anticardiolipin antibodies were tested 6 months after a first or second episode of venous thromboembolism. Of the patients with a first episode of venous thromboembolism only the 412 who received 6 months of anticoagulation were studied. Two hundred and eleven patients with a second episode received oral anticoagulation for 6 months or indefinitely. The therapy was targeted at an international normalized ratio (INR) of 2.0 to 2.85. All patients were followed up for 4 years after enrollment.
     </abstracttext>
     <abstracttext label="RESULTS" nlmcategory="RESULTS">
      Among the 412 patients with a first episode of venous thromboembolism the risk of recurrence was 29% in patients with anticardiolipin antibodies and 14% in those without antibodies (P = 0.0013). In those with antibodies, there was an increased risk during the first 6 months after cessation of anticoagulation. The risk of recurrence increased with the titer of the antibodies. Four-year mortality rate was 15% in those with antibodies and 6% in those without (P = 0.01). Among 34 patients with a second event of venous thromboembolism and anticardiolipin antibodies, there were no recurrences during anticoagulant therapy versus 20% in those who received only 6 months of treatment (P = 0.08).
     </abstracttext>
     <abstracttext label="CONCLUSIONS" nlmcategory="CONCLUSIONS">
      The presence of elevated titers of anticardiolipin antibodies 6 months after an episode of venous thromboembolism is a predictor for an increased risk of recurrence and of death. Patients with anticardiolipin antibodies and venous thromboembolism seem to benefit from prolonged oral anticoagulation.
     </abstracttext>
    </abstract>
    <affiliation>
     Department of Medicine, Karolinska Hospital, Stockholm, Sweden.
    </affiliation>
    <authorlist completeyn="Y">
     <author validyn="Y">
      <lastname>
       Schulman
      </lastname>
      <forename>
       S
      </forename>
      <initials>
       S
      </initials>
     </author>
     <author validyn="Y">
      <lastname>
       Svenungsson
      </lastname>
      <forename>
       E
      </forename>
      <initials>
       E
      </initials>
     </author>
     <author validyn="Y">
      <lastname>
       Granqvist
      </lastname>
      <forename>
       S
      </forename>
      <initials>
       S
      </initials>
     </author>
    </authorlist>
    <language>
     eng
    </language>
    <publicationtypelist>
     <publicationtype>
      Comparative Study
     </publicationtype>
     <publicationtype>
      Journal Article
     </publicationtype>
     <publicationtype>
      Multicenter Study
     </publicationtype>
     <publicationtype>
      Research Support, Non-U.S. Gov't
     </publicationtype>
    </publicationtypelist>
   </article>
   <medlinejournalinfo>
    <country>
     UNITED STATES
    </country>
    <medlineta>
     Am J Med
    </medlineta>
    <nlmuniqueid>
     0267200
    </nlmuniqueid>
    <issnlinking>
     0002-9343
    </issnlinking>
   </medlinejournalinfo>
   <chemicallist>
    <chemical>
     <registrynumber>
      0
     </registrynumber>
     <nameofsubstance>
      Antibodies, Anticardiolipin
     </nameofsubstance>
    </chemical>
    <chemical>
     <registrynumber>
      0
     </registrynumber>
     <nameofsubstance>
      Anticoagulants
     </nameofsubstance>
    </chemical>
   </chemicallist>
   <citationsubset>
    AIM
   </citationsubset>
   <citationsubset>
    IM
   </citationsubset>
   <meshheadinglist>
    <meshheading>
     <descriptorname majortopicyn="N">
      Aged
     </descriptorname>
    </meshheading>
    <meshheading>
     <descriptorname majortopicyn="N">
      Antibodies, Anticardiolipin
     </descriptorname>
     <qualifiername majortopicyn="Y">
      blood
     </qualifiername>
    </meshheading>
    <meshheading>
     <descriptorname majortopicyn="N">
      Anticoagulants
     </descriptorname>
     <qualifiername majortopicyn="Y">
      therapeutic use
     </qualifiername>
    </meshheading>
    <meshheading>
     <descriptorname majortopicyn="N">
      Cause of Death
     </descriptorname>
    </meshheading>
    <meshheading>
     <descriptorname majortopicyn="N">
      Female
     </descriptorname>
    </meshheading>
    <meshheading>
     <descriptorname majortopicyn="N">
      Follow-Up Studies
     </descriptorname>
    </meshheading>
    <meshheading>
     <descriptorname majortopicyn="N">
      Humans
     </descriptorname>
    </meshheading>
    <meshheading>
     <descriptorname majortopicyn="N">
      Male
     </descriptorname>
    </meshheading>
    <meshheading>
     <descriptorname majortopicyn="N">
      Middle Aged
     </descriptorname>
    </meshheading>
    <meshheading>
     <descriptorname majortopicyn="N">
      Prognosis
     </descriptorname>
    </meshheading>
    <meshheading>
     <descriptorname majortopicyn="N">
      Recurrence
     </descriptorname>
    </meshheading>
    <meshheading>
     <descriptorname majortopicyn="N">
      Risk
     </descriptorname>
    </meshheading>
    <meshheading>
     <descriptorname majortopicyn="N">
      Thromboembolism
     </descriptorname>
     <qualifiername majortopicyn="N">
      diagnosis
     </qualifiername>
     <qualifiername majortopicyn="N">
      drug therapy
     </qualifiername>
     <qualifiername majortopicyn="Y">
      immunology
     </qualifiername>
     <qualifiername majortopicyn="N">
      mortality
     </qualifiername>
     <qualifiername majortopicyn="N">
      prevention &amp; control
     </qualifiername>
    </meshheading>
   </meshheadinglist>
  </medlinecitation>
  <pubmeddata>
   <history>
    <pubmedpubdate pubstatus="pubmed">
     <year>
      1998
     </year>
     <month>
      5
     </month>
     <day>
      12
     </day>
    </pubmedpubdate>
    <pubmedpubdate pubstatus="medline">
     <year>
      1998
     </year>
     <month>
      5
     </month>
     <day>
      12
     </day>
     <hour>
      0
     </hour>
     <minute>
      1
     </minute>
    </pubmedpubdate>
    <pubmedpubdate pubstatus="entrez">
     <year>
      1998
     </year>
     <month>
      5
     </month>
     <day>
      12
     </day>
     <hour>
      0
     </hour>
     <minute>
      0
     </minute>
    </pubmedpubdate>
   </history>
   <publicationstatus>
    ppublish
   </publicationstatus>
   <articleidlist>
    <articleid idtype="pubmed">
     9576405
    </articleid>
    <articleid idtype="pii">
     S0002934398000606
    </articleid>
   </articleidlist>
  </pubmeddata>
 </pubmedarticle>
</pubmedarticleset>

