<?xml version='1.0' encoding='utf-8'?>
<!DOCTYPE PubmedArticleSet PUBLIC "-//NLM//DTD PubMedArticle, 1st January 2011//EN" "http://www.ncbi.nlm.nih.gov/entrez/query/DTD/pubmed_110101.dtd">
<pubmedarticleset>
 <pubmedarticle>
  <medlinecitation owner="NLM" status="MEDLINE">
   <pmid version="1">
    9606482
   </pmid>
   <datecreated>
    <year>
     1998
    </year>
    <month>
     07
    </month>
    <day>
     30
    </day>
   </datecreated>
   <datecompleted>
    <year>
     1998
    </year>
    <month>
     07
    </month>
    <day>
     30
    </day>
   </datecompleted>
   <daterevised>
    <year>
     2004
    </year>
    <month>
     11
    </month>
    <day>
     17
    </day>
   </daterevised>
   <article pubmodel="Print">
    <journal>
     <issn issntype="Print">
      1060-0280
     </issn>
     <journalissue citedmedium="Print">
      <volume>
       32
      </volume>
      <issue>
       5
      </issue>
      <pubdate>
       <year>
        1998
       </year>
       <month>
        May
       </month>
      </pubdate>
     </journalissue>
     <title>
      The Annals of pharmacotherapy
     </title>
     <isoabbreviation>
      Ann Pharmacother
     </isoabbreviation>
    </journal>
    <articletitle>
     Glucosamine for osteoarthritis: cure or conundrum?
    </articletitle>
    <pagination>
     <medlinepgn>
      602-3
     </medlinepgn>
    </pagination>
    <authorlist completeyn="Y">
     <author validyn="Y">
      <lastname>
       Heyneman
      </lastname>
      <forename>
       C A
      </forename>
      <initials>
       CA
      </initials>
     </author>
     <author validyn="Y">
      <lastname>
       Rhodes
      </lastname>
      <forename>
       R S
      </forename>
      <initials>
       RS
      </initials>
     </author>
    </authorlist>
    <language>
     eng
    </language>
    <publicationtypelist>
     <publicationtype>
      Comment
     </publicationtype>
     <publicationtype>
      Editorial
     </publicationtype>
    </publicationtypelist>
   </article>
   <medlinejournalinfo>
    <country>
     UNITED STATES
    </country>
    <medlineta>
     Ann Pharmacother
    </medlineta>
    <nlmuniqueid>
     9203131
    </nlmuniqueid>
    <issnlinking>
     1060-0280
    </issnlinking>
   </medlinejournalinfo>
   <chemicallist>
    <chemical>
     <registrynumber>
      3416-24-8
     </registrynumber>
     <nameofsubstance>
      Glucosamine
     </nameofsubstance>
    </chemical>
   </chemicallist>
   <citationsubset>
    IM
   </citationsubset>
   <commentscorrectionslist>
    <commentscorrections reftype="CommentIn">
     <refsource>
      Ann Pharmacother. 1998 Dec;32(12):1371-2
     </refsource>
     <pmid version="1">
      9876825
     </pmid>
    </commentscorrections>
    <commentscorrections reftype="CommentOn">
     <refsource>
      Ann Pharmacother. 1998 May;32(5):580-7
     </refsource>
     <pmid version="1">
      9606480
     </pmid>
    </commentscorrections>
    <commentscorrections reftype="CommentOn">
     <refsource>
      Ann Pharmacother. 1998 May;32(5):574-9
     </refsource>
     <pmid version="1">
      9606479
     </pmid>
    </commentscorrections>
   </commentscorrectionslist>
   <meshheadinglist>
    <meshheading>
     <descriptorname majortopicyn="N">
      Age Factors
     </descriptorname>
    </meshheading>
    <meshheading>
     <descriptorname majortopicyn="N">
      Aged
     </descriptorname>
    </meshheading>
    <meshheading>
     <descriptorname majortopicyn="N">
      Glucosamine
     </descriptorname>
     <qualifiername majortopicyn="N">
      administration &amp; dosage
     </qualifiername>
     <qualifiername majortopicyn="Y">
      therapeutic use
     </qualifiername>
    </meshheading>
    <meshheading>
     <descriptorname majortopicyn="N">
      Humans
     </descriptorname>
    </meshheading>
    <meshheading>
     <descriptorname majortopicyn="N">
      Osteoarthritis
     </descriptorname>
     <qualifiername majortopicyn="Y">
      drug therapy
     </qualifiername>
     <qualifiername majortopicyn="N">
      epidemiology
     </qualifiername>
    </meshheading>
   </meshheadinglist>
  </medlinecitation>
  <pubmeddata>
   <history>
    <pubmedpubdate pubstatus="pubmed">
     <year>
      1998
     </year>
     <month>
      6
     </month>
     <day>
      2
     </day>
    </pubmedpubdate>
    <pubmedpubdate pubstatus="medline">
     <year>
      1998
     </year>
     <month>
      6
     </month>
     <day>
      2
     </day>
     <hour>
      0
     </hour>
     <minute>
      1
     </minute>
    </pubmedpubdate>
    <pubmedpubdate pubstatus="entrez">
     <year>
      1998
     </year>
     <month>
      6
     </month>
     <day>
      2
     </day>
     <hour>
      0
     </hour>
     <minute>
      0
     </minute>
    </pubmedpubdate>
   </history>
   <publicationstatus>
    ppublish
   </publicationstatus>
   <articleidlist>
    <articleid idtype="pubmed">
     9606482
    </articleid>
   </articleidlist>
  </pubmeddata>
 </pubmedarticle>
</pubmedarticleset>

