<?xml version='1.0' encoding='utf-8'?>
<!DOCTYPE PubmedArticleSet PUBLIC "-//NLM//DTD PubMedArticle, 1st January 2011//EN" "http://www.ncbi.nlm.nih.gov/entrez/query/DTD/pubmed_110101.dtd">
<pubmedarticleset>
 <pubmedarticle>
  <medlinecitation owner="NLM" status="MEDLINE">
   <pmid version="1">
    9625684
   </pmid>
   <datecreated>
    <year>
     1998
    </year>
    <month>
     06
    </month>
    <day>
     10
    </day>
   </datecreated>
   <datecompleted>
    <year>
     1998
    </year>
    <month>
     06
    </month>
    <day>
     10
    </day>
   </datecompleted>
   <daterevised>
    <year>
     2006
    </year>
    <month>
     11
    </month>
    <day>
     15
    </day>
   </daterevised>
   <article pubmodel="Print">
    <journal>
     <issn issntype="Print">
      0003-4819
     </issn>
     <journalissue citedmedium="Print">
      <volume>
       128
      </volume>
      <issue>
       12 Pt 1
      </issue>
      <pubdate>
       <year>
        1998
       </year>
       <month>
        Jun
       </month>
       <day>
        15
       </day>
      </pubdate>
     </journalissue>
     <title>
      Annals of internal medicine
     </title>
     <isoabbreviation>
      Ann. Intern. Med.
     </isoabbreviation>
    </journal>
    <articletitle>
     Use of enalapril to attenuate decline in renal function in normotensive, normoalbuminuric patients with type 2 diabetes mellitus. A randomized, controlled trial.
    </articletitle>
    <pagination>
     <medlinepgn>
      982-8
     </medlinepgn>
    </pagination>
    <abstract>
     <abstracttext label="BACKGROUND" nlmcategory="BACKGROUND">
      Angiotensin-converting enzyme (ACE) inhibitors attenuate the decline in renal function in diabetic patients with microalbuminuria. However, no data are available on the use of ACE inhibitors to prevent the decrease in renal function in normotensive, normoalbuminuric patients with type 2 diabetes.
     </abstracttext>
     <abstracttext label="OBJECTIVE" nlmcategory="OBJECTIVE">
      To evaluate the effect of prolonged ACE inhibition on renal function and albuminuria in patients with type 2 diabetes.
     </abstracttext>
     <abstracttext label="DESIGN" nlmcategory="METHODS">
      Randomized, double-blind, placebo-controlled trial with 6-year follow-up.
     </abstracttext>
     <abstracttext label="SETTING" nlmcategory="METHODS">
      Eight outpatient clinics coordinated by a department of medicine in a university hospital.
     </abstracttext>
     <abstracttext label="PATIENTS" nlmcategory="METHODS">
      156 patients in whom type 2 diabetes was diagnosed after 40 years of age who had a baseline mean blood pressure less than 107 mm Hg and albuminuria (albumin excretion &lt; or = 30 mg/24 h).
     </abstracttext>
     <abstracttext label="INTERVENTION" nlmcategory="METHODS">
      Enalapril, 10 mg/d, or placebo.
     </abstracttext>
     <abstracttext label="MEASUREMENTS" nlmcategory="METHODS">
      Degree of albuminuria at 24 hours, creatinine clearance, blood pressure, and hemoglobin A1c values.
     </abstracttext>
     <abstracttext label="RESULTS" nlmcategory="RESULTS">
      Enalapril therapy decreased albumin excretion from a mean +/- SD of 11.6 +/- 7 mg/24 h to 9.7 +/- 6 mg/24 h at 2 years. This was followed by a gradual increase to 15.8 +/- 8 mg/24 h at 6 years. In the placebo group, albumin excretion increased from 10.8 +/- 8 mg/24 h to 26.5 +/- 10 mg/24 h at 6 years (P = 0.001 for enalapril compared with placebo). Transition to microalbuminuria occurred in 15 of 79 (19%) placebo recipients and 5 of 77 (6.5%) enalapril recipients. Enalapril treatment resulted in an absolute risk reduction of 12.5% (95% CI, 2% to 23%; P = 0.042) for development of microalbuminuria. After 6 years, creatinine clearance decreased from 1.78 +/- 0.13 mL/s to 1.63 +/- 0.12 mL/s (mean decrease, 0.025 mL/s per year) in enalapril recipients and from 1.81 +/- 0.15 mL/s to 1.57 +/- 0.17 mL/s (mean decrease, 0.04 mL/s per year) in placebo recipients (P = 0.040). Hemoglobin A1c values decreased modestly in both groups. Mean blood pressure remained normal (&lt; 107 mm Hg) in all patients.
     </abstracttext>
     <abstracttext label="CONCLUSIONS" nlmcategory="CONCLUSIONS">
      Enalapril attenuated the decline in renal function and reduced the extent of albuminuria in normotensive, normoalbuminuric patients with type 2 diabetes. Further research is needed to determine whether this treatment forestalls the development of overt nephropathy.
     </abstracttext>
    </abstract>
    <affiliation>
     Tel-Aviv University and Meir Hospital, Kfar-Sava, Israel. mravid@netvision.net.il
    </affiliation>
    <authorlist completeyn="Y">
     <author validyn="Y">
      <lastname>
       Ravid
      </lastname>
      <forename>
       M
      </forename>
      <initials>
       M
      </initials>
     </author>
     <author validyn="Y">
      <lastname>
       Brosh
      </lastname>
      <forename>
       D
      </forename>
      <initials>
       D
      </initials>
     </author>
     <author validyn="Y">
      <lastname>
       Levi
      </lastname>
      <forename>
       Z
      </forename>
      <initials>
       Z
      </initials>
     </author>
     <author validyn="Y">
      <lastname>
       Bar-Dayan
      </lastname>
      <forename>
       Y
      </forename>
      <initials>
       Y
      </initials>
     </author>
     <author validyn="Y">
      <lastname>
       Ravid
      </lastname>
      <forename>
       D
      </forename>
      <initials>
       D
      </initials>
     </author>
     <author validyn="Y">
      <lastname>
       Rachmani
      </lastname>
      <forename>
       R
      </forename>
      <initials>
       R
      </initials>
     </author>
    </authorlist>
    <language>
     eng
    </language>
    <publicationtypelist>
     <publicationtype>
      Clinical Trial
     </publicationtype>
     <publicationtype>
      Journal Article
     </publicationtype>
     <publicationtype>
      Multicenter Study
     </publicationtype>
     <publicationtype>
      Randomized Controlled Trial
     </publicationtype>
     <publicationtype>
      Research Support, Non-U.S. Gov't
     </publicationtype>
    </publicationtypelist>
   </article>
   <medlinejournalinfo>
    <country>
     UNITED STATES
    </country>
    <medlineta>
     Ann Intern Med
    </medlineta>
    <nlmuniqueid>
     0372351
    </nlmuniqueid>
    <issnlinking>
     0003-4819
    </issnlinking>
   </medlinejournalinfo>
   <chemicallist>
    <chemical>
     <registrynumber>
      0
     </registrynumber>
     <nameofsubstance>
      Angiotensin-Converting Enzyme Inhibitors
     </nameofsubstance>
    </chemical>
    <chemical>
     <registrynumber>
      0
     </registrynumber>
     <nameofsubstance>
      Placebos
     </nameofsubstance>
    </chemical>
    <chemical>
     <registrynumber>
      60-27-5
     </registrynumber>
     <nameofsubstance>
      Creatinine
     </nameofsubstance>
    </chemical>
    <chemical>
     <registrynumber>
      75847-73-3
     </registrynumber>
     <nameofsubstance>
      Enalapril
     </nameofsubstance>
    </chemical>
    <chemical>
     <registrynumber>
      9034-51-9
     </registrynumber>
     <nameofsubstance>
      Hemoglobin A
     </nameofsubstance>
    </chemical>
   </chemicallist>
   <citationsubset>
    AIM
   </citationsubset>
   <citationsubset>
    IM
   </citationsubset>
   <meshheadinglist>
    <meshheading>
     <descriptorname majortopicyn="N">
      Adult
     </descriptorname>
    </meshheading>
    <meshheading>
     <descriptorname majortopicyn="N">
      Albuminuria
     </descriptorname>
     <qualifiername majortopicyn="Y">
      prevention &amp; control
     </qualifiername>
    </meshheading>
    <meshheading>
     <descriptorname majortopicyn="N">
      Algorithms
     </descriptorname>
    </meshheading>
    <meshheading>
     <descriptorname majortopicyn="N">
      Angiotensin-Converting Enzyme Inhibitors
     </descriptorname>
     <qualifiername majortopicyn="Y">
      therapeutic use
     </qualifiername>
    </meshheading>
    <meshheading>
     <descriptorname majortopicyn="N">
      Blood Pressure
     </descriptorname>
     <qualifiername majortopicyn="N">
      physiology
     </qualifiername>
    </meshheading>
    <meshheading>
     <descriptorname majortopicyn="N">
      Creatinine
     </descriptorname>
     <qualifiername majortopicyn="N">
      urine
     </qualifiername>
    </meshheading>
    <meshheading>
     <descriptorname majortopicyn="N">
      Diabetes Mellitus, Type 2
     </descriptorname>
     <qualifiername majortopicyn="Y">
      complications
     </qualifiername>
     <qualifiername majortopicyn="N">
      physiopathology
     </qualifiername>
    </meshheading>
    <meshheading>
     <descriptorname majortopicyn="N">
      Diabetic Nephropathies
     </descriptorname>
     <qualifiername majortopicyn="Y">
      prevention &amp; control
     </qualifiername>
    </meshheading>
    <meshheading>
     <descriptorname majortopicyn="N">
      Double-Blind Method
     </descriptorname>
    </meshheading>
    <meshheading>
     <descriptorname majortopicyn="N">
      Enalapril
     </descriptorname>
     <qualifiername majortopicyn="Y">
      therapeutic use
     </qualifiername>
    </meshheading>
    <meshheading>
     <descriptorname majortopicyn="N">
      Female
     </descriptorname>
    </meshheading>
    <meshheading>
     <descriptorname majortopicyn="N">
      Follow-Up Studies
     </descriptorname>
    </meshheading>
    <meshheading>
     <descriptorname majortopicyn="N">
      Hemoglobin A
     </descriptorname>
     <qualifiername majortopicyn="N">
      metabolism
     </qualifiername>
    </meshheading>
    <meshheading>
     <descriptorname majortopicyn="N">
      Humans
     </descriptorname>
    </meshheading>
    <meshheading>
     <descriptorname majortopicyn="N">
      Male
     </descriptorname>
    </meshheading>
    <meshheading>
     <descriptorname majortopicyn="N">
      Middle Aged
     </descriptorname>
    </meshheading>
    <meshheading>
     <descriptorname majortopicyn="N">
      Placebos
     </descriptorname>
    </meshheading>
   </meshheadinglist>
  </medlinecitation>
  <pubmeddata>
   <history>
    <pubmedpubdate pubstatus="pubmed">
     <year>
      1998
     </year>
     <month>
      6
     </month>
     <day>
      13
     </day>
     <hour>
      2
     </hour>
     <minute>
      19
     </minute>
    </pubmedpubdate>
    <pubmedpubdate pubstatus="medline">
     <year>
      2000
     </year>
     <month>
      6
     </month>
     <day>
      3
     </day>
     <hour>
      9
     </hour>
     <minute>
      0
     </minute>
    </pubmedpubdate>
    <pubmedpubdate pubstatus="entrez">
     <year>
      1998
     </year>
     <month>
      6
     </month>
     <day>
      13
     </day>
     <hour>
      2
     </hour>
     <minute>
      19
     </minute>
    </pubmedpubdate>
   </history>
   <publicationstatus>
    ppublish
   </publicationstatus>
   <articleidlist>
    <articleid idtype="pubmed">
     9625684
    </articleid>
   </articleidlist>
  </pubmeddata>
 </pubmedarticle>
</pubmedarticleset>

