<?xml version='1.0' encoding='utf-8'?>
<!DOCTYPE PubmedArticleSet PUBLIC "-//NLM//DTD PubMedArticle, 1st January 2011//EN" "http://www.ncbi.nlm.nih.gov/entrez/query/DTD/pubmed_110101.dtd">
<pubmedarticleset>
 <pubmedarticle>
  <medlinecitation owner="NLM" status="MEDLINE">
   <pmid version="1">
    9649104
   </pmid>
   <datecreated>
    <year>
     1998
    </year>
    <month>
     07
    </month>
    <day>
     23
    </day>
   </datecreated>
   <datecompleted>
    <year>
     1998
    </year>
    <month>
     07
    </month>
    <day>
     23
    </day>
   </datecompleted>
   <daterevised>
    <year>
     2009
    </year>
    <month>
     10
    </month>
    <day>
     26
    </day>
   </daterevised>
   <article pubmodel="Print">
    <journal>
     <issn issntype="Print">
      0029-7844
     </issn>
     <journalissue citedmedium="Print">
      <volume>
       92
      </volume>
      <issue>
       1
      </issue>
      <pubdate>
       <year>
        1998
       </year>
       <month>
        Jul
       </month>
      </pubdate>
     </journalissue>
     <title>
      Obstetrics and gynecology
     </title>
     <isoabbreviation>
      Obstet Gynecol
     </isoabbreviation>
    </journal>
    <articletitle>
     Comparison of bimanual examination with ultrasound examination before hysterectomy for uterine leiomyoma.
    </articletitle>
    <pagination>
     <medlinepgn>
      109-12
     </medlinepgn>
    </pagination>
    <abstract>
     <abstracttext label="OBJECTIVE" nlmcategory="OBJECTIVE">
      To correlate the preoperative bimanual examination with ultrasound examination with regard to estimating the size of enlarged nongravid leiomyomatous uteri.
     </abstracttext>
     <abstracttext label="METHODS" nlmcategory="METHODS">
      We performed a retrospective review of 161 patients who underwent hysterectomy for uterine leiomyoma between January 1994 and December 1994 and between July 1995 and April 1996. Uterine size was estimated clinically by bimanual examination. Ultrasound reports were reviewed. Uterine weights and dimensions in pathology reports were compared with findings on bimanual examination and ultrasonography. Body mass index (BMI) was calculated and patients were divided into two groups, one with BMIs of more than 30 and another with BMIs of less than or equal to 30.
     </abstracttext>
     <abstracttext label="RESULTS" nlmcategory="RESULTS">
      Ultrasound examination was ordered in 111 patients (68.9%) preoperatively. There was a strong correlation between the bimanual examination findings and the ultrasound dimensions. The equation for this relationship is ultrasound length (cm)=3.68 + 0.68 x number of weeks (r=.78, P &lt; .001). Ultrasound length also was related strongly to size given in the pathologic reports; the equation for this relationship is ultrasound length (cm)=2.94 + 0.75 x pathology length (cm) (r=.73, P &lt; .001). The correlation between bimanual examination and ultrasound findings was similar in obese and in nonobese patients, when uterine size could be estimated.
     </abstracttext>
     <abstracttext label="CONCLUSION" nlmcategory="CONCLUSIONS">
      There is a strong correlation between bimanual and ultrasound examinations with regard to determining the size of leiomyomatous uteri. Routine ultrasound is not indicated when an experienced examiner can assess uterine size. Ultrasonography may be appropriate when physical assessment is difficult, as in the case of obesity.
     </abstracttext>
    </abstract>
    <affiliation>
     Department of Obstetrics and Gynecology, University of Miami, Florida, USA. guigui@pol.com
    </affiliation>
    <authorlist completeyn="Y">
     <author validyn="Y">
      <lastname>
       Cantuaria
      </lastname>
      <forename>
       G H
      </forename>
      <initials>
       GH
      </initials>
     </author>
     <author validyn="Y">
      <lastname>
       Angioli
      </lastname>
      <forename>
       R
      </forename>
      <initials>
       R
      </initials>
     </author>
     <author validyn="Y">
      <lastname>
       Frost
      </lastname>
      <forename>
       L
      </forename>
      <initials>
       L
      </initials>
     </author>
     <author validyn="Y">
      <lastname>
       Duncan
      </lastname>
      <forename>
       R
      </forename>
      <initials>
       R
      </initials>
     </author>
     <author validyn="Y">
      <lastname>
       Penalver
      </lastname>
      <forename>
       M A
      </forename>
      <initials>
       MA
      </initials>
     </author>
    </authorlist>
    <language>
     eng
    </language>
    <publicationtypelist>
     <publicationtype>
      Comparative Study
     </publicationtype>
     <publicationtype>
      Journal Article
     </publicationtype>
    </publicationtypelist>
   </article>
   <medlinejournalinfo>
    <country>
     UNITED STATES
    </country>
    <medlineta>
     Obstet Gynecol
    </medlineta>
    <nlmuniqueid>
     0401101
    </nlmuniqueid>
    <issnlinking>
     0029-7844
    </issnlinking>
   </medlinejournalinfo>
   <citationsubset>
    AIM
   </citationsubset>
   <citationsubset>
    IM
   </citationsubset>
   <commentscorrectionslist>
    <commentscorrections reftype="CommentIn">
     <refsource>
      Obstet Gynecol. 1998 Nov;92(5):890
     </refsource>
     <pmid version="1">
      9794689
     </pmid>
    </commentscorrections>
   </commentscorrectionslist>
   <meshheadinglist>
    <meshheading>
     <descriptorname majortopicyn="N">
      Body Mass Index
     </descriptorname>
    </meshheading>
    <meshheading>
     <descriptorname majortopicyn="N">
      Female
     </descriptorname>
    </meshheading>
    <meshheading>
     <descriptorname majortopicyn="N">
      Humans
     </descriptorname>
    </meshheading>
    <meshheading>
     <descriptorname majortopicyn="Y">
      Hysterectomy
     </descriptorname>
    </meshheading>
    <meshheading>
     <descriptorname majortopicyn="N">
      Leiomyoma
     </descriptorname>
     <qualifiername majortopicyn="N">
      complications
     </qualifiername>
     <qualifiername majortopicyn="Y">
      pathology
     </qualifiername>
     <qualifiername majortopicyn="N">
      surgery
     </qualifiername>
     <qualifiername majortopicyn="Y">
      ultrasonography
     </qualifiername>
    </meshheading>
    <meshheading>
     <descriptorname majortopicyn="N">
      Obesity
     </descriptorname>
     <qualifiername majortopicyn="N">
      complications
     </qualifiername>
    </meshheading>
    <meshheading>
     <descriptorname majortopicyn="Y">
      Palpation
     </descriptorname>
    </meshheading>
    <meshheading>
     <descriptorname majortopicyn="Y">
      Preoperative Care
     </descriptorname>
    </meshheading>
    <meshheading>
     <descriptorname majortopicyn="N">
      Retrospective Studies
     </descriptorname>
    </meshheading>
    <meshheading>
     <descriptorname majortopicyn="N">
      Uterine Neoplasms
     </descriptorname>
     <qualifiername majortopicyn="N">
      complications
     </qualifiername>
     <qualifiername majortopicyn="Y">
      pathology
     </qualifiername>
     <qualifiername majortopicyn="N">
      surgery
     </qualifiername>
     <qualifiername majortopicyn="Y">
      ultrasonography
     </qualifiername>
    </meshheading>
   </meshheadinglist>
  </medlinecitation>
  <pubmeddata>
   <history>
    <pubmedpubdate pubstatus="pubmed">
     <year>
      1998
     </year>
     <month>
      7
     </month>
     <day>
      2
     </day>
    </pubmedpubdate>
    <pubmedpubdate pubstatus="medline">
     <year>
      1998
     </year>
     <month>
      7
     </month>
     <day>
      2
     </day>
     <hour>
      0
     </hour>
     <minute>
      1
     </minute>
    </pubmedpubdate>
    <pubmedpubdate pubstatus="entrez">
     <year>
      1998
     </year>
     <month>
      7
     </month>
     <day>
      2
     </day>
     <hour>
      0
     </hour>
     <minute>
      0
     </minute>
    </pubmedpubdate>
   </history>
   <publicationstatus>
    ppublish
   </publicationstatus>
   <articleidlist>
    <articleid idtype="pubmed">
     9649104
    </articleid>
    <articleid idtype="pii">
     S0029-7844(98)00131-8
    </articleid>
   </articleidlist>
  </pubmeddata>
 </pubmedarticle>
</pubmedarticleset>

