<?xml version='1.0' encoding='utf-8'?>
<!DOCTYPE PubmedArticleSet PUBLIC "-//NLM//DTD PubMedArticle, 1st January 2011//EN" "http://www.ncbi.nlm.nih.gov/entrez/query/DTD/pubmed_110101.dtd">
<pubmedarticleset>
 <pubmedarticle>
  <medlinecitation owner="NLM" status="MEDLINE">
   <pmid version="1">
    9672274
   </pmid>
   <datecreated>
    <year>
     1998
    </year>
    <month>
     07
    </month>
    <day>
     28
    </day>
   </datecreated>
   <datecompleted>
    <year>
     1998
    </year>
    <month>
     07
    </month>
    <day>
     28
    </day>
   </datecompleted>
   <daterevised>
    <year>
     2006
    </year>
    <month>
     11
    </month>
    <day>
     15
    </day>
   </daterevised>
   <article pubmodel="Print">
    <journal>
     <issn issntype="Print">
      0140-6736
     </issn>
     <journalissue citedmedium="Print">
      <volume>
       352
      </volume>
      <issue>
       9122
      </issue>
      <pubdate>
       <year>
        1998
       </year>
       <month>
        Jul
       </month>
       <day>
        11
       </day>
      </pubdate>
     </journalissue>
     <title>
      Lancet
     </title>
     <isoabbreviation>
      Lancet
     </isoabbreviation>
    </journal>
    <articletitle>
     Interim analysis of the incidence of breast cancer in the Royal Marsden Hospital tamoxifen randomised chemoprevention trial.
    </articletitle>
    <pagination>
     <medlinepgn>
      98-101
     </medlinepgn>
    </pagination>
    <abstract>
     <abstracttext label="BACKGROUND" nlmcategory="BACKGROUND">
      Tamoxifen, a drug with antioestrogenic effects, is predicted to prevent the occurrence of breast cancer. We have undertaken a trial of tamoxifen in healthy women who are at increased risk of breast cancer because of family history. We report a planned interim analysis.
     </abstracttext>
     <abstracttext label="METHODS" nlmcategory="METHODS">
      Between October, 1986, and April, 1996, we accrued 2494 healthy women aged between 30 and 70 with a family history of breast cancer. They have been randomised (double blind) to receive tamoxifen 20 mg per day orally or placebo for up to 8 years. Follow-up included clinical assessment, annual mammography, and assessment of toxicity and compliance. The primary endpoint was the occurrence of breast cancer, which was analysed on an intention-to-treat basis with a survival curve.
     </abstracttext>
     <abstracttext label="FINDINGS" nlmcategory="RESULTS">
      With a median follow-up of 70 months, 2471 women (tamoxifen 1238, placebo 1233) were suitable for analysis. The groups were evenly matched at baseline, and compliance was good. The overall frequency of breast cancer is the same for women on tamoxifen or placebo (tamoxifen 34, placebo 36, relative risk 1.06 [95% CI 0.7-1.7], p=0.8). Participants who were already on hormone-replacement therapy when they entered the study had an increased risk of breast cancer compared with non-users. Those participants who started such therapy while on trial had a significantly reduced risk. The safety profile of tamoxifen was as expected.
     </abstracttext>
     <abstracttext label="INTERPRETATION" nlmcategory="CONCLUSIONS">
      We have been unable to show any effect of tamoxifen on breast-cancer incidence in healthy women, contrary to the report from the NSABP-P1 study showing a 45% reduction in healthy women given tamoxifen versus placebo. Differences in the study populations for the two trials may underlie these conflicting findings: eligibility in our trial was based predominantly on a strong family history of breast cancer whereas in the NSABP trial was mostly based on non-genetic risk factors. The importance of oestrogen promotion may vary between such populations.
     </abstracttext>
    </abstract>
    <affiliation>
     Royal Marsden NHS Trust, London and Sutton, Surrey, UK. trevor.powles@rmh.nthames.nhs.uk
    </affiliation>
    <authorlist completeyn="Y">
     <author validyn="Y">
      <lastname>
       Powles
      </lastname>
      <forename>
       T
      </forename>
      <initials>
       T
      </initials>
     </author>
     <author validyn="Y">
      <lastname>
       Eeles
      </lastname>
      <forename>
       R
      </forename>
      <initials>
       R
      </initials>
     </author>
     <author validyn="Y">
      <lastname>
       Ashley
      </lastname>
      <forename>
       S
      </forename>
      <initials>
       S
      </initials>
     </author>
     <author validyn="Y">
      <lastname>
       Easton
      </lastname>
      <forename>
       D
      </forename>
      <initials>
       D
      </initials>
     </author>
     <author validyn="Y">
      <lastname>
       Chang
      </lastname>
      <forename>
       J
      </forename>
      <initials>
       J
      </initials>
     </author>
     <author validyn="Y">
      <lastname>
       Dowsett
      </lastname>
      <forename>
       M
      </forename>
      <initials>
       M
      </initials>
     </author>
     <author validyn="Y">
      <lastname>
       Tidy
      </lastname>
      <forename>
       A
      </forename>
      <initials>
       A
      </initials>
     </author>
     <author validyn="Y">
      <lastname>
       Viggers
      </lastname>
      <forename>
       J
      </forename>
      <initials>
       J
      </initials>
     </author>
     <author validyn="Y">
      <lastname>
       Davey
      </lastname>
      <forename>
       J
      </forename>
      <initials>
       J
      </initials>
     </author>
    </authorlist>
    <language>
     eng
    </language>
    <publicationtypelist>
     <publicationtype>
      Clinical Trial
     </publicationtype>
     <publicationtype>
      Journal Article
     </publicationtype>
     <publicationtype>
      Randomized Controlled Trial
     </publicationtype>
     <publicationtype>
      Research Support, Non-U.S. Gov't
     </publicationtype>
    </publicationtypelist>
   </article>
   <medlinejournalinfo>
    <country>
     ENGLAND
    </country>
    <medlineta>
     Lancet
    </medlineta>
    <nlmuniqueid>
     2985213R
    </nlmuniqueid>
    <issnlinking>
     0140-6736
    </issnlinking>
   </medlinejournalinfo>
   <chemicallist>
    <chemical>
     <registrynumber>
      0
     </registrynumber>
     <nameofsubstance>
      Anticarcinogenic Agents
     </nameofsubstance>
    </chemical>
    <chemical>
     <registrynumber>
      10540-29-1
     </registrynumber>
     <nameofsubstance>
      Tamoxifen
     </nameofsubstance>
    </chemical>
   </chemicallist>
   <citationsubset>
    AIM
   </citationsubset>
   <citationsubset>
    IM
   </citationsubset>
   <commentscorrectionslist>
    <commentscorrections reftype="CommentIn">
     <refsource>
      Lancet. 2000 Aug 12;356(9229):591-2; author reply 593
     </refsource>
     <pmid version="1">
      10950253
     </pmid>
    </commentscorrections>
    <commentscorrections reftype="CommentIn">
     <refsource>
      Lancet. 1998 Oct 10;352(9135):1222
     </refsource>
     <pmid version="1">
      9777861
     </pmid>
    </commentscorrections>
    <commentscorrections reftype="CommentIn">
     <refsource>
      Lancet. 1998 Oct 31;352(9138):1476
     </refsource>
     <pmid version="1">
      9808024
     </pmid>
    </commentscorrections>
    <commentscorrections reftype="CommentIn">
     <refsource>
      Lancet. 1998 Jul 11;352(9122):80-1
     </refsource>
     <pmid version="1">
      9672266
     </pmid>
    </commentscorrections>
   </commentscorrectionslist>
   <meshheadinglist>
    <meshheading>
     <descriptorname majortopicyn="N">
      Adult
     </descriptorname>
    </meshheading>
    <meshheading>
     <descriptorname majortopicyn="N">
      Aged
     </descriptorname>
    </meshheading>
    <meshheading>
     <descriptorname majortopicyn="N">
      Anticarcinogenic Agents
     </descriptorname>
     <qualifiername majortopicyn="N">
      adverse effects
     </qualifiername>
     <qualifiername majortopicyn="Y">
      therapeutic use
     </qualifiername>
    </meshheading>
    <meshheading>
     <descriptorname majortopicyn="N">
      Breast Neoplasms
     </descriptorname>
     <qualifiername majortopicyn="N">
      epidemiology
     </qualifiername>
     <qualifiername majortopicyn="Y">
      prevention &amp; control
     </qualifiername>
    </meshheading>
    <meshheading>
     <descriptorname majortopicyn="N">
      Disease-Free Survival
     </descriptorname>
    </meshheading>
    <meshheading>
     <descriptorname majortopicyn="N">
      Double-Blind Method
     </descriptorname>
    </meshheading>
    <meshheading>
     <descriptorname majortopicyn="N">
      Estrogen Replacement Therapy
     </descriptorname>
    </meshheading>
    <meshheading>
     <descriptorname majortopicyn="N">
      Female
     </descriptorname>
    </meshheading>
    <meshheading>
     <descriptorname majortopicyn="N">
      Follow-Up Studies
     </descriptorname>
    </meshheading>
    <meshheading>
     <descriptorname majortopicyn="N">
      Humans
     </descriptorname>
    </meshheading>
    <meshheading>
     <descriptorname majortopicyn="N">
      Incidence
     </descriptorname>
    </meshheading>
    <meshheading>
     <descriptorname majortopicyn="N">
      Middle Aged
     </descriptorname>
    </meshheading>
    <meshheading>
     <descriptorname majortopicyn="N">
      Patient Compliance
     </descriptorname>
    </meshheading>
    <meshheading>
     <descriptorname majortopicyn="N">
      Tamoxifen
     </descriptorname>
     <qualifiername majortopicyn="N">
      adverse effects
     </qualifiername>
     <qualifiername majortopicyn="Y">
      therapeutic use
     </qualifiername>
    </meshheading>
   </meshheadinglist>
  </medlinecitation>
  <pubmeddata>
   <history>
    <pubmedpubdate pubstatus="pubmed">
     <year>
      1998
     </year>
     <month>
      7
     </month>
     <day>
      22
     </day>
    </pubmedpubdate>
    <pubmedpubdate pubstatus="medline">
     <year>
      1998
     </year>
     <month>
      7
     </month>
     <day>
      22
     </day>
     <hour>
      0
     </hour>
     <minute>
      1
     </minute>
    </pubmedpubdate>
    <pubmedpubdate pubstatus="entrez">
     <year>
      1998
     </year>
     <month>
      7
     </month>
     <day>
      22
     </day>
     <hour>
      0
     </hour>
     <minute>
      0
     </minute>
    </pubmedpubdate>
   </history>
   <publicationstatus>
    ppublish
   </publicationstatus>
   <articleidlist>
    <articleid idtype="pubmed">
     9672274
    </articleid>
    <articleid idtype="pii">
     S0140-6736(98)85012-5
    </articleid>
    <articleid idtype="doi">
     10.1016/S0140-6736(98)85012-5
    </articleid>
   </articleidlist>
  </pubmeddata>
 </pubmedarticle>
</pubmedarticleset>

