<?xml version='1.0' encoding='utf-8'?>
<!DOCTYPE PubmedArticleSet PUBLIC "-//NLM//DTD PubMedArticle, 1st January 2011//EN" "http://www.ncbi.nlm.nih.gov/entrez/query/DTD/pubmed_110101.dtd">
<pubmedarticleset>
 <pubmedarticle>
  <medlinecitation owner="NLM" status="MEDLINE">
   <pmid version="1">
    9694707
   </pmid>
   <datecreated>
    <year>
     1998
    </year>
    <month>
     09
    </month>
    <day>
     10
    </day>
   </datecreated>
   <datecompleted>
    <year>
     1998
    </year>
    <month>
     09
    </month>
    <day>
     10
    </day>
   </datecompleted>
   <daterevised>
    <year>
     2004
    </year>
    <month>
     11
    </month>
    <day>
     17
    </day>
   </daterevised>
   <article pubmodel="Print">
    <journal>
     <issn issntype="Print">
      0006-4971
     </issn>
     <journalissue citedmedium="Print">
      <volume>
       92
      </volume>
      <issue>
       4
      </issue>
      <pubdate>
       <year>
        1998
       </year>
       <month>
        Aug
       </month>
       <day>
        15
       </day>
      </pubdate>
     </journalissue>
     <title>
      Blood
     </title>
     <isoabbreviation>
      Blood
     </isoabbreviation>
    </journal>
    <articletitle>
     Effective treatment of cobalamin deficiency with oral cobalamin.
    </articletitle>
    <pagination>
     <medlinepgn>
      1191-8
     </medlinepgn>
    </pagination>
    <abstract>
     <abstracttext>
      Because cobalamin deficiency is routinely treated with parenteral cobalamin, we investigated the efficacy of oral therapy. We randomly assigned 38 newly diagnosed cobalamin deficient patients to receive cyanocobalamin as either 1 mg intramuscularly on days 1, 3, 7, 10, 14, 21, 30, 60, and 90 or 2 mg orally on a daily basis for 120 days. Therapeutic effectiveness was evaluated by measuring hematologic and neurologic improvement and changes in serum levels of cobalamin (normal, 200 to 900 pg/mL) methylmalonic acid (normal, 73 to 271 nmol/L), and homocysteine (normal, 5.1 to 13.9 micromol/L). Five patients were subsequently found to have folate deficiency, which left 18 evaluable patients in the oral group and 15 in the parenteral group. Correction of hematologic and neurologic abnormalities was prompt and indistinguishable between the 2 groups. The mean pretreatment values for serum cobalamin, methylmalonic acid, and homocysteine were, respectively, 93 pg/mL, 3,850 nmol/L, and 37. 2 micromol/L in the oral group and 95 pg/mL, 3,630 nmol/L, and 40.0 micromol/L in the parenteral therapy group. After 4 months of therapy, the respective mean values were 1,005 pg/mL, 169 nmol/L, and 10.6 micromol/L in the oral group and 325 pg/mL, 265 nmol/L, and 12.2 micromol/L in the parenteral group. The higher serum cobalamin and lower serum methylmalonic acid levels at 4 months posttreatment in the oral group versus the parenteral group were significant, with P &lt; .0005 and P &lt; .05, respectively. In cobalamin deficiency, 2 mg of cyanocobalamin administered orally on a daily basis was as effective as 1 mg administered intramuscularly on a monthly basis and may be superior.
     </abstracttext>
     <copyrightinformation>
      Copyright 1998 by The American Society of Hematology.
     </copyrightinformation>
    </abstract>
    <affiliation>
     Division of General Internal Medicine, Bassett Healthcare, Cooperstown, NY, USA.
    </affiliation>
    <authorlist completeyn="Y">
     <author validyn="Y">
      <lastname>
       Kuzminski
      </lastname>
      <forename>
       A M
      </forename>
      <initials>
       AM
      </initials>
     </author>
     <author validyn="Y">
      <lastname>
       Del Giacco
      </lastname>
      <forename>
       E J
      </forename>
      <initials>
       EJ
      </initials>
     </author>
     <author validyn="Y">
      <lastname>
       Allen
      </lastname>
      <forename>
       R H
      </forename>
      <initials>
       RH
      </initials>
     </author>
     <author validyn="Y">
      <lastname>
       Stabler
      </lastname>
      <forename>
       S P
      </forename>
      <initials>
       SP
      </initials>
     </author>
     <author validyn="Y">
      <lastname>
       Lindenbaum
      </lastname>
      <forename>
       J
      </forename>
      <initials>
       J
      </initials>
     </author>
    </authorlist>
    <language>
     eng
    </language>
    <publicationtypelist>
     <publicationtype>
      Clinical Trial
     </publicationtype>
     <publicationtype>
      Journal Article
     </publicationtype>
     <publicationtype>
      Randomized Controlled Trial
     </publicationtype>
    </publicationtypelist>
   </article>
   <medlinejournalinfo>
    <country>
     UNITED STATES
    </country>
    <medlineta>
     Blood
    </medlineta>
    <nlmuniqueid>
     7603509
    </nlmuniqueid>
    <issnlinking>
     0006-4971
    </issnlinking>
   </medlinejournalinfo>
   <chemicallist>
    <chemical>
     <registrynumber>
      454-28-4
     </registrynumber>
     <nameofsubstance>
      Homocysteine
     </nameofsubstance>
    </chemical>
    <chemical>
     <registrynumber>
      516-05-2
     </registrynumber>
     <nameofsubstance>
      Methylmalonic Acid
     </nameofsubstance>
    </chemical>
    <chemical>
     <registrynumber>
      59-30-3
     </registrynumber>
     <nameofsubstance>
      Folic Acid
     </nameofsubstance>
    </chemical>
    <chemical>
     <registrynumber>
      68-19-9
     </registrynumber>
     <nameofsubstance>
      Vitamin B 12
     </nameofsubstance>
    </chemical>
   </chemicallist>
   <citationsubset>
    AIM
   </citationsubset>
   <citationsubset>
    IM
   </citationsubset>
   <meshheadinglist>
    <meshheading>
     <descriptorname majortopicyn="N">
      Administration, Oral
     </descriptorname>
    </meshheading>
    <meshheading>
     <descriptorname majortopicyn="N">
      Adult
     </descriptorname>
    </meshheading>
    <meshheading>
     <descriptorname majortopicyn="N">
      Aged
     </descriptorname>
    </meshheading>
    <meshheading>
     <descriptorname majortopicyn="N">
      Aged, 80 and over
     </descriptorname>
    </meshheading>
    <meshheading>
     <descriptorname majortopicyn="N">
      Female
     </descriptorname>
    </meshheading>
    <meshheading>
     <descriptorname majortopicyn="N">
      Folic Acid
     </descriptorname>
     <qualifiername majortopicyn="N">
      blood
     </qualifiername>
    </meshheading>
    <meshheading>
     <descriptorname majortopicyn="N">
      Hematocrit
     </descriptorname>
    </meshheading>
    <meshheading>
     <descriptorname majortopicyn="N">
      Homocysteine
     </descriptorname>
     <qualifiername majortopicyn="N">
      blood
     </qualifiername>
    </meshheading>
    <meshheading>
     <descriptorname majortopicyn="N">
      Humans
     </descriptorname>
    </meshheading>
    <meshheading>
     <descriptorname majortopicyn="N">
      Injections, Intramuscular
     </descriptorname>
    </meshheading>
    <meshheading>
     <descriptorname majortopicyn="N">
      Male
     </descriptorname>
    </meshheading>
    <meshheading>
     <descriptorname majortopicyn="N">
      Methylmalonic Acid
     </descriptorname>
     <qualifiername majortopicyn="N">
      blood
     </qualifiername>
    </meshheading>
    <meshheading>
     <descriptorname majortopicyn="N">
      Middle Aged
     </descriptorname>
    </meshheading>
    <meshheading>
     <descriptorname majortopicyn="N">
      Treatment Outcome
     </descriptorname>
    </meshheading>
    <meshheading>
     <descriptorname majortopicyn="N">
      Vitamin B 12
     </descriptorname>
     <qualifiername majortopicyn="Y">
      administration &amp; dosage
     </qualifiername>
     <qualifiername majortopicyn="N">
      blood
     </qualifiername>
     <qualifiername majortopicyn="N">
      therapeutic use
     </qualifiername>
    </meshheading>
    <meshheading>
     <descriptorname majortopicyn="N">
      Vitamin B 12 Deficiency
     </descriptorname>
     <qualifiername majortopicyn="N">
      blood
     </qualifiername>
     <qualifiername majortopicyn="Y">
      drug therapy
     </qualifiername>
    </meshheading>
   </meshheadinglist>
  </medlinecitation>
  <pubmeddata>
   <history>
    <pubmedpubdate pubstatus="pubmed">
     <year>
      1998
     </year>
     <month>
      8
     </month>
     <day>
      8
     </day>
    </pubmedpubdate>
    <pubmedpubdate pubstatus="medline">
     <year>
      1998
     </year>
     <month>
      8
     </month>
     <day>
      8
     </day>
     <hour>
      0
     </hour>
     <minute>
      1
     </minute>
    </pubmedpubdate>
    <pubmedpubdate pubstatus="entrez">
     <year>
      1998
     </year>
     <month>
      8
     </month>
     <day>
      8
     </day>
     <hour>
      0
     </hour>
     <minute>
      0
     </minute>
    </pubmedpubdate>
   </history>
   <publicationstatus>
    ppublish
   </publicationstatus>
   <articleidlist>
    <articleid idtype="pubmed">
     9694707
    </articleid>
   </articleidlist>
  </pubmeddata>
 </pubmedarticle>
</pubmedarticleset>

