<?xml version='1.0' encoding='utf-8'?>
<!DOCTYPE PubmedArticleSet PUBLIC "-//NLM//DTD PubMedArticle, 1st January 2011//EN" "http://www.ncbi.nlm.nih.gov/entrez/query/DTD/pubmed_110101.dtd">
<pubmedarticleset>
 <pubmedarticle>
  <medlinecitation owner="NLM" status="MEDLINE">
   <pmid version="1">
    9725800
   </pmid>
   <datecreated>
    <year>
     1998
    </year>
    <month>
     09
    </month>
    <day>
     15
    </day>
   </datecreated>
   <datecompleted>
    <year>
     1998
    </year>
    <month>
     09
    </month>
    <day>
     15
    </day>
   </datecompleted>
   <daterevised>
    <year>
     2004
    </year>
    <month>
     11
    </month>
    <day>
     17
    </day>
   </daterevised>
   <article pubmodel="Print">
    <journal>
     <issn issntype="Print">
      0012-3692
     </issn>
     <journalissue citedmedium="Print">
      <volume>
       114
      </volume>
      <issue>
       2 Suppl Managing
      </issue>
      <pubdate>
       <year>
        1998
       </year>
       <month>
        Aug
       </month>
      </pubdate>
     </journalissue>
     <title>
      Chest
     </title>
     <isoabbreviation>
      Chest
     </isoabbreviation>
    </journal>
    <articletitle>
     Managing cough as a defense mechanism and as a symptom. A consensus panel report of the American College of Chest Physicians.
    </articletitle>
    <pagination>
     <medlinepgn>
      133S-181S
     </medlinepgn>
    </pagination>
    <authorlist completeyn="Y">
     <author validyn="Y">
      <lastname>
       Irwin
      </lastname>
      <forename>
       R S
      </forename>
      <initials>
       RS
      </initials>
     </author>
     <author validyn="Y">
      <lastname>
       Boulet
      </lastname>
      <forename>
       L P
      </forename>
      <initials>
       LP
      </initials>
     </author>
     <author validyn="Y">
      <lastname>
       Cloutier
      </lastname>
      <forename>
       M M
      </forename>
      <initials>
       MM
      </initials>
     </author>
     <author validyn="Y">
      <lastname>
       Fuller
      </lastname>
      <forename>
       R
      </forename>
      <initials>
       R
      </initials>
     </author>
     <author validyn="Y">
      <lastname>
       Gold
      </lastname>
      <forename>
       P M
      </forename>
      <initials>
       PM
      </initials>
     </author>
     <author validyn="Y">
      <lastname>
       Hoffstein
      </lastname>
      <forename>
       V
      </forename>
      <initials>
       V
      </initials>
     </author>
     <author validyn="Y">
      <lastname>
       Ing
      </lastname>
      <forename>
       A J
      </forename>
      <initials>
       AJ
      </initials>
     </author>
     <author validyn="Y">
      <lastname>
       McCool
      </lastname>
      <forename>
       F D
      </forename>
      <initials>
       FD
      </initials>
     </author>
     <author validyn="Y">
      <lastname>
       O'Byrne
      </lastname>
      <forename>
       P
      </forename>
      <initials>
       P
      </initials>
     </author>
     <author validyn="Y">
      <lastname>
       Poe
      </lastname>
      <forename>
       R H
      </forename>
      <initials>
       RH
      </initials>
     </author>
     <author validyn="Y">
      <lastname>
       Prakash
      </lastname>
      <forename>
       U B
      </forename>
      <initials>
       UB
      </initials>
     </author>
     <author validyn="Y">
      <lastname>
       Pratter
      </lastname>
      <forename>
       M R
      </forename>
      <initials>
       MR
      </initials>
     </author>
     <author validyn="Y">
      <lastname>
       Rubin
      </lastname>
      <forename>
       B K
      </forename>
      <initials>
       BK
      </initials>
     </author>
    </authorlist>
    <language>
     eng
    </language>
    <publicationtypelist>
     <publicationtype>
      Consensus Development Conference
     </publicationtype>
     <publicationtype>
      Guideline
     </publicationtype>
     <publicationtype>
      Journal Article
     </publicationtype>
     <publicationtype>
      Practice Guideline
     </publicationtype>
     <publicationtype>
      Review
     </publicationtype>
    </publicationtypelist>
   </article>
   <medlinejournalinfo>
    <country>
     UNITED STATES
    </country>
    <medlineta>
     Chest
    </medlineta>
    <nlmuniqueid>
     0231335
    </nlmuniqueid>
    <issnlinking>
     0012-3692
    </issnlinking>
   </medlinejournalinfo>
   <chemicallist>
    <chemical>
     <registrynumber>
      0
     </registrynumber>
     <nameofsubstance>
      Antitussive Agents
     </nameofsubstance>
    </chemical>
    <chemical>
     <registrynumber>
      0
     </registrynumber>
     <nameofsubstance>
      Expectorants
     </nameofsubstance>
    </chemical>
   </chemicallist>
   <citationsubset>
    AIM
   </citationsubset>
   <citationsubset>
    IM
   </citationsubset>
   <commentscorrectionslist>
    <commentscorrections reftype="CommentIn">
     <refsource>
      Chest. 1999 Feb;115(2):602-3
     </refsource>
     <pmid version="1">
      10027473
     </pmid>
    </commentscorrections>
   </commentscorrectionslist>
   <meshheadinglist>
    <meshheading>
     <descriptorname majortopicyn="N">
      Adult
     </descriptorname>
    </meshheading>
    <meshheading>
     <descriptorname majortopicyn="N">
      Antitussive Agents
     </descriptorname>
     <qualifiername majortopicyn="N">
      therapeutic use
     </qualifiername>
    </meshheading>
    <meshheading>
     <descriptorname majortopicyn="N">
      Child
     </descriptorname>
    </meshheading>
    <meshheading>
     <descriptorname majortopicyn="Y">
      Cough
     </descriptorname>
     <qualifiername majortopicyn="N">
      etiology
     </qualifiername>
     <qualifiername majortopicyn="N">
      physiopathology
     </qualifiername>
     <qualifiername majortopicyn="N">
      prevention &amp; control
     </qualifiername>
     <qualifiername majortopicyn="N">
      therapy
     </qualifiername>
    </meshheading>
    <meshheading>
     <descriptorname majortopicyn="N">
      Expectorants
     </descriptorname>
     <qualifiername majortopicyn="N">
      therapeutic use
     </qualifiername>
    </meshheading>
    <meshheading>
     <descriptorname majortopicyn="N">
      Humans
     </descriptorname>
    </meshheading>
    <meshheading>
     <descriptorname majortopicyn="N">
      Reflex
     </descriptorname>
     <qualifiername majortopicyn="N">
      physiology
     </qualifiername>
    </meshheading>
   </meshheadinglist>
   <numberofreferences>
    325
   </numberofreferences>
  </medlinecitation>
  <pubmeddata>
   <history>
    <pubmedpubdate pubstatus="pubmed">
     <year>
      1998
     </year>
     <month>
      9
     </month>
     <day>
      2
     </day>
    </pubmedpubdate>
    <pubmedpubdate pubstatus="medline">
     <year>
      1998
     </year>
     <month>
      9
     </month>
     <day>
      2
     </day>
     <hour>
      0
     </hour>
     <minute>
      1
     </minute>
    </pubmedpubdate>
    <pubmedpubdate pubstatus="entrez">
     <year>
      1998
     </year>
     <month>
      9
     </month>
     <day>
      2
     </day>
     <hour>
      0
     </hour>
     <minute>
      0
     </minute>
    </pubmedpubdate>
   </history>
   <publicationstatus>
    ppublish
   </publicationstatus>
   <articleidlist>
    <articleid idtype="pubmed">
     9725800
    </articleid>
   </articleidlist>
  </pubmeddata>
 </pubmedarticle>
</pubmedarticleset>

