<?xml version='1.0' encoding='utf-8'?>
<!DOCTYPE PubmedArticleSet PUBLIC "-//NLM//DTD PubMedArticle, 1st January 2011//EN" "http://www.ncbi.nlm.nih.gov/entrez/query/DTD/pubmed_110101.dtd">
<pubmedarticleset>
 <pubmedarticle>
  <medlinecitation owner="NLM" status="MEDLINE">
   <pmid version="1">
    9731851
   </pmid>
   <datecreated>
    <year>
     1998
    </year>
    <month>
     09
    </month>
    <day>
     17
    </day>
   </datecreated>
   <datecompleted>
    <year>
     1998
    </year>
    <month>
     09
    </month>
    <day>
     17
    </day>
   </datecompleted>
   <daterevised>
    <year>
     2006
    </year>
    <month>
     11
    </month>
    <day>
     15
    </day>
   </daterevised>
   <article pubmodel="Print">
    <journal>
     <issn issntype="Print">
      0002-9378
     </issn>
     <journalissue citedmedium="Print">
      <volume>
       179
      </volume>
      <issue>
       2
      </issue>
      <pubdate>
       <year>
        1998
       </year>
       <month>
        Aug
       </month>
      </pubdate>
     </journalissue>
     <title>
      American journal of obstetrics and gynecology
     </title>
     <isoabbreviation>
      Am. J. Obstet. Gynecol.
     </isoabbreviation>
    </journal>
    <articletitle>
     Calcium carbonate and the premenstrual syndrome: effects on premenstrual and menstrual symptoms. Premenstrual Syndrome Study Group.
    </articletitle>
    <pagination>
     <medlinepgn>
      444-52
     </medlinepgn>
    </pagination>
    <abstract>
     <abstracttext label="OBJECTIVE" nlmcategory="OBJECTIVE">
      Previous reports have suggested that disturbances in calcium regulation may underlie the pathophysiologic characteristics of premenstrual syndrome and that calcium supplementation may be an effective therapeutic approach. To evaluate the effect of calcium carbonate on the luteal and menstrual phases of the menstrual cycle in premenstrual syndrome, a prospective, randomized, double-blind, placebo-controlled, parallel-group, multicenter clinical trial was conducted.
     </abstracttext>
     <abstracttext label="STUDY DESIGN" nlmcategory="METHODS">
      Healthy, premenopausal women between the ages of 18 and 45 years were recruited nationally across the United States at 12 outpatient centers and screened for moderate-to-severe, cyclically recurring premenstrual symptoms. Symptoms were prospectively documented over 2 menstrual cycles with a daily rating scale that had 17 core symptoms and 4 symptom factors (negative affect, water retention, food cravings, and pain). Participants were randomly assigned to receive 1200 mg of elemental calcium per day in the form of calcium carbonate or placebo for 3 menstrual cycles. Routine chemistry, complete blood cell count, and urinalysis were obtained on all participants. Daily documentation of symptoms, adverse effects, and compliance with medications were monitored. The primary outcome measure was the 17-parameter symptom complex score.
     </abstracttext>
     <abstracttext label="RESULTS" nlmcategory="RESULTS">
      Seven hundred twenty women were screened for this trial; 497 women were enrolled; 466 were valid for the efficacy analysis. There was no difference in age, weight, height, use of oral contraceptives, or menstrual cycle length between treatment groups. There were no differences between groups in the mean screening symptom complex score of the luteal (P = .659), menstrual (P = .818), or intermenstrual phase (P = .726) of the menstrual cycle. During the luteal phase of the treatment cycle, a significantly lower mean symptom complex score was observed in the calcium-treated group for both the second (P = .007) and third (P &lt; .001) treatment cycles. By the third treatment cycle calcium effectively resulted in an overall 48% reduction in total symptom scores from baseline compared with a 30% reduction in placebo. All 4 symptom factors were significantly reduced by the third treatment cycle.
     </abstracttext>
     <abstracttext label="CONCLUSIONS" nlmcategory="CONCLUSIONS">
      Calcium supplementation is a simple and effective treatment in premenstrual syndrome, resulting in a major reduction in overall luteal phase symptoms.
     </abstracttext>
    </abstract>
    <affiliation>
     St. Luke's-Roosevelt Hospital Center, College of Physicians and Surgeons, Columbia University, New York, New York 10019, USA.
    </affiliation>
    <authorlist completeyn="Y">
     <author validyn="Y">
      <lastname>
       Thys-Jacobs
      </lastname>
      <forename>
       S
      </forename>
      <initials>
       S
      </initials>
     </author>
     <author validyn="Y">
      <lastname>
       Starkey
      </lastname>
      <forename>
       P
      </forename>
      <initials>
       P
      </initials>
     </author>
     <author validyn="Y">
      <lastname>
       Bernstein
      </lastname>
      <forename>
       D
      </forename>
      <initials>
       D
      </initials>
     </author>
     <author validyn="Y">
      <lastname>
       Tian
      </lastname>
      <forename>
       J
      </forename>
      <initials>
       J
      </initials>
     </author>
    </authorlist>
    <language>
     eng
    </language>
    <publicationtypelist>
     <publicationtype>
      Clinical Trial
     </publicationtype>
     <publicationtype>
      Journal Article
     </publicationtype>
     <publicationtype>
      Multicenter Study
     </publicationtype>
     <publicationtype>
      Randomized Controlled Trial
     </publicationtype>
     <publicationtype>
      Research Support, Non-U.S. Gov't
     </publicationtype>
    </publicationtypelist>
   </article>
   <medlinejournalinfo>
    <country>
     UNITED STATES
    </country>
    <medlineta>
     Am J Obstet Gynecol
    </medlineta>
    <nlmuniqueid>
     0370476
    </nlmuniqueid>
    <issnlinking>
     0002-9378
    </issnlinking>
   </medlinejournalinfo>
   <chemicallist>
    <chemical>
     <registrynumber>
      471-34-1
     </registrynumber>
     <nameofsubstance>
      Calcium Carbonate
     </nameofsubstance>
    </chemical>
   </chemicallist>
   <citationsubset>
    AIM
   </citationsubset>
   <citationsubset>
    IM
   </citationsubset>
   <commentscorrectionslist>
    <commentscorrections reftype="SummaryForPatientsIn">
     <refsource>
      Can Fam Physician. 2002 Apr;48:705-7
     </refsource>
     <pmid version="1">
      12138870
     </pmid>
    </commentscorrections>
   </commentscorrectionslist>
   <meshheadinglist>
    <meshheading>
     <descriptorname majortopicyn="N">
      Adolescent
     </descriptorname>
    </meshheading>
    <meshheading>
     <descriptorname majortopicyn="N">
      Adult
     </descriptorname>
    </meshheading>
    <meshheading>
     <descriptorname majortopicyn="N">
      Calcium Carbonate
     </descriptorname>
     <qualifiername majortopicyn="Y">
      therapeutic use
     </qualifiername>
    </meshheading>
    <meshheading>
     <descriptorname majortopicyn="N">
      Double-Blind Method
     </descriptorname>
    </meshheading>
    <meshheading>
     <descriptorname majortopicyn="N">
      Female
     </descriptorname>
    </meshheading>
    <meshheading>
     <descriptorname majortopicyn="N">
      Humans
     </descriptorname>
    </meshheading>
    <meshheading>
     <descriptorname majortopicyn="N">
      Menstruation
     </descriptorname>
     <qualifiername majortopicyn="Y">
      drug effects
     </qualifiername>
    </meshheading>
    <meshheading>
     <descriptorname majortopicyn="N">
      Middle Aged
     </descriptorname>
    </meshheading>
    <meshheading>
     <descriptorname majortopicyn="N">
      Premenstrual Syndrome
     </descriptorname>
     <qualifiername majortopicyn="Y">
      drug therapy
     </qualifiername>
    </meshheading>
    <meshheading>
     <descriptorname majortopicyn="N">
      Prospective Studies
     </descriptorname>
    </meshheading>
   </meshheadinglist>
  </medlinecitation>
  <pubmeddata>
   <history>
    <pubmedpubdate pubstatus="pubmed">
     <year>
      1998
     </year>
     <month>
      9
     </month>
     <day>
      10
     </day>
    </pubmedpubdate>
    <pubmedpubdate pubstatus="medline">
     <year>
      1998
     </year>
     <month>
      9
     </month>
     <day>
      10
     </day>
     <hour>
      0
     </hour>
     <minute>
      1
     </minute>
    </pubmedpubdate>
    <pubmedpubdate pubstatus="entrez">
     <year>
      1998
     </year>
     <month>
      9
     </month>
     <day>
      10
     </day>
     <hour>
      0
     </hour>
     <minute>
      0
     </minute>
    </pubmedpubdate>
   </history>
   <publicationstatus>
    ppublish
   </publicationstatus>
   <articleidlist>
    <articleid idtype="pubmed">
     9731851
    </articleid>
    <articleid idtype="pii">
     S0002937898703771
    </articleid>
   </articleidlist>
  </pubmeddata>
 </pubmedarticle>
</pubmedarticleset>

