<?xml version='1.0' encoding='utf-8'?>
<!DOCTYPE PubmedArticleSet PUBLIC "-//NLM//DTD PubMedArticle, 1st January 2011//EN" "http://www.ncbi.nlm.nih.gov/entrez/query/DTD/pubmed_110101.dtd">
<pubmedarticleset>
 <pubmedarticle>
  <medlinecitation owner="NLM" status="MEDLINE">
   <pmid version="1">
    9737262
   </pmid>
   <datecreated>
    <year>
     1998
    </year>
    <month>
     10
    </month>
    <day>
     08
    </day>
   </datecreated>
   <datecompleted>
    <year>
     1998
    </year>
    <month>
     10
    </month>
    <day>
     08
    </day>
   </datecompleted>
   <daterevised>
    <year>
     2004
    </year>
    <month>
     11
    </month>
    <day>
     17
    </day>
   </daterevised>
   <article pubmodel="Print">
    <journal>
     <issn issntype="Print">
      0004-8682
     </issn>
     <journalissue citedmedium="Print">
      <volume>
       68
      </volume>
      <issue>
       9
      </issue>
      <pubdate>
       <year>
        1998
       </year>
       <month>
        Sep
       </month>
      </pubdate>
     </journalissue>
     <title>
      The Australian and New Zealand journal of surgery
     </title>
     <isoabbreviation>
      Aust N Z J Surg
     </isoabbreviation>
    </journal>
    <articletitle>
     A study of the risk of strangulation and obstruction in groin hernias.
    </articletitle>
    <pagination>
     <medlinepgn>
      650-4
     </medlinepgn>
    </pagination>
    <abstract>
     <abstracttext label="BACKGROUND" nlmcategory="BACKGROUND">
      Complications that develop in groin hernias, such as irreducibility and obstruction, with or without strangulation may make an easily treatable condition a life-threatening one. Identification of risk factors that may predict development would help place the patient in a high-risk group. Priority admission and early elective surgery for such a patient would avoid significant mortality and morbidity.
     </abstracttext>
     <abstracttext label="METHODS" nlmcategory="METHODS">
      This is a 10-year combined prospective and retrospective study of children and adults. Records of complicated groin hernias were identified from July 1985 to July 1995 from the outpatient department and available inpatient medical records. The same number of controls of simple uncomplicated hernias were then chosen using random number tables from among the large number belonging to the same time period. These two groups were then compared and analysed using statistical methods for age, sex, side of hernia, site of hernia (inguinal/femoral), duration of hernia, length of the waiting list for elective surgery, and contents of the hernial sac along with some other parameters to identify patients with high-risk factors.
     </abstracttext>
     <abstracttext label="RESULTS" nlmcategory="RESULTS">
      Age was found to be a significant risk factor and predicted complications in both elderly adults and very young children. Sex of the patient (male) and side of hernia (right) were significant risk factors in children only. Site of hernia was an important risk factor and adults with femoral hernia were most likely to experience complications. Duration of hernia for less than a year proved to be the most important risk factor for both children and adults. The majority of patients with complicated hernias had not presented earlier in the outpatient department, which implies that most hernias that become complicated do so within a very short time before patient referral. Mortality was high in patients with coexisting diseases, while morbidity was affected by viability of contents of the hernial sac which in turn was directly affected by duration of irreducibility or delay in presentation.
     </abstracttext>
     <abstracttext label="CONCLUSIONS" nlmcategory="CONCLUSIONS">
      The risk factors useful in predicting complications in an adult patient with groin hernia were age (older age group), duration of hernia (short duration), type of hernia (femoral more than inguinal) and coexisting medical illness. In children, the risk factors were age (very young), gender (male), short duration of hernia and side (right side).
     </abstracttext>
    </abstract>
    <affiliation>
     Department of Surgery, Jawaharlal Institute of Postgraduate Medical Education and Research, Pondicherry, India. sajal@beds-med.demon.co.uk
    </affiliation>
    <authorlist completeyn="Y">
     <author validyn="Y">
      <lastname>
       Rai
      </lastname>
      <forename>
       S
      </forename>
      <initials>
       S
      </initials>
     </author>
     <author validyn="Y">
      <lastname>
       Chandra
      </lastname>
      <forename>
       S S
      </forename>
      <initials>
       SS
      </initials>
     </author>
     <author validyn="Y">
      <lastname>
       Smile
      </lastname>
      <forename>
       S R
      </forename>
      <initials>
       SR
      </initials>
     </author>
    </authorlist>
    <language>
     eng
    </language>
    <publicationtypelist>
     <publicationtype>
      Journal Article
     </publicationtype>
    </publicationtypelist>
   </article>
   <medlinejournalinfo>
    <country>
     AUSTRALIA
    </country>
    <medlineta>
     Aust N Z J Surg
    </medlineta>
    <nlmuniqueid>
     0373115
    </nlmuniqueid>
    <issnlinking>
     0004-8682
    </issnlinking>
   </medlinejournalinfo>
   <citationsubset>
    IM
   </citationsubset>
   <meshheadinglist>
    <meshheading>
     <descriptorname majortopicyn="N">
      Adolescent
     </descriptorname>
    </meshheading>
    <meshheading>
     <descriptorname majortopicyn="N">
      Adult
     </descriptorname>
    </meshheading>
    <meshheading>
     <descriptorname majortopicyn="N">
      Age Distribution
     </descriptorname>
    </meshheading>
    <meshheading>
     <descriptorname majortopicyn="N">
      Cause of Death
     </descriptorname>
    </meshheading>
    <meshheading>
     <descriptorname majortopicyn="N">
      Child
     </descriptorname>
    </meshheading>
    <meshheading>
     <descriptorname majortopicyn="N">
      Hernia, Inguinal
     </descriptorname>
     <qualifiername majortopicyn="Y">
      complications
     </qualifiername>
     <qualifiername majortopicyn="N">
      epidemiology
     </qualifiername>
     <qualifiername majortopicyn="N">
      mortality
     </qualifiername>
     <qualifiername majortopicyn="N">
      surgery
     </qualifiername>
    </meshheading>
    <meshheading>
     <descriptorname majortopicyn="N">
      Humans
     </descriptorname>
    </meshheading>
    <meshheading>
     <descriptorname majortopicyn="N">
      Intestinal Obstruction
     </descriptorname>
     <qualifiername majortopicyn="Y">
      etiology
     </qualifiername>
     <qualifiername majortopicyn="N">
      mortality
     </qualifiername>
    </meshheading>
    <meshheading>
     <descriptorname majortopicyn="N">
      Prospective Studies
     </descriptorname>
    </meshheading>
    <meshheading>
     <descriptorname majortopicyn="N">
      Retrospective Studies
     </descriptorname>
    </meshheading>
    <meshheading>
     <descriptorname majortopicyn="N">
      Risk Factors
     </descriptorname>
    </meshheading>
    <meshheading>
     <descriptorname majortopicyn="N">
      Surgical Procedures, Elective
     </descriptorname>
    </meshheading>
   </meshheadinglist>
  </medlinecitation>
  <pubmeddata>
   <history>
    <pubmedpubdate pubstatus="pubmed">
     <year>
      1998
     </year>
     <month>
      9
     </month>
     <day>
      16
     </day>
    </pubmedpubdate>
    <pubmedpubdate pubstatus="medline">
     <year>
      1998
     </year>
     <month>
      9
     </month>
     <day>
      16
     </day>
     <hour>
      0
     </hour>
     <minute>
      1
     </minute>
    </pubmedpubdate>
    <pubmedpubdate pubstatus="entrez">
     <year>
      1998
     </year>
     <month>
      9
     </month>
     <day>
      16
     </day>
     <hour>
      0
     </hour>
     <minute>
      0
     </minute>
    </pubmedpubdate>
   </history>
   <publicationstatus>
    ppublish
   </publicationstatus>
   <articleidlist>
    <articleid idtype="pubmed">
     9737262
    </articleid>
   </articleidlist>
  </pubmeddata>
 </pubmedarticle>
</pubmedarticleset>

