<?xml version='1.0' encoding='utf-8'?>
<!DOCTYPE PubmedArticleSet PUBLIC "-//NLM//DTD PubMedArticle, 1st January 2011//EN" "http://www.ncbi.nlm.nih.gov/entrez/query/DTD/pubmed_110101.dtd">
<pubmedarticleset>
 <pubmedarticle>
  <medlinecitation owner="NLM" status="MEDLINE">
   <pmid version="1">
    9742977
   </pmid>
   <datecreated>
    <year>
     1998
    </year>
    <month>
     10
    </month>
    <day>
     01
    </day>
   </datecreated>
   <datecompleted>
    <year>
     1998
    </year>
    <month>
     10
    </month>
    <day>
     01
    </day>
   </datecompleted>
   <daterevised>
    <year>
     2006
    </year>
    <month>
     11
    </month>
    <day>
     15
    </day>
   </daterevised>
   <article pubmodel="Print">
    <journal>
     <issn issntype="Print">
      0140-6736
     </issn>
     <journalissue citedmedium="Print">
      <volume>
       352
      </volume>
      <issue>
       9131
      </issue>
      <pubdate>
       <year>
        1998
       </year>
       <month>
        Sep
       </month>
       <day>
        12
       </day>
      </pubdate>
     </journalissue>
     <title>
      Lancet
     </title>
     <isoabbreviation>
      Lancet
     </isoabbreviation>
    </journal>
    <articletitle>
     Effect of intensive blood-glucose control with metformin on complications in overweight patients with type 2 diabetes (UKPDS 34). UK Prospective Diabetes Study (UKPDS) Group.
    </articletitle>
    <pagination>
     <medlinepgn>
      854-65
     </medlinepgn>
    </pagination>
    <abstract>
     <abstracttext label="BACKGROUND" nlmcategory="BACKGROUND">
      In patients with type 2 diabetes, intensive blood-glucose control with insulin or sulphonylurea therapy decreases progression of microvascular disease and may also reduce the risk of heart attacks. This study investigated whether intensive glucose control with metformin has any specific advantage or disadvantage.
     </abstracttext>
     <abstracttext label="METHODS" nlmcategory="METHODS">
      Of 4075 patients recruited to UKPDS in 15 centres, 1704 overweight (&gt;120% ideal bodyweight) patients with newly diagnosed type 2 diabetes, mean age 53 years, had raised fasting plasma glucose (FPG; 6.1-15.0 mmol/L) without hyperglycaemic symptoms after 3 months' initial diet. 753 were included in a randomised controlled trial, median duration 10.7 years, of conventional policy, primarily with diet alone (n=411) versus intensive blood-glucose control policy with metformin, aiming for FPG below 6 mmol/L (n=342). A secondary analysis compared the 342 patients allocated metformin with 951 overweight patients allocated intensive blood-glucose control with chlorpropamide (n=265), glibenclamide (n=277), or insulin (n=409). The primary outcome measures were aggregates of any diabetes-related clinical endpoint, diabetes-related death, and all-cause mortality. In a supplementary randomised controlled trial, 537 non-overweight and overweight patients, mean age 59 years, who were already on maximum sulphonylurea therapy but had raised FPG (6.1-15.0 mmol/L) were allocated continuing sulphonylurea therapy alone (n=269) or addition of metformin (n=268).
     </abstracttext>
     <abstracttext label="FINDINGS" nlmcategory="RESULTS">
      Median glycated haemoglobin (HbA1c) was 7.4% in the metformin group compared with 8.0% in the conventional group. Patients allocated metformin, compared with the conventional group, had risk reductions of 32% (95% CI 13-47, p=0.002) for any diabetes-related endpoint, 42% for diabetes-related death (9-63, p=0.017), and 36% for all-cause mortality (9-55, p=0.011). Among patients allocated intensive blood-glucose control, metformin showed a greater effect than chlorpropamide, glibenclamide, or insulin for any diabetes-related endpoint (p=0.0034), all-cause mortality (p=0.021), and stroke (p=0.032). Early addition of metformin in sulphonylurea-treated patients was associated with an increased risk of diabetes-related death (96% increased risk [95% CI 2-275], p=0.039) compared with continued sulphonylurea alone. A combined analysis of the main and supplementary studies showed fewer metformin-allocated patients having diabetes-related endpoints (risk reduction 19% [2-33], p=0.033). Epidemiological assessment of the possible association of death from diabetes-related causes with the concurrent therapy of diabetes in 4416 patients did not show an increased risk in diabetes-related death in patients treated with a combination of sulphonylurea and metformin (risk reduction 5% [-33 to 32], p=0.78).
     </abstracttext>
     <abstracttext label="INTERPRETATION" nlmcategory="CONCLUSIONS">
      Since intensive glucose control with metformin appears to decrease the risk of diabetes-related endpoints in overweight diabetic patients, and is associated with less weight gain and fewer hypoglycaemic attacks than are insulin and sulphonylureas, it may be the first-line pharmacological therapy of choice in these patients.
     </abstracttext>
    </abstract>
    <language>
     eng
    </language>
    <publicationtypelist>
     <publicationtype>
      Clinical Trial
     </publicationtype>
     <publicationtype>
      Journal Article
     </publicationtype>
     <publicationtype>
      Randomized Controlled Trial
     </publicationtype>
     <publicationtype>
      Research Support, Non-U.S. Gov't
     </publicationtype>
     <publicationtype>
      Research Support, U.S. Gov't, P.H.S.
     </publicationtype>
    </publicationtypelist>
   </article>
   <medlinejournalinfo>
    <country>
     ENGLAND
    </country>
    <medlineta>
     Lancet
    </medlineta>
    <nlmuniqueid>
     2985213R
    </nlmuniqueid>
    <issnlinking>
     0140-6736
    </issnlinking>
   </medlinejournalinfo>
   <chemicallist>
    <chemical>
     <registrynumber>
      0
     </registrynumber>
     <nameofsubstance>
      Hemoglobin A, Glycosylated
     </nameofsubstance>
    </chemical>
    <chemical>
     <registrynumber>
      0
     </registrynumber>
     <nameofsubstance>
      Hypoglycemic Agents
     </nameofsubstance>
    </chemical>
    <chemical>
     <registrynumber>
      10238-21-8
     </registrynumber>
     <nameofsubstance>
      Glyburide
     </nameofsubstance>
    </chemical>
    <chemical>
     <registrynumber>
      11061-68-0
     </registrynumber>
     <nameofsubstance>
      Insulin
     </nameofsubstance>
    </chemical>
    <chemical>
     <registrynumber>
      657-24-9
     </registrynumber>
     <nameofsubstance>
      Metformin
     </nameofsubstance>
    </chemical>
    <chemical>
     <registrynumber>
      94-20-2
     </registrynumber>
     <nameofsubstance>
      Chlorpropamide
     </nameofsubstance>
    </chemical>
   </chemicallist>
   <citationsubset>
    AIM
   </citationsubset>
   <citationsubset>
    IM
   </citationsubset>
   <commentscorrectionslist>
    <commentscorrections reftype="CommentIn">
     <refsource>
      ACP J Club. 1999 Jan-Feb;130(1):3
     </refsource>
    </commentscorrections>
    <commentscorrections reftype="CommentIn">
     <refsource>
      Lancet. 1998 Dec 12;352(9144):1932-3; author reply 1934
     </refsource>
     <pmid version="1">
      9863807
     </pmid>
    </commentscorrections>
    <commentscorrections reftype="CommentIn">
     <refsource>
      Lancet. 1998 Dec 12;352(9144):1933; author reply 1934
     </refsource>
     <pmid version="1">
      9863809
     </pmid>
    </commentscorrections>
    <commentscorrections reftype="CommentIn">
     <refsource>
      Lancet. 1998 Sep 12;352(9131):832-3
     </refsource>
     <pmid version="1">
      9742972
     </pmid>
    </commentscorrections>
    <commentscorrections reftype="CommentIn">
     <refsource>
      Lancet. 1998 Dec 12;352(9144):1934
     </refsource>
     <pmid version="1">
      9863811
     </pmid>
    </commentscorrections>
    <commentscorrections reftype="CommentIn">
     <refsource>
      Lancet. 1998 Dec 12;352(9144):1932; author reply 1934
     </refsource>
     <pmid version="1">
      9863806
     </pmid>
    </commentscorrections>
    <commentscorrections reftype="CommentIn">
     <refsource>
      Lancet. 1998 Dec 12;352(9144):1933; author reply 1934
     </refsource>
     <pmid version="1">
      9863810
     </pmid>
    </commentscorrections>
    <commentscorrections reftype="ErratumIn">
     <refsource>
      Lancet 1998 Nov 7;352(9139):1558
     </refsource>
    </commentscorrections>
   </commentscorrectionslist>
   <meshheadinglist>
    <meshheading>
     <descriptorname majortopicyn="N">
      Chlorpropamide
     </descriptorname>
     <qualifiername majortopicyn="N">
      therapeutic use
     </qualifiername>
    </meshheading>
    <meshheading>
     <descriptorname majortopicyn="N">
      Diabetes Mellitus
     </descriptorname>
     <qualifiername majortopicyn="Y">
      blood
     </qualifiername>
    </meshheading>
    <meshheading>
     <descriptorname majortopicyn="N">
      Diabetes Mellitus, Type 2
     </descriptorname>
     <qualifiername majortopicyn="N">
      blood
     </qualifiername>
     <qualifiername majortopicyn="Y">
      complications
     </qualifiername>
     <qualifiername majortopicyn="N">
      diet therapy
     </qualifiername>
     <qualifiername majortopicyn="N">
      drug therapy
     </qualifiername>
    </meshheading>
    <meshheading>
     <descriptorname majortopicyn="N">
      Diabetic Angiopathies
     </descriptorname>
     <qualifiername majortopicyn="N">
      prevention &amp; control
     </qualifiername>
    </meshheading>
    <meshheading>
     <descriptorname majortopicyn="N">
      Female
     </descriptorname>
    </meshheading>
    <meshheading>
     <descriptorname majortopicyn="N">
      Glyburide
     </descriptorname>
     <qualifiername majortopicyn="N">
      therapeutic use
     </qualifiername>
    </meshheading>
    <meshheading>
     <descriptorname majortopicyn="N">
      Hemoglobin A, Glycosylated
     </descriptorname>
     <qualifiername majortopicyn="N">
      analysis
     </qualifiername>
    </meshheading>
    <meshheading>
     <descriptorname majortopicyn="N">
      Humans
     </descriptorname>
    </meshheading>
    <meshheading>
     <descriptorname majortopicyn="N">
      Hypoglycemic Agents
     </descriptorname>
     <qualifiername majortopicyn="Y">
      therapeutic use
     </qualifiername>
    </meshheading>
    <meshheading>
     <descriptorname majortopicyn="N">
      Insulin
     </descriptorname>
     <qualifiername majortopicyn="N">
      therapeutic use
     </qualifiername>
    </meshheading>
    <meshheading>
     <descriptorname majortopicyn="N">
      Male
     </descriptorname>
    </meshheading>
    <meshheading>
     <descriptorname majortopicyn="N">
      Metformin
     </descriptorname>
     <qualifiername majortopicyn="Y">
      therapeutic use
     </qualifiername>
    </meshheading>
    <meshheading>
     <descriptorname majortopicyn="N">
      Middle Aged
     </descriptorname>
    </meshheading>
    <meshheading>
     <descriptorname majortopicyn="Y">
      Obesity
     </descriptorname>
    </meshheading>
    <meshheading>
     <descriptorname majortopicyn="N">
      Prospective Studies
     </descriptorname>
    </meshheading>
    <meshheading>
     <descriptorname majortopicyn="N">
      Risk Factors
     </descriptorname>
    </meshheading>
   </meshheadinglist>
  </medlinecitation>
  <pubmeddata>
   <history>
    <pubmedpubdate pubstatus="pubmed">
     <year>
      1998
     </year>
     <month>
      9
     </month>
     <day>
      22
     </day>
    </pubmedpubdate>
    <pubmedpubdate pubstatus="medline">
     <year>
      1998
     </year>
     <month>
      9
     </month>
     <day>
      22
     </day>
     <hour>
      0
     </hour>
     <minute>
      1
     </minute>
    </pubmedpubdate>
    <pubmedpubdate pubstatus="entrez">
     <year>
      1998
     </year>
     <month>
      9
     </month>
     <day>
      22
     </day>
     <hour>
      0
     </hour>
     <minute>
      0
     </minute>
    </pubmedpubdate>
   </history>
   <publicationstatus>
    ppublish
   </publicationstatus>
   <articleidlist>
    <articleid idtype="pubmed">
     9742977
    </articleid>
    <articleid idtype="pii">
     S0140673698070378
    </articleid>
   </articleidlist>
  </pubmeddata>
 </pubmedarticle>
</pubmedarticleset>

