<?xml version='1.0' encoding='utf-8'?>
<!DOCTYPE PubmedArticleSet PUBLIC "-//NLM//DTD PubMedArticle, 1st January 2011//EN" "http://www.ncbi.nlm.nih.gov/entrez/query/DTD/pubmed_110101.dtd">
<pubmedarticleset>
 <pubmedarticle>
  <medlinecitation owner="NLM" status="MEDLINE">
   <pmid version="1">
    9745406
   </pmid>
   <datecreated>
    <year>
     1998
    </year>
    <month>
     10
    </month>
    <day>
     08
    </day>
   </datecreated>
   <datecompleted>
    <year>
     1998
    </year>
    <month>
     10
    </month>
    <day>
     08
    </day>
   </datecompleted>
   <daterevised>
    <year>
     2007
    </year>
    <month>
     11
    </month>
    <day>
     14
    </day>
   </daterevised>
   <article pubmodel="Print">
    <journal>
     <issn issntype="Print">
      0021-972X
     </issn>
     <journalissue citedmedium="Print">
      <volume>
       83
      </volume>
      <issue>
       9
      </issue>
      <pubdate>
       <year>
        1998
       </year>
       <month>
        Sep
       </month>
      </pubdate>
     </journalissue>
     <title>
      The Journal of clinical endocrinology and metabolism
     </title>
     <isoabbreviation>
      J. Clin. Endocrinol. Metab.
     </isoabbreviation>
    </journal>
    <articletitle>
     Prevalence of the polycystic ovary syndrome in unselected black and white women of the southeastern United States: a prospective study.
    </articletitle>
    <pagination>
     <medlinepgn>
      3078-82
     </medlinepgn>
    </pagination>
    <abstract>
     <abstracttext>
      Estimates of the prevalence of the polycystic ovary syndrome (PCOS) in the general population have ranged from 2-20%. The vast majority of these reports have studied White populations in Europe, used limited definitions of the disorder, and/or used bias populations, such as those seeking medical care. To estimate the prevalence of this disorder in the United States and address these limitations, we prospectively determined the prevalence of PCOS in a reproductive-aged population of 369 consecutive women (174 White and 195 Black; aged 18-45 yr), examined at the time of their preemployment physical. Body measures were obtained, and body hair was quantified by a modified Ferriman-Gallwey (F-G) method. All exams were initially performed by 2 trained nurses, and any subject with an F-G score above 3 was reexamined by a physician, the same for all patients. Of the 369 women, 277 (75.1%) also agreed to complete a questionnaire and have additional blood drawn. Subjects were studied regardless of current estrogen/progestin hormonal use (28.5%). PCOS was defined as 1) oligoovulation, 2) clinical hyperandrogenism (i.e. hirsutism) and/or hyperandrogenemia, and 3) exclusion of other related disorders, such as hyperprolactinemia, thyroid abnormalities, and non-classic adrenal hyperplasia. Hirsutism was defined by a F-G score of 6 or more, and hyperandrogenemia was defined as a total or free testosterone, androstenedione, and/or dehydroepiandrosterone sulfate level above the 95th percentile of control values [i.e. all eumenorrheic women in the study, who had no hirsutism (F-G &lt; or = 5) or acne and were receiving no hormonal therapy; n = 98]. Considering all 369 women studied, White and Black women had similar mean ages (29.4 +/- 7.1 and 31.1 +/- 7.8 yr, respectively), although White women had a lesser body mass than Black women (24.9 +/- 6.1 vs. 29.2 +/- 8.1 kg/m2, respectively; P &lt; 0.001). Of these 7.6%, 4.6%, and 1.9% demonstrated a F-G score of 6 or more, 8 or 10, respectively, and there was no significant racial difference, with hirsutism prevalences of 8.0%, 2.8%, and 1.6% in Whites, and 7.1%, 6.1%, and 2.1% in Blacks, respectively. Of the 277 women consenting to a history and hormonal evaluation, 4.0% had PCOS as defined, 4.7% (6 of 129) of Whites and 3.4% (5 of 148) of Blacks. In conclusion, in our consecutive population of unselected women the prevalence of hirsutism varied from 2-8% depending on the chosen cut-off F-G score, with no significant difference between White and Black women. Using an F-G score of 6 or more as indicative of hirsutism, 3.4% of Blacks and 4.7% of Whites had PCOS as defined. These data suggest that PCOS may be one of most common reproductive endocrinological disorders of women.
     </abstracttext>
    </abstract>
    <affiliation>
     Department of Obstetrics and Gynecology, University of Alabama, Birmingham 35233, USA.
    </affiliation>
    <authorlist completeyn="Y">
     <author validyn="Y">
      <lastname>
       Knochenhauer
      </lastname>
      <forename>
       E S
      </forename>
      <initials>
       ES
      </initials>
     </author>
     <author validyn="Y">
      <lastname>
       Key
      </lastname>
      <forename>
       T J
      </forename>
      <initials>
       TJ
      </initials>
     </author>
     <author validyn="Y">
      <lastname>
       Kahsar-Miller
      </lastname>
      <forename>
       M
      </forename>
      <initials>
       M
      </initials>
     </author>
     <author validyn="Y">
      <lastname>
       Waggoner
      </lastname>
      <forename>
       W
      </forename>
      <initials>
       W
      </initials>
     </author>
     <author validyn="Y">
      <lastname>
       Boots
      </lastname>
      <forename>
       L R
      </forename>
      <initials>
       LR
      </initials>
     </author>
     <author validyn="Y">
      <lastname>
       Azziz
      </lastname>
      <forename>
       R
      </forename>
      <initials>
       R
      </initials>
     </author>
    </authorlist>
    <language>
     eng
    </language>
    <grantlist completeyn="Y">
     <grant>
      <grantid>
       R01-HD-29364
      </grantid>
      <acronym>
       HD
      </acronym>
      <agency>
       NICHD NIH HHS
      </agency>
      <country>
       United States
      </country>
     </grant>
    </grantlist>
    <publicationtypelist>
     <publicationtype>
      Journal Article
     </publicationtype>
     <publicationtype>
      Research Support, U.S. Gov't, P.H.S.
     </publicationtype>
    </publicationtypelist>
   </article>
   <medlinejournalinfo>
    <country>
     UNITED STATES
    </country>
    <medlineta>
     J Clin Endocrinol Metab
    </medlineta>
    <nlmuniqueid>
     0375362
    </nlmuniqueid>
    <issnlinking>
     0021-972X
    </issnlinking>
   </medlinejournalinfo>
   <chemicallist>
    <chemical>
     <registrynumber>
      58-22-0
     </registrynumber>
     <nameofsubstance>
      Testosterone
     </nameofsubstance>
    </chemical>
    <chemical>
     <registrynumber>
      651-48-9
     </registrynumber>
     <nameofsubstance>
      Dehydroepiandrosterone Sulfate
     </nameofsubstance>
    </chemical>
   </chemicallist>
   <citationsubset>
    AIM
   </citationsubset>
   <citationsubset>
    IM
   </citationsubset>
   <meshheadinglist>
    <meshheading>
     <descriptorname majortopicyn="N">
      Acne Vulgaris
     </descriptorname>
    </meshheading>
    <meshheading>
     <descriptorname majortopicyn="N">
      Adolescent
     </descriptorname>
    </meshheading>
    <meshheading>
     <descriptorname majortopicyn="N">
      Adult
     </descriptorname>
    </meshheading>
    <meshheading>
     <descriptorname majortopicyn="Y">
      African Continental Ancestry Group
     </descriptorname>
    </meshheading>
    <meshheading>
     <descriptorname majortopicyn="N" type="Geographic">
      Alabama
     </descriptorname>
     <qualifiername majortopicyn="N">
      epidemiology
     </qualifiername>
    </meshheading>
    <meshheading>
     <descriptorname majortopicyn="N">
      Dehydroepiandrosterone Sulfate
     </descriptorname>
     <qualifiername majortopicyn="N">
      blood
     </qualifiername>
    </meshheading>
    <meshheading>
     <descriptorname majortopicyn="Y">
      European Continental Ancestry Group
     </descriptorname>
    </meshheading>
    <meshheading>
     <descriptorname majortopicyn="N">
      Female
     </descriptorname>
    </meshheading>
    <meshheading>
     <descriptorname majortopicyn="N">
      Hirsutism
     </descriptorname>
    </meshheading>
    <meshheading>
     <descriptorname majortopicyn="N">
      Humans
     </descriptorname>
    </meshheading>
    <meshheading>
     <descriptorname majortopicyn="N">
      Middle Aged
     </descriptorname>
    </meshheading>
    <meshheading>
     <descriptorname majortopicyn="N">
      Oligomenorrhea
     </descriptorname>
    </meshheading>
    <meshheading>
     <descriptorname majortopicyn="N">
      Polycystic Ovary Syndrome
     </descriptorname>
     <qualifiername majortopicyn="N">
      diagnosis
     </qualifiername>
     <qualifiername majortopicyn="Y">
      epidemiology
     </qualifiername>
    </meshheading>
    <meshheading>
     <descriptorname majortopicyn="N">
      Prospective Studies
     </descriptorname>
    </meshheading>
    <meshheading>
     <descriptorname majortopicyn="N">
      Testosterone
     </descriptorname>
     <qualifiername majortopicyn="N">
      blood
     </qualifiername>
    </meshheading>
   </meshheadinglist>
  </medlinecitation>
  <pubmeddata>
   <history>
    <pubmedpubdate pubstatus="pubmed">
     <year>
      1998
     </year>
     <month>
      9
     </month>
     <day>
      24
     </day>
    </pubmedpubdate>
    <pubmedpubdate pubstatus="medline">
     <year>
      1998
     </year>
     <month>
      9
     </month>
     <day>
      24
     </day>
     <hour>
      0
     </hour>
     <minute>
      1
     </minute>
    </pubmedpubdate>
    <pubmedpubdate pubstatus="entrez">
     <year>
      1998
     </year>
     <month>
      9
     </month>
     <day>
      24
     </day>
     <hour>
      0
     </hour>
     <minute>
      0
     </minute>
    </pubmedpubdate>
   </history>
   <publicationstatus>
    ppublish
   </publicationstatus>
   <articleidlist>
    <articleid idtype="pubmed">
     9745406
    </articleid>
   </articleidlist>
  </pubmeddata>
 </pubmedarticle>
</pubmedarticleset>

