<?xml version='1.0' encoding='utf-8'?>
<!DOCTYPE PubmedArticleSet PUBLIC "-//NLM//DTD PubMedArticle, 1st January 2011//EN" "http://www.ncbi.nlm.nih.gov/entrez/query/DTD/pubmed_110101.dtd">
<pubmedarticleset>
 <pubmedarticle>
  <medlinecitation owner="NLM" status="MEDLINE">
   <pmid version="1">
    9782811
   </pmid>
   <datecreated>
    <year>
     1999
    </year>
    <month>
     04
    </month>
    <day>
     15
    </day>
   </datecreated>
   <datecompleted>
    <year>
     1999
    </year>
    <month>
     04
    </month>
    <day>
     15
    </day>
   </datecompleted>
   <daterevised>
    <year>
     2009
    </year>
    <month>
     11
    </month>
    <day>
     19
    </day>
   </daterevised>
   <article pubmodel="Print">
    <journal>
     <issn issntype="Print">
      0893-7524
     </issn>
     <journalissue citedmedium="Print">
      <volume>
       11
      </volume>
      <issue>
       3
      </issue>
      <pubdate>
       <year>
        1998
       </year>
       <month>
        Jun
       </month>
      </pubdate>
     </journalissue>
     <title>
      Arthritis care and research : the official journal of the Arthritis Health Professions Association
     </title>
     <isoabbreviation>
      Arthritis Care Res
     </isoabbreviation>
    </journal>
    <articletitle>
     Biofeedback/relaxation training and exercise interventions for fibromyalgia: a prospective trial.
    </articletitle>
    <pagination>
     <medlinepgn>
      196-209
     </medlinepgn>
    </pagination>
    <abstract>
     <abstracttext label="OBJECTIVE" nlmcategory="OBJECTIVE">
      To compare the effectiveness of biofeedback/relaxation, exercise, and a combined program for the treatment of fibromyalgia.
     </abstracttext>
     <abstracttext label="METHODS" nlmcategory="METHODS">
      Subjects (n = 119) were randomly assigned to one of 4 groups: 1) biofeedback/relaxation training, 2) exercise training, 3) a combination treatment, or 4) an educational/attention control program.
     </abstracttext>
     <abstracttext label="RESULTS" nlmcategory="RESULTS">
      All 3 treatment groups produced improvements in self-efficacy for function relative to the control condition. In addition, all treatment groups were significantly different from the control group on tender point index scores, reflecting a modest deterioration by the attention control group rather than improvements by the treatment groups. The exercise and combination groups also resulted in modest improvements on a physical activity measure. The combination group best maintained benefits across the 2-year period.
     </abstracttext>
     <abstracttext label="CONCLUSION" nlmcategory="CONCLUSIONS">
      This study demonstrates that these 3 treatment interventions result in improved self-efficacy for physical function which was best maintained by the combination group.
     </abstracttext>
    </abstract>
    <affiliation>
     Department of Physical Medicine and Rehabilitation, Missouri Arthritis Rehabilitation Research and Training Center, School of Medicine, University of Missouri-Columbia, USA.
    </affiliation>
    <authorlist completeyn="Y">
     <author validyn="Y">
      <lastname>
       Buckelew
      </lastname>
      <forename>
       S P
      </forename>
      <initials>
       SP
      </initials>
     </author>
     <author validyn="Y">
      <lastname>
       Conway
      </lastname>
      <forename>
       R
      </forename>
      <initials>
       R
      </initials>
     </author>
     <author validyn="Y">
      <lastname>
       Parker
      </lastname>
      <forename>
       J
      </forename>
      <initials>
       J
      </initials>
     </author>
     <author validyn="Y">
      <lastname>
       Deuser
      </lastname>
      <forename>
       W E
      </forename>
      <initials>
       WE
      </initials>
     </author>
     <author validyn="Y">
      <lastname>
       Read
      </lastname>
      <forename>
       J
      </forename>
      <initials>
       J
      </initials>
     </author>
     <author validyn="Y">
      <lastname>
       Witty
      </lastname>
      <forename>
       T E
      </forename>
      <initials>
       TE
      </initials>
     </author>
     <author validyn="Y">
      <lastname>
       Hewett
      </lastname>
      <forename>
       J E
      </forename>
      <initials>
       JE
      </initials>
     </author>
     <author validyn="Y">
      <lastname>
       Minor
      </lastname>
      <forename>
       M
      </forename>
      <initials>
       M
      </initials>
     </author>
     <author validyn="Y">
      <lastname>
       Johnson
      </lastname>
      <forename>
       J C
      </forename>
      <initials>
       JC
      </initials>
     </author>
     <author validyn="Y">
      <lastname>
       Van Male
      </lastname>
      <forename>
       L
      </forename>
      <initials>
       L
      </initials>
     </author>
     <author validyn="Y">
      <lastname>
       McIntosh
      </lastname>
      <forename>
       M J
      </forename>
      <initials>
       MJ
      </initials>
     </author>
     <author validyn="Y">
      <lastname>
       Nigh
      </lastname>
      <forename>
       M
      </forename>
      <initials>
       M
      </initials>
     </author>
     <author validyn="Y">
      <lastname>
       Kay
      </lastname>
      <forename>
       D R
      </forename>
      <initials>
       DR
      </initials>
     </author>
    </authorlist>
    <language>
     eng
    </language>
    <grantlist completeyn="Y">
     <grant>
      <grantid>
       1-R29-AR39481
      </grantid>
      <acronym>
       AR
      </acronym>
      <agency>
       NIAMS NIH HHS
      </agency>
      <country>
       United States
      </country>
     </grant>
    </grantlist>
    <publicationtypelist>
     <publicationtype>
      Clinical Trial
     </publicationtype>
     <publicationtype>
      Comparative Study
     </publicationtype>
     <publicationtype>
      Journal Article
     </publicationtype>
     <publicationtype>
      Randomized Controlled Trial
     </publicationtype>
     <publicationtype>
      Research Support, U.S. Gov't, Non-P.H.S.
     </publicationtype>
     <publicationtype>
      Research Support, U.S. Gov't, P.H.S.
     </publicationtype>
    </publicationtypelist>
   </article>
   <medlinejournalinfo>
    <country>
     UNITED STATES
    </country>
    <medlineta>
     Arthritis Care Res
    </medlineta>
    <nlmuniqueid>
     8809082
    </nlmuniqueid>
    <issnlinking>
     0893-7524
    </issnlinking>
   </medlinejournalinfo>
   <citationsubset>
    N
   </citationsubset>
   <meshheadinglist>
    <meshheading>
     <descriptorname majortopicyn="N">
      Activities of Daily Living
     </descriptorname>
    </meshheading>
    <meshheading>
     <descriptorname majortopicyn="N">
      Adult
     </descriptorname>
    </meshheading>
    <meshheading>
     <descriptorname majortopicyn="Y">
      Biofeedback, Psychology
     </descriptorname>
     <qualifiername majortopicyn="N">
      methods
     </qualifiername>
    </meshheading>
    <meshheading>
     <descriptorname majortopicyn="N">
      Combined Modality Therapy
     </descriptorname>
    </meshheading>
    <meshheading>
     <descriptorname majortopicyn="Y">
      Exercise Therapy
     </descriptorname>
     <qualifiername majortopicyn="N">
      methods
     </qualifiername>
    </meshheading>
    <meshheading>
     <descriptorname majortopicyn="N">
      Female
     </descriptorname>
    </meshheading>
    <meshheading>
     <descriptorname majortopicyn="N">
      Fibromyalgia
     </descriptorname>
     <qualifiername majortopicyn="Y">
      therapy
     </qualifiername>
    </meshheading>
    <meshheading>
     <descriptorname majortopicyn="N">
      Humans
     </descriptorname>
    </meshheading>
    <meshheading>
     <descriptorname majortopicyn="N">
      Male
     </descriptorname>
    </meshheading>
    <meshheading>
     <descriptorname majortopicyn="N">
      Middle Aged
     </descriptorname>
    </meshheading>
    <meshheading>
     <descriptorname majortopicyn="Y">
      Patient Education as Topic
     </descriptorname>
     <qualifiername majortopicyn="N">
      methods
     </qualifiername>
    </meshheading>
    <meshheading>
     <descriptorname majortopicyn="N">
      Prospective Studies
     </descriptorname>
    </meshheading>
    <meshheading>
     <descriptorname majortopicyn="Y">
      Relaxation Therapy
     </descriptorname>
    </meshheading>
    <meshheading>
     <descriptorname majortopicyn="N">
      Treatment Outcome
     </descriptorname>
    </meshheading>
   </meshheadinglist>
  </medlinecitation>
  <pubmeddata>
   <history>
    <pubmedpubdate pubstatus="pubmed">
     <year>
      1998
     </year>
     <month>
      10
     </month>
     <day>
      23
     </day>
    </pubmedpubdate>
    <pubmedpubdate pubstatus="medline">
     <year>
      1998
     </year>
     <month>
      10
     </month>
     <day>
      23
     </day>
     <hour>
      0
     </hour>
     <minute>
      1
     </minute>
    </pubmedpubdate>
    <pubmedpubdate pubstatus="entrez">
     <year>
      1998
     </year>
     <month>
      10
     </month>
     <day>
      23
     </day>
     <hour>
      0
     </hour>
     <minute>
      0
     </minute>
    </pubmedpubdate>
   </history>
   <publicationstatus>
    ppublish
   </publicationstatus>
   <articleidlist>
    <articleid idtype="pubmed">
     9782811
    </articleid>
   </articleidlist>
  </pubmeddata>
 </pubmedarticle>
</pubmedarticleset>

