<?xml version='1.0' encoding='utf-8'?>
<!DOCTYPE PubmedArticleSet PUBLIC "-//NLM//DTD PubMedArticle, 1st January 2011//EN" "http://www.ncbi.nlm.nih.gov/entrez/query/DTD/pubmed_110101.dtd">
<pubmedarticleset>
 <pubmedarticle>
  <medlinecitation owner="NLM" status="MEDLINE">
   <pmid version="1">
    9862624
   </pmid>
   <datecreated>
    <year>
     1999
    </year>
    <month>
     01
    </month>
    <day>
     06
    </day>
   </datecreated>
   <datecompleted>
    <year>
     1999
    </year>
    <month>
     01
    </month>
    <day>
     06
    </day>
   </datecompleted>
   <daterevised>
    <year>
     2006
    </year>
    <month>
     11
    </month>
    <day>
     15
    </day>
   </daterevised>
   <article pubmodel="Print">
    <journal>
     <issn issntype="Print">
      0027-8874
     </issn>
     <journalissue citedmedium="Print">
      <volume>
       90
      </volume>
      <issue>
       24
      </issue>
      <pubdate>
       <year>
        1998
       </year>
       <month>
        Dec
       </month>
       <day>
        16
       </day>
      </pubdate>
     </journalissue>
     <title>
      Journal of the National Cancer Institute
     </title>
     <isoabbreviation>
      J. Natl. Cancer Inst.
     </isoabbreviation>
    </journal>
    <articletitle>
     Sunscreen use, wearing clothes, and number of nevi in 6- to 7-year-old European children. European Organization for Research and Treatment of Cancer Melanoma Cooperative Group.
    </articletitle>
    <pagination>
     <medlinepgn>
      1873-80
     </medlinepgn>
    </pagination>
    <abstract>
     <abstracttext label="BACKGROUND" nlmcategory="BACKGROUND">
      Previous epidemiologic studies have suggested that sunscreen use is associated with an increased risk of melanoma skin cancer. Because high nevi (mole) count in adults is a strong predictor of melanoma, we conducted a study examining the number of nevi in 6- to 7-year-old European children, according to their sunscreen use.
     </abstracttext>
     <abstracttext label="METHODS" nlmcategory="METHODS">
      Whole-body and site-specific counts of nevi 2 mm or larger were performed in 631 children in their first year of primary school in four European cities. Independently, parents were interviewed regarding sun exposure, sunscreen use, and physical sun protection of their child.
     </abstracttext>
     <abstracttext label="RESULTS" nlmcategory="RESULTS">
      After adjustment for sun exposure and host characteristics (e.g., skin phototype, eye color), the relative risk for high nevus count on the trunk was 1.68 (95% confidence interval [CI] = 1.09-2.59) for the highest level of sunscreen use and 0.59 (95% CI = 0.36-0.97) for the highest level of wearing of clothes while in the sun. The sun protection factor had no effect on nevus counts despite a high median value of 17.4. Sunburn number was not associated with nevus count. The highest risk associated with sunscreen use was found among children who had never experienced sunburn.
     </abstracttext>
     <abstracttext label="CONCLUSIONS" nlmcategory="CONCLUSIONS">
      In white, European children, sunscreen use appears to be associated with development of nevi, probably because it allows longer sun exposures. Wearing clothes may be an effective way to prevent proliferation of nevi. Since a high nevus count is a strong predictor of melanoma, sunscreen use may be involved in melanoma occurrence because it may encourage recreational sun exposure.
     </abstracttext>
    </abstract>
    <affiliation>
     European Institute of Oncology, Milan, Italy. pautier@ieo.it
    </affiliation>
    <authorlist completeyn="Y">
     <author validyn="Y">
      <lastname>
       Autier
      </lastname>
      <forename>
       P
      </forename>
      <initials>
       P
      </initials>
     </author>
     <author validyn="Y">
      <lastname>
       Doré
      </lastname>
      <forename>
       J F
      </forename>
      <initials>
       JF
      </initials>
     </author>
     <author validyn="Y">
      <lastname>
       Cattaruzza
      </lastname>
      <forename>
       M S
      </forename>
      <initials>
       MS
      </initials>
     </author>
     <author validyn="Y">
      <lastname>
       Renard
      </lastname>
      <forename>
       F
      </forename>
      <initials>
       F
      </initials>
     </author>
     <author validyn="Y">
      <lastname>
       Luther
      </lastname>
      <forename>
       H
      </forename>
      <initials>
       H
      </initials>
     </author>
     <author validyn="Y">
      <lastname>
       Gentiloni-Silverj
      </lastname>
      <forename>
       F
      </forename>
      <initials>
       F
      </initials>
     </author>
     <author validyn="Y">
      <lastname>
       Zantedeschi
      </lastname>
      <forename>
       E
      </forename>
      <initials>
       E
      </initials>
     </author>
     <author validyn="Y">
      <lastname>
       Mezzetti
      </lastname>
      <forename>
       M
      </forename>
      <initials>
       M
      </initials>
     </author>
     <author validyn="Y">
      <lastname>
       Monjaud
      </lastname>
      <forename>
       I
      </forename>
      <initials>
       I
      </initials>
     </author>
     <author validyn="Y">
      <lastname>
       Andry
      </lastname>
      <forename>
       M
      </forename>
      <initials>
       M
      </initials>
     </author>
     <author validyn="Y">
      <lastname>
       Osborn
      </lastname>
      <forename>
       J F
      </forename>
      <initials>
       JF
      </initials>
     </author>
     <author validyn="Y">
      <lastname>
       Grivegnée
      </lastname>
      <forename>
       A R
      </forename>
      <initials>
       AR
      </initials>
     </author>
    </authorlist>
    <language>
     eng
    </language>
    <publicationtypelist>
     <publicationtype>
      Journal Article
     </publicationtype>
     <publicationtype>
      Multicenter Study
     </publicationtype>
     <publicationtype>
      Research Support, Non-U.S. Gov't
     </publicationtype>
    </publicationtypelist>
   </article>
   <medlinejournalinfo>
    <country>
     UNITED STATES
    </country>
    <medlineta>
     J Natl Cancer Inst
    </medlineta>
    <nlmuniqueid>
     7503089
    </nlmuniqueid>
    <issnlinking>
     0027-8874
    </issnlinking>
   </medlinejournalinfo>
   <chemicallist>
    <chemical>
     <registrynumber>
      0
     </registrynumber>
     <nameofsubstance>
      Sunscreening Agents
     </nameofsubstance>
    </chemical>
   </chemicallist>
   <citationsubset>
    IM
   </citationsubset>
   <commentscorrectionslist>
    <commentscorrections reftype="CommentIn">
     <refsource>
      J Natl Cancer Inst. 1998 Dec 16;90(24):1854-5
     </refsource>
     <pmid version="1">
      9862615
     </pmid>
    </commentscorrections>
    <commentscorrections reftype="CommentIn">
     <refsource>
      J Natl Cancer Inst. 1999 Jul 7;91(13):1164-6
     </refsource>
     <pmid version="1">
      10393728
     </pmid>
    </commentscorrections>
    <commentscorrections reftype="CommentIn">
     <refsource>
      J Natl Cancer Inst. 1999 Jun 16;91(12):1078-80
     </refsource>
     <pmid version="1">
      10379974
     </pmid>
    </commentscorrections>
   </commentscorrectionslist>
   <meshheadinglist>
    <meshheading>
     <descriptorname majortopicyn="N">
      Child
     </descriptorname>
    </meshheading>
    <meshheading>
     <descriptorname majortopicyn="N" type="Geographic">
      Europe
     </descriptorname>
     <qualifiername majortopicyn="N">
      epidemiology
     </qualifiername>
    </meshheading>
    <meshheading>
     <descriptorname majortopicyn="N">
      Female
     </descriptorname>
    </meshheading>
    <meshheading>
     <descriptorname majortopicyn="N">
      Humans
     </descriptorname>
    </meshheading>
    <meshheading>
     <descriptorname majortopicyn="N">
      Male
     </descriptorname>
    </meshheading>
    <meshheading>
     <descriptorname majortopicyn="N">
      Nevus
     </descriptorname>
     <qualifiername majortopicyn="N">
      epidemiology
     </qualifiername>
     <qualifiername majortopicyn="N">
      etiology
     </qualifiername>
     <qualifiername majortopicyn="Y">
      prevention &amp; control
     </qualifiername>
    </meshheading>
    <meshheading>
     <descriptorname majortopicyn="N">
      Parents
     </descriptorname>
    </meshheading>
    <meshheading>
     <descriptorname majortopicyn="Y">
      Protective Clothing
     </descriptorname>
     <qualifiername majortopicyn="N">
      statistics &amp; numerical data
     </qualifiername>
    </meshheading>
    <meshheading>
     <descriptorname majortopicyn="N">
      Risk
     </descriptorname>
    </meshheading>
    <meshheading>
     <descriptorname majortopicyn="N">
      Skin Neoplasms
     </descriptorname>
     <qualifiername majortopicyn="N">
      epidemiology
     </qualifiername>
     <qualifiername majortopicyn="N">
      etiology
     </qualifiername>
     <qualifiername majortopicyn="Y">
      prevention &amp; control
     </qualifiername>
    </meshheading>
    <meshheading>
     <descriptorname majortopicyn="N">
      Sunburn
     </descriptorname>
     <qualifiername majortopicyn="N">
      complications
     </qualifiername>
     <qualifiername majortopicyn="N">
      epidemiology
     </qualifiername>
     <qualifiername majortopicyn="Y">
      prevention &amp; control
     </qualifiername>
    </meshheading>
    <meshheading>
     <descriptorname majortopicyn="N">
      Sunscreening Agents
     </descriptorname>
     <qualifiername majortopicyn="Y">
      administration &amp; dosage
     </qualifiername>
    </meshheading>
   </meshheadinglist>
  </medlinecitation>
  <pubmeddata>
   <history>
    <pubmedpubdate pubstatus="pubmed">
     <year>
      1998
     </year>
     <month>
      12
     </month>
     <day>
      23
     </day>
    </pubmedpubdate>
    <pubmedpubdate pubstatus="medline">
     <year>
      1998
     </year>
     <month>
      12
     </month>
     <day>
      23
     </day>
     <hour>
      0
     </hour>
     <minute>
      1
     </minute>
    </pubmedpubdate>
    <pubmedpubdate pubstatus="entrez">
     <year>
      1998
     </year>
     <month>
      12
     </month>
     <day>
      23
     </day>
     <hour>
      0
     </hour>
     <minute>
      0
     </minute>
    </pubmedpubdate>
   </history>
   <publicationstatus>
    ppublish
   </publicationstatus>
   <articleidlist>
    <articleid idtype="pubmed">
     9862624
    </articleid>
   </articleidlist>
  </pubmeddata>
 </pubmedarticle>
</pubmedarticleset>

