<?xml version='1.0' encoding='utf-8'?>
<!DOCTYPE PubmedArticleSet PUBLIC "-//NLM//DTD PubMedArticle, 1st January 2011//EN" "http://www.ncbi.nlm.nih.gov/entrez/query/DTD/pubmed_110101.dtd">
<pubmedarticleset>
 <pubmedarticle>
  <medlinecitation owner="NLM" status="MEDLINE">
   <pmid version="1">
    9892589
   </pmid>
   <datecreated>
    <year>
     1999
    </year>
    <month>
     02
    </month>
    <day>
     23
    </day>
   </datecreated>
   <datecompleted>
    <year>
     1999
    </year>
    <month>
     02
    </month>
    <day>
     23
    </day>
   </datecompleted>
   <daterevised>
    <year>
     2006
    </year>
    <month>
     11
    </month>
    <day>
     15
    </day>
   </daterevised>
   <article pubmodel="Print">
    <journal>
     <issn issntype="Electronic">
      1524-4539
     </issn>
     <journalissue citedmedium="Internet">
      <volume>
       99
      </volume>
      <issue>
       2
      </issue>
      <pubdate>
       <year>
        1999
       </year>
       <month>
        Jan
       </month>
       <day>
        19
       </day>
      </pubdate>
     </journalissue>
     <title>
      Circulation
     </title>
     <isoabbreviation>
      Circulation
     </isoabbreviation>
    </journal>
    <articletitle>
     C-Reactive protein, a sensitive marker of inflammation, predicts future risk of coronary heart disease in initially healthy middle-aged men: results from the MONICA (Monitoring Trends and Determinants in Cardiovascular Disease) Augsburg Cohort Study, 1984 to 1992.
    </articletitle>
    <pagination>
     <medlinepgn>
      237-42
     </medlinepgn>
    </pagination>
    <abstract>
     <abstracttext label="BACKGROUND" nlmcategory="BACKGROUND">
      Inflammatory reactions in coronary plaques play an important role in the pathogenesis of acute atherothrombotic events; inflammation elsewhere is also associated with both atherogenesis generally and its thrombotic complications. Recent studies indicate that systemic markers of inflammation can identify subjects at high risk of coronary events.
     </abstracttext>
     <abstracttext label="METHODS AND RESULTS" nlmcategory="RESULTS">
      We used a sensitive immunoradiometric assay to examine the association of serum C-reactive protein (CRP) with the incidence of first major coronary heart disease (CHD) event in 936 men 45 to 64 years of age. The subjects, who were sampled at random from the general population, participated in the first MONICA Augsburg survey (1984 to 1985) and were followed for 8 years. There was a positive and statistically significant unadjusted relationship, which was linear on the log-hazards scale, between CRP values and the incidence of CHD events (n=53). The hazard rate ratio (HRR) of CHD events associated with a 1-SD increase in log-CRP level was 1.67 (95% CI, 1.29 to 2. 17). After adjustment for age, the HRR was 1.60 (95% CI, 1.23 to 2. 08). Adjusting further for smoking behavior, the only variable selected from a variety of potential confounders by a forward stepping process with a 5% change in the relative risk of CRP as the selection criterion, yielded an HRR of 1.50 (95% CI, 1.14 to 1.97).
     </abstracttext>
     <abstracttext label="CONCLUSIONS" nlmcategory="CONCLUSIONS">
      These results confirm the prognostic relevance of CRP, a sensitive systemic marker of inflammation, to the risk of CHD in a large, randomly selected cohort of initially healthy middle-aged men. They suggest that low-grade inflammation is involved in pathogenesis of atherosclerosis, especially its thrombo-occlusive complications.
     </abstracttext>
    </abstract>
    <affiliation>
     Department of Internal Medicine II-Cardiology, University of Ulm Medical Center, Ulm, Germany. wolfgang.koenig@medizin.uni-ulm.de
    </affiliation>
    <authorlist completeyn="Y">
     <author validyn="Y">
      <lastname>
       Koenig
      </lastname>
      <forename>
       W
      </forename>
      <initials>
       W
      </initials>
     </author>
     <author validyn="Y">
      <lastname>
       Sund
      </lastname>
      <forename>
       M
      </forename>
      <initials>
       M
      </initials>
     </author>
     <author validyn="Y">
      <lastname>
       Fröhlich
      </lastname>
      <forename>
       M
      </forename>
      <initials>
       M
      </initials>
     </author>
     <author validyn="Y">
      <lastname>
       Fischer
      </lastname>
      <forename>
       H G
      </forename>
      <initials>
       HG
      </initials>
     </author>
     <author validyn="Y">
      <lastname>
       Löwel
      </lastname>
      <forename>
       H
      </forename>
      <initials>
       H
      </initials>
     </author>
     <author validyn="Y">
      <lastname>
       Döring
      </lastname>
      <forename>
       A
      </forename>
      <initials>
       A
      </initials>
     </author>
     <author validyn="Y">
      <lastname>
       Hutchinson
      </lastname>
      <forename>
       W L
      </forename>
      <initials>
       WL
      </initials>
     </author>
     <author validyn="Y">
      <lastname>
       Pepys
      </lastname>
      <forename>
       M B
      </forename>
      <initials>
       MB
      </initials>
     </author>
    </authorlist>
    <language>
     eng
    </language>
    <publicationtypelist>
     <publicationtype>
      Clinical Trial
     </publicationtype>
     <publicationtype>
      Journal Article
     </publicationtype>
     <publicationtype>
      Randomized Controlled Trial
     </publicationtype>
     <publicationtype>
      Research Support, Non-U.S. Gov't
     </publicationtype>
    </publicationtypelist>
   </article>
   <medlinejournalinfo>
    <country>
     UNITED STATES
    </country>
    <medlineta>
     Circulation
    </medlineta>
    <nlmuniqueid>
     0147763
    </nlmuniqueid>
    <issnlinking>
     0009-7322
    </issnlinking>
   </medlinejournalinfo>
   <chemicallist>
    <chemical>
     <registrynumber>
      0
     </registrynumber>
     <nameofsubstance>
      Biological Markers
     </nameofsubstance>
    </chemical>
    <chemical>
     <registrynumber>
      9007-41-4
     </registrynumber>
     <nameofsubstance>
      C-Reactive Protein
     </nameofsubstance>
    </chemical>
   </chemicallist>
   <citationsubset>
    AIM
   </citationsubset>
   <citationsubset>
    IM
   </citationsubset>
   <meshheadinglist>
    <meshheading>
     <descriptorname majortopicyn="N">
      Biological Markers
     </descriptorname>
     <qualifiername majortopicyn="Y">
      blood
     </qualifiername>
    </meshheading>
    <meshheading>
     <descriptorname majortopicyn="N">
      C-Reactive Protein
     </descriptorname>
     <qualifiername majortopicyn="Y">
      analysis
     </qualifiername>
    </meshheading>
    <meshheading>
     <descriptorname majortopicyn="N">
      Cohort Studies
     </descriptorname>
    </meshheading>
    <meshheading>
     <descriptorname majortopicyn="N">
      Coronary Disease
     </descriptorname>
     <qualifiername majortopicyn="Y">
      diagnosis
     </qualifiername>
    </meshheading>
    <meshheading>
     <descriptorname majortopicyn="N">
      Follow-Up Studies
     </descriptorname>
    </meshheading>
    <meshheading>
     <descriptorname majortopicyn="N">
      Humans
     </descriptorname>
    </meshheading>
    <meshheading>
     <descriptorname majortopicyn="N">
      Inflammation
     </descriptorname>
     <qualifiername majortopicyn="Y">
      blood
     </qualifiername>
    </meshheading>
    <meshheading>
     <descriptorname majortopicyn="N">
      Male
     </descriptorname>
    </meshheading>
    <meshheading>
     <descriptorname majortopicyn="N">
      Middle Aged
     </descriptorname>
    </meshheading>
    <meshheading>
     <descriptorname majortopicyn="N">
      Monitoring, Physiologic
     </descriptorname>
    </meshheading>
    <meshheading>
     <descriptorname majortopicyn="N">
      Proportional Hazards Models
     </descriptorname>
    </meshheading>
    <meshheading>
     <descriptorname majortopicyn="N">
      Risk Factors
     </descriptorname>
    </meshheading>
   </meshheadinglist>
  </medlinecitation>
  <pubmeddata>
   <history>
    <pubmedpubdate pubstatus="pubmed">
     <year>
      1999
     </year>
     <month>
      1
     </month>
     <day>
      20
     </day>
    </pubmedpubdate>
    <pubmedpubdate pubstatus="medline">
     <year>
      1999
     </year>
     <month>
      1
     </month>
     <day>
      20
     </day>
     <hour>
      0
     </hour>
     <minute>
      1
     </minute>
    </pubmedpubdate>
    <pubmedpubdate pubstatus="entrez">
     <year>
      1999
     </year>
     <month>
      1
     </month>
     <day>
      20
     </day>
     <hour>
      0
     </hour>
     <minute>
      0
     </minute>
    </pubmedpubdate>
   </history>
   <publicationstatus>
    ppublish
   </publicationstatus>
   <articleidlist>
    <articleid idtype="pubmed">
     9892589
    </articleid>
   </articleidlist>
  </pubmeddata>
 </pubmedarticle>
</pubmedarticleset>

