<?xml version='1.0' encoding='utf-8'?>
<!DOCTYPE PubmedArticleSet PUBLIC "-//NLM//DTD PubMedArticle, 1st January 2011//EN" "http://www.ncbi.nlm.nih.gov/entrez/query/DTD/pubmed_110101.dtd">
<pubmedarticleset>
 <pubmedarticle>
  <medlinecitation owner="NLM" status="MEDLINE">
   <pmid version="1">
    9932850
   </pmid>
   <datecreated>
    <year>
     1999
    </year>
    <month>
     03
    </month>
    <day>
     31
    </day>
   </datecreated>
   <datecompleted>
    <year>
     1999
    </year>
    <month>
     03
    </month>
    <day>
     31
    </day>
   </datecompleted>
   <daterevised>
    <year>
     2006
    </year>
    <month>
     11
    </month>
    <day>
     15
    </day>
   </daterevised>
   <article pubmodel="Print">
    <journal>
     <issn issntype="Print">
      0277-2116
     </issn>
     <journalissue citedmedium="Print">
      <volume>
       28
      </volume>
      <issue>
       2
      </issue>
      <pubdate>
       <year>
        1999
       </year>
       <month>
        Feb
       </month>
      </pubdate>
     </journalissue>
     <title>
      Journal of pediatric gastroenterology and nutrition
     </title>
     <isoabbreviation>
      J. Pediatr. Gastroenterol. Nutr.
     </isoabbreviation>
    </journal>
    <articletitle>
     Diet and chronic constipation in children: the role of fiber.
    </articletitle>
    <pagination>
     <medlinepgn>
      169-74
     </medlinepgn>
    </pagination>
    <abstract>
     <abstracttext label="BACKGROUND" nlmcategory="BACKGROUND">
      Chronic constipation is one of the most common disorders in Western countries and despite numerous clinical, pathophysiologic, and epidemiologic studies its cause is still unclear. Several hypotheses have been proposed and according to experimental studies and clinical observation, fiber intake could play a role in its pathogenesis. The purpose of this case-control study was to examine the possible correlation of idiopathic chronic constipation in children and dietary intake, particularly fiber intake.
     </abstracttext>
     <abstracttext label="METHODS" nlmcategory="METHODS">
      A randomized sample of children (291 children with constipation and 1602 controls) aged 2 to 14 years was taken from three of the 52 counties of Greece. Stratification was performed on the basis of urban, rural, or suburban location and socioeconomic status. The nutritional data were obtained from a 3-day dietary record and a dietary history. Statistical analysis was performed with multivariate tests, multivariate analysis of variance, discriminant analysis, and chi-square analysis according to the characteristics of the correlated variables.
     </abstracttext>
     <abstracttext label="RESULTS" nlmcategory="RESULTS">
      Constipated children had a lower caloric and nutrient intake (p &lt; 0.001), lower body weight/height (p &lt; 0.001), and higher prevalence of reported anorexia (p &lt; 0.001). Discriminant analysis indicated that dietary fiber alone was independently negatively correlated with chronic constipation, despite the age and the age of onset of constipation. Relative risk also had a negative correlation with fiber intake (p &lt; 0.001). Of the main fiber fractions only cellulose and pentose were independently correlated with chronic constipation.
     </abstracttext>
     <abstracttext label="CONCLUSIONS" nlmcategory="CONCLUSIONS">
      Lack of fiber may play an important role in the etiology of chronic idiopathic constipation in children.
     </abstracttext>
    </abstract>
    <affiliation>
     First Department of Paediatrics, Athens University, Greece.
    </affiliation>
    <authorlist completeyn="Y">
     <author validyn="Y">
      <lastname>
       Roma
      </lastname>
      <forename>
       E
      </forename>
      <initials>
       E
      </initials>
     </author>
     <author validyn="Y">
      <lastname>
       Adamidis
      </lastname>
      <forename>
       D
      </forename>
      <initials>
       D
      </initials>
     </author>
     <author validyn="Y">
      <lastname>
       Nikolara
      </lastname>
      <forename>
       R
      </forename>
      <initials>
       R
      </initials>
     </author>
     <author validyn="Y">
      <lastname>
       Constantopoulos
      </lastname>
      <forename>
       A
      </forename>
      <initials>
       A
      </initials>
     </author>
     <author validyn="Y">
      <lastname>
       Messaritakis
      </lastname>
      <forename>
       J
      </forename>
      <initials>
       J
      </initials>
     </author>
    </authorlist>
    <language>
     eng
    </language>
    <publicationtypelist>
     <publicationtype>
      Journal Article
     </publicationtype>
     <publicationtype>
      Research Support, Non-U.S. Gov't
     </publicationtype>
    </publicationtypelist>
   </article>
   <medlinejournalinfo>
    <country>
     UNITED STATES
    </country>
    <medlineta>
     J Pediatr Gastroenterol Nutr
    </medlineta>
    <nlmuniqueid>
     8211545
    </nlmuniqueid>
    <issnlinking>
     0277-2116
    </issnlinking>
   </medlinejournalinfo>
   <chemicallist>
    <chemical>
     <registrynumber>
      0
     </registrynumber>
     <nameofsubstance>
      Pentoses
     </nameofsubstance>
    </chemical>
    <chemical>
     <registrynumber>
      9004-34-6
     </registrynumber>
     <nameofsubstance>
      Cellulose
     </nameofsubstance>
    </chemical>
   </chemicallist>
   <citationsubset>
    IM
   </citationsubset>
   <commentscorrectionslist>
    <commentscorrections reftype="CommentIn">
     <refsource>
      J Pediatr Gastroenterol Nutr. 1999 Oct;29(4):487
     </refsource>
     <pmid version="1">
      10512417
     </pmid>
    </commentscorrections>
   </commentscorrectionslist>
   <meshheadinglist>
    <meshheading>
     <descriptorname majortopicyn="N">
      Adolescent
     </descriptorname>
    </meshheading>
    <meshheading>
     <descriptorname majortopicyn="N">
      Case-Control Studies
     </descriptorname>
    </meshheading>
    <meshheading>
     <descriptorname majortopicyn="N">
      Cellulose
     </descriptorname>
     <qualifiername majortopicyn="N">
      administration &amp; dosage
     </qualifiername>
    </meshheading>
    <meshheading>
     <descriptorname majortopicyn="N">
      Child
     </descriptorname>
    </meshheading>
    <meshheading>
     <descriptorname majortopicyn="N">
      Child, Preschool
     </descriptorname>
    </meshheading>
    <meshheading>
     <descriptorname majortopicyn="N">
      Chronic Disease
     </descriptorname>
    </meshheading>
    <meshheading>
     <descriptorname majortopicyn="N">
      Constipation
     </descriptorname>
     <qualifiername majortopicyn="N">
      epidemiology
     </qualifiername>
     <qualifiername majortopicyn="Y">
      etiology
     </qualifiername>
    </meshheading>
    <meshheading>
     <descriptorname majortopicyn="N">
      Dietary Fiber
     </descriptorname>
     <qualifiername majortopicyn="Y">
      administration &amp; dosage
     </qualifiername>
    </meshheading>
    <meshheading>
     <descriptorname majortopicyn="N">
      Energy Intake
     </descriptorname>
    </meshheading>
    <meshheading>
     <descriptorname majortopicyn="N" type="Geographic">
      Greece
     </descriptorname>
     <qualifiername majortopicyn="N">
      epidemiology
     </qualifiername>
    </meshheading>
    <meshheading>
     <descriptorname majortopicyn="N">
      Humans
     </descriptorname>
    </meshheading>
    <meshheading>
     <descriptorname majortopicyn="N">
      Pentoses
     </descriptorname>
     <qualifiername majortopicyn="N">
      administration &amp; dosage
     </qualifiername>
    </meshheading>
    <meshheading>
     <descriptorname majortopicyn="N">
      Rural Population
     </descriptorname>
    </meshheading>
    <meshheading>
     <descriptorname majortopicyn="N">
      Social Class
     </descriptorname>
    </meshheading>
    <meshheading>
     <descriptorname majortopicyn="N">
      Urban Population
     </descriptorname>
    </meshheading>
   </meshheadinglist>
  </medlinecitation>
  <pubmeddata>
   <history>
    <pubmedpubdate pubstatus="pubmed">
     <year>
      1999
     </year>
     <month>
      2
     </month>
     <day>
      5
     </day>
    </pubmedpubdate>
    <pubmedpubdate pubstatus="medline">
     <year>
      1999
     </year>
     <month>
      2
     </month>
     <day>
      5
     </day>
     <hour>
      0
     </hour>
     <minute>
      1
     </minute>
    </pubmedpubdate>
    <pubmedpubdate pubstatus="entrez">
     <year>
      1999
     </year>
     <month>
      2
     </month>
     <day>
      5
     </day>
     <hour>
      0
     </hour>
     <minute>
      0
     </minute>
    </pubmedpubdate>
   </history>
   <publicationstatus>
    ppublish
   </publicationstatus>
   <articleidlist>
    <articleid idtype="pubmed">
     9932850
    </articleid>
   </articleidlist>
  </pubmeddata>
 </pubmedarticle>
</pubmedarticleset>

