<?xml version='1.0' encoding='utf-8'?>
<!DOCTYPE PubmedArticleSet PUBLIC "-//NLM//DTD PubMedArticle, 1st January 2011//EN" "http://www.ncbi.nlm.nih.gov/entrez/query/DTD/pubmed_110101.dtd">
<pubmedarticleset>
 <pubmedarticle>
  <medlinecitation owner="NLM" status="MEDLINE">
   <pmid version="1">
    9934946
   </pmid>
   <datecreated>
    <year>
     1999
    </year>
    <month>
     04
    </month>
    <day>
     07
    </day>
   </datecreated>
   <datecompleted>
    <year>
     1999
    </year>
    <month>
     04
    </month>
    <day>
     07
    </day>
   </datecompleted>
   <daterevised>
    <year>
     2007
    </year>
    <month>
     11
    </month>
    <day>
     15
    </day>
   </daterevised>
   <article pubmodel="Print">
    <journal>
     <issn issntype="Print">
      0271-0749
     </issn>
     <journalissue citedmedium="Print">
      <volume>
       19
      </volume>
      <issue>
       1
      </issue>
      <pubdate>
       <year>
        1999
       </year>
       <month>
        Feb
       </month>
      </pubdate>
     </journalissue>
     <title>
      Journal of clinical psychopharmacology
     </title>
     <isoabbreviation>
      J Clin Psychopharmacol
     </isoabbreviation>
    </journal>
    <articletitle>
     Effects of SSRIs on sexual function: a critical review.
    </articletitle>
    <pagination>
     <medlinepgn>
      67-85
     </medlinepgn>
    </pagination>
    <abstract>
     <abstracttext>
      Sexual problems are highly prevalent in both men and women and are affected by, among other factors, mood state, interpersonal functioning, and psychotropic medications. The incidence of antidepressant-induced sexual dysfunction is difficult to estimate because of the potentially confounding effects of the illness itself, social and interpersonal comorbidities, medication effects, and design and assessment problems in most studies. Estimates of sexual dysfunction vary from a small percentage to more than 80%. This article reviews current evidence regarding sexual side effects of selective serotonin reuptake inhibitors (SSRIs). Among the sexual side effects most commonly associated with SSRIs are delayed ejaculation and absent or delayed orgasm. Sexual desire (libido) and arousal difficulties are also frequently reported, although the specific association of these disorders to SSRI use has not been consistently shown. The effects of SSRIs on sexual functioning seem strongly dose-related and may vary among the group according to serotonin and dopamine reuptake mechanisms, induction of prolactin release, anticholinergic effects, inhibition of nitric oxide synthetase, and propensity for accumulation over time. A variety of strategies have been reported in the management of SSRI-induced sexual dysfunction, including waiting for tolerance to develop, dosage reduction, drug holidays, substitution of another antidepressant drug, and various augmentation strategies with 5-hydroxytryptamine-2 (5-HT2), 5-HT3, and alpha2 adrenergic receptor antagonists, 5-HT1A and dopamine receptor agonists, and phosphodiesterase (PDE5) enzyme inhibitors. Sexual side effects of SSRIs should not be viewed as entirely negative; some studies have shown improved control of premature ejaculation in men. The impacts of sexual side effects of SSRIs on treatment compliance and on patients' quality of life are important clinical considerations.
     </abstracttext>
    </abstract>
    <affiliation>
     Department of Psychiatry, University of Medicine and Dentistry of New Jersey, Robert Wood Johnson Medical School, Piscataway 08854, USA.
    </affiliation>
    <authorlist completeyn="Y">
     <author validyn="Y">
      <lastname>
       Rosen
      </lastname>
      <forename>
       R C
      </forename>
      <initials>
       RC
      </initials>
     </author>
     <author validyn="Y">
      <lastname>
       Lane
      </lastname>
      <forename>
       R M
      </forename>
      <initials>
       RM
      </initials>
     </author>
     <author validyn="Y">
      <lastname>
       Menza
      </lastname>
      <forename>
       M
      </forename>
      <initials>
       M
      </initials>
     </author>
    </authorlist>
    <language>
     eng
    </language>
    <publicationtypelist>
     <publicationtype>
      Journal Article
     </publicationtype>
     <publicationtype>
      Research Support, Non-U.S. Gov't
     </publicationtype>
     <publicationtype>
      Review
     </publicationtype>
    </publicationtypelist>
   </article>
   <medlinejournalinfo>
    <country>
     UNITED STATES
    </country>
    <medlineta>
     J Clin Psychopharmacol
    </medlineta>
    <nlmuniqueid>
     8109496
    </nlmuniqueid>
    <issnlinking>
     0271-0749
    </issnlinking>
   </medlinejournalinfo>
   <chemicallist>
    <chemical>
     <registrynumber>
      0
     </registrynumber>
     <nameofsubstance>
      Serotonin Uptake Inhibitors
     </nameofsubstance>
    </chemical>
   </chemicallist>
   <citationsubset>
    IM
   </citationsubset>
   <commentscorrectionslist>
    <commentscorrections reftype="CommentIn">
     <refsource>
      J Clin Psychopharmacol. 2001 Apr;21(2):241-2
     </refsource>
     <pmid version="1">
      11270925
     </pmid>
    </commentscorrections>
   </commentscorrectionslist>
   <meshheadinglist>
    <meshheading>
     <descriptorname majortopicyn="N">
      Clinical Trials as Topic
     </descriptorname>
    </meshheading>
    <meshheading>
     <descriptorname majortopicyn="N">
      Ejaculation
     </descriptorname>
     <qualifiername majortopicyn="N">
      drug effects
     </qualifiername>
    </meshheading>
    <meshheading>
     <descriptorname majortopicyn="N">
      Erectile Dysfunction
     </descriptorname>
     <qualifiername majortopicyn="N">
      chemically induced
     </qualifiername>
     <qualifiername majortopicyn="N">
      drug therapy
     </qualifiername>
     <qualifiername majortopicyn="N">
      epidemiology
     </qualifiername>
    </meshheading>
    <meshheading>
     <descriptorname majortopicyn="N">
      Female
     </descriptorname>
    </meshheading>
    <meshheading>
     <descriptorname majortopicyn="N">
      Humans
     </descriptorname>
    </meshheading>
    <meshheading>
     <descriptorname majortopicyn="N">
      Male
     </descriptorname>
    </meshheading>
    <meshheading>
     <descriptorname majortopicyn="N">
      Orgasm
     </descriptorname>
     <qualifiername majortopicyn="N">
      drug effects
     </qualifiername>
    </meshheading>
    <meshheading>
     <descriptorname majortopicyn="N">
      Serotonin Uptake Inhibitors
     </descriptorname>
     <qualifiername majortopicyn="N">
      adverse effects
     </qualifiername>
     <qualifiername majortopicyn="Y">
      pharmacology
     </qualifiername>
    </meshheading>
    <meshheading>
     <descriptorname majortopicyn="N">
      Sexuality
     </descriptorname>
     <qualifiername majortopicyn="Y">
      drug effects
     </qualifiername>
    </meshheading>
   </meshheadinglist>
   <numberofreferences>
    255
   </numberofreferences>
  </medlinecitation>
  <pubmeddata>
   <history>
    <pubmedpubdate pubstatus="pubmed">
     <year>
      1999
     </year>
     <month>
      2
     </month>
     <day>
      6
     </day>
    </pubmedpubdate>
    <pubmedpubdate pubstatus="medline">
     <year>
      1999
     </year>
     <month>
      2
     </month>
     <day>
      6
     </day>
     <hour>
      0
     </hour>
     <minute>
      1
     </minute>
    </pubmedpubdate>
    <pubmedpubdate pubstatus="entrez">
     <year>
      1999
     </year>
     <month>
      2
     </month>
     <day>
      6
     </day>
     <hour>
      0
     </hour>
     <minute>
      0
     </minute>
    </pubmedpubdate>
   </history>
   <publicationstatus>
    ppublish
   </publicationstatus>
   <articleidlist>
    <articleid idtype="pubmed">
     9934946
    </articleid>
   </articleidlist>
  </pubmeddata>
 </pubmedarticle>
</pubmedarticleset>

